ISBN,책,차수,키워드,weight
9788936438838,아버지의 해방일지 :정지아 장편소설,49,정지아,7
9788936438838,아버지의 해방일지 :정지아 장편소설,49,독자,4
9788936438838,아버지의 해방일지 :정지아 장편소설,49,아버지,4
9788936438838,아버지의 해방일지 :정지아 장편소설,49,김유정문학상,3
9788936438838,아버지의 해방일지 :정지아 장편소설,49,심훈문학대상,3
9788936438838,아버지의 해방일지 :정지아 장편소설,49,역사,3
9788936438838,아버지의 해방일지 :정지아 장편소설,49,빨치산의 딸,3
9788936438838,아버지의 해방일지 :정지아 장편소설,49,이효석문학상,3
9788936438838,아버지의 해방일지 :정지아 장편소설,49,상흔,2
9788936438838,아버지의 해방일지 :정지아 장편소설,49,빨치산,2
9788936438838,아버지의 해방일지 :정지아 장편소설,49,전직,2
9788936438838,아버지의 해방일지 :정지아 장편소설,49,서사,2
9788936438838,아버지의 해방일지 :정지아 장편소설,49,배경,2
9788936438838,아버지의 해방일지 :정지아 장편소설,49,정확,2
9788936438838,아버지의 해방일지 :정지아 장편소설,49,선사,2
9788936438838,아버지의 해방일지 :정지아 장편소설,49,해방,2
9788936438838,아버지의 해방일지 :정지아 장편소설,49,찬사,2
9788936438838,아버지의 해방일지 :정지아 장편소설,49,해갈,2
9788936438838,아버지의 해방일지 :정지아 장편소설,49,시대,2
9788936438838,아버지의 해방일지 :정지아 장편소설,49,시간,2
9788936438838,아버지의 해방일지 :정지아 장편소설,49,평단,2
9788936438838,아버지의 해방일지 :정지아 장편소설,49,수상,2
9788936438838,아버지의 해방일지 :정지아 장편소설,49,죽음,2
9788936438838,아버지의 해방일지 :정지아 장편소설,49,사랑,2
9788936438838,아버지의 해방일지 :정지아 장편소설,49,문학성,2
9788936438838,아버지의 해방일지 :정지아 장편소설,49,묘사,2
9788936438838,아버지의 해방일지 :정지아 장편소설,49,가족,2
9788936438838,아버지의 해방일지 :정지아 장편소설,49,창비,2
9788936438838,아버지의 해방일지 :정지아 장편소설,49,입증,2
9788936438838,아버지의 해방일지 :정지아 장편소설,49,3일간,2
9788936438838,아버지의 해방일지 :정지아 장편소설,49,32년,2
9788936438838,아버지의 해방일지 :정지아 장편소설,49,2020년,2
9788936438838,아버지의 해방일지 :정지아 장편소설,49,현재적,2
9788936438838,아버지의 해방일지 :정지아 장편소설,49,2000년대 이후 한국소설,2
9788936438838,아버지의 해방일지 :정지아 장편소설,49,이번,2
9788936438838,아버지의 해방일지 :정지아 장편소설,49,현존,2
9788936438838,아버지의 해방일지 :정지아 장편소설,49,리얼리스트,2
9788936438838,아버지의 해방일지 :정지아 장편소설,49,한모금,2
9788936438838,아버지의 해방일지 :정지아 장편소설,49,청량음료,2
9788936438838,아버지의 해방일지 :정지아 장편소설,49,대작,2
9788936438838,아버지의 해방일지 :정지아 장편소설,49,장편소설,2
9788936438838,아버지의 해방일지 :정지아 장편소설,49,몰입감,2
9788936438838,아버지의 해방일지 :정지아 장편소설,49,역량,1
9788936438838,아버지의 해방일지 :정지아 장편소설,49,화법,1
9788936438838,아버지의 해방일지 :정지아 장편소설,49,발견,1
9788936438838,아버지의 해방일지 :정지아 장편소설,49,미스터리,1
9788936438838,아버지의 해방일지 :정지아 장편소설,49,격랑,1
9788936438838,아버지의 해방일지 :정지아 장편소설,49,문학평론가,1
9788936438838,아버지의 해방일지 :정지아 장편소설,49,경탄,1
9788936438838,아버지의 해방일지 :정지아 장편소설,49,강인,1
9791161571188,불편한 편의점 :김호연 장편소설,46,망원동 브라더스,12
9791161571188,불편한 편의점 :김호연 장편소설,46,편의점,8
9791161571188,불편한 편의점 :김호연 장편소설,46,김호연,6
9791161571188,불편한 편의점 :김호연 장편소설,46,불편한 편의점,6
9791161571188,불편한 편의점 :김호연 장편소설,46,청파동,3
9791161571188,불편한 편의점 :김호연 장편소설,46,나무옆의자,3
9791161571188,불편한 편의점 :김호연 장편소설,46,시대,3
9791161571188,불편한 편의점 :김호연 장편소설,46,동네,3
9791161571188,불편한 편의점 :김호연 장편소설,46,동네이야기,3
9791161571188,불편한 편의점 :김호연 장편소설,46,불편,2
9791161571188,불편한 편의점 :김호연 장편소설,46,이웃,2
9791161571188,불편한 편의점 :김호연 장편소설,46,플러스,2
9791161571188,불편한 편의점 :김호연 장편소설,46,삼각김밥,2
9791161571188,불편한 편의점 :김호연 장편소설,46,제이에스,2
9791161571188,불편한 편의점 :김호연 장편소설,46,장편소설,2
9791161571188,불편한 편의점 :김호연 장편소설,46,무대,2
9791161571188,불편한 편의점 :김호연 장편소설,46,2000년대 이후 한국소설,2
9791161571188,불편한 편의점 :김호연 장편소설,46,알바,2
9791161571188,불편한 편의점 :김호연 장편소설,46,2013년,2
9791161571188,불편한 편의점 :김호연 장편소설,46,시작,2
9791161571188,불편한 편의점 :김호연 장편소설,46,모퉁이,2
9791161571188,불편한 편의점 :김호연 장편소설,46,골목,2
9791161571188,불편한 편의점 :김호연 장편소설,46,시즌,2
9791161571188,불편한 편의점 :김호연 장편소설,46,세계문학상,2
9791161571188,불편한 편의점 :김호연 장편소설,46,자리,2
9791161571188,불편한 편의점 :김호연 장편소설,46,서울역,1
9791161571188,불편한 편의점 :김호연 장편소설,46,세계,1
9791161571188,불편한 편의점 :김호연 장편소설,46,수상작,1
9791161571188,불편한 편의점 :김호연 장편소설,46,서울,1
9791161571188,불편한 편의점 :김호연 장편소설,46,생활,1
9791161571188,불편한 편의점 :김호연 장편소설,46,생생,1
9791161571188,불편한 편의점 :김호연 장편소설,46,손님,1
9791161571188,불편한 편의점 :김호연 장편소설,46,속내,1
9791161571188,불편한 편의점 :김호연 장편소설,46,상품,1
9791161571188,불편한 편의점 :김호연 장편소설,46,희로애락,1
9791161571188,불편한 편의점 :김호연 장편소설,46,상상력,1
9791161571188,불편한 편의점 :김호연 장편소설,46,독자적,1
9791161571188,불편한 편의점 :김호연 장편소설,46,공감각,1
9791161571188,불편한 편의점 :김호연 장편소설,46,과거,1
9791161571188,불편한 편의점 :김호연 장편소설,46,그린,1
9791161571188,불편한 편의점 :김호연 장편소설,46,기발,1
9791161571188,불편한 편의점 :김호연 장편소설,46,기쁨,1
9791161571188,불편한 편의점 :김호연 장편소설,46,노숙,1
9791161571188,불편한 편의점 :김호연 장편소설,46,덩치,1
9791161571188,불편한 편의점 :김호연 장편소설,46,데뷔,1
9791161571188,불편한 편의점 :김호연 장편소설,46,도시락,1
9791161571188,불편한 편의점 :김호연 장편소설,46,독고,1
9791161571188,불편한 편의점 :김호연 장편소설,46,경쾌,1
9791161571188,불편한 편의점 :김호연 장편소설,46,망원동,1
9791161571188,불편한 편의점 :김호연 장편소설,46,모양,1
9791167740984,"도둑맞은 집중력 :집중력 위기의 시대, 삶의 주도권을 되찾는 법",46,집중력,25
9791167740984,"도둑맞은 집중력 :집중력 위기의 시대, 삶의 주도권을 되찾는 법",46,집중,9
9791167740984,"도둑맞은 집중력 :집중력 위기의 시대, 삶의 주도권을 되찾는 법",46,뉴욕타임스,7
9791167740984,"도둑맞은 집중력 :집중력 위기의 시대, 삶의 주도권을 되찾는 법",46,사람,6
9791167740984,"도둑맞은 집중력 :집중력 위기의 시대, 삶의 주도권을 되찾는 법",46,사회,6
9791167740984,"도둑맞은 집중력 :집중력 위기의 시대, 삶의 주도권을 되찾는 법",46,가디언,6
9791167740984,"도둑맞은 집중력 :집중력 위기의 시대, 삶의 주도권을 되찾는 법",46,딴생각,6
9791167740984,"도둑맞은 집중력 :집중력 위기의 시대, 삶의 주도권을 되찾는 법",46,능력,6
9791167740984,"도둑맞은 집중력 :집중력 위기의 시대, 삶의 주도권을 되찾는 법",46,방식,5
9791167740984,"도둑맞은 집중력 :집중력 위기의 시대, 삶의 주도권을 되찾는 법",46,시간,5
9791167740984,"도둑맞은 집중력 :집중력 위기의 시대, 삶의 주도권을 되찾는 법",46,생기,5
9791167740984,"도둑맞은 집중력 :집중력 위기의 시대, 삶의 주도권을 되찾는 법",46,증가,5
9791167740984,"도둑맞은 집중력 :집중력 위기의 시대, 삶의 주도권을 되찾는 법",46,세계,4
9791167740984,"도둑맞은 집중력 :집중력 위기의 시대, 삶의 주도권을 되찾는 법",46,저널리스트,4
9791167740984,"도둑맞은 집중력 :집중력 위기의 시대, 삶의 주도권을 되찾는 법",46,문제,4
9791167740984,"도둑맞은 집중력 :집중력 위기의 시대, 삶의 주도권을 되찾는 법",46,약물,4
9791167740984,"도둑맞은 집중력 :집중력 위기의 시대, 삶의 주도권을 되찾는 법",46,비만율,4
9791167740984,"도둑맞은 집중력 :집중력 위기의 시대, 삶의 주도권을 되찾는 법",46,몰입,4
9791167740984,"도둑맞은 집중력 :집중력 위기의 시대, 삶의 주도권을 되찾는 법",46,위기,4
9791167740984,"도둑맞은 집중력 :집중력 위기의 시대, 삶의 주도권을 되찾는 법",46,멀티태스킹,4
9791167740984,"도둑맞은 집중력 :집중력 위기의 시대, 삶의 주도권을 되찾는 법",46,기술,4
9791167740984,"도둑맞은 집중력 :집중력 위기의 시대, 삶의 주도권을 되찾는 법",46,정보,4
9791167740984,"도둑맞은 집중력 :집중력 위기의 시대, 삶의 주도권을 되찾는 법",46,베스트셀러,4
9791167740984,"도둑맞은 집중력 :집중력 위기의 시대, 삶의 주도권을 되찾는 법",46,속도,4
9791167740984,"도둑맞은 집중력 :집중력 위기의 시대, 삶의 주도권을 되찾는 법",46,세상,4
9791167740984,"도둑맞은 집중력 :집중력 위기의 시대, 삶의 주도권을 되찾는 법",46,기업,4
9791167740984,"도둑맞은 집중력 :집중력 위기의 시대, 삶의 주도권을 되찾는 법",46,테크,4
9791167740984,"도둑맞은 집중력 :집중력 위기의 시대, 삶의 주도권을 되찾는 법",46,아이들,4
9791167740984,"도둑맞은 집중력 :집중력 위기의 시대, 삶의 주도권을 되찾는 법",46,우울,3
9791167740984,"도둑맞은 집중력 :집중력 위기의 시대, 삶의 주도권을 되찾는 법",46,인간,3
9791167740984,"도둑맞은 집중력 :집중력 위기의 시대, 삶의 주도권을 되찾는 법",46,이유,3
9791167740984,"도둑맞은 집중력 :집중력 위기의 시대, 삶의 주도권을 되찾는 법",46,배회,3
9791167740984,"도둑맞은 집중력 :집중력 위기의 시대, 삶의 주도권을 되찾는 법",46,해결책,3
9791167740984,"도둑맞은 집중력 :집중력 위기의 시대, 삶의 주도권을 되찾는 법",46,인터뷰,3
9791167740984,"도둑맞은 집중력 :집중력 위기의 시대, 삶의 주도권을 되찾는 법",46,변화,3
9791167740984,"도둑맞은 집중력 :집중력 위기의 시대, 삶의 주도권을 되찾는 법",46,조종,3
9791167740984,"도둑맞은 집중력 :집중력 위기의 시대, 삶의 주도권을 되찾는 법",46,아마존,3
9791167740984,"도둑맞은 집중력 :집중력 위기의 시대, 삶의 주도권을 되찾는 법",46,로스앤젤레스 타임스,3
9791167740984,"도둑맞은 집중력 :집중력 위기의 시대, 삶의 주도권을 되찾는 법",46,자제력,3
9791167740984,"도둑맞은 집중력 :집중력 위기의 시대, 삶의 주도권을 되찾는 법",46,파괴,3
9791167740984,"도둑맞은 집중력 :집중력 위기의 시대, 삶의 주도권을 되찾는 법",46,실패,3
9791167740984,"도둑맞은 집중력 :집중력 위기의 시대, 삶의 주도권을 되찾는 법",46,ADHD,3
9791167740984,"도둑맞은 집중력 :집중력 위기의 시대, 삶의 주도권을 되찾는 법",46,산만,3
9791167740984,"도둑맞은 집중력 :집중력 위기의 시대, 삶의 주도권을 되찾는 법",46,우울증,3
9791167740984,"도둑맞은 집중력 :집중력 위기의 시대, 삶의 주도권을 되찾는 법",46,선데이 타임스,3
9791167740984,"도둑맞은 집중력 :집중력 위기의 시대, 삶의 주도권을 되찾는 법",46,수면,3
9791167740984,"도둑맞은 집중력 :집중력 위기의 시대, 삶의 주도권을 되찾는 법",46,화면,3
9791167740984,"도둑맞은 집중력 :집중력 위기의 시대, 삶의 주도권을 되찾는 법",46,가지,3
9791167740984,"도둑맞은 집중력 :집중력 위기의 시대, 삶의 주도권을 되찾는 법",46,시대,3
9791167740984,"도둑맞은 집중력 :집중력 위기의 시대, 삶의 주도권을 되찾는 법",46,요한,3
9788954682152,작별하지 않는다 :한강 장편소설,41,작별하지 않는다,9
9788954682152,작별하지 않는다 :한강 장편소설,41,채식주의자,9
9788954682152,작별하지 않는다 :한강 장편소설,41,문학동네,8
9788954682152,작별하지 않는다 :한강 장편소설,41,작별,7
9788954682152,작별하지 않는다 :한강 장편소설,41,한강,7
9788954682152,작별하지 않는다 :한강 장편소설,41,눈 한 송이가 녹는 동안,6
9788954682152,작별하지 않는다 :한강 장편소설,41,소년이 온다,6
9788954682152,작별하지 않는다 :한강 장편소설,41,2018년,5
9788954682152,작별하지 않는다 :한강 장편소설,41,김유정문학상,4
9788954682152,작별하지 않는다 :한강 장편소설,41,부커상,4
9788954682152,작별하지 않는다 :한강 장편소설,41,황순원문학상,4
9788954682152,작별하지 않는다 :한강 장편소설,41,수상작,4
9788954682152,작별하지 않는다 :한강 장편소설,41,붉은 닻,3
9788954682152,작별하지 않는다 :한강 장편소설,41,문학과사회,3
9788954682152,작별하지 않는다 :한강 장편소설,41,인터내셔널,3
9788954682152,작별하지 않는다 :한강 장편소설,41,그대의 차가운 손,3
9788954682152,작별하지 않는다 :한강 장편소설,41,인간,3
9788954682152,작별하지 않는다 :한강 장편소설,41,바람이 분다 가라,3
9788954682152,작별하지 않는다 :한강 장편소설,41,내 여자의 열매,3
9788954682152,작별하지 않는다 :한강 장편소설,41,여수의 사랑,3
9788954682152,작별하지 않는다 :한강 장편소설,41,노랑무늬영원,3
9788954682152,작별하지 않는다 :한강 장편소설,41,서랍에 저녁을 넣어 두었다,3
9788954682152,작별하지 않는다 :한강 장편소설,41,겨울,3
9788954682152,작별하지 않는다 :한강 장편소설,41,장편소설,3
9788954682152,작별하지 않는다 :한강 장편소설,41,2016년,3
9788954682152,작별하지 않는다 :한강 장편소설,41,희랍어 시간,3
9788954682152,작별하지 않는다 :한강 장편소설,41,2015년,3
9788954682152,작별하지 않는다 :한강 장편소설,41,이듬해,3
9788954682152,작별하지 않는다 :한강 장편소설,41,서울의 겨울,3
9788954682152,작별하지 않는다 :한강 장편소설,41,문학상,3
9788954682152,작별하지 않는다 :한강 장편소설,41,검은 사슴,3
9788954682152,작별하지 않는다 :한강 장편소설,41,년여,2
9788954682152,작별하지 않는다 :한강 장편소설,41,말라파르테,2
9788954682152,작별하지 않는다 :한강 장편소설,41,수상,2
9788954682152,작별하지 않는다 :한강 장편소설,41,마지막,2
9788954682152,작별하지 않는다 :한강 장편소설,41,동리문학상,2
9788954682152,작별하지 않는다 :한강 장편소설,41,2000년대 이후 한국소설,2
9788954682152,작별하지 않는다 :한강 장편소설,41,완결,2
9788954682152,작별하지 않는다 :한강 장편소설,41,2019년,2
9788954682152,작별하지 않는다 :한강 장편소설,41,이상문학상,2
9788954682152,작별하지 않는다 :한강 장편소설,41,계간,2
9788954682152,작별하지 않는다 :한강 장편소설,41,과정,2
9788954682152,작별하지 않는다 :한강 장편소설,41,관심,2
9788954682152,작별하지 않는다 :한강 장편소설,41,궤적,2
9788954682152,작별하지 않는다 :한강 장편소설,41,사랑,2
9788954682152,작별하지 않는다 :한강 장편소설,41,그뒤,2
9788954682152,작별하지 않는다 :한강 장편소설,41,바람,2
9788954682152,작별하지 않는다 :한강 장편소설,41,3부작,2
9788954682152,작별하지 않는다 :한강 장편소설,41,본래,2
9788954682152,작별하지 않는다 :한강 장편소설,41,자체,2
9791192300818,마흔에 읽는 쇼펜하우어 :마음의 위기를 다스리는 철학 수업,40,행복,28
9791192300818,마흔에 읽는 쇼펜하우어 :마음의 위기를 다스리는 철학 수업,40,인생,26
9791192300818,마흔에 읽는 쇼펜하우어 :마음의 위기를 다스리는 철학 수업,40,쇼펜하우어,21
9791192300818,마흔에 읽는 쇼펜하우어 :마음의 위기를 다스리는 철학 수업,40,고통,18
9791192300818,마흔에 읽는 쇼펜하우어 :마음의 위기를 다스리는 철학 수업,40,욕망,11
9791192300818,마흔에 읽는 쇼펜하우어 :마음의 위기를 다스리는 철학 수업,40,인간,7
9791192300818,마흔에 읽는 쇼펜하우어 :마음의 위기를 다스리는 철학 수업,40,자신,7
9791192300818,마흔에 읽는 쇼펜하우어 :마음의 위기를 다스리는 철학 수업,40,철학,7
9791192300818,마흔에 읽는 쇼펜하우어 :마음의 위기를 다스리는 철학 수업,40,-사랑,6
9791192300818,마흔에 읽는 쇼펜하우어 :마음의 위기를 다스리는 철학 수업,40,시작,6
9791192300818,마흔에 읽는 쇼펜하우어 :마음의 위기를 다스리는 철학 수업,40,필요,6
9791192300818,마흔에 읽는 쇼펜하우어 :마음의 위기를 다스리는 철학 수업,40,방법,6
9791192300818,마흔에 읽는 쇼펜하우어 :마음의 위기를 다스리는 철학 수업,40,의지,6
9791192300818,마흔에 읽는 쇼펜하우어 :마음의 위기를 다스리는 철학 수업,40,마음,6
9791192300818,마흔에 읽는 쇼펜하우어 :마음의 위기를 다스리는 철학 수업,40,-행복,5
9791192300818,마흔에 읽는 쇼펜하우어 :마음의 위기를 다스리는 철학 수업,40,니체,5
9791192300818,마흔에 읽는 쇼펜하우어 :마음의 위기를 다스리는 철학 수업,40,-욕망,5
9791192300818,마흔에 읽는 쇼펜하우어 :마음의 위기를 다스리는 철학 수업,40,자기,5
9791192300818,마흔에 읽는 쇼펜하우어 :마음의 위기를 다스리는 철학 수업,40,관계,5
9791192300818,마흔에 읽는 쇼펜하우어 :마음의 위기를 다스리는 철학 수업,40,조건,5
9791192300818,마흔에 읽는 쇼펜하우어 :마음의 위기를 다스리는 철학 수업,40,호기심,4
9791192300818,마흔에 읽는 쇼펜하우어 :마음의 위기를 다스리는 철학 수업,40,철학자,4
9791192300818,마흔에 읽는 쇼펜하우어 :마음의 위기를 다스리는 철학 수업,40,결핍,4
9791192300818,마흔에 읽는 쇼펜하우어 :마음의 위기를 다스리는 철학 수업,40,이유,4
9791192300818,마흔에 읽는 쇼펜하우어 :마음의 위기를 다스리는 철학 수업,40,가지,4
9791192300818,마흔에 읽는 쇼펜하우어 :마음의 위기를 다스리는 철학 수업,40,사랑,4
9791192300818,마흔에 읽는 쇼펜하우어 :마음의 위기를 다스리는 철학 수업,40,니체의 도덕의 계보 읽기,3
9791192300818,마흔에 읽는 쇼펜하우어 :마음의 위기를 다스리는 철학 수업,40,관점,3
9791192300818,마흔에 읽는 쇼펜하우어 :마음의 위기를 다스리는 철학 수업,40,진리,3
9791192300818,마흔에 읽는 쇼펜하우어 :마음의 위기를 다스리는 철학 수업,40,기대,3
9791192300818,마흔에 읽는 쇼펜하우어 :마음의 위기를 다스리는 철학 수업,40,인정,3
9791192300818,마흔에 읽는 쇼펜하우어 :마음의 위기를 다스리는 철학 수업,40,중심,3
9791192300818,마흔에 읽는 쇼펜하우어 :마음의 위기를 다스리는 철학 수업,40,니체의 정의론에 대한 연구,3
9791192300818,마흔에 읽는 쇼펜하우어 :마음의 위기를 다스리는 철학 수업,40,도덕의 계보,3
9791192300818,마흔에 읽는 쇼펜하우어 :마음의 위기를 다스리는 철학 수업,40,지혜,3
9791192300818,마흔에 읽는 쇼펜하우어 :마음의 위기를 다스리는 철학 수업,40,고려대학교,3
9791192300818,마흔에 읽는 쇼펜하우어 :마음의 위기를 다스리는 철학 수업,40,실존주의 철학과 철학상담,3
9791192300818,마흔에 읽는 쇼펜하우어 :마음의 위기를 다스리는 철학 수업,40,조언,3
9791192300818,마흔에 읽는 쇼펜하우어 :마음의 위기를 다스리는 철학 수업,40,위기,3
9791192300818,마흔에 읽는 쇼펜하우어 :마음의 위기를 다스리는 철학 수업,40,긍정,3
9791192300818,마흔에 읽는 쇼펜하우어 :마음의 위기를 다스리는 철학 수업,40,만족,3
9791192300818,마흔에 읽는 쇼펜하우어 :마음의 위기를 다스리는 철학 수업,40,결정,3
9791192300818,마흔에 읽는 쇼펜하우어 :마음의 위기를 다스리는 철학 수업,40,-인간,3
9791192300818,마흔에 읽는 쇼펜하우어 :마음의 위기를 다스리는 철학 수업,40,쇼펜하우어의 행복론,3
9791192300818,마흔에 읽는 쇼펜하우어 :마음의 위기를 다스리는 철학 수업,40,무게,3
9791192300818,마흔에 읽는 쇼펜하우어 :마음의 위기를 다스리는 철학 수업,40,세계,3
9791192300818,마흔에 읽는 쇼펜하우어 :마음의 위기를 다스리는 철학 수업,40,사람,3
9791192300818,마흔에 읽는 쇼펜하우어 :마음의 위기를 다스리는 철학 수업,40,니체 작품의 재구성,3
9791192300818,마흔에 읽는 쇼펜하우어 :마음의 위기를 다스리는 철학 수업,40,결혼,3
9791192300818,마흔에 읽는 쇼펜하우어 :마음의 위기를 다스리는 철학 수업,40,마흔에 읽는 쇼펜하우어,3
9791130646381,이처럼 사소한 것들 :클레어 키건 소설,39,맡겨진 소녀,15
9791130646381,이처럼 사소한 것들 :클레어 키건 소설,39,이처럼 사소한 것들,9
9791130646381,이처럼 사소한 것들 :클레어 키건 소설,39,부커상,7
9791130646381,이처럼 사소한 것들 :클레어 키건 소설,39,문학상,6
9791130646381,이처럼 사소한 것들 :클레어 키건 소설,39,아일랜드,5
9791130646381,이처럼 사소한 것들 :클레어 키건 소설,39,최종후보,4
9791130646381,이처럼 사소한 것들 :클레어 키건 소설,39,오웰,4
9791130646381,이처럼 사소한 것들 :클레어 키건 소설,39,국내,4
9791130646381,이처럼 사소한 것들 :클레어 키건 소설,39,미국,4
9791130646381,이처럼 사소한 것들 :클레어 키건 소설,39,독자,4
9791130646381,이처럼 사소한 것들 :클레어 키건 소설,39,세계적,3
9791130646381,이처럼 사소한 것들 :클레어 키건 소설,39,남극 Antarctica,3
9791130646381,이처럼 사소한 것들 :클레어 키건 소설,39,수상,3
9791130646381,이처럼 사소한 것들 :클레어 키건 소설,39,가디언,3
9791130646381,이처럼 사소한 것들 :클레어 키건 소설,39,다산책방,3
9791130646381,이처럼 사소한 것들 :클레어 키건 소설,39,자국,3
9791130646381,이처럼 사소한 것들 :클레어 키건 소설,39,부문,3
9791130646381,이처럼 사소한 것들 :클레어 키건 소설,39,반열,3
9791130646381,이처럼 사소한 것들 :클레어 키건 소설,39,명성,3
9791130646381,이처럼 사소한 것들 :클레어 키건 소설,39,클레어,3
9791130646381,이처럼 사소한 것들 :클레어 키건 소설,39,대표작,3
9791130646381,이처럼 사소한 것들 :클레어 키건 소설,39,2022년,3
9791130646381,이처럼 사소한 것들 :클레어 키건 소설,39,타임스,3
9791130646381,이처럼 사소한 것들 :클레어 키건 소설,39,거장,3
9791130646381,이처럼 사소한 것들 :클레어 키건 소설,39,유수,2
9791130646381,이처럼 사소한 것들 :클레어 키건 소설,39,번역,2
9791130646381,이처럼 사소한 것들 :클레어 키건 소설,39,내면,2
9791130646381,이처럼 사소한 것들 :클레어 키건 소설,39,남자,2
9791130646381,이처럼 사소한 것들 :클레어 키건 소설,39,선택,2
9791130646381,이처럼 사소한 것들 :클레어 키건 소설,39,열렬,2
9791130646381,이처럼 사소한 것들 :클레어 키건 소설,39,단편집,2
9791130646381,이처럼 사소한 것들 :클레어 키건 소설,39,전작,2
9791130646381,이처럼 사소한 것들 :클레어 키건 소설,39,심사위원회,2
9791130646381,이처럼 사소한 것들 :클레어 키건 소설,39,문학,2
9791130646381,이처럼 사소한 것들 :클레어 키건 소설,39,아일랜드소설,2
9791130646381,이처럼 사소한 것들 :클레어 키건 소설,39,명료,2
9791130646381,이처럼 사소한 것들 :클레어 키건 소설,39,사랑,2
9791130646381,이처럼 사소한 것들 :클레어 키건 소설,39,세상,2
9791130646381,이처럼 사소한 것들 :클레어 키건 소설,39,2023년,2
9791130646381,이처럼 사소한 것들 :클레어 키건 소설,39,정수,2
9791130646381,이처럼 사소한 것들 :클레어 키건 소설,39,처음,2
9791130646381,이처럼 사소한 것들 :클레어 키건 소설,39,4월,2
9791130646381,이처럼 사소한 것들 :클레어 키건 소설,39,세계,2
9791130646381,이처럼 사소한 것들 :클레어 키건 소설,39,소개,2
9791130646381,이처럼 사소한 것들 :클레어 키건 소설,39,언론,2
9791130646381,이처럼 사소한 것들 :클레어 키건 소설,39,석사,2
9791130646381,이처럼 사소한 것들 :클레어 키건 소설,39,제작,2
9791130646381,이처럼 사소한 것들 :클레어 키건 소설,39,고뇌,2
9791130646381,이처럼 사소한 것들 :클레어 키건 소설,39,문인,2
9791130646381,이처럼 사소한 것들 :클레어 키건 소설,39,11년,2
9791168473690,세이노의 가르침 :피보다 진하게 살아라,37,2001년,20
9791168473690,세이노의 가르침 :피보다 진하게 살아라,37,부자,19
9791168473690,세이노의 가르침 :피보다 진하게 살아라,37,사람,10
9791168473690,세이노의 가르침 :피보다 진하게 살아라,37,세이노의 가르침,9
9791168473690,세이노의 가르침 :피보다 진하게 살아라,37,사업,7
9791168473690,세이노의 가르침 :피보다 진하게 살아라,37,독자,7
9791168473690,세이노의 가르침 :피보다 진하게 살아라,37,6월,6
9791168473690,세이노의 가르침 :피보다 진하게 살아라,37,추가,6
9791168473690,세이노의 가르침 :피보다 진하게 살아라,37,가난,6
9791168473690,세이노의 가르침 :피보다 진하게 살아라,37,친구,6
9791168473690,세이노의 가르침 :피보다 진하게 살아라,37,것들,5
9791168473690,세이노의 가르침 :피보다 진하게 살아라,37,생각,4
9791168473690,세이노의 가르침 :피보다 진하게 살아라,37,글들,4
9791168473690,세이노의 가르침 :피보다 진하게 살아라,37,공부,4
9791168473690,세이노의 가르침 :피보다 진하게 살아라,37,8월,4
9791168473690,세이노의 가르침 :피보다 진하게 살아라,37,영업,4
9791168473690,세이노의 가르침 :피보다 진하게 살아라,37,학벌,4
9791168473690,세이노의 가르침 :피보다 진하게 살아라,37,학력,4
9791168473690,세이노의 가르침 :피보다 진하게 살아라,37,대하,4
9791168473690,세이노의 가르침 :피보다 진하게 살아라,37,No,4
9791168473690,세이노의 가르침 :피보다 진하게 살아라,37,정식,4
9791168473690,세이노의 가르침 :피보다 진하게 살아라,37,미래,3
9791168473690,세이노의 가르침 :피보다 진하게 살아라,37,7월,3
9791168473690,세이노의 가르침 :피보다 진하게 살아라,37,아버지,3
9791168473690,세이노의 가르침 :피보다 진하게 살아라,37,일부,3
9791168473690,세이노의 가르침 :피보다 진하게 살아라,37,제대,3
9791168473690,세이노의 가르침 :피보다 진하게 살아라,37,실패,3
9791168473690,세이노의 가르침 :피보다 진하게 살아라,37,기고글,3
9791168473690,세이노의 가르침 :피보다 진하게 살아라,37,자산,3
9791168473690,세이노의 가르침 :피보다 진하게 살아라,37,필명,3
9791168473690,세이노의 가르침 :피보다 진하게 살아라,37,전자책,3
9791168473690,세이노의 가르침 :피보다 진하게 살아라,37,건강,3
9791168473690,세이노의 가르침 :피보다 진하게 살아라,37,1월,3
9791168473690,세이노의 가르침 :피보다 진하게 살아라,37,2000년,3
9791168473690,세이노의 가르침 :피보다 진하게 살아라,37,장사,3
9791168473690,세이노의 가르침 :피보다 진하게 살아라,37,2004년,3
9791168473690,세이노의 가르침 :피보다 진하게 살아라,37,2007년,3
9791168473690,세이노의 가르침 :피보다 진하게 살아라,37,5월,3
9791168473690,세이노의 가르침 :피보다 진하게 살아라,37,부자아빠의 진실게임,3
9791168473690,세이노의 가르침 :피보다 진하게 살아라,37,2월,3
9791168473690,세이노의 가르침 :피보다 진하게 살아라,37,원대,3
9791168473690,세이노의 가르침 :피보다 진하게 살아라,37,성공,3
9791168473690,세이노의 가르침 :피보다 진하게 살아라,37,2009년,2
9791168473690,세이노의 가르침 :피보다 진하게 살아라,37,11월,2
9791168473690,세이노의 가르침 :피보다 진하게 살아라,37,가족,2
9791168473690,세이노의 가르침 :피보다 진하게 살아라,37,목돈,2
9791168473690,세이노의 가르침 :피보다 진하게 살아라,37,1부,2
9791168473690,세이노의 가르침 :피보다 진하게 살아라,37,데이원,2
9791168473690,세이노의 가르침 :피보다 진하게 살아라,37,2008년,2
9791168473690,세이노의 가르침 :피보다 진하게 살아라,37,마주,2
9791189327156,"물고기는 존재하지 않는다 :상실, 사랑 그리고 숨어 있는 삶의 질서에 관한 이야기",35,물고기는 존재하지 않는다,9
9791189327156,"물고기는 존재하지 않는다 :상실, 사랑 그리고 숨어 있는 삶의 질서에 관한 이야기",35,질서,5
9791189327156,"물고기는 존재하지 않는다 :상실, 사랑 그리고 숨어 있는 삶의 질서에 관한 이야기",35,밀러,4
9791189327156,"물고기는 존재하지 않는다 :상실, 사랑 그리고 숨어 있는 삶의 질서에 관한 이야기",35,피버디,4
9791189327156,"물고기는 존재하지 않는다 :상실, 사랑 그리고 숨어 있는 삶의 질서에 관한 이야기",35,혼돈,4
9791189327156,"물고기는 존재하지 않는다 :상실, 사랑 그리고 숨어 있는 삶의 질서에 관한 이야기",35,룰루,4
9791189327156,"물고기는 존재하지 않는다 :상실, 사랑 그리고 숨어 있는 삶의 질서에 관한 이야기",35,방송계,4
9791189327156,"물고기는 존재하지 않는다 :상실, 사랑 그리고 숨어 있는 삶의 질서에 관한 이야기",35,퓰리처상,4
9791189327156,"물고기는 존재하지 않는다 :상실, 사랑 그리고 숨어 있는 삶의 질서에 관한 이야기",35,마디,4
9791189327156,"물고기는 존재하지 않는다 :상실, 사랑 그리고 숨어 있는 삶의 질서에 관한 이야기",35,Peabody,3
9791189327156,"물고기는 존재하지 않는다 :상실, 사랑 그리고 숨어 있는 삶의 질서에 관한 이야기",35,라디오랩 Radiolab,3
9791189327156,"물고기는 존재하지 않는다 :상실, 사랑 그리고 숨어 있는 삶의 질서에 관한 이야기",35,캐터펄트 Catapult,3
9791189327156,"물고기는 존재하지 않는다 :상실, 사랑 그리고 숨어 있는 삶의 질서에 관한 이야기",35,Awards,3
9791189327156,"물고기는 존재하지 않는다 :상실, 사랑 그리고 숨어 있는 삶의 질서에 관한 이야기",35,2020년,3
9791189327156,"물고기는 존재하지 않는다 :상실, 사랑 그리고 숨어 있는 삶의 질서에 관한 이야기",35,최고,3
9791189327156,"물고기는 존재하지 않는다 :상실, 사랑 그리고 숨어 있는 삶의 질서에 관한 이야기",35,선정,3
9791189327156,"물고기는 존재하지 않는다 :상실, 사랑 그리고 숨어 있는 삶의 질서에 관한 이야기",35,내서널퍼블릭라디오 NPR,3
9791189327156,"물고기는 존재하지 않는다 :상실, 사랑 그리고 숨어 있는 삶의 질서에 관한 이야기",35,집착,3
9791189327156,"물고기는 존재하지 않는다 :상실, 사랑 그리고 숨어 있는 삶의 질서에 관한 이야기",35,전문기자,3
9791189327156,"물고기는 존재하지 않는다 :상실, 사랑 그리고 숨어 있는 삶의 질서에 관한 이야기",35,논픽션,3
9791189327156,"물고기는 존재하지 않는다 :상실, 사랑 그리고 숨어 있는 삶의 질서에 관한 이야기",35,뉴요커,3
9791189327156,"물고기는 존재하지 않는다 :상실, 사랑 그리고 숨어 있는 삶의 질서에 관한 이야기",35,오리온,3
9791189327156,"물고기는 존재하지 않는다 :상실, 사랑 그리고 숨어 있는 삶의 질서에 관한 이야기",35,세상,3
9791189327156,"물고기는 존재하지 않는다 :상실, 사랑 그리고 숨어 있는 삶의 질서에 관한 이야기",35,스미소니언,3
9791189327156,"물고기는 존재하지 않는다 :상실, 사랑 그리고 숨어 있는 삶의 질서에 관한 이야기",35,VQR,3
9791189327156,"물고기는 존재하지 않는다 :상실, 사랑 그리고 숨어 있는 삶의 질서에 관한 이야기",35,NPR,3
9791189327156,"물고기는 존재하지 않는다 :상실, 사랑 그리고 숨어 있는 삶의 질서에 관한 이야기",35,시카고 트리뷴,3
9791189327156,"물고기는 존재하지 않는다 :상실, 사랑 그리고 숨어 있는 삶의 질서에 관한 이야기",35,워싱턴포스트,3
9791189327156,"물고기는 존재하지 않는다 :상실, 사랑 그리고 숨어 있는 삶의 질서에 관한 이야기",35,수상,3
9791189327156,"물고기는 존재하지 않는다 :상실, 사랑 그리고 숨어 있는 삶의 질서에 관한 이야기",35,과학,3
9791189327156,"물고기는 존재하지 않는다 :상실, 사랑 그리고 숨어 있는 삶의 질서에 관한 이야기",35,불리,3
9791189327156,"물고기는 존재하지 않는다 :상실, 사랑 그리고 숨어 있는 삶의 질서에 관한 이야기",35,북라이엇,3
9791189327156,"물고기는 존재하지 않는다 :상실, 사랑 그리고 숨어 있는 삶의 질서에 관한 이야기",35,마키,2
9791189327156,"물고기는 존재하지 않는다 :상실, 사랑 그리고 숨어 있는 삶의 질서에 관한 이야기",35,막간극,2
9791189327156,"물고기는 존재하지 않는다 :상실, 사랑 그리고 숨어 있는 삶의 질서에 관한 이야기",35,말이,2
9791189327156,"물고기는 존재하지 않는다 :상실, 사랑 그리고 숨어 있는 삶의 질서에 관한 이야기",35,사랑,2
9791189327156,"물고기는 존재하지 않는다 :상실, 사랑 그리고 숨어 있는 삶의 질서에 관한 이야기",35,룰루 밀러,2
9791189327156,"물고기는 존재하지 않는다 :상실, 사랑 그리고 숨어 있는 삶의 질서에 관한 이야기",35,기원,2
9791189327156,"물고기는 존재하지 않는다 :상실, 사랑 그리고 숨어 있는 삶의 질서에 관한 이야기",35,베스트셀러,2
9791189327156,"물고기는 존재하지 않는다 :상실, 사랑 그리고 숨어 있는 삶의 질서에 관한 이야기",35,사다리,2
9791189327156,"물고기는 존재하지 않는다 :상실, 사랑 그리고 숨어 있는 삶의 질서에 관한 이야기",35,가지,2
9791189327156,"물고기는 존재하지 않는다 :상실, 사랑 그리고 숨어 있는 삶의 질서에 관한 이야기",35,감사,2
9791189327156,"물고기는 존재하지 않는다 :상실, 사랑 그리고 숨어 있는 삶의 질서에 관한 이야기",35,과학적,2
9791189327156,"물고기는 존재하지 않는다 :상실, 사랑 그리고 숨어 있는 삶의 질서에 관한 이야기",35,관해,2
9791189327156,"물고기는 존재하지 않는다 :상실, 사랑 그리고 숨어 있는 삶의 질서에 관한 이야기",35,기만,2
9791189327156,"물고기는 존재하지 않는다 :상실, 사랑 그리고 숨어 있는 삶의 질서에 관한 이야기",35,사실,2
9791189327156,"물고기는 존재하지 않는다 :상실, 사랑 그리고 숨어 있는 삶의 질서에 관한 이야기",35,기초과학 교양과학,2
9791189327156,"물고기는 존재하지 않는다 :상실, 사랑 그리고 숨어 있는 삶의 질서에 관한 이야기",35,삽화,2
9791189327156,"물고기는 존재하지 않는다 :상실, 사랑 그리고 숨어 있는 삶의 질서에 관한 이야기",35,꼬리,2
9791189327156,"물고기는 존재하지 않는다 :상실, 사랑 그리고 숨어 있는 삶의 질서에 관한 이야기",35,19세기,2
9791192389325,퓨처 셀프 :현재와 미래가 달라지는 놀라운 혁명,32,미래,50
9791192389325,퓨처 셀프 :현재와 미래가 달라지는 놀라운 혁명,32,진실,20
9791192389325,퓨처 셀프 :현재와 미래가 달라지는 놀라운 혁명,32,위협,20
9791192389325,퓨처 셀프 :현재와 미래가 달라지는 놀라운 혁명,32,모습,10
9791192389325,퓨처 셀프 :현재와 미래가 달라지는 놀라운 혁명,32,생각,7
9791192389325,퓨처 셀프 :현재와 미래가 달라지는 놀라운 혁명,32,시간,6
9791192389325,퓨처 셀프 :현재와 미래가 달라지는 놀라운 혁명,32,목표,6
9791192389325,퓨처 셀프 :현재와 미래가 달라지는 놀라운 혁명,32,성공,6
9791192389325,퓨처 셀프 :현재와 미래가 달라지는 놀라운 혁명,32,point,4
9791192389325,퓨처 셀프 :현재와 미래가 달라지는 놀라운 혁명,32,key,4
9791192389325,퓨처 셀프 :현재와 미래가 달라지는 놀라운 혁명,32,사람,4
9791192389325,퓨처 셀프 :현재와 미래가 달라지는 놀라운 혁명,32,실패,4
9791192389325,퓨처 셀프 :현재와 미래가 달라지는 놀라운 혁명,32,분야,4
9791192389325,퓨처 셀프 :현재와 미래가 달라지는 놀라운 혁명,32,7가지,4
9791192389325,퓨처 셀프 :현재와 미래가 달라지는 놀라운 혁명,32,뉴욕타임스,3
9791192389325,퓨처 셀프 :현재와 미래가 달라지는 놀라운 혁명,32,결정,3
9791192389325,퓨처 셀프 :현재와 미래가 달라지는 놀라운 혁명,32,전문가,3
9791192389325,퓨처 셀프 :현재와 미래가 달라지는 놀라운 혁명,32,상상,3
9791192389325,퓨처 셀프 :현재와 미래가 달라지는 놀라운 혁명,32,포브스,3
9791192389325,퓨처 셀프 :현재와 미래가 달라지는 놀라운 혁명,32,허핑턴 포스트,3
9791192389325,퓨처 셀프 :현재와 미래가 달라지는 놀라운 혁명,32,다음,3
9791192389325,퓨처 셀프 :현재와 미래가 달라지는 놀라운 혁명,32,하버드 비즈니스 리뷰,3
9791192389325,퓨처 셀프 :현재와 미래가 달라지는 놀라운 혁명,32,옵저버,3
9791192389325,퓨처 셀프 :현재와 미래가 달라지는 놀라운 혁명,32,혁명,3
9791192389325,퓨처 셀프 :현재와 미래가 달라지는 놀라운 혁명,32,소파,2
9791192389325,퓨처 셀프 :현재와 미래가 달라지는 놀라운 혁명,32,당장,2
9791192389325,퓨처 셀프 :현재와 미래가 달라지는 놀라운 혁명,32,과학,2
9791192389325,퓨처 셀프 :현재와 미래가 달라지는 놀라운 혁명,32,당연,2
9791192389325,퓨처 셀프 :현재와 미래가 달라지는 놀라운 혁명,32,부정적,2
9791192389325,퓨처 셀프 :현재와 미래가 달라지는 놀라운 혁명,32,단절,2
9791192389325,퓨처 셀프 :현재와 미래가 달라지는 놀라운 혁명,32,사소,2
9791192389325,퓨처 셀프 :현재와 미래가 달라지는 놀라운 혁명,32,기폭제,2
9791192389325,퓨처 셀프 :현재와 미래가 달라지는 놀라운 혁명,32,길이,2
9791192389325,퓨처 셀프 :현재와 미래가 달라지는 놀라운 혁명,32,근시안적,2
9791192389325,퓨처 셀프 :현재와 미래가 달라지는 놀라운 혁명,32,발목,2
9791192389325,퓨처 셀프 :현재와 미래가 달라지는 놀라운 혁명,32,희망,2
9791192389325,퓨처 셀프 :현재와 미래가 달라지는 놀라운 혁명,32,7단계,2
9791192389325,퓨처 셀프 :현재와 미래가 달라지는 놀라운 혁명,32,성공학,2
9791192389325,퓨처 셀프 :현재와 미래가 달라지는 놀라운 혁명,32,스토리,2
9791192389325,퓨처 셀프 :현재와 미래가 달라지는 놀라운 혁명,32,Part2,2
9791192389325,퓨처 셀프 :현재와 미래가 달라지는 놀라운 혁명,32,벤저민 하디,2
9791192389325,퓨처 셀프 :현재와 미래가 달라지는 놀라운 혁명,32,사고,2
9791192389325,퓨처 셀프 :현재와 미래가 달라지는 놀라운 혁명,32,가게,2
9791192389325,퓨처 셀프 :현재와 미래가 달라지는 놀라운 혁명,32,간편,2
9791192389325,퓨처 셀프 :현재와 미래가 달라지는 놀라운 혁명,32,세계,2
9791192389325,퓨처 셀프 :현재와 미래가 달라지는 놀라운 혁명,32,시급,2
9791192389325,퓨처 셀프 :현재와 미래가 달라지는 놀라운 혁명,32,건강,2
9791192389325,퓨처 셀프 :현재와 미래가 달라지는 놀라운 혁명,32,견해,2
9791192389325,퓨처 셀프 :현재와 미래가 달라지는 놀라운 혁명,32,결제,2
9791192389325,퓨처 셀프 :현재와 미래가 달라지는 놀라운 혁명,32,경기장,2
9788936434120,소년이 온다 :한강 장편소설,30,한강,19
9788936434120,소년이 온다 :한강 장편소설,30,동호,13
9788936434120,소년이 온다 :한강 장편소설,30,소년이 온다,12
9788936434120,소년이 온다 :한강 장편소설,30,당시,11
9788936434120,소년이 온다 :한강 장편소설,30,정대,9
9788936434120,소년이 온다 :한강 장편소설,30,상무관,9
9788936434120,소년이 온다 :한강 장편소설,30,사람,9
9788936434120,소년이 온다 :한강 장편소설,30,소년,8
9788936434120,소년이 온다 :한강 장편소설,30,인간,7
9788936434120,소년이 온다 :한강 장편소설,30,죽음,7
9788936434120,소년이 온다 :한강 장편소설,30,문장,6
9788936434120,소년이 온다 :한강 장편소설,30,어린 새,6
9788936434120,소년이 온다 :한강 장편소설,30,생각,5
9788936434120,소년이 온다 :한강 장편소설,30,영혼,5
9788936434120,소년이 온다 :한강 장편소설,30,친구,5
9788936434120,소년이 온다 :한강 장편소설,30,얼굴,5
9788936434120,소년이 온다 :한강 장편소설,30,자신,5
9788936434120,소년이 온다 :한강 장편소설,30,질문,5
9788936434120,소년이 온다 :한강 장편소설,30,누나,4
9788936434120,소년이 온다 :한강 장편소설,30,계엄군,4
9788936434120,소년이 온다 :한강 장편소설,30,1980년,4
9788936434120,소년이 온다 :한강 장편소설,30,시신,4
9788936434120,소년이 온다 :한강 장편소설,30,목소리,4
9788936434120,소년이 온다 :한강 장편소설,30,중학교,4
9788936434120,소년이 온다 :한강 장편소설,30,고통,4
9788936434120,소년이 온다 :한강 장편소설,30,위로,4
9788936434120,소년이 온다 :한강 장편소설,30,5월,4
9788936434120,소년이 온다 :한강 장편소설,30,광주,4
9788936434120,소년이 온다 :한강 장편소설,30,국가,3
9788936434120,소년이 온다 :한강 장편소설,30,광주민주화운동,3
9788936434120,소년이 온다 :한강 장편소설,30,서울의 겨울,3
9788936434120,소년이 온다 :한강 장편소설,30,고문,3
9788936434120,소년이 온다 :한강 장편소설,30,모습,3
9788936434120,소년이 온다 :한강 장편소설,30,매일,3
9788936434120,소년이 온다 :한강 장편소설,30,대신,3
9788936434120,소년이 온다 :한강 장편소설,30,아이들,3
9788936434120,소년이 온다 :한강 장편소설,30,붙들어야 할,3
9788936434120,소년이 온다 :한강 장편소설,30,도청,3
9788936434120,소년이 온다 :한강 장편소설,30,서랍에 저녁을 넣어 두었다,3
9788936434120,소년이 온다 :한강 장편소설,30,억울,3
9788936434120,소년이 온다 :한강 장편소설,30,여자,3
9788936434120,소년이 온다 :한강 장편소설,30,무고,3
9788936434120,소년이 온다 :한강 장편소설,30,문학과사회,3
9788936434120,소년이 온다 :한강 장편소설,30,3학년,3
9788936434120,소년이 온다 :한강 장편소설,30,연행,3
9788936434120,소년이 온다 :한강 장편소설,30,검은 사슴,3
9788936434120,소년이 온다 :한강 장편소설,30,시절,3
9788936434120,소년이 온다 :한강 장편소설,30,노랑무늬영원,3
9788936434120,소년이 온다 :한강 장편소설,30,내 여자의 열매,3
9788936434120,소년이 온다 :한강 장편소설,30,여수의 사랑,3
9791191114768,단 한 번의 삶,28,단 한 번의 삶,18
9791191114768,단 한 번의 삶,28,영하의 날씨,12
9791191114768,단 한 번의 삶,28,여행의 이유,9
9791191114768,단 한 번의 삶,28,김영하,7
9791191114768,단 한 번의 삶,28,인생 사용법,6
9791191114768,단 한 번의 삶,28,인생,5
9791191114768,단 한 번의 삶,28,독자,4
9791191114768,단 한 번의 삶,28,서비스,4
9791191114768,단 한 번의 삶,28,산문,3
9791191114768,단 한 번의 삶,28,6년,3
9791191114768,단 한 번의 삶,28,작가 김영하,3
9791191114768,단 한 번의 삶,28,2004년,3
9791191114768,단 한 번의 삶,28,자신,3
9791191114768,단 한 번의 삶,28,산문집,2
9791191114768,단 한 번의 삶,28,생각,2
9791191114768,단 한 번의 삶,28,당시,2
9791191114768,단 한 번의 삶,28,수정,2
9791191114768,단 한 번의 삶,28,신작,2
9791191114768,단 한 번의 삶,28,연재,2
9791191114768,단 한 번의 삶,28,이메일,2
9791191114768,단 한 번의 삶,28,복복서가,2
9791191114768,단 한 번의 삶,28,초기,2
9791191114768,단 한 번의 삶,28,한국에세이,2
9791191114768,단 한 번의 삶,28,호응,2
9791191114768,단 한 번의 삶,28,사랑,2
9791191114768,단 한 번의 삶,28,대폭,2
9791191114768,단 한 번의 삶,28,사유,2
9791191114768,단 한 번의 삶,28,2024년,2
9791191114768,단 한 번의 삶,28,가입,2
9791191114768,단 한 번의 삶,28,화제,2
9791191114768,단 한 번의 삶,28,경험,2
9791191114768,단 한 번의 삶,28,산문들보,2
9791191114768,단 한 번의 삶,28,구독,2
9791191114768,단 한 번의 삶,28,구독자,2
9791191114768,단 한 번의 삶,28,유료,2
9791191114768,단 한 번의 삶,28,사적,2
9791191114768,단 한 번의 삶,28,초대,2
9791191114768,단 한 번의 삶,28,가능,2
9791191114768,단 한 번의 삶,28,사건,1
9791191114768,단 한 번의 삶,28,희망,1
9791191114768,단 한 번의 삶,28,사공,1
9791191114768,단 한 번의 삶,28,사람,1
9791191114768,단 한 번의 삶,28,가운데,1
9791191114768,단 한 번의 삶,28,2015년,1
9791191114768,단 한 번의 삶,28,가족사,1
9791191114768,단 한 번의 삶,28,감사,1
9791191114768,단 한 번의 삶,28,나룻배,1
9791191114768,단 한 번의 삶,28,대신,1
9791191114768,단 한 번의 삶,28,담담,1
9791191114768,단 한 번의 삶,28,김유정문학상,1
9791188331796,돈의 속성 :최상위 부자가 말하는 돈에 대한 모든 것,27,부자,18
9791188331796,돈의 속성 :최상위 부자가 말하는 돈에 대한 모든 것,27,사람,13
9791188331796,돈의 속성 :최상위 부자가 말하는 돈에 대한 모든 것,27,가지,12
9791188331796,돈의 속성 :최상위 부자가 말하는 돈에 대한 모든 것,27,투자,11
9791188331796,돈의 속성 :최상위 부자가 말하는 돈에 대한 모든 것,27,방법,11
9791188331796,돈의 속성 :최상위 부자가 말하는 돈에 대한 모든 것,27,주식,7
9791188331796,돈의 속성 :최상위 부자가 말하는 돈에 대한 모든 것,27,매장,6
9791188331796,돈의 속성 :최상위 부자가 말하는 돈에 대한 모든 것,27,돈의 속성,6
9791188331796,돈의 속성 :최상위 부자가 말하는 돈에 대한 모든 것,27,자신,5
9791188331796,돈의 속성 :최상위 부자가 말하는 돈에 대한 모든 것,27,글로벌,4
9791188331796,돈의 속성 :최상위 부자가 말하는 돈에 대한 모든 것,27,김승호,4
9791188331796,돈의 속성 :최상위 부자가 말하는 돈에 대한 모든 것,27,실패,4
9791188331796,돈의 속성 :최상위 부자가 말하는 돈에 대한 모든 것,27,의미,4
9791188331796,돈의 속성 :최상위 부자가 말하는 돈에 대한 모든 것,27,한국,4
9791188331796,돈의 속성 :최상위 부자가 말하는 돈에 대한 모든 것,27,과정,4
9791188331796,돈의 속성 :최상위 부자가 말하는 돈에 대한 모든 것,27,대하,4
9791188331796,돈의 속성 :최상위 부자가 말하는 돈에 대한 모든 것,27,태도,4
9791188331796,돈의 속성 :최상위 부자가 말하는 돈에 대한 모든 것,27,공유,4
9791188331796,돈의 속성 :최상위 부자가 말하는 돈에 대한 모든 것,27,반복,4
9791188331796,돈의 속성 :최상위 부자가 말하는 돈에 대한 모든 것,27,전달,4
9791188331796,돈의 속성 :최상위 부자가 말하는 돈에 대한 모든 것,27,종잣돈,4
9791188331796,돈의 속성 :최상위 부자가 말하는 돈에 대한 모든 것,27,미국,4
9791188331796,돈의 속성 :최상위 부자가 말하는 돈에 대한 모든 것,27,경영자,4
9791188331796,돈의 속성 :최상위 부자가 말하는 돈에 대한 모든 것,27,전파,4
9791188331796,돈의 속성 :최상위 부자가 말하는 돈에 대한 모든 것,27,리스크,4
9791188331796,돈의 속성 :최상위 부자가 말하는 돈에 대한 모든 것,27,경제,3
9791188331796,돈의 속성 :최상위 부자가 말하는 돈에 대한 모든 것,27,기업,3
9791188331796,돈의 속성 :최상위 부자가 말하는 돈에 대한 모든 것,27,누구,3
9791188331796,돈의 속성 :최상위 부자가 말하는 돈에 대한 모든 것,27,생각 의 비밀,3
9791188331796,돈의 속성 :최상위 부자가 말하는 돈에 대한 모든 것,27,유튜브,3
9791188331796,돈의 속성 :최상위 부자가 말하는 돈에 대한 모든 것,27,습관,3
9791188331796,돈의 속성 :최상위 부자가 말하는 돈에 대한 모든 것,27,속성,3
9791188331796,돈의 속성 :최상위 부자가 말하는 돈에 대한 모든 것,27,강연,3
9791188331796,돈의 속성 :최상위 부자가 말하는 돈에 대한 모든 것,27,세계,3
9791188331796,돈의 속성 :최상위 부자가 말하는 돈에 대한 모든 것,27,100억,3
9791188331796,돈의 속성 :최상위 부자가 말하는 돈에 대한 모든 것,27,사장,3
9791188331796,돈의 속성 :최상위 부자가 말하는 돈에 대한 모든 것,27,삼성전자,3
9791188331796,돈의 속성 :최상위 부자가 말하는 돈에 대한 모든 것,27,김밥 파는  CEO,3
9791188331796,돈의 속성 :최상위 부자가 말하는 돈에 대한 모든 것,27,알면서도 알지 못하는 것들,3
9791188331796,돈의 속성 :최상위 부자가 말하는 돈에 대한 모든 것,27,회장,3
9791188331796,돈의 속성 :최상위 부자가 말하는 돈에 대한 모든 것,27,명의,3
9791188331796,돈의 속성 :최상위 부자가 말하는 돈에 대한 모든 것,27,사업가,3
9791188331796,돈의 속성 :최상위 부자가 말하는 돈에 대한 모든 것,27,금융,3
9791188331796,돈의 속성 :최상위 부자가 말하는 돈에 대한 모든 것,27,외식,3
9791188331796,돈의 속성 :최상위 부자가 말하는 돈에 대한 모든 것,27,자기경영 노트,3
9791188331796,돈의 속성 :최상위 부자가 말하는 돈에 대한 모든 것,27,가난,3
9791188331796,돈의 속성 :최상위 부자가 말하는 돈에 대한 모든 것,27,필요,3
9791188331796,돈의 속성 :최상위 부자가 말하는 돈에 대한 모든 것,27,부모,3
9791188331796,돈의 속성 :최상위 부자가 말하는 돈에 대한 모든 것,27,식품점,3
9791188331796,돈의 속성 :최상위 부자가 말하는 돈에 대한 모든 것,27,벌어본,2
9788901260716,역행자 :돈·시간·운명으로부터 완전한 자유를 얻는 7단계 인생 공략집,27,역행자,19
9788901260716,역행자 :돈·시간·운명으로부터 완전한 자유를 얻는 7단계 인생 공략집,27,자유,15
9788901260716,역행자 :돈·시간·운명으로부터 완전한 자유를 얻는 7단계 인생 공략집,27,인생,12
9788901260716,역행자 :돈·시간·운명으로부터 완전한 자유를 얻는 7단계 인생 공략집,27,자청,9
9788901260716,역행자 :돈·시간·운명으로부터 완전한 자유를 얻는 7단계 인생 공략집,27,사람,8
9788901260716,역행자 :돈·시간·운명으로부터 완전한 자유를 얻는 7단계 인생 공략집,27,무자본,7
9788901260716,역행자 :돈·시간·운명으로부터 완전한 자유를 얻는 7단계 인생 공략집,27,경제적,7
9788901260716,역행자 :돈·시간·운명으로부터 완전한 자유를 얻는 7단계 인생 공략집,27,창업,6
9788901260716,역행자 :돈·시간·운명으로부터 완전한 자유를 얻는 7단계 인생 공략집,27,자의식,6
9788901260716,역행자 :돈·시간·운명으로부터 완전한 자유를 얻는 7단계 인생 공략집,27,수익,6
9788901260716,역행자 :돈·시간·운명으로부터 완전한 자유를 얻는 7단계 인생 공략집,27,유전자,5
9788901260716,역행자 :돈·시간·운명으로부터 완전한 자유를 얻는 7단계 인생 공략집,27,사업,5
9788901260716,역행자 :돈·시간·운명으로부터 완전한 자유를 얻는 7단계 인생 공략집,27,자동,5
9788901260716,역행자 :돈·시간·운명으로부터 완전한 자유를 얻는 7단계 인생 공략집,27,완벽,5
9788901260716,역행자 :돈·시간·운명으로부터 완전한 자유를 얻는 7단계 인생 공략집,27,정체성,4
9788901260716,역행자 :돈·시간·운명으로부터 완전한 자유를 얻는 7단계 인생 공략집,27,인간,4
9788901260716,역행자 :돈·시간·운명으로부터 완전한 자유를 얻는 7단계 인생 공략집,27,라이프해커,4
9788901260716,역행자 :돈·시간·운명으로부터 완전한 자유를 얻는 7단계 인생 공략집,27,쳇바퀴,4
9788901260716,역행자 :돈·시간·운명으로부터 완전한 자유를 얻는 7단계 인생 공략집,27,그릇,4
9788901260716,역행자 :돈·시간·운명으로부터 완전한 자유를 얻는 7단계 인생 공략집,27,상황,4
9788901260716,역행자 :돈·시간·운명으로부터 완전한 자유를 얻는 7단계 인생 공략집,27,시작,4
9788901260716,역행자 :돈·시간·운명으로부터 완전한 자유를 얻는 7단계 인생 공략집,27,비즈니스,4
9788901260716,역행자 :돈·시간·운명으로부터 완전한 자유를 얻는 7단계 인생 공략집,27,최적화,3
9788901260716,역행자 :돈·시간·운명으로부터 완전한 자유를 얻는 7단계 인생 공략집,27,게임,3
9788901260716,역행자 :돈·시간·운명으로부터 완전한 자유를 얻는 7단계 인생 공략집,27,정신,3
9788901260716,역행자 :돈·시간·운명으로부터 완전한 자유를 얻는 7단계 인생 공략집,27,공략집,3
9788901260716,역행자 :돈·시간·운명으로부터 완전한 자유를 얻는 7단계 인생 공략집,27,1억씩,3
9788901260716,역행자 :돈·시간·운명으로부터 완전한 자유를 얻는 7단계 인생 공략집,27,방법,3
9788901260716,역행자 :돈·시간·운명으로부터 완전한 자유를 얻는 7단계 인생 공략집,27,투자,3
9788901260716,역행자 :돈·시간·운명으로부터 완전한 자유를 얻는 7단계 인생 공략집,27,2단계,3
9788901260716,역행자 :돈·시간·운명으로부터 완전한 자유를 얻는 7단계 인생 공략집,27,초반,3
9788901260716,역행자 :돈·시간·운명으로부터 완전한 자유를 얻는 7단계 인생 공략집,27,30대,3
9788901260716,역행자 :돈·시간·운명으로부터 완전한 자유를 얻는 7단계 인생 공략집,27,성공,3
9788901260716,역행자 :돈·시간·운명으로부터 완전한 자유를 얻는 7단계 인생 공략집,27,3가지,3
9788901260716,역행자 :돈·시간·운명으로부터 완전한 자유를 얻는 7단계 인생 공략집,27,3단계,3
9788901260716,역행자 :돈·시간·운명으로부터 완전한 자유를 얻는 7단계 인생 공략집,27,1단계,3
9788901260716,역행자 :돈·시간·운명으로부터 완전한 자유를 얻는 7단계 인생 공략집,27,7단계,3
9788901260716,역행자 :돈·시간·운명으로부터 완전한 자유를 얻는 7단계 인생 공략집,27,머리,2
9788901260716,역행자 :돈·시간·운명으로부터 완전한 자유를 얻는 7단계 인생 공략집,27,매일,2
9788901260716,역행자 :돈·시간·운명으로부터 완전한 자유를 얻는 7단계 인생 공략집,27,모은다피날레,2
9788901260716,역행자 :돈·시간·운명으로부터 완전한 자유를 얻는 7단계 인생 공략집,27,구독자,2
9788901260716,역행자 :돈·시간·운명으로부터 완전한 자유를 얻는 7단계 인생 공략집,27,CHAPTER3,2
9788901260716,역행자 :돈·시간·운명으로부터 완전한 자유를 얻는 7단계 인생 공략집,27,명령,2
9788901260716,역행자 :돈·시간·운명으로부터 완전한 자유를 얻는 7단계 인생 공략집,27,2시간,2
9788901260716,역행자 :돈·시간·운명으로부터 완전한 자유를 얻는 7단계 인생 공략집,27,5막,2
9788901260716,역행자 :돈·시간·운명으로부터 완전한 자유를 얻는 7단계 인생 공략집,27,모델,2
9788901260716,역행자 :돈·시간·운명으로부터 완전한 자유를 얻는 7단계 인생 공략집,27,CHAPTER1,2
9788901260716,역행자 :돈·시간·운명으로부터 완전한 자유를 얻는 7단계 인생 공략집,27,CHAPTER2,2
9788901260716,역행자 :돈·시간·운명으로부터 완전한 자유를 얻는 7단계 인생 공략집,27,CHAPTER4,2
9788901260716,역행자 :돈·시간·운명으로부터 완전한 자유를 얻는 7단계 인생 공략집,27,19000원,2
9791186494431,세상에서 제일 재밌는 종이접기 :색종이 한 장이면 장난감 뚝딱!,27,종이접기,16
9791186494431,세상에서 제일 재밌는 종이접기 :색종이 한 장이면 장난감 뚝딱!,27,얼굴,16
9791186494431,세상에서 제일 재밌는 종이접기 :색종이 한 장이면 장난감 뚝딱!,27,비행기,9
9791186494431,세상에서 제일 재밌는 종이접기 :색종이 한 장이면 장난감 뚝딱!,27,입체,6
9791186494431,세상에서 제일 재밌는 종이접기 :색종이 한 장이면 장난감 뚝딱!,27,네모아저씨,5
9791186494431,세상에서 제일 재밌는 종이접기 :색종이 한 장이면 장난감 뚝딱!,27,다리,4
9791186494431,세상에서 제일 재밌는 종이접기 :색종이 한 장이면 장난감 뚝딱!,27,거북,4
9791186494431,세상에서 제일 재밌는 종이접기 :색종이 한 장이면 장난감 뚝딱!,27,수록,4
9791186494431,세상에서 제일 재밌는 종이접기 :색종이 한 장이면 장난감 뚝딱!,27,고양이,4
9791186494431,세상에서 제일 재밌는 종이접기 :색종이 한 장이면 장난감 뚝딱!,27,도안,4
9791186494431,세상에서 제일 재밌는 종이접기 :색종이 한 장이면 장난감 뚝딱!,27,여우,4
9791186494431,세상에서 제일 재밌는 종이접기 :색종이 한 장이면 장난감 뚝딱!,27,발달,4
9791186494431,세상에서 제일 재밌는 종이접기 :색종이 한 장이면 장난감 뚝딱!,27,색종이,4
9791186494431,세상에서 제일 재밌는 종이접기 :색종이 한 장이면 장난감 뚝딱!,27,방법과,4
9791186494431,세상에서 제일 재밌는 종이접기 :색종이 한 장이면 장난감 뚝딱!,27,상자,4
9791186494431,세상에서 제일 재밌는 종이접기 :색종이 한 장이면 장난감 뚝딱!,27,산타,4
9791186494431,세상에서 제일 재밌는 종이접기 :색종이 한 장이면 장난감 뚝딱!,27,토끼,4
9791186494431,세상에서 제일 재밌는 종이접기 :색종이 한 장이면 장난감 뚝딱!,27,강아지,4
9791186494431,세상에서 제일 재밌는 종이접기 :색종이 한 장이면 장난감 뚝딱!,27,페이퍼,3
9791186494431,세상에서 제일 재밌는 종이접기 :색종이 한 장이면 장난감 뚝딱!,27,세상,3
9791186494431,세상에서 제일 재밌는 종이접기 :색종이 한 장이면 장난감 뚝딱!,27,제일,3
9791186494431,세상에서 제일 재밌는 종이접기 :색종이 한 장이면 장난감 뚝딱!,27,매미,3
9791186494431,세상에서 제일 재밌는 종이접기 :색종이 한 장이면 장난감 뚝딱!,27,처음,3
9791186494431,세상에서 제일 재밌는 종이접기 :색종이 한 장이면 장난감 뚝딱!,27,몸통,3
9791186494431,세상에서 제일 재밌는 종이접기 :색종이 한 장이면 장난감 뚝딱!,27,175개,3
9791186494431,세상에서 제일 재밌는 종이접기 :색종이 한 장이면 장난감 뚝딱!,27,가오리,3
9791186494431,세상에서 제일 재밌는 종이접기 :색종이 한 장이면 장난감 뚝딱!,27,2차원,2
9791186494431,세상에서 제일 재밌는 종이접기 :색종이 한 장이면 장난감 뚝딱!,27,능력,2
9791186494431,세상에서 제일 재밌는 종이접기 :색종이 한 장이면 장난감 뚝딱!,27,메뚜기,2
9791186494431,세상에서 제일 재밌는 종이접기 :색종이 한 장이면 장난감 뚝딱!,27,3차원,2
9791186494431,세상에서 제일 재밌는 종이접기 :색종이 한 장이면 장난감 뚝딱!,27,두뇌,2
9791186494431,세상에서 제일 재밌는 종이접기 :색종이 한 장이면 장난감 뚝딱!,27,드래곤,2
9791186494431,세상에서 제일 재밌는 종이접기 :색종이 한 장이면 장난감 뚝딱!,27,날개,2
9791186494431,세상에서 제일 재밌는 종이접기 :색종이 한 장이면 장난감 뚝딱!,27,뚜껑,2
9791186494431,세상에서 제일 재밌는 종이접기 :색종이 한 장이면 장난감 뚝딱!,27,물가,2
9791186494431,세상에서 제일 재밌는 종이접기 :색종이 한 장이면 장난감 뚝딱!,27,동물,2
9791186494431,세상에서 제일 재밌는 종이접기 :색종이 한 장이면 장난감 뚝딱!,27,개복치,2
9791186494431,세상에서 제일 재밌는 종이접기 :색종이 한 장이면 장난감 뚝딱!,27,가족,2
9791186494431,세상에서 제일 재밌는 종이접기 :색종이 한 장이면 장난감 뚝딱!,27,돼지,2
9791186494431,세상에서 제일 재밌는 종이접기 :색종이 한 장이면 장난감 뚝딱!,27,공간지각력,2
9791186494431,세상에서 제일 재밌는 종이접기 :색종이 한 장이면 장난감 뚝딱!,27,공룡,2
9791186494431,세상에서 제일 재밌는 종이접기 :색종이 한 장이면 장난감 뚝딱!,27,공작,2
9791186494431,세상에서 제일 재밌는 종이접기 :색종이 한 장이면 장난감 뚝딱!,27,과정,2
9791186494431,세상에서 제일 재밌는 종이접기 :색종이 한 장이면 장난감 뚝딱!,27,무당벌레,2
9791186494431,세상에서 제일 재밌는 종이접기 :색종이 한 장이면 장난감 뚝딱!,27,구분,2
9791186494431,세상에서 제일 재밌는 종이접기 :색종이 한 장이면 장난감 뚝딱!,27,국내,2
9791186494431,세상에서 제일 재밌는 종이접기 :색종이 한 장이면 장난감 뚝딱!,27,금붕어,2
9791186494431,세상에서 제일 재밌는 종이접기 :색종이 한 장이면 장난감 뚝딱!,27,기본,2
9791186494431,세상에서 제일 재밌는 종이접기 :색종이 한 장이면 장난감 뚝딱!,27,머리,2
9791186494431,세상에서 제일 재밌는 종이접기 :색종이 한 장이면 장난감 뚝딱!,27,개구리,2
9788965965046,도파민네이션 :쾌락 과잉 시대에서 균형 찾기,27,중독,25
9788965965046,도파민네이션 :쾌락 과잉 시대에서 균형 찾기,27,고통,20
9788965965046,도파민네이션 :쾌락 과잉 시대에서 균형 찾기,27,도파민,11
9788965965046,도파민네이션 :쾌락 과잉 시대에서 균형 찾기,27,쾌락,10
9788965965046,도파민네이션 :쾌락 과잉 시대에서 균형 찾기,27,도파민네이션,7
9788965965046,도파민네이션 :쾌락 과잉 시대에서 균형 찾기,27,탐닉,6
9788965965046,도파민네이션 :쾌락 과잉 시대에서 균형 찾기,27,행복,6
9788965965046,도파민네이션 :쾌락 과잉 시대에서 균형 찾기,27,소셜 딜레마,6
9788965965046,도파민네이션 :쾌락 과잉 시대에서 균형 찾기,27,문제,6
9788965965046,도파민네이션 :쾌락 과잉 시대에서 균형 찾기,27,저울,5
9788965965046,도파민네이션 :쾌락 과잉 시대에서 균형 찾기,27,구속,5
9788965965046,도파민네이션 :쾌락 과잉 시대에서 균형 찾기,27,인간,5
9788965965046,도파민네이션 :쾌락 과잉 시대에서 균형 찾기,27,약물,5
9788965965046,도파민네이션 :쾌락 과잉 시대에서 균형 찾기,27,수치심,5
9788965965046,도파민네이션 :쾌락 과잉 시대에서 균형 찾기,27,시대,5
9788965965046,도파민네이션 :쾌락 과잉 시대에서 균형 찾기,27,의사,5
9788965965046,도파민네이션 :쾌락 과잉 시대에서 균형 찾기,27,이해,4
9788965965046,도파민네이션 :쾌락 과잉 시대에서 균형 찾기,27,의과대학,4
9788965965046,도파민네이션 :쾌락 과잉 시대에서 균형 찾기,27,뇌과학,4
9788965965046,도파민네이션 :쾌락 과잉 시대에서 균형 찾기,27,미국,4
9788965965046,도파민네이션 :쾌락 과잉 시대에서 균형 찾기,27,자기,4
9788965965046,도파민네이션 :쾌락 과잉 시대에서 균형 찾기,27,스탠퍼드대학교,4
9788965965046,도파민네이션 :쾌락 과잉 시대에서 균형 찾기,27,균형,4
9788965965046,도파민네이션 :쾌락 과잉 시대에서 균형 찾기,27,법칙,3
9788965965046,도파민네이션 :쾌락 과잉 시대에서 균형 찾기,27,회복,3
9788965965046,도파민네이션 :쾌락 과잉 시대에서 균형 찾기,27,솔직,3
9788965965046,도파민네이션 :쾌락 과잉 시대에서 균형 찾기,27,디지털,3
9788965965046,도파민네이션 :쾌락 과잉 시대에서 균형 찾기,27,자본주의,3
9788965965046,도파민네이션 :쾌락 과잉 시대에서 균형 찾기,27,교수,3
9788965965046,도파민네이션 :쾌락 과잉 시대에서 균형 찾기,27,미국의학협회저널,3
9788965965046,도파민네이션 :쾌락 과잉 시대에서 균형 찾기,27,사람,3
9788965965046,도파민네이션 :쾌락 과잉 시대에서 균형 찾기,27,스탠퍼드,3
9788965965046,도파민네이션 :쾌락 과잉 시대에서 균형 찾기,27,뉴잉글랜드의학저널,3
9788965965046,도파민네이션 :쾌락 과잉 시대에서 균형 찾기,27,대상,2
9788965965046,도파민네이션 :쾌락 과잉 시대에서 균형 찾기,27,쌍둥이,2
9788965965046,도파민네이션 :쾌락 과잉 시대에서 균형 찾기,27,사회,2
9788965965046,도파민네이션 :쾌락 과잉 시대에서 균형 찾기,27,안내서,2
9788965965046,도파민네이션 :쾌락 과잉 시대에서 균형 찾기,27,비유,2
9788965965046,도파민네이션 :쾌락 과잉 시대에서 균형 찾기,27,다큐멘터리,2
9788965965046,도파민네이션 :쾌락 과잉 시대에서 균형 찾기,27,1장,2
9788965965046,도파민네이션 :쾌락 과잉 시대에서 균형 찾기,27,머리말,2
9788965965046,도파민네이션 :쾌락 과잉 시대에서 균형 찾기,27,3장,2
9788965965046,도파민네이션 :쾌락 과잉 시대에서 균형 찾기,27,MD,2
9788965965046,도파민네이션 :쾌락 과잉 시대에서 균형 찾기,27,신경과학,2
9788965965046,도파민네이션 :쾌락 과잉 시대에서 균형 찾기,27,베스트셀러,2
9788965965046,도파민네이션 :쾌락 과잉 시대에서 균형 찾기,27,말씀,2
9788965965046,도파민네이션 :쾌락 과잉 시대에서 균형 찾기,27,흐름출판,2
9788965965046,도파민네이션 :쾌락 과잉 시대에서 균형 찾기,27,누구,2
9788965965046,도파민네이션 :쾌락 과잉 시대에서 균형 찾기,27,애나 렘키,2
9788965965046,도파민네이션 :쾌락 과잉 시대에서 균형 찾기,27,쓰레기통,2
9791198517425,불변의 법칙 :절대 변하지 않는 것들에 대한 23가지 이야기,26,사람,11
9791198517425,불변의 법칙 :절대 변하지 않는 것들에 대한 23가지 이야기,26,돈의 심리학,9
9791198517425,불변의 법칙 :절대 변하지 않는 것들에 대한 23가지 이야기,26,미래,7
9791198517425,불변의 법칙 :절대 변하지 않는 것들에 대한 23가지 이야기,26,아마존,7
9791198517425,불변의 법칙 :절대 변하지 않는 것들에 대한 23가지 이야기,26,세상,6
9791198517425,불변의 법칙 :절대 변하지 않는 것들에 대한 23가지 이야기,26,인간,5
9791198517425,불변의 법칙 :절대 변하지 않는 것들에 대한 23가지 이야기,26,스토리,5
9791198517425,불변의 법칙 :절대 변하지 않는 것들에 대한 23가지 이야기,26,질문,5
9791198517425,불변의 법칙 :절대 변하지 않는 것들에 대한 23가지 이야기,26,사실,5
9791198517425,불변의 법칙 :절대 변하지 않는 것들에 대한 23가지 이야기,26,투자,5
9791198517425,불변의 법칙 :절대 변하지 않는 것들에 대한 23가지 이야기,26,독특,4
9791198517425,불변의 법칙 :절대 변하지 않는 것들에 대한 23가지 이야기,26,기대치,4
9791198517425,불변의 법칙 :절대 변하지 않는 것들에 대한 23가지 이야기,26,예측,4
9791198517425,불변의 법칙 :절대 변하지 않는 것들에 대한 23가지 이야기,26,확실성,4
9791198517425,불변의 법칙 :절대 변하지 않는 것들에 대한 23가지 이야기,26,생각,4
9791198517425,불변의 법칙 :절대 변하지 않는 것들에 대한 23가지 이야기,26,모건,4
9791198517425,불변의 법칙 :절대 변하지 않는 것들에 대한 23가지 이야기,26,베스트셀러,4
9791198517425,불변의 법칙 :절대 변하지 않는 것들에 대한 23가지 이야기,26,금융,4
9791198517425,불변의 법칙 :절대 변하지 않는 것들에 대한 23가지 이야기,26,베이조스,3
9791198517425,불변의 법칙 :절대 변하지 않는 것들에 대한 23가지 이야기,26,비즈니스,3
9791198517425,불변의 법칙 :절대 변하지 않는 것들에 대한 23가지 이야기,26,법칙,3
9791198517425,불변의 법칙 :절대 변하지 않는 것들에 대한 23가지 이야기,26,하우절,3
9791198517425,불변의 법칙 :절대 변하지 않는 것들에 대한 23가지 이야기,26,경험,3
9791198517425,불변의 법칙 :절대 변하지 않는 것들에 대한 23가지 이야기,26,통계,3
9791198517425,불변의 법칙 :절대 변하지 않는 것들에 대한 23가지 이야기,26,뉴욕타임스,3
9791198517425,불변의 법칙 :절대 변하지 않는 것들에 대한 23가지 이야기,26,고통,3
9791198517425,불변의 법칙 :절대 변하지 않는 것들에 대한 23가지 이야기,26,과열,3
9791198517425,불변의 법칙 :절대 변하지 않는 것들에 대한 23가지 이야기,26,분야,3
9791198517425,불변의 법칙 :절대 변하지 않는 것들에 대한 23가지 이야기,26,뜻밖,3
9791198517425,불변의 법칙 :절대 변하지 않는 것들에 대한 23가지 이야기,26,Award,3
9791198517425,불변의 법칙 :절대 변하지 않는 것들에 대한 23가지 이야기,26,불변의 법칙,3
9791198517425,불변의 법칙 :절대 변하지 않는 것들에 대한 23가지 이야기,26,과거,3
9791198517425,불변의 법칙 :절대 변하지 않는 것들에 대한 23가지 이야기,26,찬사,3
9791198517425,불변의 법칙 :절대 변하지 않는 것들에 대한 23가지 이야기,26,The,3
9791198517425,불변의 법칙 :절대 변하지 않는 것들에 대한 23가지 이야기,26,정상,3
9791198517425,불변의 법칙 :절대 변하지 않는 것들에 대한 23가지 이야기,26,복잡,2
9791198517425,불변의 법칙 :절대 변하지 않는 것들에 대한 23가지 이야기,26,보고서,2
9791198517425,불변의 법칙 :절대 변하지 않는 것들에 대한 23가지 이야기,26,발휘,2
9791198517425,불변의 법칙 :절대 변하지 않는 것들에 대한 23가지 이야기,26,블로그,2
9791198517425,불변의 법칙 :절대 변하지 않는 것들에 대한 23가지 이야기,26,경제이야기,2
9791198517425,불변의 법칙 :절대 변하지 않는 것들에 대한 23가지 이야기,26,미국,2
9791198517425,불변의 법칙 :절대 변하지 않는 것들에 대한 23가지 이야기,26,리스크,2
9791198517425,불변의 법칙 :절대 변하지 않는 것들에 대한 23가지 이야기,26,수여,2
9791198517425,불변의 법칙 :절대 변하지 않는 것들에 대한 23가지 이야기,26,발전,2
9791198517425,불변의 법칙 :절대 변하지 않는 것들에 대한 23가지 이야기,26,모건 하우절,2
9791198517425,불변의 법칙 :절대 변하지 않는 것들에 대한 23가지 이야기,26,리더,2
9791198517425,불변의 법칙 :절대 변하지 않는 것들에 대한 23가지 이야기,26,독자,2
9791198517425,불변의 법칙 :절대 변하지 않는 것들에 대한 23가지 이야기,26,승리,2
9791198517425,불변의 법칙 :절대 변하지 않는 것들에 대한 23가지 이야기,26,서삼독,2
9791198517425,불변의 법칙 :절대 변하지 않는 것들에 대한 23가지 이야기,26,서문,2
9788934951278,(아이들도 잘 모르고 어른들은 더 모르는) 신기한 현상 사전,26,현상,18
9788934951278,(아이들도 잘 모르고 어른들은 더 모르는) 신기한 현상 사전,26,공부,17
9788934951278,(아이들도 잘 모르고 어른들은 더 모르는) 신기한 현상 사전,26,친구,15
9788934951278,(아이들도 잘 모르고 어른들은 더 모르는) 신기한 현상 사전,26,신기,11
9788934951278,(아이들도 잘 모르고 어른들은 더 모르는) 신기한 현상 사전,26,순간,7
9788934951278,(아이들도 잘 모르고 어른들은 더 모르는) 신기한 현상 사전,26,생기,7
9788934951278,(아이들도 잘 모르고 어른들은 더 모르는) 신기한 현상 사전,26,이름,7
9788934951278,(아이들도 잘 모르고 어른들은 더 모르는) 신기한 현상 사전,26,이유가 있어요,6
9788934951278,(아이들도 잘 모르고 어른들은 더 모르는) 신기한 현상 사전,26,소리,6
9788934951278,(아이들도 잘 모르고 어른들은 더 모르는) 신기한 현상 사전,26,이게 정말 사과일까,6
9788934951278,(아이들도 잘 모르고 어른들은 더 모르는) 신기한 현상 사전,26,이유,5
9788934951278,(아이들도 잘 모르고 어른들은 더 모르는) 신기한 현상 사전,26,보고,5
9788934951278,(아이들도 잘 모르고 어른들은 더 모르는) 신기한 현상 사전,26,퀴즈,5
9788934951278,(아이들도 잘 모르고 어른들은 더 모르는) 신기한 현상 사전,26,부모님,5
9788934951278,(아이들도 잘 모르고 어른들은 더 모르는) 신기한 현상 사전,26,보너스,5
9788934951278,(아이들도 잘 모르고 어른들은 더 모르는) 신기한 현상 사전,26,사람,5
9788934951278,(아이들도 잘 모르고 어른들은 더 모르는) 신기한 현상 사전,26,선생님,4
9788934951278,(아이들도 잘 모르고 어른들은 더 모르는) 신기한 현상 사전,26,글자,4
9788934951278,(아이들도 잘 모르고 어른들은 더 모르는) 신기한 현상 사전,26,그림,4
9788934951278,(아이들도 잘 모르고 어른들은 더 모르는) 신기한 현상 사전,26,연필,4
9788934951278,(아이들도 잘 모르고 어른들은 더 모르는) 신기한 현상 사전,26,어른,4
9788934951278,(아이들도 잘 모르고 어른들은 더 모르는) 신기한 현상 사전,26,다양,4
9788934951278,(아이들도 잘 모르고 어른들은 더 모르는) 신기한 현상 사전,26,원래,4
9788934951278,(아이들도 잘 모르고 어른들은 더 모르는) 신기한 현상 사전,26,청소,3
9788934951278,(아이들도 잘 모르고 어른들은 더 모르는) 신기한 현상 사전,26,그것만 있을 리가 없잖아,3
9788934951278,(아이들도 잘 모르고 어른들은 더 모르는) 신기한 현상 사전,26,만약의 세계,3
9788934951278,(아이들도 잘 모르고 어른들은 더 모르는) 신기한 현상 사전,26,이게 정말 천국일까,3
9788934951278,(아이들도 잘 모르고 어른들은 더 모르는) 신기한 현상 사전,26,이게 정말 마음일까,3
9788934951278,(아이들도 잘 모르고 어른들은 더 모르는) 신기한 현상 사전,26,이게 정말 나일까,3
9788934951278,(아이들도 잘 모르고 어른들은 더 모르는) 신기한 현상 사전,26,벗지 말걸 그랬어,3
9788934951278,(아이들도 잘 모르고 어른들은 더 모르는) 신기한 현상 사전,26,문구,3
9788934951278,(아이들도 잘 모르고 어른들은 더 모르는) 신기한 현상 사전,26,보이,3
9788934951278,(아이들도 잘 모르고 어른들은 더 모르는) 신기한 현상 사전,26,심심해 심심해,3
9788934951278,(아이들도 잘 모르고 어른들은 더 모르는) 신기한 현상 사전,26,보지,3
9788934951278,(아이들도 잘 모르고 어른들은 더 모르는) 신기한 현상 사전,26,평소,3
9788934951278,(아이들도 잘 모르고 어른들은 더 모르는) 신기한 현상 사전,26,원인,3
9788934951278,(아이들도 잘 모르고 어른들은 더 모르는) 신기한 현상 사전,26,마음,3
9788934951278,(아이들도 잘 모르고 어른들은 더 모르는) 신기한 현상 사전,26,일상,3
9788934951278,(아이들도 잘 모르고 어른들은 더 모르는) 신기한 현상 사전,26,요시타케,3
9788934951278,(아이들도 잘 모르고 어른들은 더 모르는) 신기한 현상 사전,26,불만이 있어요,3
9788934951278,(아이들도 잘 모르고 어른들은 더 모르는) 신기한 현상 사전,26,시간,3
9788934951278,(아이들도 잘 모르고 어른들은 더 모르는) 신기한 현상 사전,26,누구,3
9788934951278,(아이들도 잘 모르고 어른들은 더 모르는) 신기한 현상 사전,26,시작,3
9788934951278,(아이들도 잘 모르고 어른들은 더 모르는) 신기한 현상 사전,26,신스케,3
9788934951278,(아이들도 잘 모르고 어른들은 더 모르는) 신기한 현상 사전,26,아이들,3
9788934951278,(아이들도 잘 모르고 어른들은 더 모르는) 신기한 현상 사전,26,더우면 벗으면 되지,3
9788934951278,(아이들도 잘 모르고 어른들은 더 모르는) 신기한 현상 사전,26,도망치고 찾고,3
9788934951278,(아이들도 잘 모르고 어른들은 더 모르는) 신기한 현상 사전,26,수업,2
9788934951278,(아이들도 잘 모르고 어른들은 더 모르는) 신기한 현상 사전,26,소개,2
9788934951278,(아이들도 잘 모르고 어른들은 더 모르는) 신기한 현상 사전,26,소중,2
9788954681179,밝은 밤 :최은영 장편소설,26,최은영,7
9788954681179,밝은 밤 :최은영 장편소설,26,쇼코의 미소,6
9788954681179,밝은 밤 :최은영 장편소설,26,문학동네,5
9788954681179,밝은 밤 :최은영 장편소설,26,장편소설,5
9788954681179,밝은 밤 :최은영 장편소설,26,밝은 밤,3
9788954681179,밝은 밤 :최은영 장편소설,26,모래로 지은 집,3
9788954681179,밝은 밤 :최은영 장편소설,26,내게 무해한 사람,3
9788954681179,밝은 밤 :최은영 장편소설,26,독자,3
9788954681179,밝은 밤 :최은영 장편소설,26,한지와 영주,3
9788954681179,밝은 밤 :최은영 장편소설,26,공감,2
9788954681179,밝은 밤 :최은영 장편소설,26,작업,2
9788954681179,밝은 밤 :최은영 장편소설,26,문학적,2
9788954681179,밝은 밤 :최은영 장편소설,26,문제의식,2
9788954681179,밝은 밤 :최은영 장편소설,26,문장,2
9788954681179,밝은 밤 :최은영 장편소설,26,차세대,2
9788954681179,밝은 밤 :최은영 장편소설,26,등단,2
9788954681179,밝은 밤 :최은영 장편소설,26,조명,2
9788954681179,밝은 밤 :최은영 장편소설,26,서정적이,2
9788954681179,밝은 밤 :최은영 장편소설,26,지지,2
9788954681179,밝은 밤 :최은영 장편소설,26,슬픔,2
9788954681179,밝은 밤 :최은영 장편소설,26,2000년대 이후 한국소설,2
9788954681179,밝은 밤 :최은영 장편소설,26,2017년,2
9788954681179,밝은 밤 :최은영 장편소설,26,사려,2
9788954681179,밝은 밤 :최은영 장편소설,26,시간,2
9788954681179,밝은 밤 :최은영 장편소설,26,2020년,2
9788954681179,밝은 밤 :최은영 장편소설,26,증조모,2
9788954681179,밝은 밤 :최은영 장편소설,26,사람,2
9788954681179,밝은 밤 :최은영 장편소설,26,자리,2
9788954681179,밝은 밤 :최은영 장편소설,26,분야,1
9788954681179,밝은 밤 :최은영 장편소설,26,본연,1
9788954681179,밝은 밤 :최은영 장편소설,26,2018년,1
9788954681179,밝은 밤 :최은영 장편소설,26,문화계,1
9788954681179,밝은 밤 :최은영 장편소설,26,미래,1
9788954681179,밝은 밤 :최은영 장편소설,26,발휘,1
9788954681179,밝은 밤 :최은영 장편소설,26,사랑,1
9788954681179,밝은 밤 :최은영 장편소설,26,겨울,1
9788954681179,밝은 밤 :최은영 장편소설,26,활발,1
9788954681179,밝은 밤 :최은영 장편소설,26,237,1
9788954681179,밝은 밤 :최은영 장편소설,26,295,1
9788954681179,밝은 밤 :최은영 장편소설,26,2부,1
9788954681179,밝은 밤 :최은영 장편소설,26,339,1
9788954681179,밝은 밤 :최은영 장편소설,26,3부,1
9788954681179,밝은 밤 :최은영 장편소설,26,계간,1
9788954681179,밝은 밤 :최은영 장편소설,26,고르,1
9788954681179,밝은 밤 :최은영 장편소설,26,과정,1
9788954681179,밝은 밤 :최은영 장편소설,26,관통,1
9788954681179,밝은 밤 :최은영 장편소설,26,교보문고,1
9788954681179,밝은 밤 :최은영 장편소설,26,구상문학상,1
9788954681179,밝은 밤 :최은영 장편소설,26,기록,1
9788954681179,밝은 밤 :최은영 장편소설,26,김준성문학상,1
9791140702589,당신도 느리게 나이 들 수 있습니다 :나이가 들어도 몸의 시간을 젊게,25,노화,24
9791140702589,당신도 느리게 나이 들 수 있습니다 :나이가 들어도 몸의 시간을 젊게,25,속도,12
9791140702589,당신도 느리게 나이 들 수 있습니다 :나이가 들어도 몸의 시간을 젊게,25,건강,12
9791140702589,당신도 느리게 나이 들 수 있습니다 :나이가 들어도 몸의 시간을 젊게,25,시작,10
9791140702589,당신도 느리게 나이 들 수 있습니다 :나이가 들어도 몸의 시간을 젊게,25,습관,10
9791140702589,당신도 느리게 나이 들 수 있습니다 :나이가 들어도 몸의 시간을 젊게,25,내재역량,10
9791140702589,당신도 느리게 나이 들 수 있습니다 :나이가 들어도 몸의 시간을 젊게,25,기둥,8
9791140702589,당신도 느리게 나이 들 수 있습니다 :나이가 들어도 몸의 시간을 젊게,25,가지,8
9791140702589,당신도 느리게 나이 들 수 있습니다 :나이가 들어도 몸의 시간을 젊게,25,나이,7
9791140702589,당신도 느리게 나이 들 수 있습니다 :나이가 들어도 몸의 시간을 젊게,25,마음,7
9791140702589,당신도 느리게 나이 들 수 있습니다 :나이가 들어도 몸의 시간을 젊게,25,관리,6
9791140702589,당신도 느리게 나이 들 수 있습니다 :나이가 들어도 몸의 시간을 젊게,25,정희원,6
9791140702589,당신도 느리게 나이 들 수 있습니다 :나이가 들어도 몸의 시간을 젊게,25,고통,6
9791140702589,당신도 느리게 나이 들 수 있습니다 :나이가 들어도 몸의 시간을 젊게,25,병원,5
9791140702589,당신도 느리게 나이 들 수 있습니다 :나이가 들어도 몸의 시간을 젊게,25,결정,5
9791140702589,당신도 느리게 나이 들 수 있습니다 :나이가 들어도 몸의 시간을 젊게,25,생각,5
9791140702589,당신도 느리게 나이 들 수 있습니다 :나이가 들어도 몸의 시간을 젊게,25,가속노화,5
9791140702589,당신도 느리게 나이 들 수 있습니다 :나이가 들어도 몸의 시간을 젊게,25,환자,5
9791140702589,당신도 느리게 나이 들 수 있습니다 :나이가 들어도 몸의 시간을 젊게,25,사회적,5
9791140702589,당신도 느리게 나이 들 수 있습니다 :나이가 들어도 몸의 시간을 젊게,25,관계,5
9791140702589,당신도 느리게 나이 들 수 있습니다 :나이가 들어도 몸의 시간을 젊게,25,운동,5
9791140702589,당신도 느리게 나이 들 수 있습니다 :나이가 들어도 몸의 시간을 젊게,25,필요,5
9791140702589,당신도 느리게 나이 들 수 있습니다 :나이가 들어도 몸의 시간을 젊게,25,효과,4
9791140702589,당신도 느리게 나이 들 수 있습니다 :나이가 들어도 몸의 시간을 젊게,25,편안,4
9791140702589,당신도 느리게 나이 들 수 있습니다 :나이가 들어도 몸의 시간을 젊게,25,남성,4
9791140702589,당신도 느리게 나이 들 수 있습니다 :나이가 들어도 몸의 시간을 젊게,25,노년내과,4
9791140702589,당신도 느리게 나이 들 수 있습니다 :나이가 들어도 몸의 시간을 젊게,25,도파민,4
9791140702589,당신도 느리게 나이 들 수 있습니다 :나이가 들어도 몸의 시간을 젊게,25,사람,4
9791140702589,당신도 느리게 나이 들 수 있습니다 :나이가 들어도 몸의 시간을 젊게,25,이해,4
9791140702589,당신도 느리게 나이 들 수 있습니다 :나이가 들어도 몸의 시간을 젊게,25,쾌락,4
9791140702589,당신도 느리게 나이 들 수 있습니다 :나이가 들어도 몸의 시간을 젊게,25,이동성,4
9791140702589,당신도 느리게 나이 들 수 있습니다 :나이가 들어도 몸의 시간을 젊게,25,교수,4
9791140702589,당신도 느리게 나이 들 수 있습니다 :나이가 들어도 몸의 시간을 젊게,25,불편,3
9791140702589,당신도 느리게 나이 들 수 있습니다 :나이가 들어도 몸의 시간을 젊게,25,순간,3
9791140702589,당신도 느리게 나이 들 수 있습니다 :나이가 들어도 몸의 시간을 젊게,25,한국사회,3
9791140702589,당신도 느리게 나이 들 수 있습니다 :나이가 들어도 몸의 시간을 젊게,25,의학채널 비온뒤,3
9791140702589,당신도 느리게 나이 들 수 있습니다 :나이가 들어도 몸의 시간을 젊게,25,원인,3
9791140702589,당신도 느리게 나이 들 수 있습니다 :나이가 들어도 몸의 시간을 젊게,25,치매,3
9791140702589,당신도 느리게 나이 들 수 있습니다 :나이가 들어도 몸의 시간을 젊게,25,노쇠,3
9791140702589,당신도 느리게 나이 들 수 있습니다 :나이가 들어도 몸의 시간을 젊게,25,요소,3
9791140702589,당신도 느리게 나이 들 수 있습니다 :나이가 들어도 몸의 시간을 젊게,25,악순환,3
9791140702589,당신도 느리게 나이 들 수 있습니다 :나이가 들어도 몸의 시간을 젊게,25,지속,3
9791140702589,당신도 느리게 나이 들 수 있습니다 :나이가 들어도 몸의 시간을 젊게,25,지속가능한 나이듦,3
9791140702589,당신도 느리게 나이 들 수 있습니다 :나이가 들어도 몸의 시간을 젊게,25,서울아산병원,3
9791140702589,당신도 느리게 나이 들 수 있습니다 :나이가 들어도 몸의 시간을 젊게,25,가능,3
9791140702589,당신도 느리게 나이 들 수 있습니다 :나이가 들어도 몸의 시간을 젊게,25,AGMR,3
9791140702589,당신도 느리게 나이 들 수 있습니다 :나이가 들어도 몸의 시간을 젊게,25,해결,3
9791140702589,당신도 느리게 나이 들 수 있습니다 :나이가 들어도 몸의 시간을 젊게,25,건강법,2
9791140702589,당신도 느리게 나이 들 수 있습니다 :나이가 들어도 몸의 시간을 젊게,25,77세,2
9791140702589,당신도 느리게 나이 들 수 있습니다 :나이가 들어도 몸의 시간을 젊게,25,마음건강,2
9791191056372,돈의 심리학 :당신은 왜 부자가 되지 못했는가,25,투자,12
9791191056372,돈의 심리학 :당신은 왜 부자가 되지 못했는가,25,돈의 심리학,9
9791191056372,돈의 심리학 :당신은 왜 부자가 되지 못했는가,25,금융,8
9791191056372,돈의 심리학 :당신은 왜 부자가 되지 못했는가,25,부자,6
9791191056372,돈의 심리학 :당신은 왜 부자가 되지 못했는가,25,돈이 있다,6
9791191056372,돈의 심리학 :당신은 왜 부자가 되지 못했는가,25,분야,5
9791191056372,돈의 심리학 :당신은 왜 부자가 되지 못했는가,25,아마존,5
9791191056372,돈의 심리학 :당신은 왜 부자가 되지 못했는가,25,월스트리트저널,5
9791191056372,돈의 심리학 :당신은 왜 부자가 되지 못했는가,25,모건,5
9791191056372,돈의 심리학 :당신은 왜 부자가 되지 못했는가,25,비즈니스,4
9791191056372,돈의 심리학 :당신은 왜 부자가 되지 못했는가,25,기술,4
9791191056372,돈의 심리학 :당신은 왜 부자가 되지 못했는가,25,투자자,4
9791191056372,돈의 심리학 :당신은 왜 부자가 되지 못했는가,25,편향,3
9791191056372,돈의 심리학 :당신은 왜 부자가 되지 못했는가,25,칼럼니스트,3
9791191056372,돈의 심리학 :당신은 왜 부자가 되지 못했는가,25,The,3
9791191056372,돈의 심리학 :당신은 왜 부자가 되지 못했는가,25,부의,3
9791191056372,돈의 심리학 :당신은 왜 부자가 되지 못했는가,25,스토리,3
9791191056372,돈의 심리학 :당신은 왜 부자가 되지 못했는가,25,천재,3
9791191056372,돈의 심리학 :당신은 왜 부자가 되지 못했는가,25,최고,3
9791191056372,돈의 심리학 :당신은 왜 부자가 되지 못했는가,25,페라리,3
9791191056372,돈의 심리학 :당신은 왜 부자가 되지 못했는가,25,파트너,3
9791191056372,돈의 심리학 :당신은 왜 부자가 되지 못했는가,25,콜라보레이티브,3
9791191056372,돈의 심리학 :당신은 왜 부자가 되지 못했는가,25,스토리텔링,3
9791191056372,돈의 심리학 :당신은 왜 부자가 되지 못했는가,25,Award,3
9791191056372,돈의 심리학 :당신은 왜 부자가 되지 못했는가,25,하우절,3
9791191056372,돈의 심리학 :당신은 왜 부자가 되지 못했는가,25,기자,3
9791191056372,돈의 심리학 :당신은 왜 부자가 되지 못했는가,25,펀드,3
9791191056372,돈의 심리학 :당신은 왜 부자가 되지 못했는가,25,시간,2
9791191056372,돈의 심리학 :당신은 왜 부자가 되지 못했는가,25,블로그,2
9791191056372,돈의 심리학 :당신은 왜 부자가 되지 못했는가,25,극찬,2
9791191056372,돈의 심리학 :당신은 왜 부자가 되지 못했는가,25,수여,2
9791191056372,돈의 심리학 :당신은 왜 부자가 되지 못했는가,25,꼬리,2
9791191056372,돈의 심리학 :당신은 왜 부자가 되지 못했는가,25,금융도서,2
9791191056372,돈의 심리학 :당신은 왜 부자가 되지 못했는가,25,미래,2
9791191056372,돈의 심리학 :당신은 왜 부자가 되지 못했는가,25,부유케,2
9791191056372,돈의 심리학 :당신은 왜 부자가 되지 못했는가,25,1위를,2
9791191056372,돈의 심리학 :당신은 왜 부자가 되지 못했는가,25,별명답게,2
9791191056372,돈의 심리학 :당신은 왜 부자가 되지 못했는가,25,20개,2
9791191056372,돈의 심리학 :당신은 왜 부자가 되지 못했는가,25,보고서,2
9791191056372,돈의 심리학 :당신은 왜 부자가 되지 못했는가,25,사람,2
9791191056372,돈의 심리학 :당신은 왜 부자가 되지 못했는가,25,심리학,2
9791191056372,돈의 심리학 :당신은 왜 부자가 되지 못했는가,25,안전마진,2
9791191056372,돈의 심리학 :당신은 왜 부자가 되지 못했는가,25,역설,2
9791191056372,돈의 심리학 :당신은 왜 부자가 되지 못했는가,25,미국,2
9791191056372,돈의 심리학 :당신은 왜 부자가 되지 못했는가,25,비밀,2
9791191056372,돈의 심리학 :당신은 왜 부자가 되지 못했는가,25,세례,2
9791191056372,돈의 심리학 :당신은 왜 부자가 되지 못했는가,25,가격표,2
9791191056372,돈의 심리학 :당신은 왜 부자가 되지 못했는가,25,간절,2
9791191056372,돈의 심리학 :당신은 왜 부자가 되지 못했는가,25,얼마,2
9791191056372,돈의 심리학 :당신은 왜 부자가 되지 못했는가,25,개인,2
9791190007320,축구 만화 도감 :재밌을 줄 알았는데 멋있어!,25,축구,19
9791190007320,축구 만화 도감 :재밌을 줄 알았는데 멋있어!,25,포지션,6
9791190007320,축구 만화 도감 :재밌을 줄 알았는데 멋있어!,25,선수,6
9791190007320,축구 만화 도감 :재밌을 줄 알았는데 멋있어!,25,만화,5
9791190007320,축구 만화 도감 :재밌을 줄 알았는데 멋있어!,25,소개,4
9791190007320,축구 만화 도감 :재밌을 줄 알았는데 멋있어!,25,정보,4
9791190007320,축구 만화 도감 :재밌을 줄 알았는데 멋있어!,25,도감,4
9791190007320,축구 만화 도감 :재밌을 줄 알았는데 멋있어!,25,스포츠,4
9791190007320,축구 만화 도감 :재밌을 줄 알았는데 멋있어!,25,반칙,3
9791190007320,축구 만화 도감 :재밌을 줄 알았는데 멋있어!,25,포메이션,3
9791190007320,축구 만화 도감 :재밌을 줄 알았는데 멋있어!,25,경기,3
9791190007320,축구 만화 도감 :재밌을 줄 알았는데 멋있어!,25,축구공,3
9791190007320,축구 만화 도감 :재밌을 줄 알았는데 멋있어!,25,캐릭터,2
9791190007320,축구 만화 도감 :재밌을 줄 알았는데 멋있어!,25,베비,2
9791190007320,축구 만화 도감 :재밌을 줄 알았는데 멋있어!,25,월드컵,2
9791190007320,축구 만화 도감 :재밌을 줄 알았는데 멋있어!,25,변천사,2
9791190007320,축구 만화 도감 :재밌을 줄 알았는데 멋있어!,25,연상,2
9791190007320,축구 만화 도감 :재밌을 줄 알았는데 멋있어!,25,재밌,2
9791190007320,축구 만화 도감 :재밌을 줄 알았는데 멋있어!,25,후즈갓마이테일,2
9791190007320,축구 만화 도감 :재밌을 줄 알았는데 멋있어!,25,역사,2
9791190007320,축구 만화 도감 :재밌을 줄 알았는데 멋있어!,25,세계,2
9791190007320,축구 만화 도감 :재밌을 줄 알았는데 멋있어!,25,호날두,2
9791190007320,축구 만화 도감 :재밌을 줄 알았는데 멋있어!,25,손흥민,2
9791190007320,축구 만화 도감 :재밌을 줄 알았는데 멋있어!,25,현역,2
9791190007320,축구 만화 도감 :재밌을 줄 알았는데 멋있어!,25,웹툰,2
9791190007320,축구 만화 도감 :재밌을 줄 알았는데 멋있어!,25,부폰,2
9791190007320,축구 만화 도감 :재밌을 줄 알았는데 멋있어!,25,박지성,2
9791190007320,축구 만화 도감 :재밌을 줄 알았는데 멋있어!,25,친구,2
9791190007320,축구 만화 도감 :재밌을 줄 알았는데 멋있어!,25,체계적,2
9791190007320,축구 만화 도감 :재밌을 줄 알았는데 멋있어!,25,인기,2
9791190007320,축구 만화 도감 :재밌을 줄 알았는데 멋있어!,25,가지,2
9791190007320,축구 만화 도감 :재밌을 줄 알았는데 멋있어!,25,VR,2
9791190007320,축구 만화 도감 :재밌을 줄 알았는데 멋있어!,25,익뚜,2
9791190007320,축구 만화 도감 :재밌을 줄 알았는데 멋있어!,25,4컷,2
9791190007320,축구 만화 도감 :재밌을 줄 알았는데 멋있어!,25,이슈,2
9791190007320,축구 만화 도감 :재밌을 줄 알았는데 멋있어!,25,음악 미술 예체능,2
9791190007320,축구 만화 도감 :재밌을 줄 알았는데 멋있어!,25,그린,2
9791190007320,축구 만화 도감 :재밌을 줄 알았는데 멋있어!,25,기본적,2
9791190007320,축구 만화 도감 :재밌을 줄 알았는데 멋있어!,25,장민석  감수,2
9791190007320,축구 만화 도감 :재밌을 줄 알았는데 멋있어!,25,더브라위너,2
9791190007320,축구 만화 도감 :재밌을 줄 알았는데 멋있어!,25,최근,2
9791190007320,축구 만화 도감 :재밌을 줄 알았는데 멋있어!,25,등장,2
9791190007320,축구 만화 도감 :재밌을 줄 알았는데 멋있어!,25,레전드,2
9791190007320,축구 만화 도감 :재밌을 줄 알았는데 멋있어!,25,메시,2
9791190007320,축구 만화 도감 :재밌을 줄 알았는데 멋있어!,25,기술,1
9791190007320,축구 만화 도감 :재밌을 줄 알았는데 멋있어!,25,백승호,1
9791190007320,축구 만화 도감 :재밌을 줄 알았는데 멋있어!,25,번씩들,1
9791190007320,축구 만화 도감 :재밌을 줄 알았는데 멋있어!,25,연재,1
9791190007320,축구 만화 도감 :재밌을 줄 알았는데 멋있어!,25,반전,1
9791190007320,축구 만화 도감 :재밌을 줄 알았는데 멋있어!,25,그리기,1
9791190538510,만일 내가 인생을 다시 산다면 :벌써 마흔이 된 당신에게 해 주고 싶은 말들 42,25,사람,17
9791190538510,만일 내가 인생을 다시 산다면 :벌써 마흔이 된 당신에게 해 주고 싶은 말들 42,25,인생,10
9791190538510,만일 내가 인생을 다시 산다면 :벌써 마흔이 된 당신에게 해 주고 싶은 말들 42,25,파킨슨병,9
9791190538510,만일 내가 인생을 다시 산다면 :벌써 마흔이 된 당신에게 해 주고 싶은 말들 42,25,환자,9
9791190538510,만일 내가 인생을 다시 산다면 :벌써 마흔이 된 당신에게 해 주고 싶은 말들 42,25,정신분석,9
9791190538510,만일 내가 인생을 다시 산다면 :벌써 마흔이 된 당신에게 해 주고 싶은 말들 42,25,것들,8
9791190538510,만일 내가 인생을 다시 산다면 :벌써 마흔이 된 당신에게 해 주고 싶은 말들 42,25,자신,8
9791190538510,만일 내가 인생을 다시 산다면 :벌써 마흔이 된 당신에게 해 주고 싶은 말들 42,25,전문의,8
9791190538510,만일 내가 인생을 다시 산다면 :벌써 마흔이 된 당신에게 해 주고 싶은 말들 42,25,Chapter,7
9791190538510,만일 내가 인생을 다시 산다면 :벌써 마흔이 된 당신에게 해 주고 싶은 말들 42,25,일들,7
9791190538510,만일 내가 인생을 다시 산다면 :벌써 마흔이 된 당신에게 해 주고 싶은 말들 42,25,이유,6
9791190538510,만일 내가 인생을 다시 산다면 :벌써 마흔이 된 당신에게 해 주고 싶은 말들 42,25,아이,6
9791190538510,만일 내가 인생을 다시 산다면 :벌써 마흔이 된 당신에게 해 주고 싶은 말들 42,25,사랑,5
9791190538510,만일 내가 인생을 다시 산다면 :벌써 마흔이 된 당신에게 해 주고 싶은 말들 42,25,대하,5
9791190538510,만일 내가 인생을 다시 산다면 :벌써 마흔이 된 당신에게 해 주고 싶은 말들 42,25,병원,5
9791190538510,만일 내가 인생을 다시 산다면 :벌써 마흔이 된 당신에게 해 주고 싶은 말들 42,25,기념,4
9791190538510,만일 내가 인생을 다시 산다면 :벌써 마흔이 된 당신에게 해 주고 싶은 말들 42,25,의대,4
9791190538510,만일 내가 인생을 다시 산다면 :벌써 마흔이 된 당신에게 해 주고 싶은 말들 42,25,불행,4
9791190538510,만일 내가 인생을 다시 산다면 :벌써 마흔이 된 당신에게 해 주고 싶은 말들 42,25,에디션,4
9791190538510,만일 내가 인생을 다시 산다면 :벌써 마흔이 된 당신에게 해 주고 싶은 말들 42,25,후회,4
9791190538510,만일 내가 인생을 다시 산다면 :벌써 마흔이 된 당신에게 해 주고 싶은 말들 42,25,세상,4
9791190538510,만일 내가 인생을 다시 산다면 :벌써 마흔이 된 당신에게 해 주고 싶은 말들 42,25,스페셜,4
9791190538510,만일 내가 인생을 다시 산다면 :벌써 마흔이 된 당신에게 해 주고 싶은 말들 42,25,엄마,4
9791190538510,만일 내가 인생을 다시 산다면 :벌써 마흔이 된 당신에게 해 주고 싶은 말들 42,25,즐거움,3
9791190538510,만일 내가 인생을 다시 산다면 :벌써 마흔이 된 당신에게 해 주고 싶은 말들 42,25,30년,3
9791190538510,만일 내가 인생을 다시 산다면 :벌써 마흔이 된 당신에게 해 주고 싶은 말들 42,25,22년간,3
9791190538510,만일 내가 인생을 다시 산다면 :벌써 마흔이 된 당신에게 해 주고 싶은 말들 42,25,마흔세,3
9791190538510,만일 내가 인생을 다시 산다면 :벌써 마흔이 된 당신에게 해 주고 싶은 말들 42,25,진단,3
9791190538510,만일 내가 인생을 다시 산다면 :벌써 마흔이 된 당신에게 해 주고 싶은 말들 42,25,완벽,3
9791190538510,만일 내가 인생을 다시 산다면 :벌써 마흔이 된 당신에게 해 주고 싶은 말들 42,25,비밀,3
9791190538510,만일 내가 인생을 다시 산다면 :벌써 마흔이 된 당신에게 해 주고 싶은 말들 42,25,오지,3
9791190538510,만일 내가 인생을 다시 산다면 :벌써 마흔이 된 당신에게 해 주고 싶은 말들 42,25,사실,3
9791190538510,만일 내가 인생을 다시 산다면 :벌써 마흔이 된 당신에게 해 주고 싶은 말들 42,25,서른 살이 심리학에게 묻다,3
9791190538510,만일 내가 인생을 다시 산다면 :벌써 마흔이 된 당신에게 해 주고 싶은 말들 42,25,당신과 나 사이,3
9791190538510,만일 내가 인생을 다시 산다면 :벌써 마흔이 된 당신에게 해 주고 싶은 말들 42,25,상처,3
9791190538510,만일 내가 인생을 다시 산다면 :벌써 마흔이 된 당신에게 해 주고 싶은 말들 42,25,김혜남,3
9791190538510,만일 내가 인생을 다시 산다면 :벌써 마흔이 된 당신에게 해 주고 싶은 말들 42,25,숙제,3
9791190538510,만일 내가 인생을 다시 산다면 :벌써 마흔이 된 당신에게 해 주고 싶은 말들 42,25,유쾌,3
9791190538510,만일 내가 인생을 다시 산다면 :벌써 마흔이 된 당신에게 해 주고 싶은 말들 42,25,고통,3
9791190538510,만일 내가 인생을 다시 산다면 :벌써 마흔이 된 당신에게 해 주고 싶은 말들 42,25,시간,3
9791190538510,만일 내가 인생을 다시 산다면 :벌써 마흔이 된 당신에게 해 주고 싶은 말들 42,25,심리학이 서른 살에게 답하다,3
9791190538510,만일 내가 인생을 다시 산다면 :벌써 마흔이 된 당신에게 해 주고 싶은 말들 42,25,원망,3
9791190538510,만일 내가 인생을 다시 산다면 :벌써 마흔이 된 당신에게 해 주고 싶은 말들 42,25,며느리,3
9791190538510,만일 내가 인생을 다시 산다면 :벌써 마흔이 된 당신에게 해 주고 싶은 말들 42,25,선후배,2
9791190538510,만일 내가 인생을 다시 산다면 :벌써 마흔이 된 당신에게 해 주고 싶은 말들 42,25,생각,2
9791190538510,만일 내가 인생을 다시 산다면 :벌써 마흔이 된 당신에게 해 주고 싶은 말들 42,25,선정,2
9791190538510,만일 내가 인생을 다시 산다면 :벌써 마흔이 된 당신에게 해 주고 싶은 말들 42,25,닦달,2
9791190538510,만일 내가 인생을 다시 산다면 :벌써 마흔이 된 당신에게 해 주고 싶은 말들 42,25,시부모님,2
9791190538510,만일 내가 인생을 다시 산다면 :벌써 마흔이 된 당신에게 해 주고 싶은 말들 42,25,고민,2
9791190538510,만일 내가 인생을 다시 산다면 :벌써 마흔이 된 당신에게 해 주고 싶은 말들 42,25,과거,2
9791158510619,타이탄의 도구들 :1만 시간의 법칙을 깬 거인들의 61가지 전략,25,세계,10
9791158510619,타이탄의 도구들 :1만 시간의 법칙을 깬 거인들의 61가지 전략,25,성공,10
9791158510619,타이탄의 도구들 :1만 시간의 법칙을 깬 거인들의 61가지 전략,25,사람,10
9791158510619,타이탄의 도구들 :1만 시간의 법칙을 깬 거인들의 61가지 전략,25,최고,9
9791158510619,타이탄의 도구들 :1만 시간의 법칙을 깬 거인들의 61가지 전략,25,자신,6
9791158510619,타이탄의 도구들 :1만 시간의 법칙을 깬 거인들의 61가지 전략,25,타이탄의 도구들,6
9791158510619,타이탄의 도구들 :1만 시간의 법칙을 깬 거인들의 61가지 전략,25,타이탄,6
9791158510619,타이탄의 도구들 :1만 시간의 법칙을 깬 거인들의 61가지 전략,25,세상,6
9791158510619,타이탄의 도구들 :1만 시간의 법칙을 깬 거인들의 61가지 전략,25,독자,6
9791158510619,타이탄의 도구들 :1만 시간의 법칙을 깬 거인들의 61가지 전략,25,CEO,6
9791158510619,타이탄의 도구들 :1만 시간의 법칙을 깬 거인들의 61가지 전략,25,베스트셀러,6
9791158510619,타이탄의 도구들 :1만 시간의 법칙을 깬 거인들의 61가지 전략,25,생각,5
9791158510619,타이탄의 도구들 :1만 시간의 법칙을 깬 거인들의 61가지 전략,25,습관,5
9791158510619,타이탄의 도구들 :1만 시간의 법칙을 깬 거인들의 61가지 전략,25,매일,5
9791158510619,타이탄의 도구들 :1만 시간의 법칙을 깬 거인들의 61가지 전략,25,정상,5
9791158510619,타이탄의 도구들 :1만 시간의 법칙을 깬 거인들의 61가지 전략,25,인물,4
9791158510619,타이탄의 도구들 :1만 시간의 법칙을 깬 거인들의 61가지 전략,25,석학,4
9791158510619,타이탄의 도구들 :1만 시간의 법칙을 깬 거인들의 61가지 전략,25,비밀,4
9791158510619,타이탄의 도구들 :1만 시간의 법칙을 깬 거인들의 61가지 전략,25,분야,4
9791158510619,타이탄의 도구들 :1만 시간의 법칙을 깬 거인들의 61가지 전략,25,시대,4
9791158510619,타이탄의 도구들 :1만 시간의 법칙을 깬 거인들의 61가지 전략,25,전략,4
9791158510619,타이탄의 도구들 :1만 시간의 법칙을 깬 거인들의 61가지 전략,25,아마존,4
9791158510619,타이탄의 도구들 :1만 시간의 법칙을 깬 거인들의 61가지 전략,25,자기,4
9791158510619,타이탄의 도구들 :1만 시간의 법칙을 깬 거인들의 61가지 전략,25,목표,4
9791158510619,타이탄의 도구들 :1만 시간의 법칙을 깬 거인들의 61가지 전략,25,2017년,4
9791158510619,타이탄의 도구들 :1만 시간의 법칙을 깬 거인들의 61가지 전략,25,탁월,3
9791158510619,타이탄의 도구들 :1만 시간의 법칙을 깬 거인들의 61가지 전략,25,1위,3
9791158510619,타이탄의 도구들 :1만 시간의 법칙을 깬 거인들의 61가지 전략,25,노력,3
9791158510619,타이탄의 도구들 :1만 시간의 법칙을 깬 거인들의 61가지 전략,25,선물,3
9791158510619,타이탄의 도구들 :1만 시간의 법칙을 깬 거인들의 61가지 전략,25,폭발적,3
9791158510619,타이탄의 도구들 :1만 시간의 법칙을 깬 거인들의 61가지 전략,25,인생,3
9791158510619,타이탄의 도구들 :1만 시간의 법칙을 깬 거인들의 61가지 전략,25,마흔이 되기 전에,3
9791158510619,타이탄의 도구들 :1만 시간의 법칙을 깬 거인들의 61가지 전략,25,슈퍼리치,3
9791158510619,타이탄의 도구들 :1만 시간의 법칙을 깬 거인들의 61가지 전략,25,팟캐스트,3
9791158510619,타이탄의 도구들 :1만 시간의 법칙을 깬 거인들의 61가지 전략,25,성과,3
9791158510619,타이탄의 도구들 :1만 시간의 법칙을 깬 거인들의 61가지 전략,25,기록,3
9791158510619,타이탄의 도구들 :1만 시간의 법칙을 깬 거인들의 61가지 전략,25,아이디어,3
9791158510619,타이탄의 도구들 :1만 시간의 법칙을 깬 거인들의 61가지 전략,25,천재,3
9791158510619,타이탄의 도구들 :1만 시간의 법칙을 깬 거인들의 61가지 전략,25,페리스,3
9791158510619,타이탄의 도구들 :1만 시간의 법칙을 깬 거인들의 61가지 전략,25,목소리,3
9791158510619,타이탄의 도구들 :1만 시간의 법칙을 깬 거인들의 61가지 전략,25,글로벌,3
9791158510619,타이탄의 도구들 :1만 시간의 법칙을 깬 거인들의 61가지 전략,25,혁신기업,3
9791158510619,타이탄의 도구들 :1만 시간의 법칙을 깬 거인들의 61가지 전략,25,경험,2
9791158510619,타이탄의 도구들 :1만 시간의 법칙을 깬 거인들의 61가지 전략,25,보통,2
9791158510619,타이탄의 도구들 :1만 시간의 법칙을 깬 거인들의 61가지 전략,25,문제,2
9791158510619,타이탄의 도구들 :1만 시간의 법칙을 깬 거인들의 61가지 전략,25,비결,2
9791158510619,타이탄의 도구들 :1만 시간의 법칙을 깬 거인들의 61가지 전략,25,1억,2
9791158510619,타이탄의 도구들 :1만 시간의 법칙을 깬 거인들의 61가지 전략,25,방식,2
9791158510619,타이탄의 도구들 :1만 시간의 법칙을 깬 거인들의 61가지 전략,25,비즈니스,2
9791158510619,타이탄의 도구들 :1만 시간의 법칙을 깬 거인들의 61가지 전략,25,계획,2
9791192300245,마흔에 읽는 니체 =지금 이순간을 살기 위한 철학 수업 /Nietzsche,25,인생,25
9791192300245,마흔에 읽는 니체 =지금 이순간을 살기 위한 철학 수업 /Nietzsche,25,니체,19
9791192300245,마흔에 읽는 니체 =지금 이순간을 살기 위한 철학 수업 /Nietzsche,25,사랑,11
9791192300245,마흔에 읽는 니체 =지금 이순간을 살기 위한 철학 수업 /Nietzsche,25,인간,9
9791192300245,마흔에 읽는 니체 =지금 이순간을 살기 위한 철학 수업 /Nietzsche,25,사람,8
9791192300245,마흔에 읽는 니체 =지금 이순간을 살기 위한 철학 수업 /Nietzsche,25,세계,8
9791192300245,마흔에 읽는 니체 =지금 이순간을 살기 위한 철학 수업 /Nietzsche,25,자신,7
9791192300245,마흔에 읽는 니체 =지금 이순간을 살기 위한 철학 수업 /Nietzsche,25,의지,7
9791192300245,마흔에 읽는 니체 =지금 이순간을 살기 위한 철학 수업 /Nietzsche,25,경계,6
9791192300245,마흔에 읽는 니체 =지금 이순간을 살기 위한 철학 수업 /Nietzsche,25,마흔에 읽는 니체,6
9791192300245,마흔에 읽는 니체 =지금 이순간을 살기 위한 철학 수업 /Nietzsche,25,필요,6
9791192300245,마흔에 읽는 니체 =지금 이순간을 살기 위한 철학 수업 /Nietzsche,25,고통,6
9791192300245,마흔에 읽는 니체 =지금 이순간을 살기 위한 철학 수업 /Nietzsche,25,행복,6
9791192300245,마흔에 읽는 니체 =지금 이순간을 살기 위한 철학 수업 /Nietzsche,25,철학,6
9791192300245,마흔에 읽는 니체 =지금 이순간을 살기 위한 철학 수업 /Nietzsche,25,생각,5
9791192300245,마흔에 읽는 니체 =지금 이순간을 살기 위한 철학 수업 /Nietzsche,25,모습,5
9791192300245,마흔에 읽는 니체 =지금 이순간을 살기 위한 철학 수업 /Nietzsche,25,방법,5
9791192300245,마흔에 읽는 니체 =지금 이순간을 살기 위한 철학 수업 /Nietzsche,25,가치,5
9791192300245,마흔에 읽는 니체 =지금 이순간을 살기 위한 철학 수업 /Nietzsche,25,죽음,5
9791192300245,마흔에 읽는 니체 =지금 이순간을 살기 위한 철학 수업 /Nietzsche,25,자기,5
9791192300245,마흔에 읽는 니체 =지금 이순간을 살기 위한 철학 수업 /Nietzsche,25,시작,4
9791192300245,마흔에 읽는 니체 =지금 이순간을 살기 위한 철학 수업 /Nietzsche,25,운명,4
9791192300245,마흔에 읽는 니체 =지금 이순간을 살기 위한 철학 수업 /Nietzsche,25,긍정,4
9791192300245,마흔에 읽는 니체 =지금 이순간을 살기 위한 철학 수업 /Nietzsche,25,나이,4
9791192300245,마흔에 읽는 니체 =지금 이순간을 살기 위한 철학 수업 /Nietzsche,25,최고,4
9791192300245,마흔에 읽는 니체 =지금 이순간을 살기 위한 철학 수업 /Nietzsche,25,것들,4
9791192300245,마흔에 읽는 니체 =지금 이순간을 살기 위한 철학 수업 /Nietzsche,25,권태,3
9791192300245,마흔에 읽는 니체 =지금 이순간을 살기 위한 철학 수업 /Nietzsche,25,차라투스트라는 이렇게 말했다,3
9791192300245,마흔에 읽는 니체 =지금 이순간을 살기 위한 철학 수업 /Nietzsche,25,의미,3
9791192300245,마흔에 읽는 니체 =지금 이순간을 살기 위한 철학 수업 /Nietzsche,25,자극제,3
9791192300245,마흔에 읽는 니체 =지금 이순간을 살기 위한 철학 수업 /Nietzsche,25,-자신,3
9791192300245,마흔에 읽는 니체 =지금 이순간을 살기 위한 철학 수업 /Nietzsche,25,니체 전집,3
9791192300245,마흔에 읽는 니체 =지금 이순간을 살기 위한 철학 수업 /Nietzsche,25,예술,3
9791192300245,마흔에 읽는 니체 =지금 이순간을 살기 위한 철학 수업 /Nietzsche,25,순간,3
9791192300245,마흔에 읽는 니체 =지금 이순간을 살기 위한 철학 수업 /Nietzsche,25,수업,3
9791192300245,마흔에 읽는 니체 =지금 이순간을 살기 위한 철학 수업 /Nietzsche,25,독서,3
9791192300245,마흔에 읽는 니체 =지금 이순간을 살기 위한 철학 수업 /Nietzsche,25,디오니소스적,3
9791192300245,마흔에 읽는 니체 =지금 이순간을 살기 위한 철학 수업 /Nietzsche,25,질문,3
9791192300245,마흔에 읽는 니체 =지금 이순간을 살기 위한 철학 수업 /Nietzsche,25,존재,3
9791192300245,마흔에 읽는 니체 =지금 이순간을 살기 위한 철학 수업 /Nietzsche,25,마지막,2
9791192300245,마흔에 읽는 니체 =지금 이순간을 살기 위한 철학 수업 /Nietzsche,25,힘에,2
9791192300245,마흔에 읽는 니체 =지금 이순간을 살기 위한 철학 수업 /Nietzsche,25,목소리,2
9791192300245,마흔에 읽는 니체 =지금 이순간을 살기 위한 철학 수업 /Nietzsche,25,-니체,2
9791192300245,마흔에 읽는 니체 =지금 이순간을 살기 위한 철학 수업 /Nietzsche,25,-얼어붙,2
9791192300245,마흔에 읽는 니체 =지금 이순간을 살기 위한 철학 수업 /Nietzsche,25,-모든,2
9791192300245,마흔에 읽는 니체 =지금 이순간을 살기 위한 철학 수업 /Nietzsche,25,문제,2
9791192300245,마흔에 읽는 니체 =지금 이순간을 살기 위한 철학 수업 /Nietzsche,25,-우리,2
9791192300245,마흔에 읽는 니체 =지금 이순간을 살기 위한 철학 수업 /Nietzsche,25,-왜,2
9791192300245,마흔에 읽는 니체 =지금 이순간을 살기 위한 철학 수업 /Nietzsche,25,-완전,2
9791192300245,마흔에 읽는 니체 =지금 이순간을 살기 위한 철학 수업 /Nietzsche,25,반작용,2
9791191891287,메리골드 마음 세탁소 =윤정은 장편소설 /Marigold mind laundry,25,메리골드 마음 세탁소,9
9791191891287,메리골드 마음 세탁소 =윤정은 장편소설 /Marigold mind laundry,25,세탁소,8
9791191891287,메리골드 마음 세탁소 =윤정은 장편소설 /Marigold mind laundry,25,기억,6
9791191891287,메리골드 마음 세탁소 =윤정은 장편소설 /Marigold mind laundry,25,수상,4
9791191891287,메리골드 마음 세탁소 =윤정은 장편소설 /Marigold mind laundry,25,힐링,3
9791191891287,메리골드 마음 세탁소 =윤정은 장편소설 /Marigold mind laundry,25,윤정,3
9791191891287,메리골드 마음 세탁소 =윤정은 장편소설 /Marigold mind laundry,25,사람,3
9791191891287,메리골드 마음 세탁소 =윤정은 장편소설 /Marigold mind laundry,25,행복,3
9791191891287,메리골드 마음 세탁소 =윤정은 장편소설 /Marigold mind laundry,25,여행이거나 사랑이거나,3
9791191891287,메리골드 마음 세탁소 =윤정은 장편소설 /Marigold mind laundry,25,사실은 이 말이 듣고 싶었어,3
9791191891287,메리골드 마음 세탁소 =윤정은 장편소설 /Marigold mind laundry,25,일들,2
9791191891287,메리골드 마음 세탁소 =윤정은 장편소설 /Marigold mind laundry,25,문학상,2
9791191891287,메리골드 마음 세탁소 =윤정은 장편소설 /Marigold mind laundry,25,북로망스,2
9791191891287,메리골드 마음 세탁소 =윤정은 장편소설 /Marigold mind laundry,25,사랑,2
9791191891287,메리골드 마음 세탁소 =윤정은 장편소설 /Marigold mind laundry,25,미스테리한,2
9791191891287,메리골드 마음 세탁소 =윤정은 장편소설 /Marigold mind laundry,25,장편소설,2
9791191891287,메리골드 마음 세탁소 =윤정은 장편소설 /Marigold mind laundry,25,얼굴,2
9791191891287,메리골드 마음 세탁소 =윤정은 장편소설 /Marigold mind laundry,25,언덕,2
9791191891287,메리골드 마음 세탁소 =윤정은 장편소설 /Marigold mind laundry,25,현명,2
9791191891287,메리골드 마음 세탁소 =윤정은 장편소설 /Marigold mind laundry,25,시간,2
9791191891287,메리골드 마음 세탁소 =윤정은 장편소설 /Marigold mind laundry,25,포장지,2
9791191891287,메리골드 마음 세탁소 =윤정은 장편소설 /Marigold mind laundry,25,선택,2
9791191891287,메리골드 마음 세탁소 =윤정은 장편소설 /Marigold mind laundry,25,선물,2
9791191891287,메리골드 마음 세탁소 =윤정은 장편소설 /Marigold mind laundry,25,젓가락,2
9791191891287,메리골드 마음 세탁소 =윤정은 장편소설 /Marigold mind laundry,25,얼룩,2
9791191891287,메리골드 마음 세탁소 =윤정은 장편소설 /Marigold mind laundry,25,윤정은,2
9791191891287,메리골드 마음 세탁소 =윤정은 장편소설 /Marigold mind laundry,25,머리,2
9791191891287,메리골드 마음 세탁소 =윤정은 장편소설 /Marigold mind laundry,25,한국판타지 환상소설,2
9791191891287,메리골드 마음 세탁소 =윤정은 장편소설 /Marigold mind laundry,25,구불구불,2
9791191891287,메리골드 마음 세탁소 =윤정은 장편소설 /Marigold mind laundry,25,과거,2
9791191891287,메리골드 마음 세탁소 =윤정은 장편소설 /Marigold mind laundry,25,독자,2
9791191891287,메리골드 마음 세탁소 =윤정은 장편소설 /Marigold mind laundry,25,오늘,2
9791191891287,메리골드 마음 세탁소 =윤정은 장편소설 /Marigold mind laundry,25,마른,2
9791191891287,메리골드 마음 세탁소 =윤정은 장편소설 /Marigold mind laundry,25,마법,2
9791191891287,메리골드 마음 세탁소 =윤정은 장편소설 /Marigold mind laundry,25,창백,2
9791191891287,메리골드 마음 세탁소 =윤정은 장편소설 /Marigold mind laundry,25,판타지,2
9791191891287,메리골드 마음 세탁소 =윤정은 장편소설 /Marigold mind laundry,25,지워버리는,2
9791191891287,메리골드 마음 세탁소 =윤정은 장편소설 /Marigold mind laundry,25,여자,2
9791191891287,메리골드 마음 세탁소 =윤정은 장편소설 /Marigold mind laundry,25,한밤중,2
9791191891287,메리골드 마음 세탁소 =윤정은 장편소설 /Marigold mind laundry,25,11년,2
9791191891287,메리골드 마음 세탁소 =윤정은 장편소설 /Marigold mind laundry,25,그린,2
9791191891287,메리골드 마음 세탁소 =윤정은 장편소설 /Marigold mind laundry,25,갖가지,1
9791191891287,메리골드 마음 세탁소 =윤정은 장편소설 /Marigold mind laundry,25,결정판,1
9791191891287,메리골드 마음 세탁소 =윤정은 장편소설 /Marigold mind laundry,25,네이버,1
9791191891287,메리골드 마음 세탁소 =윤정은 장편소설 /Marigold mind laundry,25,누구,1
9791191891287,메리골드 마음 세탁소 =윤정은 장편소설 /Marigold mind laundry,25,대화,1
9791191891287,메리골드 마음 세탁소 =윤정은 장편소설 /Marigold mind laundry,25,메리골드,1
9791191891287,메리골드 마음 세탁소 =윤정은 장편소설 /Marigold mind laundry,25,부문,1
9791191891287,메리골드 마음 세탁소 =윤정은 장편소설 /Marigold mind laundry,25,변화,1
9791191891287,메리골드 마음 세탁소 =윤정은 장편소설 /Marigold mind laundry,25,매일,1
9791162540640,아주 작은 습관의 힘 :최고의 변화는 어떻게 만들어지는가,25,습관,35
9791162540640,아주 작은 습관의 힘 :최고의 변화는 어떻게 만들어지는가,25,Chapter,25
9791162540640,아주 작은 습관의 힘 :최고의 변화는 어떻게 만들어지는가,25,인생,14
9791162540640,아주 작은 습관의 힘 :최고의 변화는 어떻게 만들어지는가,25,최고,14
9791162540640,아주 작은 습관의 힘 :최고의 변화는 어떻게 만들어지는가,25,변화,12
9791162540640,아주 작은 습관의 힘 :최고의 변화는 어떻게 만들어지는가,25,법칙,9
9791162540640,아주 작은 습관의 힘 :최고의 변화는 어떻게 만들어지는가,25,아주,9
9791162540640,아주 작은 습관의 힘 :최고의 변화는 어떻게 만들어지는가,25,Part,8
9791162540640,아주 작은 습관의 힘 :최고의 변화는 어떻게 만들어지는가,25,사람,8
9791162540640,아주 작은 습관의 힘 :최고의 변화는 어떻게 만들어지는가,25,가지,6
9791162540640,아주 작은 습관의 힘 :최고의 변화는 어떻게 만들어지는가,25,매일,6
9791162540640,아주 작은 습관의 힘 :최고의 변화는 어떻게 만들어지는가,25,뉴스레터,5
9791162540640,아주 작은 습관의 힘 :최고의 변화는 어떻게 만들어지는가,25,세계,5
9791162540640,아주 작은 습관의 힘 :최고의 변화는 어떻게 만들어지는가,25,행동,5
9791162540640,아주 작은 습관의 힘 :최고의 변화는 어떻게 만들어지는가,25,선수,5
9791162540640,아주 작은 습관의 힘 :최고의 변화는 어떻게 만들어지는가,25,얼굴,5
9791162540640,아주 작은 습관의 힘 :최고의 변화는 어떻게 만들어지는가,25,사고,5
9791162540640,아주 작은 습관의 힘 :최고의 변화는 어떻게 만들어지는가,25,시간,4
9791162540640,아주 작은 습관의 힘 :최고의 변화는 어떻게 만들어지는가,25,나락,4
9791162540640,아주 작은 습관의 힘 :최고의 변화는 어떻게 만들어지는가,25,결정,4
9791162540640,아주 작은 습관의 힘 :최고의 변화는 어떻게 만들어지는가,25,목표,4
9791162540640,아주 작은 습관의 힘 :최고의 변화는 어떻게 만들어지는가,25,대학,4
9791162540640,아주 작은 습관의 힘 :최고의 변화는 어떻게 만들어지는가,25,결심,4
9791162540640,아주 작은 습관의 힘 :최고의 변화는 어떻게 만들어지는가,25,전문가,4
9791162540640,아주 작은 습관의 힘 :최고의 변화는 어떻게 만들어지는가,25,자기계발,4
9791162540640,아주 작은 습관의 힘 :최고의 변화는 어떻게 만들어지는가,25,경험,3
9791162540640,아주 작은 습관의 힘 :최고의 변화는 어떻게 만들어지는가,25,전세계,3
9791162540640,아주 작은 습관의 힘 :최고의 변화는 어떻게 만들어지는가,25,아마존,3
9791162540640,아주 작은 습관의 힘 :최고의 변화는 어떻게 만들어지는가,25,월스트리트 저널,3
9791162540640,아주 작은 습관의 힘 :최고의 변화는 어떻게 만들어지는가,25,오리지널스,3
9791162540640,아주 작은 습관의 힘 :최고의 변화는 어떻게 만들어지는가,25,만족,3
9791162540640,아주 작은 습관의 힘 :최고의 변화는 어떻게 만들어지는가,25,비밀,3
9791162540640,아주 작은 습관의 힘 :최고의 변화는 어떻게 만들어지는가,25,바탕,3
9791162540640,아주 작은 습관의 힘 :최고의 변화는 어떻게 만들어지는가,25,구글,3
9791162540640,아주 작은 습관의 힘 :최고의 변화는 어떻게 만들어지는가,25,타임,3
9791162540640,아주 작은 습관의 힘 :최고의 변화는 어떻게 만들어지는가,25,뉴욕 타임스,3
9791162540640,아주 작은 습관의 힘 :최고의 변화는 어떻게 만들어지는가,25,노력,3
9791162540640,아주 작은 습관의 힘 :최고의 변화는 어떻게 만들어지는가,25,베스트셀러,3
9791162540640,아주 작은 습관의 힘 :최고의 변화는 어떻게 만들어지는가,25,신경 끄기의 기술,3
9791162540640,아주 작은 습관의 힘 :최고의 변화는 어떻게 만들어지는가,25,야구,3
9791162540640,아주 작은 습관의 힘 :최고의 변화는 어떻게 만들어지는가,25,습관의 힘,3
9791162540640,아주 작은 습관의 힘 :최고의 변화는 어떻게 만들어지는가,25,포브스,3
9791162540640,아주 작은 습관의 힘 :최고의 변화는 어떻게 만들어지는가,25,반복,3
9791162540640,아주 작은 습관의 힘 :최고의 변화는 어떻게 만들어지는가,25,30조각,3
9791162540640,아주 작은 습관의 힘 :최고의 변화는 어떻게 만들어지는가,25,포춘,3
9791162540640,아주 작은 습관의 힘 :최고의 변화는 어떻게 만들어지는가,25,촉망,3
9791162540640,아주 작은 습관의 힘 :최고의 변화는 어떻게 만들어지는가,25,연습,3
9791162540640,아주 작은 습관의 힘 :최고의 변화는 어떻게 만들어지는가,25,분명,3
9791162540640,아주 작은 습관의 힘 :최고의 변화는 어떻게 만들어지는가,25,강력,2
9791162540640,아주 작은 습관의 힘 :최고의 변화는 어떻게 만들어지는가,25,com,2
9791130689890,내가 틀릴 수도 있습니다 =숲속의 현자가 전하는 마지막 인생수업 /I may be wrong,25,스웨덴,9
9791130689890,내가 틀릴 수도 있습니다 =숲속의 현자가 전하는 마지막 인생수업 /I may be wrong,25,사람,7
9791130689890,내가 틀릴 수도 있습니다 =숲속의 현자가 전하는 마지막 인생수업 /I may be wrong,25,지혜,6
9791130689890,내가 틀릴 수도 있습니다 =숲속의 현자가 전하는 마지막 인생수업 /I may be wrong,25,나티코,6
9791130689890,내가 틀릴 수도 있습니다 =숲속의 현자가 전하는 마지막 인생수업 /I may be wrong,25,내가 틀릴 수도 있습니다,6
9791130689890,내가 틀릴 수도 있습니다 =숲속의 현자가 전하는 마지막 인생수업 /I may be wrong,25,숲속,6
9791130689890,내가 틀릴 수도 있습니다 =숲속의 현자가 전하는 마지막 인생수업 /I may be wrong,25,죽음,5
9791130689890,내가 틀릴 수도 있습니다 =숲속의 현자가 전하는 마지막 인생수업 /I may be wrong,25,두려움,4
9791130689890,내가 틀릴 수도 있습니다 =숲속의 현자가 전하는 마지막 인생수업 /I may be wrong,25,사원,4
9791130689890,내가 틀릴 수도 있습니다 =숲속의 현자가 전하는 마지막 인생수업 /I may be wrong,25,2022년,4
9791130689890,내가 틀릴 수도 있습니다 =숲속의 현자가 전하는 마지막 인생수업 /I may be wrong,25,승려,4
9791130689890,내가 틀릴 수도 있습니다 =숲속의 현자가 전하는 마지막 인생수업 /I may be wrong,25,가지,3
9791130689890,내가 틀릴 수도 있습니다 =숲속의 현자가 전하는 마지막 인생수업 /I may be wrong,25,1월,3
9791130689890,내가 틀릴 수도 있습니다 =숲속의 현자가 전하는 마지막 인생수업 /I may be wrong,25,한마디,3
9791130689890,내가 틀릴 수도 있습니다 =숲속의 현자가 전하는 마지막 인생수업 /I may be wrong,25,2018년,3
9791130689890,내가 틀릴 수도 있습니다 =숲속의 현자가 전하는 마지막 인생수업 /I may be wrong,25,순간,3
9791130689890,내가 틀릴 수도 있습니다 =숲속의 현자가 전하는 마지막 인생수업 /I may be wrong,25,인생,3
9791130689890,내가 틀릴 수도 있습니다 =숲속의 현자가 전하는 마지막 인생수업 /I may be wrong,25,17년간,3
9791130689890,내가 틀릴 수도 있습니다 =숲속의 현자가 전하는 마지막 인생수업 /I may be wrong,25,루게릭병,3
9791130689890,내가 틀릴 수도 있습니다 =숲속의 현자가 전하는 마지막 인생수업 /I may be wrong,25,마지막,3
9791130689890,내가 틀릴 수도 있습니다 =숲속의 현자가 전하는 마지막 인생수업 /I may be wrong,25,자라,3
9791130689890,내가 틀릴 수도 있습니다 =숲속의 현자가 전하는 마지막 인생수업 /I may be wrong,25,불편,2
9791130689890,내가 틀릴 수도 있습니다 =숲속의 현자가 전하는 마지막 인생수업 /I may be wrong,25,비욘,2
9791130689890,내가 틀릴 수도 있습니다 =숲속의 현자가 전하는 마지막 인생수업 /I may be wrong,25,실패,2
9791130689890,내가 틀릴 수도 있습니다 =숲속의 현자가 전하는 마지막 인생수업 /I may be wrong,25,마법,2
9791130689890,내가 틀릴 수도 있습니다 =숲속의 현자가 전하는 마지막 인생수업 /I may be wrong,25,린데블라드,2
9791130689890,내가 틀릴 수도 있습니다 =숲속의 현자가 전하는 마지막 인생수업 /I may be wrong,25,독자,2
9791130689890,내가 틀릴 수도 있습니다 =숲속의 현자가 전하는 마지막 인생수업 /I may be wrong,25,다산북스,2
9791130689890,내가 틀릴 수도 있습니다 =숲속의 현자가 전하는 마지막 인생수업 /I may be wrong,25,소중,2
9791130689890,내가 틀릴 수도 있습니다 =숲속의 현자가 전하는 마지막 인생수업 /I may be wrong,25,성공,2
9791130689890,내가 틀릴 수도 있습니다 =숲속의 현자가 전하는 마지막 인생수업 /I may be wrong,25,생각,2
9791130689890,내가 틀릴 수도 있습니다 =숲속의 현자가 전하는 마지막 인생수업 /I may be wrong,25,유쾌,2
9791130689890,내가 틀릴 수도 있습니다 =숲속의 현자가 전하는 마지막 인생수업 /I may be wrong,25,위로,2
9791130689890,내가 틀릴 수도 있습니다 =숲속의 현자가 전하는 마지막 인생수업 /I may be wrong,25,어색,2
9791130689890,내가 틀릴 수도 있습니다 =숲속의 현자가 전하는 마지막 인생수업 /I may be wrong,25,거대,2
9791130689890,내가 틀릴 수도 있습니다 =숲속의 현자가 전하는 마지막 인생수업 /I may be wrong,25,수행,2
9791130689890,내가 틀릴 수도 있습니다 =숲속의 현자가 전하는 마지막 인생수업 /I may be wrong,25,선택,2
9791130689890,내가 틀릴 수도 있습니다 =숲속의 현자가 전하는 마지막 인생수업 /I may be wrong,25,25개국,2
9791130689890,내가 틀릴 수도 있습니다 =숲속의 현자가 전하는 마지막 인생수업 /I may be wrong,25,베스트셀러,2
9791130689890,내가 틀릴 수도 있습니다 =숲속의 현자가 전하는 마지막 인생수업 /I may be wrong,25,손바닥,2
9791130689890,내가 틀릴 수도 있습니다 =숲속의 현자가 전하는 마지막 인생수업 /I may be wrong,25,비욘 나티코 린데블라드,2
9791130689890,내가 틀릴 수도 있습니다 =숲속의 현자가 전하는 마지막 인생수업 /I may be wrong,25,고요,2
9791130689890,내가 틀릴 수도 있습니다 =숲속의 현자가 전하는 마지막 인생수업 /I may be wrong,25,용기,2
9791130689890,내가 틀릴 수도 있습니다 =숲속의 현자가 전하는 마지막 인생수업 /I may be wrong,25,엄마,2
9791130689890,내가 틀릴 수도 있습니다 =숲속의 현자가 전하는 마지막 인생수업 /I may be wrong,25,애도,2
9791130689890,내가 틀릴 수도 있습니다 =숲속의 현자가 전하는 마지막 인생수업 /I may be wrong,25,아홉,2
9791130689890,내가 틀릴 수도 있습니다 =숲속의 현자가 전하는 마지막 인생수업 /I may be wrong,25,괴짜,2
9791130689890,내가 틀릴 수도 있습니다 =숲속의 현자가 전하는 마지막 인생수업 /I may be wrong,25,과거,2
9791130689890,내가 틀릴 수도 있습니다 =숲속의 현자가 전하는 마지막 인생수업 /I may be wrong,25,공동체,2
9791130689890,내가 틀릴 수도 있습니다 =숲속의 현자가 전하는 마지막 인생수업 /I may be wrong,25,곰돌이,2
9791198752406,나는 다정한 관찰자가 되기로 했다 :불안에 휘둘리지 않는 단단한 태도에 관하여,24,아이,26
9791198752406,나는 다정한 관찰자가 되기로 했다 :불안에 휘둘리지 않는 단단한 태도에 관하여,24,엄마,23
9791198752406,나는 다정한 관찰자가 되기로 했다 :불안에 휘둘리지 않는 단단한 태도에 관하여,24,예민,6
9791198752406,나는 다정한 관찰자가 되기로 했다 :불안에 휘둘리지 않는 단단한 태도에 관하여,24,옆집,5
9791198752406,나는 다정한 관찰자가 되기로 했다 :불안에 휘둘리지 않는 단단한 태도에 관하여,24,경험,5
9791198752406,나는 다정한 관찰자가 되기로 했다 :불안에 휘둘리지 않는 단단한 태도에 관하여,24,아들,4
9791198752406,나는 다정한 관찰자가 되기로 했다 :불안에 휘둘리지 않는 단단한 태도에 관하여,24,누구,4
9791198752406,나는 다정한 관찰자가 되기로 했다 :불안에 휘둘리지 않는 단단한 태도에 관하여,24,성장,4
9791198752406,나는 다정한 관찰자가 되기로 했다 :불안에 휘둘리지 않는 단단한 태도에 관하여,24,실패,4
9791198752406,나는 다정한 관찰자가 되기로 했다 :불안에 휘둘리지 않는 단단한 태도에 관하여,24,아이들,4
9791198752406,나는 다정한 관찰자가 되기로 했다 :불안에 휘둘리지 않는 단단한 태도에 관하여,24,점수,4
9791198752406,나는 다정한 관찰자가 되기로 했다 :불안에 휘둘리지 않는 단단한 태도에 관하여,24,다정,4
9791198752406,나는 다정한 관찰자가 되기로 했다 :불안에 휘둘리지 않는 단단한 태도에 관하여,24,사자성어 속담 일력 365,3
9791198752406,나는 다정한 관찰자가 되기로 했다 :불안에 휘둘리지 않는 단단한 태도에 관하여,24,과정,3
9791198752406,나는 다정한 관찰자가 되기로 했다 :불안에 휘둘리지 않는 단단한 태도에 관하여,24,무례한 친구가 생겼어요,3
9791198752406,나는 다정한 관찰자가 되기로 했다 :불안에 휘둘리지 않는 단단한 태도에 관하여,24,태도,3
9791198752406,나는 다정한 관찰자가 되기로 했다 :불안에 휘둘리지 않는 단단한 태도에 관하여,24,교육,3
9791198752406,나는 다정한 관찰자가 되기로 했다 :불안에 휘둘리지 않는 단단한 태도에 관하여,24,초등어휘일력 365,3
9791198752406,나는 다정한 관찰자가 되기로 했다 :불안에 휘둘리지 않는 단단한 태도에 관하여,24,중학생,3
9791198752406,나는 다정한 관찰자가 되기로 했다 :불안에 휘둘리지 않는 단단한 태도에 관하여,24,생각,3
9791198752406,나는 다정한 관찰자가 되기로 했다 :불안에 휘둘리지 않는 단단한 태도에 관하여,24,자신만만 1학년,3
9791198752406,나는 다정한 관찰자가 되기로 했다 :불안에 휘둘리지 않는 단단한 태도에 관하여,24,초등 매일 공부의 힘,3
9791198752406,나는 다정한 관찰자가 되기로 했다 :불안에 휘둘리지 않는 단단한 태도에 관하여,24,부모의 말 공부,3
9791198752406,나는 다정한 관찰자가 되기로 했다 :불안에 휘둘리지 않는 단단한 태도에 관하여,24,워킹맘,3
9791198752406,나는 다정한 관찰자가 되기로 했다 :불안에 휘둘리지 않는 단단한 태도에 관하여,24,슬기로운초등생활,3
9791198752406,나는 다정한 관찰자가 되기로 했다 :불안에 휘둘리지 않는 단단한 태도에 관하여,24,유튜버,3
9791198752406,나는 다정한 관찰자가 되기로 했다 :불안에 휘둘리지 않는 단단한 태도에 관하여,24,이유,3
9791198752406,나는 다정한 관찰자가 되기로 했다 :불안에 휘둘리지 않는 단단한 태도에 관하여,24,솔직,2
9791198752406,나는 다정한 관찰자가 되기로 했다 :불안에 휘둘리지 않는 단단한 태도에 관하여,24,부모니까,2
9791198752406,나는 다정한 관찰자가 되기로 했다 :불안에 휘둘리지 않는 단단한 태도에 관하여,24,불공평,2
9791198752406,나는 다정한 관찰자가 되기로 했다 :불안에 휘둘리지 않는 단단한 태도에 관하여,24,불안,2
9791198752406,나는 다정한 관찰자가 되기로 했다 :불안에 휘둘리지 않는 단단한 태도에 관하여,24,비교,2
9791198752406,나는 다정한 관찰자가 되기로 했다 :불안에 휘둘리지 않는 단단한 태도에 관하여,24,사랑,2
9791198752406,나는 다정한 관찰자가 되기로 했다 :불안에 휘둘리지 않는 단단한 태도에 관하여,24,성공,2
9791198752406,나는 다정한 관찰자가 되기로 했다 :불안에 휘둘리지 않는 단단한 태도에 관하여,24,금쪽,2
9791198752406,나는 다정한 관찰자가 되기로 했다 :불안에 휘둘리지 않는 단단한 태도에 관하여,24,상처,2
9791198752406,나는 다정한 관찰자가 되기로 했다 :불안에 휘둘리지 않는 단단한 태도에 관하여,24,기다림,2
9791198752406,나는 다정한 관찰자가 되기로 했다 :불안에 휘둘리지 않는 단단한 태도에 관하여,24,부모,2
9791198752406,나는 다정한 관찰자가 되기로 했다 :불안에 휘둘리지 않는 단단한 태도에 관하여,24,3장,2
9791198752406,나는 다정한 관찰자가 되기로 했다 :불안에 휘둘리지 않는 단단한 태도에 관하여,24,사이,2
9791198752406,나는 다정한 관찰자가 되기로 했다 :불안에 휘둘리지 않는 단단한 태도에 관하여,24,서교책방,2
9791198752406,나는 다정한 관찰자가 되기로 했다 :불안에 휘둘리지 않는 단단한 태도에 관하여,24,감정,2
9791198752406,나는 다정한 관찰자가 되기로 했다 :불안에 휘둘리지 않는 단단한 태도에 관하여,24,것들,2
9791198752406,나는 다정한 관찰자가 되기로 했다 :불안에 휘둘리지 않는 단단한 태도에 관하여,24,경쟁,2
9791198752406,나는 다정한 관찰자가 되기로 했다 :불안에 휘둘리지 않는 단단한 태도에 관하여,24,서울대,2
9791198752406,나는 다정한 관찰자가 되기로 했다 :불안에 휘둘리지 않는 단단한 태도에 관하여,24,시대,2
9791198752406,나는 다정한 관찰자가 되기로 했다 :불안에 휘둘리지 않는 단단한 태도에 관하여,24,공감,2
9791198752406,나는 다정한 관찰자가 되기로 했다 :불안에 휘둘리지 않는 단단한 태도에 관하여,24,공부,2
9791198752406,나는 다정한 관찰자가 되기로 했다 :불안에 휘둘리지 않는 단단한 태도에 관하여,24,결정,2
9791198752406,나는 다정한 관찰자가 되기로 했다 :불안에 휘둘리지 않는 단단한 태도에 관하여,24,혼자,2
9791167550712,"왜 유명한 거야, 이 그림?",24,모나리자,12
9791167550712,"왜 유명한 거야, 이 그림?",24,키스,9
9791167550712,"왜 유명한 거야, 이 그림?",24,그림,7
9791167550712,"왜 유명한 거야, 이 그림?",24,미술,6
9791167550712,"왜 유명한 거야, 이 그림?",24,기억의 지속,6
9791167550712,"왜 유명한 거야, 이 그림?",24,빨강 파랑 노랑이 있는 구성,6
9791167550712,"왜 유명한 거야, 이 그림?",24,별이 빛나는 밤,6
9791167550712,"왜 유명한 거야, 이 그림?",24,절규,6
9791167550712,"왜 유명한 거야, 이 그림?",24,유명,4
9791167550712,"왜 유명한 거야, 이 그림?",24,이삭줍기,3
9791167550712,"왜 유명한 거야, 이 그림?",24,우리학교,3
9791167550712,"왜 유명한 거야, 이 그림?",24,단순,3
9791167550712,"왜 유명한 거야, 이 그림?",24,명화,3
9791167550712,"왜 유명한 거야, 이 그림?",24,진주 귀걸이를 한 소녀,3
9791167550712,"왜 유명한 거야, 이 그림?",24,비너스의 탄생,3
9791167550712,"왜 유명한 거야, 이 그림?",24,생각하는 사람,3
9791167550712,"왜 유명한 거야, 이 그림?",24,왜 유명한 거야 이 그림,3
9791167550712,"왜 유명한 거야, 이 그림?",24,세상을 바꾼 예술 작품들,3
9791167550712,"왜 유명한 거야, 이 그림?",24,감상,3
9791167550712,"왜 유명한 거야, 이 그림?",24,어린이,3
9791167550712,"왜 유명한 거야, 이 그림?",24,기울어진 미술관,3
9791167550712,"왜 유명한 거야, 이 그림?",24,화가의 마지막 그림,3
9791167550712,"왜 유명한 거야, 이 그림?",24,화가의 출세작,3
9791167550712,"왜 유명한 거야, 이 그림?",24,인상 해돋이,3
9791167550712,"왜 유명한 거야, 이 그림?",24,사람,2
9791167550712,"왜 유명한 거야, 이 그림?",24,이유리,2
9791167550712,"왜 유명한 거야, 이 그림?",24,허현경,2
9791167550712,"왜 유명한 거야, 이 그림?",24,교과서,2
9791167550712,"왜 유명한 거야, 이 그림?",24,분야,2
9791167550712,"왜 유명한 거야, 이 그림?",24,빨강,2
9791167550712,"왜 유명한 거야, 이 그림?",24,눈썹,2
9791167550712,"왜 유명한 거야, 이 그림?",24,영어,2
9791167550712,"왜 유명한 거야, 이 그림?",24,음악 미술 예체능,2
9791167550712,"왜 유명한 거야, 이 그림?",24,대신,2
9791167550712,"왜 유명한 거야, 이 그림?",24,파랑,2
9791167550712,"왜 유명한 거야, 이 그림?",24,노랑,2
9791167550712,"왜 유명한 거야, 이 그림?",24,구성,2
9791167550712,"왜 유명한 거야, 이 그림?",24,제대,2
9791167550712,"왜 유명한 거야, 이 그림?",24,교양,2
9791167550712,"왜 유명한 거야, 이 그림?",24,사연,1
9791167550712,"왜 유명한 거야, 이 그림?",24,깊이,1
9791167550712,"왜 유명한 거야, 이 그림?",24,사회부,1
9791167550712,"왜 유명한 거야, 이 그림?",24,황금,1
9791167550712,"왜 유명한 거야, 이 그림?",24,너두,1
9791167550712,"왜 유명한 거야, 이 그림?",24,미셸,1
9791167550712,"왜 유명한 거야, 이 그림?",24,레오나르도,1
9791167550712,"왜 유명한 거야, 이 그림?",24,마음에,1
9791167550712,"왜 유명한 거야, 이 그림?",24,메시지,1
9791167550712,"왜 유명한 거야, 이 그림?",24,몬드리안,1
9791167550712,"왜 유명한 거야, 이 그림?",24,머릿속,1
9791196316808,공부머리 독서법 :실현 가능하고 지속 가능한 독서교육의 모든 것,24,독서법,41
9791196316808,공부머리 독서법 :실현 가능하고 지속 가능한 독서교육의 모든 것,24,공부머리 독서법,33
9791196316808,공부머리 독서법 :실현 가능하고 지속 가능한 독서교육의 모든 것,24,아이,22
9791196316808,공부머리 독서법 :실현 가능하고 지속 가능한 독서교육의 모든 것,24,공부머리,20
9791196316808,공부머리 독서법 :실현 가능하고 지속 가능한 독서교육의 모든 것,24,독서,20
9791196316808,공부머리 독서법 :실현 가능하고 지속 가능한 독서교육의 모든 것,24,독서교육,17
9791196316808,공부머리 독서법 :실현 가능하고 지속 가능한 독서교육의 모든 것,24,공부,16
9791196316808,공부머리 독서법 :실현 가능하고 지속 가능한 독서교육의 모든 것,24,정보,15
9791196316808,공부머리 독서법 :실현 가능하고 지속 가능한 독서교육의 모든 것,24,아이들,15
9791196316808,공부머리 독서법 :실현 가능하고 지속 가능한 독서교육의 모든 것,24,언어능력,12
9791196316808,공부머리 독서법 :실현 가능하고 지속 가능한 독서교육의 모든 것,24,이해,11
9791196316808,공부머리 독서법 :실현 가능하고 지속 가능한 독서교육의 모든 것,24,이야기책,10
9791196316808,공부머리 독서법 :실현 가능하고 지속 가능한 독서교육의 모든 것,24,초등,10
9791196316808,공부머리 독서법 :실현 가능하고 지속 가능한 독서교육의 모든 것,24,읽기,9
9791196316808,공부머리 독서법 :실현 가능하고 지속 가능한 독서교육의 모든 것,24,지식도서,8
9791196316808,공부머리 독서법 :실현 가능하고 지속 가능한 독서교육의 모든 것,24,문제,8
9791196316808,공부머리 독서법 :실현 가능하고 지속 가능한 독서교육의 모든 것,24,최승필,7
9791196316808,공부머리 독서법 :실현 가능하고 지속 가능한 독서교육의 모든 것,24,효과,7
9791196316808,공부머리 독서법 :실현 가능하고 지속 가능한 독서교육의 모든 것,24,가능,7
9791196316808,공부머리 독서법 :실현 가능하고 지속 가능한 독서교육의 모든 것,24,시간,6
9791196316808,공부머리 독서법 :실현 가능하고 지속 가능한 독서교육의 모든 것,24,교육,6
9791196316808,공부머리 독서법 :실현 가능하고 지속 가능한 독서교육의 모든 것,24,읽기독립,6
9791196316808,공부머리 독서법 :실현 가능하고 지속 가능한 독서교육의 모든 것,24,지식,6
9791196316808,공부머리 독서법 :실현 가능하고 지속 가능한 독서교육의 모든 것,24,교과서,6
9791196316808,공부머리 독서법 :실현 가능하고 지속 가능한 독서교육의 모든 것,24,청소년,5
9791196316808,공부머리 독서법 :실현 가능하고 지속 가능한 독서교육의 모든 것,24,내용,5
9791196316808,공부머리 독서법 :실현 가능하고 지속 가능한 독서교육의 모든 것,24,학부모,5
9791196316808,공부머리 독서법 :실현 가능하고 지속 가능한 독서교육의 모든 것,24,매일,5
9791196316808,공부머리 독서법 :실현 가능하고 지속 가능한 독서교육의 모든 것,24,실행,5
9791196316808,공부머리 독서법 :실현 가능하고 지속 가능한 독서교육의 모든 것,24,고학년,4
9791196316808,공부머리 독서법 :실현 가능하고 지속 가능한 독서교육의 모든 것,24,방법,4
9791196316808,공부머리 독서법 :실현 가능하고 지속 가능한 독서교육의 모든 것,24,독서가,4
9791196316808,공부머리 독서법 :실현 가능하고 지속 가능한 독서교육의 모든 것,24,우등생,4
9791196316808,공부머리 독서법 :실현 가능하고 지속 가능한 독서교육의 모든 것,24,중학생,4
9791196316808,공부머리 독서법 :실현 가능하고 지속 가능한 독서교육의 모든 것,24,사례,4
9791196316808,공부머리 독서법 :실현 가능하고 지속 가능한 독서교육의 모든 것,24,생각,4
9791196316808,공부머리 독서법 :실현 가능하고 지속 가능한 독서교육의 모든 것,24,페이지,4
9791196316808,공부머리 독서법 :실현 가능하고 지속 가능한 독서교육의 모든 것,24,학년,4
9791196316808,공부머리 독서법 :실현 가능하고 지속 가능한 독서교육의 모든 것,24,원리,4
9791196316808,공부머리 독서법 :실현 가능하고 지속 가능한 독서교육의 모든 것,24,문장,3
9791196316808,공부머리 독서법 :실현 가능하고 지속 가능한 독서교육의 모든 것,24,수준,3
9791196316808,공부머리 독서법 :실현 가능하고 지속 가능한 독서교육의 모든 것,24,수학,3
9791196316808,공부머리 독서법 :실현 가능하고 지속 가능한 독서교육의 모든 것,24,데이터,3
9791196316808,공부머리 독서법 :실현 가능하고 지속 가능한 독서교육의 모든 것,24,능력,3
9791196316808,공부머리 독서법 :실현 가능하고 지속 가능한 독서교육의 모든 것,24,단기간,3
9791196316808,공부머리 독서법 :실현 가능하고 지속 가능한 독서교육의 모든 것,24,자기,3
9791196316808,공부머리 독서법 :실현 가능하고 지속 가능한 독서교육의 모든 것,24,저학년,3
9791196316808,공부머리 독서법 :실현 가능하고 지속 가능한 독서교육의 모든 것,24,누구,3
9791196316808,공부머리 독서법 :실현 가능하고 지속 가능한 독서교육의 모든 것,24,전문가,3
9791196316808,공부머리 독서법 :실현 가능하고 지속 가능한 독서교육의 모든 것,24,마음,3
9791198682505,나를 소모하지 않는 현명한 태도에 관하여,24,겸손,23
9791198682505,나를 소모하지 않는 현명한 태도에 관하여,24,태도,14
9791198682505,나를 소모하지 않는 현명한 태도에 관하여,24,성공,9
9791198682505,나를 소모하지 않는 현명한 태도에 관하여,24,신뢰,7
9791198682505,나를 소모하지 않는 현명한 태도에 관하여,24,사람,7
9791198682505,나를 소모하지 않는 현명한 태도에 관하여,24,베스트셀러,6
9791198682505,나를 소모하지 않는 현명한 태도에 관하여,24,시대,6
9791198682505,나를 소모하지 않는 현명한 태도에 관하여,24,조용,6
9791198682505,나를 소모하지 않는 현명한 태도에 관하여,24,슈피겔,6
9791198682505,나를 소모하지 않는 현명한 태도에 관하여,24,선택,6
9791198682505,나를 소모하지 않는 현명한 태도에 관하여,24,가짜,5
9791198682505,나를 소모하지 않는 현명한 태도에 관하여,24,독일,5
9791198682505,나를 소모하지 않는 현명한 태도에 관하여,24,관계,4
9791198682505,나를 소모하지 않는 현명한 태도에 관하여,24,이들,4
9791198682505,나를 소모하지 않는 현명한 태도에 관하여,24,현명,4
9791198682505,나를 소모하지 않는 현명한 태도에 관하여,24,자기,4
9791198682505,나를 소모하지 않는 현명한 태도에 관하여,24,게임,4
9791198682505,나를 소모하지 않는 현명한 태도에 관하여,24,고요,4
9791198682505,나를 소모하지 않는 현명한 태도에 관하여,24,소모,4
9791198682505,나를 소모하지 않는 현명한 태도에 관하여,24,세상,4
9791198682505,나를 소모하지 않는 현명한 태도에 관하여,24,착각,4
9791198682505,나를 소모하지 않는 현명한 태도에 관하여,24,지위,4
9791198682505,나를 소모하지 않는 현명한 태도에 관하여,24,절제,4
9791198682505,나를 소모하지 않는 현명한 태도에 관하여,24,심리학,4
9791198682505,나를 소모하지 않는 현명한 태도에 관하여,24,원칙,4
9791198682505,나를 소모하지 않는 현명한 태도에 관하여,24,기분,4
9791198682505,나를 소모하지 않는 현명한 태도에 관하여,24,욕망,4
9791198682505,나를 소모하지 않는 현명한 태도에 관하여,24,완벽,3
9791198682505,나를 소모하지 않는 현명한 태도에 관하여,24,주도권을 결정하는 한마디 말,3
9791198682505,나를 소모하지 않는 현명한 태도에 관하여,24,교황,3
9791198682505,나를 소모하지 않는 현명한 태도에 관하여,24,권력의 언어,3
9791198682505,나를 소모하지 않는 현명한 태도에 관하여,24,언론인,3
9791198682505,나를 소모하지 않는 현명한 태도에 관하여,24,희극,3
9791198682505,나를 소모하지 않는 현명한 태도에 관하여,24,조용히 이기는 사람들,3
9791198682505,나를 소모하지 않는 현명한 태도에 관하여,24,기대,3
9791198682505,나를 소모하지 않는 현명한 태도에 관하여,24,통찰,3
9791198682505,나를 소모하지 않는 현명한 태도에 관하여,24,커뮤니케이션,3
9791198682505,나를 소모하지 않는 현명한 태도에 관하여,24,상관관계,3
9791198682505,나를 소모하지 않는 현명한 태도에 관하여,24,것들,3
9791198682505,나를 소모하지 않는 현명한 태도에 관하여,24,방식,3
9791198682505,나를 소모하지 않는 현명한 태도에 관하여,24,1장,2
9791198682505,나를 소모하지 않는 현명한 태도에 관하여,24,그릇,2
9791198682505,나를 소모하지 않는 현명한 태도에 관하여,24,노력,2
9791198682505,나를 소모하지 않는 현명한 태도에 관하여,24,대명사,2
9791198682505,나를 소모하지 않는 현명한 태도에 관하여,24,능력자,2
9791198682505,나를 소모하지 않는 현명한 태도에 관하여,24,3가지,2
9791198682505,나를 소모하지 않는 현명한 태도에 관하여,24,더닝,2
9791198682505,나를 소모하지 않는 현명한 태도에 관하여,24,대하,2
9791198682505,나를 소모하지 않는 현명한 태도에 관하여,24,결별,2
9791198682505,나를 소모하지 않는 현명한 태도에 관하여,24,그리스,2
9788936447014,아홉 살 마음 사전,24,표현,31
9788936447014,아홉 살 마음 사전,24,감정,24
9788936447014,아홉 살 마음 사전,24,아홉 살 마음 사전,18
9788936447014,아홉 살 마음 사전,24,어린이,17
9788936447014,아홉 살 마음 사전,24,마음,11
9788936447014,아홉 살 마음 사전,24,다양,9
9788936447014,아홉 살 마음 사전,24,상황,8
9788936447014,아홉 살 마음 사전,24,독자,8
9788936447014,아홉 살 마음 사전,24,그림,8
9788936447014,아홉 살 마음 사전,24,김효은,6
9788936447014,아홉 살 마음 사전,24,박성우,6
9788936447014,아홉 살 마음 사전,24,자기,5
9788936447014,아홉 살 마음 사전,24,사전,5
9788936447014,아홉 살 마음 사전,24,시인,5
9788936447014,아홉 살 마음 사전,24,구체적,5
9788936447014,아홉 살 마음 사전,24,도움,4
9788936447014,아홉 살 마음 사전,24,실감,4
9788936447014,아홉 살 마음 사전,24,정확,4
9788936447014,아홉 살 마음 사전,24,동시,3
9788936447014,아홉 살 마음 사전,24,나는 지하철입니다,3
9788936447014,아홉 살 마음 사전,24,간결,3
9788936447014,아홉 살 마음 사전,24,사람,3
9788936447014,아홉 살 마음 사전,24,이해,3
9788936447014,아홉 살 마음 사전,24,소개,3
9788936447014,아홉 살 마음 사전,24,차이,3
9788936447014,아홉 살 마음 사전,24,문장,2
9788936447014,아홉 살 마음 사전,24,무섭다,2
9788936447014,아홉 살 마음 사전,24,최근,2
9788936447014,아홉 살 마음 사전,24,사랑,2
9788936447014,아홉 살 마음 사전,24,적절,2
9788936447014,아홉 살 마음 사전,24,사실적,2
9788936447014,아홉 살 마음 사전,24,설명,2
9788936447014,아홉 살 마음 사전,24,상식 교양,2
9788936447014,아홉 살 마음 사전,24,활용,2
9788936447014,아홉 살 마음 사전,24,감각적,2
9788936447014,아홉 살 마음 사전,24,과정,2
9788936447014,아홉 살 마음 사전,24,국어 가,2
9788936447014,아홉 살 마음 사전,24,소통,2
9788936447014,아홉 살 마음 사전,24,일상,2
9788936447014,아홉 살 마음 사전,24,조마조마하다,2
9788936447014,아홉 살 마음 사전,24,창비,2
9788936447014,아홉 살 마음 사전,24,난다,1
9788936447014,아홉 살 마음 사전,24,대신,1
9788936447014,아홉 살 마음 사전,24,단어,1
9788936447014,아홉 살 마음 사전,24,뿌듯,1
9788936447014,아홉 살 마음 사전,24,흐뭇하다,1
9788936447014,아홉 살 마음 사전,24,단순,1
9788936447014,아홉 살 마음 사전,24,갈등,1
9788936447014,아홉 살 마음 사전,24,교사,1
9788936447014,아홉 살 마음 사전,24,다행,1
9791193128428,"(펼치는 순간 단숨에 6,000년 역사가 읽히는) 요즘 어른을 위한 최소한의 세계사",23,역사,23
9791193128428,"(펼치는 순간 단숨에 6,000년 역사가 읽히는) 요즘 어른을 위한 최소한의 세계사",23,전쟁,14
9791193128428,"(펼치는 순간 단숨에 6,000년 역사가 읽히는) 요즘 어른을 위한 최소한의 세계사",23,세계사,9
9791193128428,"(펼치는 순간 단숨에 6,000년 역사가 읽히는) 요즘 어른을 위한 최소한의 세계사",23,미국,9
9791193128428,"(펼치는 순간 단숨에 6,000년 역사가 읽히는) 요즘 어른을 위한 최소한의 세계사",23,문명,8
9791193128428,"(펼치는 순간 단숨에 6,000년 역사가 읽히는) 요즘 어른을 위한 최소한의 세계사",23,PART,7
9791193128428,"(펼치는 순간 단숨에 6,000년 역사가 읽히는) 요즘 어른을 위한 최소한의 세계사",23,러시아,7
9791193128428,"(펼치는 순간 단숨에 6,000년 역사가 읽히는) 요즘 어른을 위한 최소한의 세계사",23,탄생,6
9791193128428,"(펼치는 순간 단숨에 6,000년 역사가 읽히는) 요즘 어른을 위한 최소한의 세계사",23,패권,5
9791193128428,"(펼치는 순간 단숨에 6,000년 역사가 읽히는) 요즘 어른을 위한 최소한의 세계사",23,교양,5
9791193128428,"(펼치는 순간 단숨에 6,000년 역사가 읽히는) 요즘 어른을 위한 최소한의 세계사",23,이유,5
9791193128428,"(펼치는 순간 단숨에 6,000년 역사가 읽히는) 요즘 어른을 위한 최소한의 세계사",23,중국,4
9791193128428,"(펼치는 순간 단숨에 6,000년 역사가 읽히는) 요즘 어른을 위한 최소한의 세계사",23,영국,4
9791193128428,"(펼치는 순간 단숨에 6,000년 역사가 읽히는) 요즘 어른을 위한 최소한의 세계사",23,차지,4
9791193128428,"(펼치는 순간 단숨에 6,000년 역사가 읽히는) 요즘 어른을 위한 최소한의 세계사",23,세계대전,4
9791193128428,"(펼치는 순간 단숨에 6,000년 역사가 읽히는) 요즘 어른을 위한 최소한의 세계사",23,쏨작가의 지식사전,3
9791193128428,"(펼치는 순간 단숨에 6,000년 역사가 읽히는) 요즘 어른을 위한 최소한의 세계사",23,쏙쏙,3
9791193128428,"(펼치는 순간 단숨에 6,000년 역사가 읽히는) 요즘 어른을 위한 최소한의 세계사",23,핵심,3
9791193128428,"(펼치는 순간 단숨에 6,000년 역사가 읽히는) 요즘 어른을 위한 최소한의 세계사",23,초강대국,3
9791193128428,"(펼치는 순간 단숨에 6,000년 역사가 읽히는) 요즘 어른을 위한 최소한의 세계사",23,최초,3
9791193128428,"(펼치는 순간 단숨에 6,000년 역사가 읽히는) 요즘 어른을 위한 최소한의 세계사",23,대제국,3
9791193128428,"(펼치는 순간 단숨에 6,000년 역사가 읽히는) 요즘 어른을 위한 최소한의 세계사",23,사건,3
9791193128428,"(펼치는 순간 단숨에 6,000년 역사가 읽히는) 요즘 어른을 위한 최소한의 세계사",23,사람,3
9791193128428,"(펼치는 순간 단숨에 6,000년 역사가 읽히는) 요즘 어른을 위한 최소한의 세계사",23,순간,3
9791193128428,"(펼치는 순간 단숨에 6,000년 역사가 읽히는) 요즘 어른을 위한 최소한의 세계사",23,스페인,3
9791193128428,"(펼치는 순간 단숨에 6,000년 역사가 읽히는) 요즘 어른을 위한 최소한의 세계사",23,나라,3
9791193128428,"(펼치는 순간 단숨에 6,000년 역사가 읽히는) 요즘 어른을 위한 최소한의 세계사",23,전쟁사,3
9791193128428,"(펼치는 순간 단숨에 6,000년 역사가 읽히는) 요즘 어른을 위한 최소한의 세계사",23,식민지,3
9791193128428,"(펼치는 순간 단숨에 6,000년 역사가 읽히는) 요즘 어른을 위한 최소한의 세계사",23,20세기,3
9791193128428,"(펼치는 순간 단숨에 6,000년 역사가 읽히는) 요즘 어른을 위한 최소한의 세계사",23,세상,3
9791193128428,"(펼치는 순간 단숨에 6,000년 역사가 읽히는) 요즘 어른을 위한 최소한의 세계사",23,인류,3
9791193128428,"(펼치는 순간 단숨에 6,000년 역사가 읽히는) 요즘 어른을 위한 최소한의 세계사",23,고대,3
9791193128428,"(펼치는 순간 단숨에 6,000년 역사가 읽히는) 요즘 어른을 위한 최소한의 세계사",23,살기,2
9791193128428,"(펼치는 순간 단숨에 6,000년 역사가 읽히는) 요즘 어른을 위한 최소한의 세계사",23,동남아,2
9791193128428,"(펼치는 순간 단숨에 6,000년 역사가 읽히는) 요즘 어른을 위한 최소한의 세계사",23,동서양,2
9791193128428,"(펼치는 순간 단숨에 6,000년 역사가 읽히는) 요즘 어른을 위한 최소한의 세계사",23,동슬라브,2
9791193128428,"(펼치는 순간 단숨에 6,000년 역사가 읽히는) 요즘 어른을 위한 최소한의 세계사",23,김봉중  감수,2
9791193128428,"(펼치는 순간 단숨에 6,000년 역사가 읽히는) 요즘 어른을 위한 최소한의 세계사",23,강대국,2
9791193128428,"(펼치는 순간 단숨에 6,000년 역사가 읽히는) 요즘 어른을 위한 최소한의 세계사",23,스토리텔러,2
9791193128428,"(펼치는 순간 단숨에 6,000년 역사가 읽히는) 요즘 어른을 위한 최소한의 세계사",23,흥망,2
9791193128428,"(펼치는 순간 단숨에 6,000년 역사가 읽히는) 요즘 어른을 위한 최소한의 세계사",23,경계,2
9791193128428,"(펼치는 순간 단숨에 6,000년 역사가 읽히는) 요즘 어른을 위한 최소한의 세계사",23,나일강,2
9791193128428,"(펼치는 순간 단숨에 6,000년 역사가 읽히는) 요즘 어른을 위한 최소한의 세계사",23,스토리텔링,2
9791193128428,"(펼치는 순간 단숨에 6,000년 역사가 읽히는) 요즘 어른을 위한 최소한의 세계사",23,빅피시,2
9791193128428,"(펼치는 순간 단숨에 6,000년 역사가 읽히는) 요즘 어른을 위한 최소한의 세계사",23,구독자,2
9791193128428,"(펼치는 순간 단숨에 6,000년 역사가 읽히는) 요즘 어른을 위한 최소한의 세계사",23,신생국,2
9791193128428,"(펼치는 순간 단숨에 6,000년 역사가 읽히는) 요즘 어른을 위한 최소한의 세계사",23,고대사,2
9791193128428,"(펼치는 순간 단숨에 6,000년 역사가 읽히는) 요즘 어른을 위한 최소한의 세계사",23,세계사 일반,2
9791193128428,"(펼치는 순간 단숨에 6,000년 역사가 읽히는) 요즘 어른을 위한 최소한의 세계사",23,세계정세,2
9791193128428,"(펼치는 순간 단숨에 6,000년 역사가 읽히는) 요즘 어른을 위한 최소한의 세계사",23,비밀,2
9791198243430,(5천년 역사가 단숨에 이해되는) 최소한의 한국사,23,역사,25
9791198243430,(5천년 역사가 단숨에 이해되는) 최소한의 한국사,23,한국사,20
9791198243430,(5천년 역사가 단숨에 이해되는) 최소한의 한국사,23,최소한의 한국사,9
9791198243430,(5천년 역사가 단숨에 이해되는) 최소한의 한국사,23,조선,8
9791198243430,(5천년 역사가 단숨에 이해되는) 최소한의 한국사,23,강국,8
9791198243430,(5천년 역사가 단숨에 이해되는) 최소한의 한국사,23,최태성,7
9791198243430,(5천년 역사가 단숨에 이해되는) 최소한의 한국사,23,이해,6
9791198243430,(5천년 역사가 단숨에 이해되는) 최소한의 한국사,23,고조선,6
9791198243430,(5천년 역사가 단숨에 이해되는) 최소한의 한국사,23,강사,6
9791198243430,(5천년 역사가 단숨에 이해되는) 최소한의 한국사,23,사람,5
9791198243430,(5천년 역사가 단숨에 이해되는) 최소한의 한국사,23,대한민국,5
9791198243430,(5천년 역사가 단숨에 이해되는) 최소한의 한국사,23,핵심,5
9791198243430,(5천년 역사가 단숨에 이해되는) 최소한의 한국사,23,대표,5
9791198243430,(5천년 역사가 단숨에 이해되는) 최소한의 한국사,23,건국,5
9791198243430,(5천년 역사가 단숨에 이해되는) 최소한의 한국사,23,문화,5
9791198243430,(5천년 역사가 단숨에 이해되는) 최소한의 한국사,23,수강생,4
9791198243430,(5천년 역사가 단숨에 이해되는) 최소한의 한국사,23,외교,4
9791198243430,(5천년 역사가 단숨에 이해되는) 최소한의 한국사,23,정치사,4
9791198243430,(5천년 역사가 단숨에 이해되는) 최소한의 한국사,23,반만년,4
9791198243430,(5천년 역사가 단숨에 이해되는) 최소한의 한국사,23,고려,4
9791198243430,(5천년 역사가 단숨에 이해되는) 최소한의 한국사,23,누적,4
9791198243430,(5천년 역사가 단숨에 이해되는) 최소한의 한국사,23,고구려,4
9791198243430,(5천년 역사가 단숨에 이해되는) 최소한의 한국사,23,통일,4
9791198243430,(5천년 역사가 단숨에 이해되는) 최소한의 한국사,23,역사가,4
9791198243430,(5천년 역사가 단숨에 이해되는) 최소한의 한국사,23,단숨,4
9791198243430,(5천년 역사가 단숨에 이해되는) 최소한의 한국사,23,개혁,3
9791198243430,(5천년 역사가 단숨에 이해되는) 최소한의 한국사,23,벌거벗은 한국사,3
9791198243430,(5천년 역사가 단숨에 이해되는) 최소한의 한국사,23,한반도,3
9791198243430,(5천년 역사가 단숨에 이해되는) 최소한의 한국사,23,공부,3
9791198243430,(5천년 역사가 단숨에 이해되는) 최소한의 한국사,23,교과서,3
9791198243430,(5천년 역사가 단숨에 이해되는) 최소한의 한국사,23,국가,3
9791198243430,(5천년 역사가 단숨에 이해되는) 최소한의 한국사,23,교양,3
9791198243430,(5천년 역사가 단숨에 이해되는) 최소한의 한국사,23,역사저널 그날,3
9791198243430,(5천년 역사가 단숨에 이해되는) 최소한의 한국사,23,분기점,3
9791198243430,(5천년 역사가 단숨에 이해되는) 최소한의 한국사,23,5천,3
9791198243430,(5천년 역사가 단숨에 이해되는) 최소한의 한국사,23,혼란,3
9791198243430,(5천년 역사가 단숨에 이해되는) 최소한의 한국사,23,질문,3
9791198243430,(5천년 역사가 단숨에 이해되는) 최소한의 한국사,23,사건,3
9791198243430,(5천년 역사가 단숨에 이해되는) 최소한의 한국사,23,일제강점기,3
9791198243430,(5천년 역사가 단숨에 이해되는) 최소한의 한국사,23,몰락,2
9791198243430,(5천년 역사가 단숨에 이해되는) 최소한의 한국사,23,등장,2
9791198243430,(5천년 역사가 단숨에 이해되는) 최소한의 한국사,23,문벌,2
9791198243430,(5천년 역사가 단숨에 이해되는) 최소한의 한국사,23,공민왕,2
9791198243430,(5천년 역사가 단숨에 이해되는) 최소한의 한국사,23,맥락,2
9791198243430,(5천년 역사가 단숨에 이해되는) 최소한의 한국사,23,2000년,2
9791198243430,(5천년 역사가 단숨에 이해되는) 최소한의 한국사,23,2333년,2
9791198243430,(5천년 역사가 단숨에 이해되는) 최소한의 한국사,23,6 15,2
9791198243430,(5천년 역사가 단숨에 이해되는) 최소한의 한국사,23,무신시대,2
9791198243430,(5천년 역사가 단숨에 이해되는) 최소한의 한국사,23,무역,2
9791198243430,(5천년 역사가 단숨에 이해되는) 최소한의 한국사,23,문화유산,2
9791169850445,남에게 보여주려고 인생을 낭비하지 마라 :쇼펜하우어 소품집,23,쇼펜하우어,10
9791169850445,남에게 보여주려고 인생을 낭비하지 마라 :쇼펜하우어 소품집,23,행복,9
9791169850445,남에게 보여주려고 인생을 낭비하지 마라 :쇼펜하우어 소품집,23,철학,6
9791169850445,남에게 보여주려고 인생을 낭비하지 마라 :쇼펜하우어 소품집,23,영향,5
9791169850445,남에게 보여주려고 인생을 낭비하지 마라 :쇼펜하우어 소품집,23,철학자,5
9791169850445,남에게 보여주려고 인생을 낭비하지 마라 :쇼펜하우어 소품집,23,누구,4
9791169850445,남에게 보여주려고 인생을 낭비하지 마라 :쇼펜하우어 소품집,23,추구,4
9791169850445,남에게 보여주려고 인생을 낭비하지 마라 :쇼펜하우어 소품집,23,니체,4
9791169850445,남에게 보여주려고 인생을 낭비하지 마라 :쇼펜하우어 소품집,23,톨스토이,3
9791169850445,남에게 보여주려고 인생을 낭비하지 마라 :쇼펜하우어 소품집,23,소품과 부록,3
9791169850445,남에게 보여주려고 인생을 낭비하지 마라 :쇼펜하우어 소품집,23,사상가,3
9791169850445,남에게 보여주려고 인생을 낭비하지 마라 :쇼펜하우어 소품집,23,개인,3
9791169850445,남에게 보여주려고 인생을 낭비하지 마라 :쇼펜하우어 소품집,23,의지와 표상으로서의 세계,3
9791169850445,남에게 보여주려고 인생을 낭비하지 마라 :쇼펜하우어 소품집,23,불행,3
9791169850445,남에게 보여주려고 인생을 낭비하지 마라 :쇼펜하우어 소품집,23,태도,3
9791169850445,남에게 보여주려고 인생을 낭비하지 마라 :쇼펜하우어 소품집,23,자연에서의 의지에 관하여,3
9791169850445,남에게 보여주려고 인생을 낭비하지 마라 :쇼펜하우어 소품집,23,대하,2
9791169850445,남에게 보여주려고 인생을 낭비하지 마라 :쇼펜하우어 소품집,23,서양,2
9791169850445,남에게 보여주려고 인생을 낭비하지 마라 :쇼펜하우어 소품집,23,페이지2 page2,2
9791169850445,남에게 보여주려고 인생을 낭비하지 마라 :쇼펜하우어 소품집,23,진리,2
9791169850445,남에게 보여주려고 인생을 낭비하지 마라 :쇼펜하우어 소품집,23,소유물,2
9791169850445,남에게 보여주려고 인생을 낭비하지 마라 :쇼펜하우어 소품집,23,지혜,2
9791169850445,남에게 보여주려고 인생을 낭비하지 마라 :쇼펜하우어 소품집,23,아르투어 쇼펜하우어,2
9791169850445,남에게 보여주려고 인생을 낭비하지 마라 :쇼펜하우어 소품집,23,자신,2
9791169850445,남에게 보여주려고 인생을 낭비하지 마라 :쇼펜하우어 소품집,23,외면,2
9791169850445,남에게 보여주려고 인생을 낭비하지 마라 :쇼펜하우어 소품집,23,평가,2
9791169850445,남에게 보여주려고 인생을 낭비하지 마라 :쇼펜하우어 소품집,23,인물,2
9791169850445,남에게 보여주려고 인생을 낭비하지 마라 :쇼펜하우어 소품집,23,사상,2
9791169850445,남에게 보여주려고 인생을 낭비하지 마라 :쇼펜하우어 소품집,23,아인슈타인,2
9791169850445,남에게 보여주려고 인생을 낭비하지 마라 :쇼펜하우어 소품집,23,인간,2
9791169850445,남에게 보여주려고 인생을 낭비하지 마라 :쇼펜하우어 소품집,23,사람,2
9791169850445,남에게 보여주려고 인생을 낭비하지 마라 :쇼펜하우어 소품집,23,격언,2
9791169850445,남에게 보여주려고 인생을 낭비하지 마라 :쇼펜하우어 소품집,23,의미,2
9791169850445,남에게 보여주려고 인생을 낭비하지 마라 :쇼펜하우어 소품집,23,교양 인문학,2
9791169850445,남에게 보여주려고 인생을 낭비하지 마라 :쇼펜하우어 소품집,23,지대,2
9791169850445,남에게 보여주려고 인생을 낭비하지 마라 :쇼펜하우어 소품집,23,박제헌  옮긴이,2
9791169850445,남에게 보여주려고 인생을 낭비하지 마라 :쇼펜하우어 소품집,23,나이,2
9791169850445,남에게 보여주려고 인생을 낭비하지 마라 :쇼펜하우어 소품집,23,독일,2
9791169850445,남에게 보여주려고 인생을 낭비하지 마라 :쇼펜하우어 소품집,23,명제,1
9791169850445,남에게 보여주려고 인생을 낭비하지 마라 :쇼펜하우어 소품집,23,19세기,1
9791169850445,남에게 보여주려고 인생을 낭비하지 마라 :쇼펜하우어 소품집,23,무신론자,1
9791169850445,남에게 보여주려고 인생을 낭비하지 마라 :쇼펜하우어 소품집,23,문체,1
9791169850445,남에게 보여주려고 인생을 낭비하지 마라 :쇼펜하우어 소품집,23,희망,1
9791169850445,남에게 보여주려고 인생을 낭비하지 마라 :쇼펜하우어 소품집,23,냉소적,1
9791169850445,남에게 보여주려고 인생을 낭비하지 마라 :쇼펜하우어 소품집,23,가지,1
9791169850445,남에게 보여주려고 인생을 낭비하지 마라 :쇼펜하우어 소품집,23,강력,1
9791169850445,남에게 보여주려고 인생을 낭비하지 마라 :쇼펜하우어 소품집,23,기쁨,1
9791169850445,남에게 보여주려고 인생을 낭비하지 마라 :쇼펜하우어 소품집,23,꼬리표,1
9791169850445,남에게 보여주려고 인생을 낭비하지 마라 :쇼펜하우어 소품집,23,논쟁,1
9791169850445,남에게 보여주려고 인생을 낭비하지 마라 :쇼펜하우어 소품집,23,논문,1
9791192625553,당신의 인생이 왜 힘들지 않아야 한다고 생각하십니까 :쇼펜하우어 아포리즘,23,쇼펜하우어,15
9791192625553,당신의 인생이 왜 힘들지 않아야 한다고 생각하십니까 :쇼펜하우어 아포리즘,23,인생,14
9791192625553,당신의 인생이 왜 힘들지 않아야 한다고 생각하십니까 :쇼펜하우어 아포리즘,23,사람,8
9791192625553,당신의 인생이 왜 힘들지 않아야 한다고 생각하십니까 :쇼펜하우어 아포리즘,23,철학,7
9791192625553,당신의 인생이 왜 힘들지 않아야 한다고 생각하십니까 :쇼펜하우어 아포리즘,23,인간,7
9791192625553,당신의 인생이 왜 힘들지 않아야 한다고 생각하십니까 :쇼펜하우어 아포리즘,23,행복,7
9791192625553,당신의 인생이 왜 힘들지 않아야 한다고 생각하십니까 :쇼펜하우어 아포리즘,23,고통,6
9791192625553,당신의 인생이 왜 힘들지 않아야 한다고 생각하십니까 :쇼펜하우어 아포리즘,23,불행,5
9791192625553,당신의 인생이 왜 힘들지 않아야 한다고 생각하십니까 :쇼펜하우어 아포리즘,23,죽음,5
9791192625553,당신의 인생이 왜 힘들지 않아야 한다고 생각하십니까 :쇼펜하우어 아포리즘,23,자신,5
9791192625553,당신의 인생이 왜 힘들지 않아야 한다고 생각하십니까 :쇼펜하우어 아포리즘,23,이유,5
9791192625553,당신의 인생이 왜 힘들지 않아야 한다고 생각하십니까 :쇼펜하우어 아포리즘,23,독일,4
9791192625553,당신의 인생이 왜 힘들지 않아야 한다고 생각하십니까 :쇼펜하우어 아포리즘,23,사소,4
9791192625553,당신의 인생이 왜 힘들지 않아야 한다고 생각하십니까 :쇼펜하우어 아포리즘,23,영향,4
9791192625553,당신의 인생이 왜 힘들지 않아야 한다고 생각하십니까 :쇼펜하우어 아포리즘,23,오늘,4
9791192625553,당신의 인생이 왜 힘들지 않아야 한다고 생각하십니까 :쇼펜하우어 아포리즘,23,존재,4
9791192625553,당신의 인생이 왜 힘들지 않아야 한다고 생각하십니까 :쇼펜하우어 아포리즘,23,시절,3
9791192625553,당신의 인생이 왜 힘들지 않아야 한다고 생각하십니까 :쇼펜하우어 아포리즘,23,판단,3
9791192625553,당신의 인생이 왜 힘들지 않아야 한다고 생각하십니까 :쇼펜하우어 아포리즘,23,타인,3
9791192625553,당신의 인생이 왜 힘들지 않아야 한다고 생각하십니까 :쇼펜하우어 아포리즘,23,철학자,3
9791192625553,당신의 인생이 왜 힘들지 않아야 한다고 생각하십니까 :쇼펜하우어 아포리즘,23,그대,3
9791192625553,당신의 인생이 왜 힘들지 않아야 한다고 생각하십니까 :쇼펜하우어 아포리즘,23,국가,3
9791192625553,당신의 인생이 왜 힘들지 않아야 한다고 생각하십니까 :쇼펜하우어 아포리즘,23,수도,3
9791192625553,당신의 인생이 왜 힘들지 않아야 한다고 생각하십니까 :쇼펜하우어 아포리즘,23,재능,3
9791192625553,당신의 인생이 왜 힘들지 않아야 한다고 생각하십니까 :쇼펜하우어 아포리즘,23,김욱  옮긴이,2
9791192625553,당신의 인생이 왜 힘들지 않아야 한다고 생각하십니까 :쇼펜하우어 아포리즘,23,숫자,2
9791192625553,당신의 인생이 왜 힘들지 않아야 한다고 생각하십니까 :쇼펜하우어 아포리즘,23,비관,2
9791192625553,당신의 인생이 왜 힘들지 않아야 한다고 생각하십니까 :쇼펜하우어 아포리즘,23,어머니,2
9791192625553,당신의 인생이 왜 힘들지 않아야 한다고 생각하십니까 :쇼펜하우어 아포리즘,23,국민,2
9791192625553,당신의 인생이 왜 힘들지 않아야 한다고 생각하십니까 :쇼펜하우어 아포리즘,23,산책,2
9791192625553,당신의 인생이 왜 힘들지 않아야 한다고 생각하십니까 :쇼펜하우어 아포리즘,23,성숙,2
9791192625553,당신의 인생이 왜 힘들지 않아야 한다고 생각하십니까 :쇼펜하우어 아포리즘,23,아르투어 쇼펜하우어,2
9791192625553,당신의 인생이 왜 힘들지 않아야 한다고 생각하십니까 :쇼펜하우어 아포리즘,23,권태,2
9791192625553,당신의 인생이 왜 힘들지 않아야 한다고 생각하십니까 :쇼펜하우어 아포리즘,23,은총,2
9791192625553,당신의 인생이 왜 힘들지 않아야 한다고 생각하십니까 :쇼펜하우어 아포리즘,23,명예,2
9791192625553,당신의 인생이 왜 힘들지 않아야 한다고 생각하십니까 :쇼펜하우어 아포리즘,23,19세기,2
9791192625553,당신의 인생이 왜 힘들지 않아야 한다고 생각하십니까 :쇼펜하우어 아포리즘,23,신의,2
9791192625553,당신의 인생이 왜 힘들지 않아야 한다고 생각하십니까 :쇼펜하우어 아포리즘,23,생의,2
9791192625553,당신의 인생이 왜 힘들지 않아야 한다고 생각하십니까 :쇼펜하우어 아포리즘,23,개인,2
9791192625553,당신의 인생이 왜 힘들지 않아야 한다고 생각하십니까 :쇼펜하우어 아포리즘,23,세계관,2
9791192625553,당신의 인생이 왜 힘들지 않아야 한다고 생각하십니까 :쇼펜하우어 아포리즘,23,아들,2
9791192625553,당신의 인생이 왜 힘들지 않아야 한다고 생각하십니까 :쇼펜하우어 아포리즘,23,얼마,2
9791192625553,당신의 인생이 왜 힘들지 않아야 한다고 생각하십니까 :쇼펜하우어 아포리즘,23,성장,2
9791192625553,당신의 인생이 왜 힘들지 않아야 한다고 생각하십니까 :쇼펜하우어 아포리즘,23,위로,2
9791192625553,당신의 인생이 왜 힘들지 않아야 한다고 생각하십니까 :쇼펜하우어 아포리즘,23,의존,2
9791192625553,당신의 인생이 왜 힘들지 않아야 한다고 생각하십니까 :쇼펜하우어 아포리즘,23,고뇌,2
9791192625553,당신의 인생이 왜 힘들지 않아야 한다고 생각하십니까 :쇼펜하우어 아포리즘,23,2부,2
9791192625553,당신의 인생이 왜 힘들지 않아야 한다고 생각하십니까 :쇼펜하우어 아포리즘,23,동료,2
9791192625553,당신의 인생이 왜 힘들지 않아야 한다고 생각하십니까 :쇼펜하우어 아포리즘,23,완성,2
9791192625553,당신의 인생이 왜 힘들지 않아야 한다고 생각하십니까 :쇼펜하우어 아포리즘,23,그리스도,2
9791130648385,인생은 순간이다 :삶이라는 타석에서 평생 지켜온 철학,23,나이,12
9791130648385,인생은 순간이다 :삶이라는 타석에서 평생 지켜온 철학,23,야구,12
9791130648385,인생은 순간이다 :삶이라는 타석에서 평생 지켜온 철학,23,인생,11
9791130648385,인생은 순간이다 :삶이라는 타석에서 평생 지켜온 철학,23,감독,10
9791130648385,인생은 순간이다 :삶이라는 타석에서 평생 지켜온 철학,23,김성근,9
9791130648385,인생은 순간이다 :삶이라는 타석에서 평생 지켜온 철학,23,트라이,6
9791130648385,인생은 순간이다 :삶이라는 타석에서 평생 지켜온 철학,23,별명,5
9791130648385,인생은 순간이다 :삶이라는 타석에서 평생 지켜온 철학,23,깨달음,4
9791130648385,인생은 순간이다 :삶이라는 타석에서 평생 지켜온 철학,23,우승,4
9791130648385,인생은 순간이다 :삶이라는 타석에서 평생 지켜온 철학,23,최강야구,4
9791130648385,인생은 순간이다 :삶이라는 타석에서 평생 지켜온 철학,23,거북이,4
9791130648385,인생은 순간이다 :삶이라는 타석에서 평생 지켜온 철학,23,사람,4
9791130648385,인생은 순간이다 :삶이라는 타석에서 평생 지켜온 철학,23,리더,4
9791130648385,인생은 순간이다 :삶이라는 타석에서 평생 지켜온 철학,23,여전,3
9791130648385,인생은 순간이다 :삶이라는 타석에서 평생 지켜온 철학,23,걸음,3
9791130648385,인생은 순간이다 :삶이라는 타석에서 평생 지켜온 철학,23,꼴찌,3
9791130648385,인생은 순간이다 :삶이라는 타석에서 평생 지켜온 철학,23,현역,3
9791130648385,인생은 순간이다 :삶이라는 타석에서 평생 지켜온 철학,23,생각,3
9791130648385,인생은 순간이다 :삶이라는 타석에서 평생 지켜온 철학,23,인간,3
9791130648385,인생은 순간이다 :삶이라는 타석에서 평생 지켜온 철학,23,대한민국,3
9791130648385,인생은 순간이다 :삶이라는 타석에서 평생 지켜온 철학,23,82세,3
9791130648385,인생은 순간이다 :삶이라는 타석에서 평생 지켜온 철학,23,야구계,3
9791130648385,인생은 순간이다 :삶이라는 타석에서 평생 지켜온 철학,23,지도자,3
9791130648385,인생은 순간이다 :삶이라는 타석에서 평생 지켜온 철학,23,부모,3
9791130648385,인생은 순간이다 :삶이라는 타석에서 평생 지켜온 철학,23,실패,3
9791130648385,인생은 순간이다 :삶이라는 타석에서 평생 지켜온 철학,23,자리,3
9791130648385,인생은 순간이다 :삶이라는 타석에서 평생 지켜온 철학,23,25년,2
9791130648385,인생은 순간이다 :삶이라는 타석에서 평생 지켜온 철학,23,2장,2
9791130648385,인생은 순간이다 :삶이라는 타석에서 평생 지켜온 철학,23,빗속,2
9791130648385,인생은 순간이다 :삶이라는 타석에서 평생 지켜온 철학,23,서서,2
9791130648385,인생은 순간이다 :삶이라는 타석에서 평생 지켜온 철학,23,낙천주의자,2
9791130648385,인생은 순간이다 :삶이라는 타석에서 평생 지켜온 철학,23,남들,2
9791130648385,인생은 순간이다 :삶이라는 타석에서 평생 지켜온 철학,23,승부,2
9791130648385,인생은 순간이다 :삶이라는 타석에서 평생 지켜온 철학,23,다산북스,2
9791130648385,인생은 순간이다 :삶이라는 타석에서 평생 지켜온 철학,23,다음,2
9791130648385,인생은 순간이다 :삶이라는 타석에서 평생 지켜온 철학,23,기타 명사에세이,2
9791130648385,인생은 순간이다 :삶이라는 타석에서 평생 지켜온 철학,23,비관적,2
9791130648385,인생은 순간이다 :삶이라는 타석에서 평생 지켜온 철학,23,가정,2
9791130648385,인생은 순간이다 :삶이라는 타석에서 평생 지켜온 철학,23,가족,2
9791130648385,인생은 순간이다 :삶이라는 타석에서 평생 지켜온 철학,23,스위치,2
9791130648385,인생은 순간이다 :삶이라는 타석에서 평생 지켜온 철학,23,것들,2
9791130648385,인생은 순간이다 :삶이라는 타석에서 평생 지켜온 철학,23,애정,2
9791130648385,인생은 순간이다 :삶이라는 타석에서 평생 지켜온 철학,23,80년,2
9791130648385,인생은 순간이다 :삶이라는 타석에서 평생 지켜온 철학,23,야신,2
9791130648385,인생은 순간이다 :삶이라는 타석에서 평생 지켜온 철학,23,선수,2
9791130648385,인생은 순간이다 :삶이라는 타석에서 평생 지켜온 철학,23,가을,2
9791130648385,인생은 순간이다 :삶이라는 타석에서 평생 지켜온 철학,23,살의,2
9791130648385,인생은 순간이다 :삶이라는 타석에서 평생 지켜온 철학,23,비운,2
9791130648385,인생은 순간이다 :삶이라는 타석에서 평생 지켜온 철학,23,비난,2
9791130648385,인생은 순간이다 :삶이라는 타석에서 평생 지켜온 철학,23,시간,2
9791198013026,(이미 늦었다고 생각하는 당신을 위한) 김미경의 마흔 수업,23,인생,22
9791198013026,(이미 늦었다고 생각하는 당신을 위한) 김미경의 마흔 수업,23,사람,13
9791198013026,(이미 늦었다고 생각하는 당신을 위한) 김미경의 마흔 수업,23,김미경,12
9791198013026,(이미 늦었다고 생각하는 당신을 위한) 김미경의 마흔 수업,23,불안,11
9791198013026,(이미 늦었다고 생각하는 당신을 위한) 김미경의 마흔 수업,23,40대,9
9791198013026,(이미 늦었다고 생각하는 당신을 위한) 김미경의 마흔 수업,23,세대,9
9791198013026,(이미 늦었다고 생각하는 당신을 위한) 김미경의 마흔 수업,23,시작,8
9791198013026,(이미 늦었다고 생각하는 당신을 위한) 김미경의 마흔 수업,23,퇴사,6
9791198013026,(이미 늦었다고 생각하는 당신을 위한) 김미경의 마흔 수업,23,이룬,6
9791198013026,(이미 늦었다고 생각하는 당신을 위한) 김미경의 마흔 수업,23,국민,6
9791198013026,(이미 늦었다고 생각하는 당신을 위한) 김미경의 마흔 수업,23,성장,6
9791198013026,(이미 늦었다고 생각하는 당신을 위한) 김미경의 마흔 수업,23,오늘,6
9791198013026,(이미 늦었다고 생각하는 당신을 위한) 김미경의 마흔 수업,23,누구,6
9791198013026,(이미 늦었다고 생각하는 당신을 위한) 김미경의 마흔 수업,23,세상,5
9791198013026,(이미 늦었다고 생각하는 당신을 위한) 김미경의 마흔 수업,23,시절,5
9791198013026,(이미 늦었다고 생각하는 당신을 위한) 김미경의 마흔 수업,23,나이,5
9791198013026,(이미 늦었다고 생각하는 당신을 위한) 김미경의 마흔 수업,23,최고,5
9791198013026,(이미 늦었다고 생각하는 당신을 위한) 김미경의 마흔 수업,23,것들,5
9791198013026,(이미 늦었다고 생각하는 당신을 위한) 김미경의 마흔 수업,23,도전,5
9791198013026,(이미 늦었다고 생각하는 당신을 위한) 김미경의 마흔 수업,23,안정,5
9791198013026,(이미 늦었다고 생각하는 당신을 위한) 김미경의 마흔 수업,23,가지,5
9791198013026,(이미 늦었다고 생각하는 당신을 위한) 김미경의 마흔 수업,23,열풍,4
9791198013026,(이미 늦었다고 생각하는 당신을 위한) 김미경의 마흔 수업,23,미래,4
9791198013026,(이미 늦었다고 생각하는 당신을 위한) 김미경의 마흔 수업,23,단단,4
9791198013026,(이미 늦었다고 생각하는 당신을 위한) 김미경의 마흔 수업,23,이유,4
9791198013026,(이미 늦었다고 생각하는 당신을 위한) 김미경의 마흔 수업,23,원씽,4
9791198013026,(이미 늦었다고 생각하는 당신을 위한) 김미경의 마흔 수업,23,아이,4
9791198013026,(이미 늦었다고 생각하는 당신을 위한) 김미경의 마흔 수업,23,시간,4
9791198013026,(이미 늦었다고 생각하는 당신을 위한) 김미경의 마흔 수업,23,열심,4
9791198013026,(이미 늦었다고 생각하는 당신을 위한) 김미경의 마흔 수업,23,기대,4
9791198013026,(이미 늦었다고 생각하는 당신을 위한) 김미경의 마흔 수업,23,자기,4
9791198013026,(이미 늦었다고 생각하는 당신을 위한) 김미경의 마흔 수업,23,당연,3
9791198013026,(이미 늦었다고 생각하는 당신을 위한) 김미경의 마흔 수업,23,올해,3
9791198013026,(이미 늦었다고 생각하는 당신을 위한) 김미경의 마흔 수업,23,언니,3
9791198013026,(이미 늦었다고 생각하는 당신을 위한) 김미경의 마흔 수업,23,갓생,3
9791198013026,(이미 늦었다고 생각하는 당신을 위한) 김미경의 마흔 수업,23,강사,3
9791198013026,(이미 늦었다고 생각하는 당신을 위한) 김미경의 마흔 수업,23,10년,3
9791198013026,(이미 늦었다고 생각하는 당신을 위한) 김미경의 마흔 수업,23,불황,3
9791198013026,(이미 늦었다고 생각하는 당신을 위한) 김미경의 마흔 수업,23,근육,3
9791198013026,(이미 늦었다고 생각하는 당신을 위한) 김미경의 마흔 수업,23,우울,3
9791198013026,(이미 늦었다고 생각하는 당신을 위한) 김미경의 마흔 수업,23,1세대,3
9791198013026,(이미 늦었다고 생각하는 당신을 위한) 김미경의 마흔 수업,23,시대,3
9791198013026,(이미 늦었다고 생각하는 당신을 위한) 김미경의 마흔 수업,23,멘토,3
9791198013026,(이미 늦었다고 생각하는 당신을 위한) 김미경의 마흔 수업,23,마음,3
9791198013026,(이미 늦었다고 생각하는 당신을 위한) 김미경의 마흔 수업,23,연결,3
9791198013026,(이미 늦었다고 생각하는 당신을 위한) 김미경의 마흔 수업,23,남자,3
9791198013026,(이미 늦었다고 생각하는 당신을 위한) 김미경의 마흔 수업,23,이들,3
9791198013026,(이미 늦었다고 생각하는 당신을 위한) 김미경의 마흔 수업,23,연습,3
9791198013026,(이미 늦었다고 생각하는 당신을 위한) 김미경의 마흔 수업,23,MKTV,3
9791198013026,(이미 늦었다고 생각하는 당신을 위한) 김미경의 마흔 수업,23,생각,3
9788968331862,방구석 미술관 :가볍고 편하게 시작하는 유쾌한 교양 미술,23,미술,61
9788968331862,방구석 미술관 :가볍고 편하게 시작하는 유쾌한 교양 미술,23,화가,24
9788968331862,방구석 미술관 :가볍고 편하게 시작하는 유쾌한 교양 미술,23,방구석 미술관,24
9788968331862,방구석 미술관 :가볍고 편하게 시작하는 유쾌한 교양 미술,23,미술관,14
9788968331862,방구석 미술관 :가볍고 편하게 시작하는 유쾌한 교양 미술,23,거장,12
9788968331862,방구석 미술관 :가볍고 편하게 시작하는 유쾌한 교양 미술,23,방구석,12
9788968331862,방구석 미술관 :가볍고 편하게 시작하는 유쾌한 교양 미술,23,미술계,11
9788968331862,방구석 미술관 :가볍고 편하게 시작하는 유쾌한 교양 미술,23,절규,10
9788968331862,방구석 미술관 :가볍고 편하게 시작하는 유쾌한 교양 미술,23,팟캐스트,10
9788968331862,방구석 미술관 :가볍고 편하게 시작하는 유쾌한 교양 미술,23,사실,8
9788968331862,방구석 미술관 :가볍고 편하게 시작하는 유쾌한 교양 미술,23,제대,8
9788968331862,방구석 미술관 :가볍고 편하게 시작하는 유쾌한 교양 미술,23,영혼,6
9788968331862,방구석 미술관 :가볍고 편하게 시작하는 유쾌한 교양 미술,23,미술책,6
9788968331862,방구석 미술관 :가볍고 편하게 시작하는 유쾌한 교양 미술,23,조원재,6
9788968331862,방구석 미술관 :가볍고 편하게 시작하는 유쾌한 교양 미술,23,교양,6
9788968331862,방구석 미술관 :가볍고 편하게 시작하는 유쾌한 교양 미술,23,선배,6
9788968331862,방구석 미술관 :가볍고 편하게 시작하는 유쾌한 교양 미술,23,장수,5
9788968331862,방구석 미술관 :가볍고 편하게 시작하는 유쾌한 교양 미술,23,그림,5
9788968331862,방구석 미술관 :가볍고 편하게 시작하는 유쾌한 교양 미술,23,뭉크,5
9788968331862,방구석 미술관 :가볍고 편하게 시작하는 유쾌한 교양 미술,23,유쾌,5
9788968331862,방구석 미술관 :가볍고 편하게 시작하는 유쾌한 교양 미술,23,시작,5
9788968331862,방구석 미술관 :가볍고 편하게 시작하는 유쾌한 교양 미술,23,피카소,5
9788968331862,방구석 미술관 :가볍고 편하게 시작하는 유쾌한 교양 미술,23,가지,5
9788968331862,방구석 미술관 :가볍고 편하게 시작하는 유쾌한 교양 미술,23,뒤통수,4
9788968331862,방구석 미술관 :가볍고 편하게 시작하는 유쾌한 교양 미술,23,평균,4
9788968331862,방구석 미술관 :가볍고 편하게 시작하는 유쾌한 교양 미술,23,마네,4
9788968331862,방구석 미술관 :가볍고 편하게 시작하는 유쾌한 교양 미술,23,세계,4
9788968331862,방구석 미술관 :가볍고 편하게 시작하는 유쾌한 교양 미술,23,20세기,4
9788968331862,방구석 미술관 :가볍고 편하게 시작하는 유쾌한 교양 미술,23,1위,4
9788968331862,방구석 미술관 :가볍고 편하게 시작하는 유쾌한 교양 미술,23,문지방,4
9788968331862,방구석 미술관 :가볍고 편하게 시작하는 유쾌한 교양 미술,23,고흐,4
9788968331862,방구석 미술관 :가볍고 편하게 시작하는 유쾌한 교양 미술,23,특유,4
9788968331862,방구석 미술관 :가볍고 편하게 시작하는 유쾌한 교양 미술,23,수명,4
9788968331862,방구석 미술관 :가볍고 편하게 시작하는 유쾌한 교양 미술,23,사랑,4
9788968331862,방구석 미술관 :가볍고 편하게 시작하는 유쾌한 교양 미술,23,아이콘,4
9788968331862,방구석 미술관 :가볍고 편하게 시작하는 유쾌한 교양 미술,23,고상,4
9788968331862,방구석 미술관 :가볍고 편하게 시작하는 유쾌한 교양 미술,23,입덕,4
9788968331862,방구석 미술관 :가볍고 편하게 시작하는 유쾌한 교양 미술,23,부담,3
9788968331862,방구석 미술관 :가볍고 편하게 시작하는 유쾌한 교양 미술,23,이유,3
9788968331862,방구석 미술관 :가볍고 편하게 시작하는 유쾌한 교양 미술,23,이름,3
9788968331862,방구석 미술관 :가볍고 편하게 시작하는 유쾌한 교양 미술,23,이질감,3
9788968331862,방구석 미술관 :가볍고 편하게 시작하는 유쾌한 교양 미술,23,노상강도,3
9788968331862,방구석 미술관 :가볍고 편하게 시작하는 유쾌한 교양 미술,23,악마,3
9788968331862,방구석 미술관 :가볍고 편하게 시작하는 유쾌한 교양 미술,23,명화,3
9788968331862,방구석 미술관 :가볍고 편하게 시작하는 유쾌한 교양 미술,23,안내,3
9788968331862,방구석 미술관 :가볍고 편하게 시작하는 유쾌한 교양 미술,23,사생활,3
9788968331862,방구석 미술관 :가볍고 편하게 시작하는 유쾌한 교양 미술,23,분야,3
9788968331862,방구석 미술관 :가볍고 편하게 시작하는 유쾌한 교양 미술,23,갓파더,3
9788968331862,방구석 미술관 :가볍고 편하게 시작하는 유쾌한 교양 미술,23,사람,3
9788968331862,방구석 미술관 :가볍고 편하게 시작하는 유쾌한 교양 미술,23,반전,3
9791190382502,"모든 것은 기본에서 시작한다 :실력도 기술도 사람 됨됨이도, 기본을 지키는 손웅정의 삶의 철학",22,축구,28
9791190382502,"모든 것은 기본에서 시작한다 :실력도 기술도 사람 됨됨이도, 기본을 지키는 손웅정의 삶의 철학",22,철학,8
9791190382502,"모든 것은 기본에서 시작한다 :실력도 기술도 사람 됨됨이도, 기본을 지키는 손웅정의 삶의 철학",22,사람,8
9791190382502,"모든 것은 기본에서 시작한다 :실력도 기술도 사람 됨됨이도, 기본을 지키는 손웅정의 삶의 철학",22,선수,8
9791190382502,"모든 것은 기본에서 시작한다 :실력도 기술도 사람 됨됨이도, 기본을 지키는 손웅정의 삶의 철학",22,아버지,6
9791190382502,"모든 것은 기본에서 시작한다 :실력도 기술도 사람 됨됨이도, 기본을 지키는 손웅정의 삶의 철학",22,자신,6
9791190382502,"모든 것은 기본에서 시작한다 :실력도 기술도 사람 됨됨이도, 기본을 지키는 손웅정의 삶의 철학",22,생각,6
9791190382502,"모든 것은 기본에서 시작한다 :실력도 기술도 사람 됨됨이도, 기본을 지키는 손웅정의 삶의 철학",22,아들,6
9791190382502,"모든 것은 기본에서 시작한다 :실력도 기술도 사람 됨됨이도, 기본을 지키는 손웅정의 삶의 철학",22,축구선수,6
9791190382502,"모든 것은 기본에서 시작한다 :실력도 기술도 사람 됨됨이도, 기본을 지키는 손웅정의 삶의 철학",22,인생,5
9791190382502,"모든 것은 기본에서 시작한다 :실력도 기술도 사람 됨됨이도, 기본을 지키는 손웅정의 삶의 철학",22,기회,5
9791190382502,"모든 것은 기본에서 시작한다 :실력도 기술도 사람 됨됨이도, 기본을 지키는 손웅정의 삶의 철학",22,시절,5
9791190382502,"모든 것은 기본에서 시작한다 :실력도 기술도 사람 됨됨이도, 기본을 지키는 손웅정의 삶의 철학",22,손웅정,5
9791190382502,"모든 것은 기본에서 시작한다 :실력도 기술도 사람 됨됨이도, 기본을 지키는 손웅정의 삶의 철학",22,세상,5
9791190382502,"모든 것은 기본에서 시작한다 :실력도 기술도 사람 됨됨이도, 기본을 지키는 손웅정의 삶의 철학",22,지도자,5
9791190382502,"모든 것은 기본에서 시작한다 :실력도 기술도 사람 됨됨이도, 기본을 지키는 손웅정의 삶의 철학",22,기본기,4
9791190382502,"모든 것은 기본에서 시작한다 :실력도 기술도 사람 됨됨이도, 기본을 지키는 손웅정의 삶의 철학",22,마음,4
9791190382502,"모든 것은 기본에서 시작한다 :실력도 기술도 사람 됨됨이도, 기본을 지키는 손웅정의 삶의 철학",22,은퇴,4
9791190382502,"모든 것은 기본에서 시작한다 :실력도 기술도 사람 됨됨이도, 기본을 지키는 손웅정의 삶의 철학",22,교육,4
9791190382502,"모든 것은 기본에서 시작한다 :실력도 기술도 사람 됨됨이도, 기본을 지키는 손웅정의 삶의 철학",22,성찰,4
9791190382502,"모든 것은 기본에서 시작한다 :실력도 기술도 사람 됨됨이도, 기본을 지키는 손웅정의 삶의 철학",22,감사,4
9791190382502,"모든 것은 기본에서 시작한다 :실력도 기술도 사람 됨됨이도, 기본을 지키는 손웅정의 삶의 철학",22,손흥민,4
9791190382502,"모든 것은 기본에서 시작한다 :실력도 기술도 사람 됨됨이도, 기본을 지키는 손웅정의 삶의 철학",22,겸손,4
9791190382502,"모든 것은 기본에서 시작한다 :실력도 기술도 사람 됨됨이도, 기본을 지키는 손웅정의 삶의 철학",22,행복,3
9791190382502,"모든 것은 기본에서 시작한다 :실력도 기술도 사람 됨됨이도, 기본을 지키는 손웅정의 삶의 철학",22,반복,3
9791190382502,"모든 것은 기본에서 시작한다 :실력도 기술도 사람 됨됨이도, 기본을 지키는 손웅정의 삶의 철학",22,아킬레스건,3
9791190382502,"모든 것은 기본에서 시작한다 :실력도 기술도 사람 됨됨이도, 기본을 지키는 손웅정의 삶의 철학",22,아비,3
9791190382502,"모든 것은 기본에서 시작한다 :실력도 기술도 사람 됨됨이도, 기본을 지키는 손웅정의 삶의 철학",22,생활,3
9791190382502,"모든 것은 기본에서 시작한다 :실력도 기술도 사람 됨됨이도, 기본을 지키는 손웅정의 삶의 철학",22,기술,3
9791190382502,"모든 것은 기본에서 시작한다 :실력도 기술도 사람 됨됨이도, 기본을 지키는 손웅정의 삶의 철학",22,감독,3
9791190382502,"모든 것은 기본에서 시작한다 :실력도 기술도 사람 됨됨이도, 기본을 지키는 손웅정의 삶의 철학",22,시간,2
9791190382502,"모든 것은 기본에서 시작한다 :실력도 기술도 사람 됨됨이도, 기본을 지키는 손웅정의 삶의 철학",22,대한민국,2
9791190382502,"모든 것은 기본에서 시작한다 :실력도 기술도 사람 됨됨이도, 기본을 지키는 손웅정의 삶의 철학",22,들어가며 부끄러움,2
9791190382502,"모든 것은 기본에서 시작한다 :실력도 기술도 사람 됨됨이도, 기본을 지키는 손웅정의 삶의 철학",22,무지,2
9791190382502,"모든 것은 기본에서 시작한다 :실력도 기술도 사람 됨됨이도, 기본을 지키는 손웅정의 삶의 철학",22,신념,2
9791190382502,"모든 것은 기본에서 시작한다 :실력도 기술도 사람 됨됨이도, 기본을 지키는 손웅정의 삶의 철학",22,공짜,2
9791190382502,"모든 것은 기본에서 시작한다 :실력도 기술도 사람 됨됨이도, 기본을 지키는 손웅정의 삶의 철학",22,일화천마,2
9791190382502,"모든 것은 기본에서 시작한다 :실력도 기술도 사람 됨됨이도, 기본을 지키는 손웅정의 삶의 철학",22,연습벌레,2
9791190382502,"모든 것은 기본에서 시작한다 :실력도 기술도 사람 됨됨이도, 기본을 지키는 손웅정의 삶의 철학",22,와도,2
9791190382502,"모든 것은 기본에서 시작한다 :실력도 기술도 사람 됨됨이도, 기본을 지키는 손웅정의 삶의 철학",22,수오서재,2
9791190382502,"모든 것은 기본에서 시작한다 :실력도 기술도 사람 됨됨이도, 기본을 지키는 손웅정의 삶의 철학",22,실력,2
9791190382502,"모든 것은 기본에서 시작한다 :실력도 기술도 사람 됨됨이도, 기본을 지키는 손웅정의 삶의 철학",22,부상,2
9791190382502,"모든 것은 기본에서 시작한다 :실력도 기술도 사람 됨됨이도, 기본을 지키는 손웅정의 삶의 철학",22,개발,2
9791190382502,"모든 것은 기본에서 시작한다 :실력도 기술도 사람 됨됨이도, 기본을 지키는 손웅정의 삶의 철학",22,집념,2
9791190382502,"모든 것은 기본에서 시작한다 :실력도 기술도 사람 됨됨이도, 기본을 지키는 손웅정의 삶의 철학",22,기본,2
9791190382502,"모든 것은 기본에서 시작한다 :실력도 기술도 사람 됨됨이도, 기본을 지키는 손웅정의 삶의 철학",22,중요성,2
9791190382502,"모든 것은 기본에서 시작한다 :실력도 기술도 사람 됨됨이도, 기본을 지키는 손웅정의 삶의 철학",22,강건,2
9791190382502,"모든 것은 기본에서 시작한다 :실력도 기술도 사람 됨됨이도, 기본을 지키는 손웅정의 삶의 철학",22,불합리,2
9791190382502,"모든 것은 기본에서 시작한다 :실력도 기술도 사람 됨됨이도, 기본을 지키는 손웅정의 삶의 철학",22,녹록,2
9791190382502,"모든 것은 기본에서 시작한다 :실력도 기술도 사람 됨됨이도, 기본을 지키는 손웅정의 삶의 철학",22,자의,2
9791192836188,문과 남자의 과학 공부 :나는 무엇이고 왜 존재하며 어디로 가는가?,22,과학,20
9791192836188,문과 남자의 과학 공부 :나는 무엇이고 왜 존재하며 어디로 가는가?,22,인문학,9
9791192836188,문과 남자의 과학 공부 :나는 무엇이고 왜 존재하며 어디로 가는가?,22,우주,7
9791192836188,문과 남자의 과학 공부 :나는 무엇이고 왜 존재하며 어디로 가는가?,22,화학,7
9791192836188,문과 남자의 과학 공부 :나는 무엇이고 왜 존재하며 어디로 가는가?,22,분야,7
9791192836188,문과 남자의 과학 공부 :나는 무엇이고 왜 존재하며 어디로 가는가?,22,생물학,7
9791192836188,문과 남자의 과학 공부 :나는 무엇이고 왜 존재하며 어디로 가는가?,22,물리학,6
9791192836188,문과 남자의 과학 공부 :나는 무엇이고 왜 존재하며 어디로 가는가?,22,수학,6
9791192836188,문과 남자의 과학 공부 :나는 무엇이고 왜 존재하며 어디로 가는가?,22,문과 남자의 과학 공부,6
9791192836188,문과 남자의 과학 공부 :나는 무엇이고 왜 존재하며 어디로 가는가?,22,문과,5
9791192836188,문과 남자의 과학 공부 :나는 무엇이고 왜 존재하며 어디로 가는가?,22,양자역학,5
9791192836188,문과 남자의 과학 공부 :나는 무엇이고 왜 존재하며 어디로 가는가?,22,생명,5
9791192836188,문과 남자의 과학 공부 :나는 무엇이고 왜 존재하며 어디로 가는가?,22,유시민,5
9791192836188,문과 남자의 과학 공부 :나는 무엇이고 왜 존재하며 어디로 가는가?,22,뇌과학,5
9791192836188,문과 남자의 과학 공부 :나는 무엇이고 왜 존재하며 어디로 가는가?,22,누구,4
9791192836188,문과 남자의 과학 공부 :나는 무엇이고 왜 존재하며 어디로 가는가?,22,언어,4
9791192836188,문과 남자의 과학 공부 :나는 무엇이고 왜 존재하며 어디로 가는가?,22,현상,4
9791192836188,문과 남자의 과학 공부 :나는 무엇이고 왜 존재하며 어디로 가는가?,22,천재,4
9791192836188,문과 남자의 과학 공부 :나는 무엇이고 왜 존재하며 어디로 가는가?,22,공부,4
9791192836188,문과 남자의 과학 공부 :나는 무엇이고 왜 존재하며 어디로 가는가?,22,존재,3
9791192836188,문과 남자의 과학 공부 :나는 무엇이고 왜 존재하며 어디로 가는가?,22,진실,3
9791192836188,문과 남자의 과학 공부 :나는 무엇이고 왜 존재하며 어디로 가는가?,22,인간,3
9791192836188,문과 남자의 과학 공부 :나는 무엇이고 왜 존재하며 어디로 가는가?,22,관심,3
9791192836188,문과 남자의 과학 공부 :나는 무엇이고 왜 존재하며 어디로 가는가?,22,바보,3
9791192836188,문과 남자의 과학 공부 :나는 무엇이고 왜 존재하며 어디로 가는가?,22,사회,3
9791192836188,문과 남자의 과학 공부 :나는 무엇이고 왜 존재하며 어디로 가는가?,22,비대칭,2
9791192836188,문과 남자의 과학 공부 :나는 무엇이고 왜 존재하며 어디로 가는가?,22,사회주의,2
9791192836188,문과 남자의 과학 공부 :나는 무엇이고 왜 존재하며 어디로 가는가?,22,사회생물학과,2
9791192836188,문과 남자의 과학 공부 :나는 무엇이고 왜 존재하며 어디로 가는가?,22,설명,2
9791192836188,문과 남자의 과학 공부 :나는 무엇이고 왜 존재하며 어디로 가는가?,22,사물,2
9791192836188,문과 남자의 과학 공부 :나는 무엇이고 왜 존재하며 어디로 가는가?,22,복잡,2
9791192836188,문과 남자의 과학 공부 :나는 무엇이고 왜 존재하며 어디로 가는가?,22,부럽지가,2
9791192836188,문과 남자의 과학 공부 :나는 무엇이고 왜 존재하며 어디로 가는가?,22,비밀,2
9791192836188,문과 남자의 과학 공부 :나는 무엇이고 왜 존재하며 어디로 가는가?,22,불교,2
9791192836188,문과 남자의 과학 공부 :나는 무엇이고 왜 존재하며 어디로 가는가?,22,불확정성,2
9791192836188,문과 남자의 과학 공부 :나는 무엇이고 왜 존재하며 어디로 가는가?,22,거울신경세포,2
9791192836188,문과 남자의 과학 공부 :나는 무엇이고 왜 존재하며 어디로 가는가?,22,경제 정치 독서 여행 글쓰기,2
9791192836188,문과 남자의 과학 공부 :나는 무엇이고 왜 존재하며 어디로 가는가?,22,기존,2
9791192836188,문과 남자의 과학 공부 :나는 무엇이고 왜 존재하며 어디로 가는가?,22,단순,2
9791192836188,문과 남자의 과학 공부 :나는 무엇이고 왜 존재하며 어디로 가는가?,22,기본,2
9791192836188,문과 남자의 과학 공부 :나는 무엇이고 왜 존재하며 어디로 가는가?,22,덧붙이,2
9791192836188,문과 남자의 과학 공부 :나는 무엇이고 왜 존재하며 어디로 가는가?,22,근본적,2
9791192836188,문과 남자의 과학 공부 :나는 무엇이고 왜 존재하며 어디로 가는가?,22,슬픔,2
9791192836188,문과 남자의 과학 공부 :나는 무엇이고 왜 존재하며 어디로 가는가?,22,그럴법,2
9791192836188,문과 남자의 과학 공부 :나는 무엇이고 왜 존재하며 어디로 가는가?,22,시간,2
9791192836188,문과 남자의 과학 공부 :나는 무엇이고 왜 존재하며 어디로 가는가?,22,그대,2
9791192836188,문과 남자의 과학 공부 :나는 무엇이고 왜 존재하며 어디로 가는가?,22,묵시록,2
9791192836188,문과 남자의 과학 공부 :나는 무엇이고 왜 존재하며 어디로 가는가?,22,돌베개,2
9791192836188,문과 남자의 과학 공부 :나는 무엇이고 왜 존재하며 어디로 가는가?,22,경제법칙,2
9791192836188,문과 남자의 과학 공부 :나는 무엇이고 왜 존재하며 어디로 가는가?,22,상대성이론,2
9791191859836,나는 읽고 쓰고 버린다 :손웅정의 말,21,손웅정,9
9791191859836,나는 읽고 쓰고 버린다 :손웅정의 말,21,축구,8
9791191859836,나는 읽고 쓰고 버린다 :손웅정의 말,21,독서,7
9791191859836,나는 읽고 쓰고 버린다 :손웅정의 말,21,감독,7
9791191859836,나는 읽고 쓰고 버린다 :손웅정의 말,21,인생,6
9791191859836,나는 읽고 쓰고 버린다 :손웅정의 말,21,나는 읽고 쓰고 버린다,6
9791191859836,나는 읽고 쓰고 버린다 :손웅정의 말,21,청소,6
9791191859836,나는 읽고 쓰고 버린다 :손웅정의 말,21,리더,6
9791191859836,나는 읽고 쓰고 버린다 :손웅정의 말,21,사색,5
9791191859836,나는 읽고 쓰고 버린다 :손웅정의 말,21,지도자,5
9791191859836,나는 읽고 쓰고 버린다 :손웅정의 말,21,사람,5
9791191859836,나는 읽고 쓰고 버린다 :손웅정의 말,21,가정,5
9791191859836,나는 읽고 쓰고 버린다 :손웅정의 말,21,노트,4
9791191859836,나는 읽고 쓰고 버린다 :손웅정의 말,21,시간,4
9791191859836,나는 읽고 쓰고 버린다 :손웅정의 말,21,운동,4
9791191859836,나는 읽고 쓰고 버린다 :손웅정의 말,21,축구선수,4
9791191859836,나는 읽고 쓰고 버린다 :손웅정의 말,21,깊이,3
9791191859836,나는 읽고 쓰고 버린다 :손웅정의 말,21,그릇,3
9791191859836,나는 읽고 쓰고 버린다 :손웅정의 말,21,기본,3
9791191859836,나는 읽고 쓰고 버린다 :손웅정의 말,21,생각,3
9791191859836,나는 읽고 쓰고 버린다 :손웅정의 말,21,선수,3
9791191859836,나는 읽고 쓰고 버린다 :손웅정의 말,21,코치,3
9791191859836,나는 읽고 쓰고 버린다 :손웅정의 말,21,대한민국,3
9791191859836,나는 읽고 쓰고 버린다 :손웅정의 말,21,노후,3
9791191859836,나는 읽고 쓰고 버린다 :손웅정의 말,21,품격,3
9791191859836,나는 읽고 쓰고 버린다 :손웅정의 말,21,부모,3
9791191859836,나는 읽고 쓰고 버린다 :손웅정의 말,21,나무,2
9791191859836,나는 읽고 쓰고 버린다 :손웅정의 말,21,노욕,2
9791191859836,나는 읽고 쓰고 버린다 :손웅정의 말,21,나지,2
9791191859836,나는 읽고 쓰고 버린다 :손웅정의 말,21,약속,2
9791191859836,나는 읽고 쓰고 버린다 :손웅정의 말,21,단순함이거든요,2
9791191859836,나는 읽고 쓰고 버린다 :손웅정의 말,21,물고기,2
9791191859836,나는 읽고 쓰고 버린다 :손웅정의 말,21,이해,2
9791191859836,나는 읽고 쓰고 버린다 :손웅정의 말,21,노릇,2
9791191859836,나는 읽고 쓰고 버린다 :손웅정의 말,21,2010년,2
9791191859836,나는 읽고 쓰고 버린다 :손웅정의 말,21,수업,2
9791191859836,나는 읽고 쓰고 버린다 :손웅정의 말,21,미리,2
9791191859836,나는 읽고 쓰고 버린다 :손웅정의 말,21,3월,2
9791191859836,나는 읽고 쓰고 버린다 :손웅정의 말,21,작성,2
9791191859836,나는 읽고 쓰고 버린다 :손웅정의 말,21,잡소리,2
9791191859836,나는 읽고 쓰고 버린다 :손웅정의 말,21,멀리,2
9791191859836,나는 읽고 쓰고 버린다 :손웅정의 말,21,상대,2
9791191859836,나는 읽고 쓰고 버린다 :손웅정의 말,21,거리,2
9791191859836,나는 읽고 쓰고 버린다 :손웅정의 말,21,세상,2
9791191859836,나는 읽고 쓰고 버린다 :손웅정의 말,21,아들,2
9791191859836,나는 읽고 쓰고 버린다 :손웅정의 말,21,은퇴,2
9791191859836,나는 읽고 쓰고 버린다 :손웅정의 말,21,일화천마,2
9791191859836,나는 읽고 쓰고 버린다 :손웅정의 말,21,공부,2
9791191859836,나는 읽고 쓰고 버린다 :손웅정의 말,21,전술,2
9791191859836,나는 읽고 쓰고 버린다 :손웅정의 말,21,교육,2
9791193080146,느리게 나이 드는 습관 :노년내과 의사가 알려주는 감속노화 실천법,21,노화,32
9791193080146,느리게 나이 드는 습관 :노년내과 의사가 알려주는 감속노화 실천법,21,나이,15
9791193080146,느리게 나이 드는 습관 :노년내과 의사가 알려주는 감속노화 실천법,21,사람,14
9791193080146,느리게 나이 드는 습관 :노년내과 의사가 알려주는 감속노화 실천법,21,습관,12
9791193080146,느리게 나이 드는 습관 :노년내과 의사가 알려주는 감속노화 실천법,21,건강,12
9791193080146,느리게 나이 드는 습관 :노년내과 의사가 알려주는 감속노화 실천법,21,생활,11
9791193080146,느리게 나이 드는 습관 :노년내과 의사가 알려주는 감속노화 실천법,21,노인,9
9791193080146,느리게 나이 드는 습관 :노년내과 의사가 알려주는 감속노화 실천법,21,노쇠,8
9791193080146,느리게 나이 드는 습관 :노년내과 의사가 알려주는 감속노화 실천법,21,PLUS,7
9791193080146,느리게 나이 드는 습관 :노년내과 의사가 알려주는 감속노화 실천법,21,PAGE,7
9791193080146,느리게 나이 드는 습관 :노년내과 의사가 알려주는 감속노화 실천법,21,이해,7
9791193080146,느리게 나이 드는 습관 :노년내과 의사가 알려주는 감속노화 실천법,21,스트레스,6
9791193080146,느리게 나이 드는 습관 :노년내과 의사가 알려주는 감속노화 실천법,21,PART,6
9791193080146,느리게 나이 드는 습관 :노년내과 의사가 알려주는 감속노화 실천법,21,필요,6
9791193080146,느리게 나이 드는 습관 :노년내과 의사가 알려주는 감속노화 실천법,21,속도,6
9791193080146,느리게 나이 드는 습관 :노년내과 의사가 알려주는 감속노화 실천법,21,식사,6
9791193080146,느리게 나이 드는 습관 :노년내과 의사가 알려주는 감속노화 실천법,21,운동,6
9791193080146,느리게 나이 드는 습관 :노년내과 의사가 알려주는 감속노화 실천법,21,생물학적,6
9791193080146,느리게 나이 드는 습관 :노년내과 의사가 알려주는 감속노화 실천법,21,노력,6
9791193080146,느리게 나이 드는 습관 :노년내과 의사가 알려주는 감속노화 실천법,21,시간,6
9791193080146,느리게 나이 드는 습관 :노년내과 의사가 알려주는 감속노화 실천법,21,수명,5
9791193080146,느리게 나이 드는 습관 :노년내과 의사가 알려주는 감속노화 실천법,21,가속노화,5
9791193080146,느리게 나이 드는 습관 :노년내과 의사가 알려주는 감속노화 실천법,21,노년내과,5
9791193080146,느리게 나이 드는 습관 :노년내과 의사가 알려주는 감속노화 실천법,21,악순환,5
9791193080146,느리게 나이 드는 습관 :노년내과 의사가 알려주는 감속노화 실천법,21,사회적,5
9791193080146,느리게 나이 드는 습관 :노년내과 의사가 알려주는 감속노화 실천법,21,세바시,4
9791193080146,느리게 나이 드는 습관 :노년내과 의사가 알려주는 감속노화 실천법,21,결과,4
9791193080146,느리게 나이 드는 습관 :노년내과 의사가 알려주는 감속노화 실천법,21,근육,4
9791193080146,느리게 나이 드는 습관 :노년내과 의사가 알려주는 감속노화 실천법,21,상태,4
9791193080146,느리게 나이 드는 습관 :노년내과 의사가 알려주는 감속노화 실천법,21,내재역량,4
9791193080146,느리게 나이 드는 습관 :노년내과 의사가 알려주는 감속노화 실천법,21,목표,4
9791193080146,느리게 나이 드는 습관 :노년내과 의사가 알려주는 감속노화 실천법,21,관리,4
9791193080146,느리게 나이 드는 습관 :노년내과 의사가 알려주는 감속노화 실천법,21,영양제,4
9791193080146,느리게 나이 드는 습관 :노년내과 의사가 알려주는 감속노화 실천법,21,관계,4
9791193080146,느리게 나이 드는 습관 :노년내과 의사가 알려주는 감속노화 실천법,21,모습,4
9791193080146,느리게 나이 드는 습관 :노년내과 의사가 알려주는 감속노화 실천법,21,감속노화,4
9791193080146,느리게 나이 드는 습관 :노년내과 의사가 알려주는 감속노화 실천법,21,수면,3
9791193080146,느리게 나이 드는 습관 :노년내과 의사가 알려주는 감속노화 실천법,21,정도,3
9791193080146,느리게 나이 드는 습관 :노년내과 의사가 알려주는 감속노화 실천법,21,단백질,3
9791193080146,느리게 나이 드는 습관 :노년내과 의사가 알려주는 감속노화 실천법,21,유 퀴즈 온 더 블록,3
9791193080146,느리게 나이 드는 습관 :노년내과 의사가 알려주는 감속노화 실천법,21,섭취,3
9791193080146,느리게 나이 드는 습관 :노년내과 의사가 알려주는 감속노화 실천법,21,MIND,3
9791193080146,느리게 나이 드는 습관 :노년내과 의사가 알려주는 감속노화 실천법,21,마음,3
9791193080146,느리게 나이 드는 습관 :노년내과 의사가 알려주는 감속노화 실천법,21,3차원,3
9791193080146,느리게 나이 드는 습관 :노년내과 의사가 알려주는 감속노화 실천법,21,자세,3
9791193080146,느리게 나이 드는 습관 :노년내과 의사가 알려주는 감속노화 실천법,21,방법,3
9791193080146,느리게 나이 드는 습관 :노년내과 의사가 알려주는 감속노화 실천법,21,절식,3
9791193080146,느리게 나이 드는 습관 :노년내과 의사가 알려주는 감속노화 실천법,21,AGMR,3
9791193080146,느리게 나이 드는 습관 :노년내과 의사가 알려주는 감속노화 실천법,21,서울아산병원,3
9791193080146,느리게 나이 드는 습관 :노년내과 의사가 알려주는 감속노화 실천법,21,걷기,3
9791198553317,내 몸 혁명 :뱃살과 질병 없이 살려면 숫자보다 몸을 바꿔라,21,비만,16
9791198553317,내 몸 혁명 :뱃살과 질병 없이 살려면 숫자보다 몸을 바꿔라,21,건강,16
9791198553317,내 몸 혁명 :뱃살과 질병 없이 살려면 숫자보다 몸을 바꿔라,21,인슐린,12
9791198553317,내 몸 혁명 :뱃살과 질병 없이 살려면 숫자보다 몸을 바꿔라,21,지방,11
9791198553317,내 몸 혁명 :뱃살과 질병 없이 살려면 숫자보다 몸을 바꿔라,21,단식,10
9791198553317,내 몸 혁명 :뱃살과 질병 없이 살려면 숫자보다 몸을 바꿔라,21,다이어트,10
9791198553317,내 몸 혁명 :뱃살과 질병 없이 살려면 숫자보다 몸을 바꿔라,21,사람,9
9791198553317,내 몸 혁명 :뱃살과 질병 없이 살려면 숫자보다 몸을 바꿔라,21,치료,9
9791198553317,내 몸 혁명 :뱃살과 질병 없이 살려면 숫자보다 몸을 바꿔라,21,해결,9
9791198553317,내 몸 혁명 :뱃살과 질병 없이 살려면 숫자보다 몸을 바꿔라,21,박용우,8
9791198553317,내 몸 혁명 :뱃살과 질병 없이 살려면 숫자보다 몸을 바꿔라,21,뱃살,8
9791198553317,내 몸 혁명 :뱃살과 질병 없이 살려면 숫자보다 몸을 바꿔라,21,저항성,8
9791198553317,내 몸 혁명 :뱃살과 질병 없이 살려면 숫자보다 몸을 바꿔라,21,체중계,7
9791198553317,내 몸 혁명 :뱃살과 질병 없이 살려면 숫자보다 몸을 바꿔라,21,원인,7
9791198553317,내 몸 혁명 :뱃살과 질병 없이 살려면 숫자보다 몸을 바꿔라,21,회복,7
9791198553317,내 몸 혁명 :뱃살과 질병 없이 살려면 숫자보다 몸을 바꿔라,21,눈금,6
9791198553317,내 몸 혁명 :뱃살과 질병 없이 살려면 숫자보다 몸을 바꿔라,21,운동,6
9791198553317,내 몸 혁명 :뱃살과 질병 없이 살려면 숫자보다 몸을 바꿔라,21,박사,6
9791198553317,내 몸 혁명 :뱃살과 질병 없이 살려면 숫자보다 몸을 바꿔라,21,질병,6
9791198553317,내 몸 혁명 :뱃살과 질병 없이 살려면 숫자보다 몸을 바꿔라,21,실천사항,6
9791198553317,내 몸 혁명 :뱃살과 질병 없이 살려면 숫자보다 몸을 바꿔라,21,개선,6
9791198553317,내 몸 혁명 :뱃살과 질병 없이 살려면 숫자보다 몸을 바꿔라,21,비만치료,6
9791198553317,내 몸 혁명 :뱃살과 질병 없이 살려면 숫자보다 몸을 바꿔라,21,체중,6
9791198553317,내 몸 혁명 :뱃살과 질병 없이 살려면 숫자보다 몸을 바꿔라,21,변화,6
9791198553317,내 몸 혁명 :뱃살과 질병 없이 살려면 숫자보다 몸을 바꿔라,21,방법,6
9791198553317,내 몸 혁명 :뱃살과 질병 없이 살려면 숫자보다 몸을 바꿔라,21,체지방,6
9791198553317,내 몸 혁명 :뱃살과 질병 없이 살려면 숫자보다 몸을 바꿔라,21,대사이상,6
9791198553317,내 몸 혁명 :뱃살과 질병 없이 살려면 숫자보다 몸을 바꿔라,21,2장,6
9791198553317,내 몸 혁명 :뱃살과 질병 없이 살려면 숫자보다 몸을 바꿔라,21,1장,6
9791198553317,내 몸 혁명 :뱃살과 질병 없이 살려면 숫자보다 몸을 바꿔라,21,감량,5
9791198553317,내 몸 혁명 :뱃살과 질병 없이 살려면 숫자보다 몸을 바꿔라,21,근본,5
9791198553317,내 몸 혁명 :뱃살과 질병 없이 살려면 숫자보다 몸을 바꿔라,21,혈당,5
9791198553317,내 몸 혁명 :뱃살과 질병 없이 살려면 숫자보다 몸을 바꿔라,21,수치,5
9791198553317,내 몸 혁명 :뱃살과 질병 없이 살려면 숫자보다 몸을 바꿔라,21,대사,5
9791198553317,내 몸 혁명 :뱃살과 질병 없이 살려면 숫자보다 몸을 바꿔라,21,식사요법,4
9791198553317,내 몸 혁명 :뱃살과 질병 없이 살려면 숫자보다 몸을 바꿔라,21,국내,4
9791198553317,내 몸 혁명 :뱃살과 질병 없이 살려면 숫자보다 몸을 바꿔라,21,가정의학,4
9791198553317,내 몸 혁명 :뱃살과 질병 없이 살려면 숫자보다 몸을 바꿔라,21,칼로리,4
9791198553317,내 몸 혁명 :뱃살과 질병 없이 살려면 숫자보다 몸을 바꿔라,21,콜레스테롤,4
9791198553317,내 몸 혁명 :뱃살과 질병 없이 살려면 숫자보다 몸을 바꿔라,21,대사이상체중,4
9791198553317,내 몸 혁명 :뱃살과 질병 없이 살려면 숫자보다 몸을 바꿔라,21,신진대사,4
9791198553317,내 몸 혁명 :뱃살과 질병 없이 살려면 숫자보다 몸을 바꿔라,21,혈압,4
9791198553317,내 몸 혁명 :뱃살과 질병 없이 살려면 숫자보다 몸을 바꿔라,21,환자,4
9791198553317,내 몸 혁명 :뱃살과 질병 없이 살려면 숫자보다 몸을 바꿔라,21,의자중독,4
9791198553317,내 몸 혁명 :뱃살과 질병 없이 살려면 숫자보다 몸을 바꿔라,21,마른,4
9791198553317,내 몸 혁명 :뱃살과 질병 없이 살려면 숫자보다 몸을 바꿔라,21,간헐적,4
9791198553317,내 몸 혁명 :뱃살과 질병 없이 살려면 숫자보다 몸을 바꿔라,21,음식중독,3
9791198553317,내 몸 혁명 :뱃살과 질병 없이 살려면 숫자보다 몸을 바꿔라,21,리듬,3
9791198553317,내 몸 혁명 :뱃살과 질병 없이 살려면 숫자보다 몸을 바꿔라,21,이유,3
9791198553317,내 몸 혁명 :뱃살과 질병 없이 살려면 숫자보다 몸을 바꿔라,21,유행,3
9791189686826,나는 어떻게 삶의 해답을 찾는가 :고명환의 독서 내공,21,단계,13
9791189686826,나는 어떻게 삶의 해답을 찾는가 :고명환의 독서 내공,21,인생,11
9791189686826,나는 어떻게 삶의 해답을 찾는가 :고명환의 독서 내공,21,질문,8
9791189686826,나는 어떻게 삶의 해답을 찾는가 :고명환의 독서 내공,21,해답,6
9791189686826,나는 어떻게 삶의 해답을 찾는가 :고명환의 독서 내공,21,경험,6
9791189686826,나는 어떻게 삶의 해답을 찾는가 :고명환의 독서 내공,21,사자,5
9791189686826,나는 어떻게 삶의 해답을 찾는가 :고명환의 독서 내공,21,명의,5
9791189686826,나는 어떻게 삶의 해답을 찾는가 :고명환의 독서 내공,21,고명환,5
9791189686826,나는 어떻게 삶의 해답을 찾는가 :고명환의 독서 내공,21,목표,5
9791189686826,나는 어떻게 삶의 해답을 찾는가 :고명환의 독서 내공,21,하루,5
9791189686826,나는 어떻게 삶의 해답을 찾는가 :고명환의 독서 내공,21,어린아이,5
9791189686826,나는 어떻게 삶의 해답을 찾는가 :고명환의 독서 내공,21,길이,4
9791189686826,나는 어떻게 삶의 해답을 찾는가 :고명환의 독서 내공,21,이유,4
9791189686826,나는 어떻게 삶의 해답을 찾는가 :고명환의 독서 내공,21,낙타,4
9791189686826,나는 어떻게 삶의 해답을 찾는가 :고명환의 독서 내공,21,독서,4
9791189686826,나는 어떻게 삶의 해답을 찾는가 :고명환의 독서 내공,21,시작,4
9791189686826,나는 어떻게 삶의 해답을 찾는가 :고명환의 독서 내공,21,성공,4
9791189686826,나는 어떻게 삶의 해답을 찾는가 :고명환의 독서 내공,21,매일,4
9791189686826,나는 어떻게 삶의 해답을 찾는가 :고명환의 독서 내공,21,전작,3
9791189686826,나는 어떻게 삶의 해답을 찾는가 :고명환의 독서 내공,21,필요,3
9791189686826,나는 어떻게 삶의 해답을 찾는가 :고명환의 독서 내공,21,위대,3
9791189686826,나는 어떻게 삶의 해답을 찾는가 :고명환의 독서 내공,21,말이,3
9791189686826,나는 어떻게 삶의 해답을 찾는가 :고명환의 독서 내공,21,내공,3
9791189686826,나는 어떻게 삶의 해답을 찾는가 :고명환의 독서 내공,21,년간,3
9791189686826,나는 어떻게 삶의 해답을 찾는가 :고명환의 독서 내공,21,시대,3
9791189686826,나는 어떻게 삶의 해답을 찾는가 :고명환의 독서 내공,21,환영,3
9791189686826,나는 어떻게 삶의 해답을 찾는가 :고명환의 독서 내공,21,4만여,3
9791189686826,나는 어떻게 삶의 해답을 찾는가 :고명환의 독서 내공,21,책 읽고 매출의 신이 되다,3
9791189686826,나는 어떻게 삶의 해답을 찾는가 :고명환의 독서 내공,21,영상,3
9791189686826,나는 어떻게 삶의 해답을 찾는가 :고명환의 독서 내공,21,기록,3
9791189686826,나는 어떻게 삶의 해답을 찾는가 :고명환의 독서 내공,21,전문가,3
9791189686826,나는 어떻게 삶의 해답을 찾는가 :고명환의 독서 내공,21,이들,3
9791189686826,나는 어떻게 삶의 해답을 찾는가 :고명환의 독서 내공,21,독서법,3
9791189686826,나는 어떻게 삶의 해답을 찾는가 :고명환의 독서 내공,21,독자,3
9791189686826,나는 어떻게 삶의 해답을 찾는가 :고명환의 독서 내공,21,읽기,3
9791189686826,나는 어떻게 삶의 해답을 찾는가 :고명환의 독서 내공,21,강연,3
9791189686826,나는 어떻게 삶의 해답을 찾는가 :고명환의 독서 내공,21,최고,3
9791189686826,나는 어떻게 삶의 해답을 찾는가 :고명환의 독서 내공,21,동기부여,3
9791189686826,나는 어떻게 삶의 해답을 찾는가 :고명환의 독서 내공,21,고통,3
9791189686826,나는 어떻게 삶의 해답을 찾는가 :고명환의 독서 내공,21,사람,3
9791189686826,나는 어떻게 삶의 해답을 찾는가 :고명환의 독서 내공,21,생각,3
9791189686826,나는 어떻게 삶의 해답을 찾는가 :고명환의 독서 내공,21,시간,3
9791189686826,나는 어떻게 삶의 해답을 찾는가 :고명환의 독서 내공,21,구독자,3
9791189686826,나는 어떻게 삶의 해답을 찾는가 :고명환의 독서 내공,21,적용,3
9791189686826,나는 어떻게 삶의 해답을 찾는가 :고명환의 독서 내공,21,도서관,2
9791189686826,나는 어떻게 삶의 해답을 찾는가 :고명환의 독서 내공,21,얘기,2
9791189686826,나는 어떻게 삶의 해답을 찾는가 :고명환의 독서 내공,21,엉망진창,2
9791189686826,나는 어떻게 삶의 해답을 찾는가 :고명환의 독서 내공,21,후회,2
9791189686826,나는 어떻게 삶의 해답을 찾는가 :고명환의 독서 내공,21,궁극적,2
9791189686826,나는 어떻게 삶의 해답을 찾는가 :고명환의 독서 내공,21,압축,2
9788934972464,"사피엔스 :유인원에서 사이보그까지, 인간 역사의 대담하고 위대한 질문",21,인간,34
9788934972464,"사피엔스 :유인원에서 사이보그까지, 인간 역사의 대담하고 위대한 질문",21,사피엔스,31
9788934972464,"사피엔스 :유인원에서 사이보그까지, 인간 역사의 대담하고 위대한 질문",21,역사,23
9788934972464,"사피엔스 :유인원에서 사이보그까지, 인간 역사의 대담하고 위대한 질문",21,사람,13
9788934972464,"사피엔스 :유인원에서 사이보그까지, 인간 역사의 대담하고 위대한 질문",21,호모,12
9788934972464,"사피엔스 :유인원에서 사이보그까지, 인간 역사의 대담하고 위대한 질문",21,인류,12
9788934972464,"사피엔스 :유인원에서 사이보그까지, 인간 역사의 대담하고 위대한 질문",21,행복,11
9788934972464,"사피엔스 :유인원에서 사이보그까지, 인간 역사의 대담하고 위대한 질문",21,미래,8
9788934972464,"사피엔스 :유인원에서 사이보그까지, 인간 역사의 대담하고 위대한 질문",21,한국,7
9788934972464,"사피엔스 :유인원에서 사이보그까지, 인간 역사의 대담하고 위대한 질문",21,종교,7
9788934972464,"사피엔스 :유인원에서 사이보그까지, 인간 역사의 대담하고 위대한 질문",21,과학혁명,7
9788934972464,"사피엔스 :유인원에서 사이보그까지, 인간 역사의 대담하고 위대한 질문",21,인지혁명,7
9788934972464,"사피엔스 :유인원에서 사이보그까지, 인간 역사의 대담하고 위대한 질문",21,농업혁명,7
9788934972464,"사피엔스 :유인원에서 사이보그까지, 인간 역사의 대담하고 위대한 질문",21,사회,6
9788934972464,"사피엔스 :유인원에서 사이보그까지, 인간 역사의 대담하고 위대한 질문",21,세계,6
9788934972464,"사피엔스 :유인원에서 사이보그까지, 인간 역사의 대담하고 위대한 질문",21,종이,6
9788934972464,"사피엔스 :유인원에서 사이보그까지, 인간 역사의 대담하고 위대한 질문",21,독자,6
9788934972464,"사피엔스 :유인원에서 사이보그까지, 인간 역사의 대담하고 위대한 질문",21,지구,6
9788934972464,"사피엔스 :유인원에서 사이보그까지, 인간 역사의 대담하고 위대한 질문",21,발전,5
9788934972464,"사피엔스 :유인원에서 사이보그까지, 인간 역사의 대담하고 위대한 질문",21,하라리,5
9788934972464,"사피엔스 :유인원에서 사이보그까지, 인간 역사의 대담하고 위대한 질문",21,수렵채집,5
9788934972464,"사피엔스 :유인원에서 사이보그까지, 인간 역사의 대담하고 위대한 질문",21,유발,5
9788934972464,"사피엔스 :유인원에서 사이보그까지, 인간 역사의 대담하고 위대한 질문",21,권력,5
9788934972464,"사피엔스 :유인원에서 사이보그까지, 인간 역사의 대담하고 위대한 질문",21,기술,5
9788934972464,"사피엔스 :유인원에서 사이보그까지, 인간 역사의 대담하고 위대한 질문",21,다양,5
9788934972464,"사피엔스 :유인원에서 사이보그까지, 인간 역사의 대담하고 위대한 질문",21,지배,4
9788934972464,"사피엔스 :유인원에서 사이보그까지, 인간 역사의 대담하고 위대한 질문",21,시작,4
9788934972464,"사피엔스 :유인원에서 사이보그까지, 인간 역사의 대담하고 위대한 질문",21,전의,4
9788934972464,"사피엔스 :유인원에서 사이보그까지, 인간 역사의 대담하고 위대한 질문",21,세상,4
9788934972464,"사피엔스 :유인원에서 사이보그까지, 인간 역사의 대담하고 위대한 질문",21,사실,4
9788934972464,"사피엔스 :유인원에서 사이보그까지, 인간 역사의 대담하고 위대한 질문",21,오늘날,4
9788934972464,"사피엔스 :유인원에서 사이보그까지, 인간 역사의 대담하고 위대한 질문",21,과학,4
9788934972464,"사피엔스 :유인원에서 사이보그까지, 인간 역사의 대담하고 위대한 질문",21,혁명,4
9788934972464,"사피엔스 :유인원에서 사이보그까지, 인간 역사의 대담하고 위대한 질문",21,허구,4
9788934972464,"사피엔스 :유인원에서 사이보그까지, 인간 역사의 대담하고 위대한 질문",21,베스트셀러,4
9788934972464,"사피엔스 :유인원에서 사이보그까지, 인간 역사의 대담하고 위대한 질문",21,서울대,4
9788934972464,"사피엔스 :유인원에서 사이보그까지, 인간 역사의 대담하고 위대한 질문",21,동물,4
9788934972464,"사피엔스 :유인원에서 사이보그까지, 인간 역사의 대담하고 위대한 질문",21,진화,4
9788934972464,"사피엔스 :유인원에서 사이보그까지, 인간 역사의 대담하고 위대한 질문",21,우리 학문이 가야할 길,3
9788934972464,"사피엔스 :유인원에서 사이보그까지, 인간 역사의 대담하고 위대한 질문",21,독일,3
9788934972464,"사피엔스 :유인원에서 사이보그까지, 인간 역사의 대담하고 위대한 질문",21,완전,3
9788934972464,"사피엔스 :유인원에서 사이보그까지, 인간 역사의 대담하고 위대한 질문",21,이유,3
9788934972464,"사피엔스 :유인원에서 사이보그까지, 인간 역사의 대담하고 위대한 질문",21,인간 미완의 기획,3
9788934972464,"사피엔스 :유인원에서 사이보그까지, 인간 역사의 대담하고 위대한 질문",21,다이아몬드,3
9788934972464,"사피엔스 :유인원에서 사이보그까지, 인간 역사의 대담하고 위대한 질문",21,여전,3
9788934972464,"사피엔스 :유인원에서 사이보그까지, 인간 역사의 대담하고 위대한 질문",21,인문학 명강 서양고전,3
9788934972464,"사피엔스 :유인원에서 사이보그까지, 인간 역사의 대담하고 위대한 질문",21,알렉산드로스의 영혼 이론,3
9788934972464,"사피엔스 :유인원에서 사이보그까지, 인간 역사의 대담하고 위대한 질문",21,마크,3
9788934972464,"사피엔스 :유인원에서 사이보그까지, 인간 역사의 대담하고 위대한 질문",21,모순,3
9788934972464,"사피엔스 :유인원에서 사이보그까지, 인간 역사의 대담하고 위대한 질문",21,문명,3
9791198381811,대충 봐도 머리에 남는 어린이 야구 상식 :야구의 재미를 제대로 알게 하는 알쏭달쏭 야구의 모든 것,20,야구,45
9791198381811,대충 봐도 머리에 남는 어린이 야구 상식 :야구의 재미를 제대로 알게 하는 알쏭달쏭 야구의 모든 것,20,뭐예,12
9791198381811,대충 봐도 머리에 남는 어린이 야구 상식 :야구의 재미를 제대로 알게 하는 알쏭달쏭 야구의 모든 것,20,투수,10
9791198381811,대충 봐도 머리에 남는 어린이 야구 상식 :야구의 재미를 제대로 알게 하는 알쏭달쏭 야구의 모든 것,20,경기,9
9791198381811,대충 봐도 머리에 남는 어린이 야구 상식 :야구의 재미를 제대로 알게 하는 알쏭달쏭 야구의 모든 것,20,프로야구,8
9791198381811,대충 봐도 머리에 남는 어린이 야구 상식 :야구의 재미를 제대로 알게 하는 알쏭달쏭 야구의 모든 것,20,야구장,8
9791198381811,대충 봐도 머리에 남는 어린이 야구 상식 :야구의 재미를 제대로 알게 하는 알쏭달쏭 야구의 모든 것,20,타자,7
9791198381811,대충 봐도 머리에 남는 어린이 야구 상식 :야구의 재미를 제대로 알게 하는 알쏭달쏭 야구의 모든 것,20,PART,7
9791198381811,대충 봐도 머리에 남는 어린이 야구 상식 :야구의 재미를 제대로 알게 하는 알쏭달쏭 야구의 모든 것,20,처음,6
9791198381811,대충 봐도 머리에 남는 어린이 야구 상식 :야구의 재미를 제대로 알게 하는 알쏭달쏭 야구의 모든 것,20,선수,6
9791198381811,대충 봐도 머리에 남는 어린이 야구 상식 :야구의 재미를 제대로 알게 하는 알쏭달쏭 야구의 모든 것,20,상식,5
9791198381811,대충 봐도 머리에 남는 어린이 야구 상식 :야구의 재미를 제대로 알게 하는 알쏭달쏭 야구의 모든 것,20,그라운드,5
9791198381811,대충 봐도 머리에 남는 어린이 야구 상식 :야구의 재미를 제대로 알게 하는 알쏭달쏭 야구의 모든 것,20,얼마,4
9791198381811,대충 봐도 머리에 남는 어린이 야구 상식 :야구의 재미를 제대로 알게 하는 알쏭달쏭 야구의 모든 것,20,정보,4
9791198381811,대충 봐도 머리에 남는 어린이 야구 상식 :야구의 재미를 제대로 알게 하는 알쏭달쏭 야구의 모든 것,20,야구공,4
9791198381811,대충 봐도 머리에 남는 어린이 야구 상식 :야구의 재미를 제대로 알게 하는 알쏭달쏭 야구의 모든 것,20,기본,4
9791198381811,대충 봐도 머리에 남는 어린이 야구 상식 :야구의 재미를 제대로 알게 하는 알쏭달쏭 야구의 모든 것,20,제대,4
9791198381811,대충 봐도 머리에 남는 어린이 야구 상식 :야구의 재미를 제대로 알게 하는 알쏭달쏭 야구의 모든 것,20,질문,4
9791198381811,대충 봐도 머리에 남는 어린이 야구 상식 :야구의 재미를 제대로 알게 하는 알쏭달쏭 야구의 모든 것,20,포수,4
9791198381811,대충 봐도 머리에 남는 어린이 야구 상식 :야구의 재미를 제대로 알게 하는 알쏭달쏭 야구의 모든 것,20,유니폼,4
9791198381811,대충 봐도 머리에 남는 어린이 야구 상식 :야구의 재미를 제대로 알게 하는 알쏭달쏭 야구의 모든 것,20,규칙,3
9791198381811,대충 봐도 머리에 남는 어린이 야구 상식 :야구의 재미를 제대로 알게 하는 알쏭달쏭 야구의 모든 것,20,야구가 뭐라고,3
9791198381811,대충 봐도 머리에 남는 어린이 야구 상식 :야구의 재미를 제대로 알게 하는 알쏭달쏭 야구의 모든 것,20,기록,3
9791198381811,대충 봐도 머리에 남는 어린이 야구 상식 :야구의 재미를 제대로 알게 하는 알쏭달쏭 야구의 모든 것,20,한겨레신문,3
9791198381811,대충 봐도 머리에 남는 어린이 야구 상식 :야구의 재미를 제대로 알게 하는 알쏭달쏭 야구의 모든 것,20,주자,3
9791198381811,대충 봐도 머리에 남는 어린이 야구 상식 :야구의 재미를 제대로 알게 하는 알쏭달쏭 야구의 모든 것,20,오각형,3
9791198381811,대충 봐도 머리에 남는 어린이 야구 상식 :야구의 재미를 제대로 알게 하는 알쏭달쏭 야구의 모든 것,20,김양희,3
9791198381811,대충 봐도 머리에 남는 어린이 야구 상식 :야구의 재미를 제대로 알게 하는 알쏭달쏭 야구의 모든 것,20,리틀빅 야구왕,3
9791198381811,대충 봐도 머리에 남는 어린이 야구 상식 :야구의 재미를 제대로 알게 하는 알쏭달쏭 야구의 모든 것,20,9회,3
9791198381811,대충 봐도 머리에 남는 어린이 야구 상식 :야구의 재미를 제대로 알게 하는 알쏭달쏭 야구의 모든 것,20,스포츠 투데이,3
9791198381811,대충 봐도 머리에 남는 어린이 야구 상식 :야구의 재미를 제대로 알게 하는 알쏭달쏭 야구의 모든 것,20,말이,3
9791198381811,대충 봐도 머리에 남는 어린이 야구 상식 :야구의 재미를 제대로 알게 하는 알쏭달쏭 야구의 모든 것,20,크기,3
9791198381811,대충 봐도 머리에 남는 어린이 야구 상식 :야구의 재미를 제대로 알게 하는 알쏭달쏭 야구의 모든 것,20,나인완,3
9791198381811,대충 봐도 머리에 남는 어린이 야구 상식 :야구의 재미를 제대로 알게 하는 알쏭달쏭 야구의 모든 것,20,플레이트,3
9791198381811,대충 봐도 머리에 남는 어린이 야구 상식 :야구의 재미를 제대로 알게 하는 알쏭달쏭 야구의 모든 것,20,심판,2
9791198381811,대충 봐도 머리에 남는 어린이 야구 상식 :야구의 재미를 제대로 알게 하는 알쏭달쏭 야구의 모든 것,20,블루무스어린이,2
9791198381811,대충 봐도 머리에 남는 어린이 야구 상식 :야구의 재미를 제대로 알게 하는 알쏭달쏭 야구의 모든 것,20,설명,2
9791198381811,대충 봐도 머리에 남는 어린이 야구 상식 :야구의 재미를 제대로 알게 하는 알쏭달쏭 야구의 모든 것,20,순서,2
9791198381811,대충 봐도 머리에 남는 어린이 야구 상식 :야구의 재미를 제대로 알게 하는 알쏭달쏭 야구의 모든 것,20,히트,2
9791198381811,대충 봐도 머리에 남는 어린이 야구 상식 :야구의 재미를 제대로 알게 하는 알쏭달쏭 야구의 모든 것,20,쏙쏙,2
9791198381811,대충 봐도 머리에 남는 어린이 야구 상식 :야구의 재미를 제대로 알게 하는 알쏭달쏭 야구의 모든 것,20,나라,2
9791198381811,대충 봐도 머리에 남는 어린이 야구 상식 :야구의 재미를 제대로 알게 하는 알쏭달쏭 야구의 모든 것,20,베테랑,2
9791198381811,대충 봐도 머리에 남는 어린이 야구 상식 :야구의 재미를 제대로 알게 하는 알쏭달쏭 야구의 모든 것,20,2아웃부터,2
9791198381811,대충 봐도 머리에 남는 어린이 야구 상식 :야구의 재미를 제대로 알게 하는 알쏭달쏭 야구의 모든 것,20,쓸모,2
9791198381811,대충 봐도 머리에 남는 어린이 야구 상식 :야구의 재미를 제대로 알게 하는 알쏭달쏭 야구의 모든 것,20,공격,2
9791198381811,대충 봐도 머리에 남는 어린이 야구 상식 :야구의 재미를 제대로 알게 하는 알쏭달쏭 야구의 모든 것,20,시즌,2
9791198381811,대충 봐도 머리에 남는 어린이 야구 상식 :야구의 재미를 제대로 알게 하는 알쏭달쏭 야구의 모든 것,20,알쏭달쏭,2
9791198381811,대충 봐도 머리에 남는 어린이 야구 상식 :야구의 재미를 제대로 알게 하는 알쏭달쏭 야구의 모든 것,20,앤드,2
9791198381811,대충 봐도 머리에 남는 어린이 야구 상식 :야구의 재미를 제대로 알게 하는 알쏭달쏭 야구의 모든 것,20,관중석,2
9791198381811,대충 봐도 머리에 남는 어린이 야구 상식 :야구의 재미를 제대로 알게 하는 알쏭달쏭 야구의 모든 것,20,번호,2
9791193506202,아이는 무엇으로 자라는가 :세계적 가족 심리학자 버지니아 사티어의 15가지 양육 법칙,20,가족,25
9791193506202,아이는 무엇으로 자라는가 :세계적 가족 심리학자 버지니아 사티어의 15가지 양육 법칙,20,가정,17
9791193506202,아이는 무엇으로 자라는가 :세계적 가족 심리학자 버지니아 사티어의 15가지 양육 법칙,20,자존감,16
9791193506202,아이는 무엇으로 자라는가 :세계적 가족 심리학자 버지니아 사티어의 15가지 양육 법칙,20,자녀,15
9791193506202,아이는 무엇으로 자라는가 :세계적 가족 심리학자 버지니아 사티어의 15가지 양육 법칙,20,아이,14
9791193506202,아이는 무엇으로 자라는가 :세계적 가족 심리학자 버지니아 사티어의 15가지 양육 법칙,20,의사소통,11
9791193506202,아이는 무엇으로 자라는가 :세계적 가족 심리학자 버지니아 사티어의 15가지 양육 법칙,20,부모,10
9791193506202,아이는 무엇으로 자라는가 :세계적 가족 심리학자 버지니아 사티어의 15가지 양육 법칙,20,사람,9
9791193506202,아이는 무엇으로 자라는가 :세계적 가족 심리학자 버지니아 사티어의 15가지 양육 법칙,20,육아,9
9791193506202,아이는 무엇으로 자라는가 :세계적 가족 심리학자 버지니아 사티어의 15가지 양육 법칙,20,버지니아,8
9791193506202,아이는 무엇으로 자라는가 :세계적 가족 심리학자 버지니아 사티어의 15가지 양육 법칙,20,사랑,8
9791193506202,아이는 무엇으로 자라는가 :세계적 가족 심리학자 버지니아 사티어의 15가지 양육 법칙,20,문제,7
9791193506202,아이는 무엇으로 자라는가 :세계적 가족 심리학자 버지니아 사티어의 15가지 양육 법칙,20,가지,7
9791193506202,아이는 무엇으로 자라는가 :세계적 가족 심리학자 버지니아 사티어의 15가지 양육 법칙,20,세계,7
9791193506202,아이는 무엇으로 자라는가 :세계적 가족 심리학자 버지니아 사티어의 15가지 양육 법칙,20,모습,5
9791193506202,아이는 무엇으로 자라는가 :세계적 가족 심리학자 버지니아 사티어의 15가지 양육 법칙,20,세계적,5
9791193506202,아이는 무엇으로 자라는가 :세계적 가족 심리학자 버지니아 사티어의 15가지 양육 법칙,20,심리학자,5
9791193506202,아이는 무엇으로 자라는가 :세계적 가족 심리학자 버지니아 사티어의 15가지 양육 법칙,20,인간,5
9791193506202,아이는 무엇으로 자라는가 :세계적 가족 심리학자 버지니아 사티어의 15가지 양육 법칙,20,세상,5
9791193506202,아이는 무엇으로 자라는가 :세계적 가족 심리학자 버지니아 사티어의 15가지 양육 법칙,20,사티어,5
9791193506202,아이는 무엇으로 자라는가 :세계적 가족 심리학자 버지니아 사티어의 15가지 양육 법칙,20,The,4
9791193506202,아이는 무엇으로 자라는가 :세계적 가족 심리학자 버지니아 사티어의 15가지 양육 법칙,20,양육,4
9791193506202,아이는 무엇으로 자라는가 :세계적 가족 심리학자 버지니아 사티어의 15가지 양육 법칙,20,바이블,4
9791193506202,아이는 무엇으로 자라는가 :세계적 가족 심리학자 버지니아 사티어의 15가지 양육 법칙,20,단단,4
9791193506202,아이는 무엇으로 자라는가 :세계적 가족 심리학자 버지니아 사티어의 15가지 양육 법칙,20,가족치료,4
9791193506202,아이는 무엇으로 자라는가 :세계적 가족 심리학자 버지니아 사티어의 15가지 양육 법칙,20,일의,4
9791193506202,아이는 무엇으로 자라는가 :세계적 가족 심리학자 버지니아 사티어의 15가지 양육 법칙,20,1인자,4
9791193506202,아이는 무엇으로 자라는가 :세계적 가족 심리학자 버지니아 사티어의 15가지 양육 법칙,20,타임,4
9791193506202,아이는 무엇으로 자라는가 :세계적 가족 심리학자 버지니아 사티어의 15가지 양육 법칙,20,출발점,4
9791193506202,아이는 무엇으로 자라는가 :세계적 가족 심리학자 버지니아 사티어의 15가지 양육 법칙,20,학습,4
9791193506202,아이는 무엇으로 자라는가 :세계적 가족 심리학자 버지니아 사티어의 15가지 양육 법칙,20,이해,3
9791193506202,아이는 무엇으로 자라는가 :세계적 가족 심리학자 버지니아 사티어의 15가지 양육 법칙,20,원제,3
9791193506202,아이는 무엇으로 자라는가 :세계적 가족 심리학자 버지니아 사티어의 15가지 양육 법칙,20,돌파,3
9791193506202,아이는 무엇으로 자라는가 :세계적 가족 심리학자 버지니아 사티어의 15가지 양육 법칙,20,15개국,3
9791193506202,아이는 무엇으로 자라는가 :세계적 가족 심리학자 버지니아 사티어의 15가지 양육 법칙,20,베스트셀러,3
9791193506202,아이는 무엇으로 자라는가 :세계적 가족 심리학자 버지니아 사티어의 15가지 양육 법칙,20,역할극,3
9791193506202,아이는 무엇으로 자라는가 :세계적 가족 심리학자 버지니아 사티어의 15가지 양육 법칙,20,미국,3
9791193506202,아이는 무엇으로 자라는가 :세계적 가족 심리학자 버지니아 사티어의 15가지 양육 법칙,20,인정,3
9791193506202,아이는 무엇으로 자라는가 :세계적 가족 심리학자 버지니아 사티어의 15가지 양육 법칙,20,영향,3
9791193506202,아이는 무엇으로 자라는가 :세계적 가족 심리학자 버지니아 사티어의 15가지 양육 법칙,20,누적,3
9791193506202,아이는 무엇으로 자라는가 :세계적 가족 심리학자 버지니아 사티어의 15가지 양육 법칙,20,번역,3
9791193506202,아이는 무엇으로 자라는가 :세계적 가족 심리학자 버지니아 사티어의 15가지 양육 법칙,20,방법,3
9791193506202,아이는 무엇으로 자라는가 :세계적 가족 심리학자 버지니아 사티어의 15가지 양육 법칙,20,New,3
9791193506202,아이는 무엇으로 자라는가 :세계적 가족 심리학자 버지니아 사티어의 15가지 양육 법칙,20,유수,3
9791193506202,아이는 무엇으로 자라는가 :세계적 가족 심리학자 버지니아 사티어의 15가지 양육 법칙,20,규칙,3
9791193506202,아이는 무엇으로 자라는가 :세계적 가족 심리학자 버지니아 사티어의 15가지 양육 법칙,20,언론,3
9791193506202,아이는 무엇으로 자라는가 :세계적 가족 심리학자 버지니아 사티어의 15가지 양육 법칙,20,변화,3
9791193506202,아이는 무엇으로 자라는가 :세계적 가족 심리학자 버지니아 사티어의 15가지 양육 법칙,20,온전,3
9791193506202,아이는 무엇으로 자라는가 :세계적 가족 심리학자 버지니아 사티어의 15가지 양육 법칙,20,자신,3
9791193506202,아이는 무엇으로 자라는가 :세계적 가족 심리학자 버지니아 사티어의 15가지 양육 법칙,20,아이는 무엇으로 자라는가,3
9791192953151,세상은 이야기로 만들어졌다 :신화·거짓말·유토피아,20,영웅,12
9791192953151,세상은 이야기로 만들어졌다 :신화·거짓말·유토피아,20,스토리,10
9791192953151,세상은 이야기로 만들어졌다 :신화·거짓말·유토피아,20,원숭이,6
9791192953151,세상은 이야기로 만들어졌다 :신화·거짓말·유토피아,20,시대,6
9791192953151,세상은 이야기로 만들어졌다 :신화·거짓말·유토피아,20,서사,5
9791192953151,세상은 이야기로 만들어졌다 :신화·거짓말·유토피아,20,세상,5
9791192953151,세상은 이야기로 만들어졌다 :신화·거짓말·유토피아,20,사람,5
9791192953151,세상은 이야기로 만들어졌다 :신화·거짓말·유토피아,20,동화,4
9791192953151,세상은 이야기로 만들어졌다 :신화·거짓말·유토피아,20,독일,4
9791192953151,세상은 이야기로 만들어졌다 :신화·거짓말·유토피아,20,Homo,4
9791192953151,세상은 이야기로 만들어졌다 :신화·거짓말·유토피아,20,나랜스,3
9791192953151,세상은 이야기로 만들어졌다 :신화·거짓말·유토피아,20,멘토,3
9791192953151,세상은 이야기로 만들어졌다 :신화·거짓말·유토피아,20,생존,3
9791192953151,세상은 이야기로 만들어졌다 :신화·거짓말·유토피아,20,일리아드,3
9791192953151,세상은 이야기로 만들어졌다 :신화·거짓말·유토피아,20,거짓말,3
9791192953151,세상은 이야기로 만들어졌다 :신화·거짓말·유토피아,20,나무,3
9791192953151,세상은 이야기로 만들어졌다 :신화·거짓말·유토피아,20,신화,3
9791192953151,세상은 이야기로 만들어졌다 :신화·거짓말·유토피아,20,살쾡이,3
9791192953151,세상은 이야기로 만들어졌다 :신화·거짓말·유토피아,20,단어,3
9791192953151,세상은 이야기로 만들어졌다 :신화·거짓말·유토피아,20,슈피겔,3
9791192953151,세상은 이야기로 만들어졌다 :신화·거짓말·유토피아,20,자아,3
9791192953151,세상은 이야기로 만들어졌다 :신화·거짓말·유토피아,20,호모,3
9791192953151,세상은 이야기로 만들어졌다 :신화·거짓말·유토피아,20,세계,3
9791192953151,세상은 이야기로 만들어졌다 :신화·거짓말·유토피아,20,뼈대,2
9791192953151,세상은 이야기로 만들어졌다 :신화·거짓말·유토피아,20,거울,2
9791192953151,세상은 이야기로 만들어졌다 :신화·거짓말·유토피아,20,거부,2
9791192953151,세상은 이야기로 만들어졌다 :신화·거짓말·유토피아,20,동지,2
9791192953151,세상은 이야기로 만들어졌다 :신화·거짓말·유토피아,20,대로,2
9791192953151,세상은 이야기로 만들어졌다 :신화·거짓말·유토피아,20,마스터플롯,2
9791192953151,세상은 이야기로 만들어졌다 :신화·거짓말·유토피아,20,모험,2
9791192953151,세상은 이야기로 만들어졌다 :신화·거짓말·유토피아,20,목마,2
9791192953151,세상은 이야기로 만들어졌다 :신화·거짓말·유토피아,20,규칙,2
9791192953151,세상은 이야기로 만들어졌다 :신화·거짓말·유토피아,20,분명,2
9791192953151,세상은 이야기로 만들어졌다 :신화·거짓말·유토피아,20,서사적,2
9791192953151,세상은 이야기로 만들어졌다 :신화·거짓말·유토피아,20,교양 인문학,2
9791192953151,세상은 이야기로 만들어졌다 :신화·거짓말·유토피아,20,강력,2
9791192953151,세상은 이야기로 만들어졌다 :신화·거짓말·유토피아,20,그림,2
9791192953151,세상은 이야기로 만들어졌다 :신화·거짓말·유토피아,20,도움,2
9791192953151,세상은 이야기로 만들어졌다 :신화·거짓말·유토피아,20,동굴,2
9791192953151,세상은 이야기로 만들어졌다 :신화·거짓말·유토피아,20,김현정  옮긴이,2
9791192953151,세상은 이야기로 만들어졌다 :신화·거짓말·유토피아,20,Narrans,2
9791192953151,세상은 이야기로 만들어졌다 :신화·거짓말·유토피아,20,뮌헨,2
9791192953151,세상은 이야기로 만들어졌다 :신화·거짓말·유토피아,20,신데렐라,2
9791192953151,세상은 이야기로 만들어졌다 :신화·거짓말·유토피아,20,Room,2
9791192953151,세상은 이야기로 만들어졌다 :신화·거짓말·유토피아,20,소환,2
9791192953151,세상은 이야기로 만들어졌다 :신화·거짓말·유토피아,20,머릿속,2
9791192953151,세상은 이야기로 만들어졌다 :신화·거짓말·유토피아,20,기고,2
9791192953151,세상은 이야기로 만들어졌다 :신화·거짓말·유토피아,20,디즈니,2
9791192953151,세상은 이야기로 만들어졌다 :신화·거짓말·유토피아,20,3D,2
9791192953151,세상은 이야기로 만들어졌다 :신화·거짓말·유토피아,20,구약성경,2
9791168127531,"최민준의 아들코칭 백과 :기질 파악부터 말공부, 사회성, 감정코칭까지",19,아들,88
9791168127531,"최민준의 아들코칭 백과 :기질 파악부터 말공부, 사회성, 감정코칭까지",19,게임,15
9791168127531,"최민준의 아들코칭 백과 :기질 파악부터 말공부, 사회성, 감정코칭까지",19,아이,14
9791168127531,"최민준의 아들코칭 백과 :기질 파악부터 말공부, 사회성, 감정코칭까지",19,부모,12
9791168127531,"최민준의 아들코칭 백과 :기질 파악부터 말공부, 사회성, 감정코칭까지",19,TV,11
9791168127531,"최민준의 아들코칭 백과 :기질 파악부터 말공부, 사회성, 감정코칭까지",19,Part,7
9791168127531,"최민준의 아들코칭 백과 :기질 파악부터 말공부, 사회성, 감정코칭까지",19,이유,6
9791168127531,"최민준의 아들코칭 백과 :기질 파악부터 말공부, 사회성, 감정코칭까지",19,마음,6
9791168127531,"최민준의 아들코칭 백과 :기질 파악부터 말공부, 사회성, 감정코칭까지",19,행동,6
9791168127531,"최민준의 아들코칭 백과 :기질 파악부터 말공부, 사회성, 감정코칭까지",19,엄마,6
9791168127531,"최민준의 아들코칭 백과 :기질 파악부터 말공부, 사회성, 감정코칭까지",19,아들 TV,6
9791168127531,"최민준의 아들코칭 백과 :기질 파악부터 말공부, 사회성, 감정코칭까지",19,Step,6
9791168127531,"최민준의 아들코칭 백과 :기질 파악부터 말공부, 사회성, 감정코칭까지",19,파악,6
9791168127531,"최민준의 아들코칭 백과 :기질 파악부터 말공부, 사회성, 감정코칭까지",19,통제,5
9791168127531,"최민준의 아들코칭 백과 :기질 파악부터 말공부, 사회성, 감정코칭까지",19,사람,5
9791168127531,"최민준의 아들코칭 백과 :기질 파악부터 말공부, 사회성, 감정코칭까지",19,순간,4
9791168127531,"최민준의 아들코칭 백과 :기질 파악부터 말공부, 사회성, 감정코칭까지",19,공감,4
9791168127531,"최민준의 아들코칭 백과 :기질 파악부터 말공부, 사회성, 감정코칭까지",19,자존감,4
9791168127531,"최민준의 아들코칭 백과 :기질 파악부터 말공부, 사회성, 감정코칭까지",19,남자아이들,4
9791168127531,"최민준의 아들코칭 백과 :기질 파악부터 말공부, 사회성, 감정코칭까지",19,특성,4
9791168127531,"최민준의 아들코칭 백과 :기질 파악부터 말공부, 사회성, 감정코칭까지",19,문제,4
9791168127531,"최민준의 아들코칭 백과 :기질 파악부터 말공부, 사회성, 감정코칭까지",19,필요,4
9791168127531,"최민준의 아들코칭 백과 :기질 파악부터 말공부, 사회성, 감정코칭까지",19,보이,4
9791168127531,"최민준의 아들코칭 백과 :기질 파악부터 말공부, 사회성, 감정코칭까지",19,갈등,4
9791168127531,"최민준의 아들코칭 백과 :기질 파악부터 말공부, 사회성, 감정코칭까지",19,감정,4
9791168127531,"최민준의 아들코칭 백과 :기질 파악부터 말공부, 사회성, 감정코칭까지",19,기질,4
9791168127531,"최민준의 아들코칭 백과 :기질 파악부터 말공부, 사회성, 감정코칭까지",19,우리 아이가 달라졌어요 2,3
9791168127531,"최민준의 아들코칭 백과 :기질 파악부터 말공부, 사회성, 감정코칭까지",19,권위,3
9791168127531,"최민준의 아들코칭 백과 :기질 파악부터 말공부, 사회성, 감정코칭까지",19,CHAPTER,3
9791168127531,"최민준의 아들코칭 백과 :기질 파악부터 말공부, 사회성, 감정코칭까지",19,어쩌다 어른,3
9791168127531,"최민준의 아들코칭 백과 :기질 파악부터 말공부, 사회성, 감정코칭까지",19,비속어,3
9791168127531,"최민준의 아들코칭 백과 :기질 파악부터 말공부, 사회성, 감정코칭까지",19,과격,3
9791168127531,"최민준의 아들코칭 백과 :기질 파악부터 말공부, 사회성, 감정코칭까지",19,노하우,3
9791168127531,"최민준의 아들코칭 백과 :기질 파악부터 말공부, 사회성, 감정코칭까지",19,단호,3
9791168127531,"최민준의 아들코칭 백과 :기질 파악부터 말공부, 사회성, 감정코칭까지",19,MBC TV  특강,3
9791168127531,"최민준의 아들코칭 백과 :기질 파악부터 말공부, 사회성, 감정코칭까지",19,적절,3
9791168127531,"최민준의 아들코칭 백과 :기질 파악부터 말공부, 사회성, 감정코칭까지",19,대하,3
9791168127531,"최민준의 아들코칭 백과 :기질 파악부터 말공부, 사회성, 감정코칭까지",19,최민준의 아들 TV,3
9791168127531,"최민준의 아들코칭 백과 :기질 파악부터 말공부, 사회성, 감정코칭까지",19,아들교육,3
9791168127531,"최민준의 아들코칭 백과 :기질 파악부터 말공부, 사회성, 감정코칭까지",19,세상을 바꾸는 시간 15분,3
9791168127531,"최민준의 아들코칭 백과 :기질 파악부터 말공부, 사회성, 감정코칭까지",19,걱정,2
9791168127531,"최민준의 아들코칭 백과 :기질 파악부터 말공부, 사회성, 감정코칭까지",19,사랑,2
9791168127531,"최민준의 아들코칭 백과 :기질 파악부터 말공부, 사회성, 감정코칭까지",19,부족,2
9791168127531,"최민준의 아들코칭 백과 :기질 파악부터 말공부, 사회성, 감정코칭까지",19,공부,2
9791168127531,"최민준의 아들코칭 백과 :기질 파악부터 말공부, 사회성, 감정코칭까지",19,고충,2
9791168127531,"최민준의 아들코칭 백과 :기질 파악부터 말공부, 사회성, 감정코칭까지",19,사춘기,2
9791168127531,"최민준의 아들코칭 백과 :기질 파악부터 말공부, 사회성, 감정코칭까지",19,수용,2
9791168127531,"최민준의 아들코칭 백과 :기질 파악부터 말공부, 사회성, 감정코칭까지",19,근본적,2
9791168127531,"최민준의 아들코칭 백과 :기질 파악부터 말공부, 사회성, 감정코칭까지",19,비교,2
9791168127531,"최민준의 아들코칭 백과 :기질 파악부터 말공부, 사회성, 감정코칭까지",19,사회성,2
9791170610359,시대예보 :핵개인의 시대 =Forecast of the times : era of nuclear individuals,19,사회,10
9791170610359,시대예보 :핵개인의 시대 =Forecast of the times : era of nuclear individuals,19,시대,10
9791170610359,시대예보 :핵개인의 시대 =Forecast of the times : era of nuclear individuals,19,핵개인,9
9791170610359,시대예보 :핵개인의 시대 =Forecast of the times : era of nuclear individuals,19,시대예보 핵개인의 시대,6
9791170610359,시대예보 :핵개인의 시대 =Forecast of the times : era of nuclear individuals,19,사람,6
9791170610359,시대예보 :핵개인의 시대 =Forecast of the times : era of nuclear individuals,19,AI,5
9791170610359,시대예보 :핵개인의 시대 =Forecast of the times : era of nuclear individuals,19,송길영,5
9791170610359,시대예보 :핵개인의 시대 =Forecast of the times : era of nuclear individuals,19,마인드,4
9791170610359,시대예보 :핵개인의 시대 =Forecast of the times : era of nuclear individuals,19,미래,4
9791170610359,시대예보 :핵개인의 시대 =Forecast of the times : era of nuclear individuals,19,시대예보,4
9791170610359,시대예보 :핵개인의 시대 =Forecast of the times : era of nuclear individuals,19,재앙,4
9791170610359,시대예보 :핵개인의 시대 =Forecast of the times : era of nuclear individuals,19,변화,4
9791170610359,시대예보 :핵개인의 시대 =Forecast of the times : era of nuclear individuals,19,마이너,4
9791170610359,시대예보 :핵개인의 시대 =Forecast of the times : era of nuclear individuals,19,누구,4
9791170610359,시대예보 :핵개인의 시대 =Forecast of the times : era of nuclear individuals,19,이해,4
9791170610359,시대예보 :핵개인의 시대 =Forecast of the times : era of nuclear individuals,19,축복,4
9791170610359,시대예보 :핵개인의 시대 =Forecast of the times : era of nuclear individuals,19,선택,3
9791170610359,시대예보 :핵개인의 시대 =Forecast of the times : era of nuclear individuals,19,기록,3
9791170610359,시대예보 :핵개인의 시대 =Forecast of the times : era of nuclear individuals,19,기상,3
9791170610359,시대예보 :핵개인의 시대 =Forecast of the times : era of nuclear individuals,19,상상하지 말라,3
9791170610359,시대예보 :핵개인의 시대 =Forecast of the times : era of nuclear individuals,19,여기에 당신의 욕망이 보인다,3
9791170610359,시대예보 :핵개인의 시대 =Forecast of the times : era of nuclear individuals,19,대학,3
9791170610359,시대예보 :핵개인의 시대 =Forecast of the times : era of nuclear individuals,19,대비,3
9791170610359,시대예보 :핵개인의 시대 =Forecast of the times : era of nuclear individuals,19,투명,3
9791170610359,시대예보 :핵개인의 시대 =Forecast of the times : era of nuclear individuals,19,그냥 하지 말라,3
9791170610359,시대예보 :핵개인의 시대 =Forecast of the times : era of nuclear individuals,19,일기예보,3
9791170610359,시대예보 :핵개인의 시대 =Forecast of the times : era of nuclear individuals,19,마음,3
9791170610359,시대예보 :핵개인의 시대 =Forecast of the times : era of nuclear individuals,19,동료,3
9791170610359,시대예보 :핵개인의 시대 =Forecast of the times : era of nuclear individuals,19,조직,3
9791170610359,시대예보 :핵개인의 시대 =Forecast of the times : era of nuclear individuals,19,Miner,3
9791170610359,시대예보 :핵개인의 시대 =Forecast of the times : era of nuclear individuals,19,서울러,3
9791170610359,시대예보 :핵개인의 시대 =Forecast of the times : era of nuclear individuals,19,영입,3
9791170610359,시대예보 :핵개인의 시대 =Forecast of the times : era of nuclear individuals,19,과도기,3
9791170610359,시대예보 :핵개인의 시대 =Forecast of the times : era of nuclear individuals,19,관찰,3
9791170610359,시대예보 :핵개인의 시대 =Forecast of the times : era of nuclear individuals,19,Mind,3
9791170610359,시대예보 :핵개인의 시대 =Forecast of the times : era of nuclear individuals,19,효도,3
9791170610359,시대예보 :핵개인의 시대 =Forecast of the times : era of nuclear individuals,19,개업,2
9791170610359,시대예보 :핵개인의 시대 =Forecast of the times : era of nuclear individuals,19,대한민국,2
9791170610359,시대예보 :핵개인의 시대 =Forecast of the times : era of nuclear individuals,19,도시화,2
9791170610359,시대예보 :핵개인의 시대 =Forecast of the times : era of nuclear individuals,19,흐름,2
9791170610359,시대예보 :핵개인의 시대 =Forecast of the times : era of nuclear individuals,19,생존,2
9791170610359,시대예보 :핵개인의 시대 =Forecast of the times : era of nuclear individuals,19,산업화,2
9791170610359,시대예보 :핵개인의 시대 =Forecast of the times : era of nuclear individuals,19,경험,2
9791170610359,시대예보 :핵개인의 시대 =Forecast of the times : era of nuclear individuals,19,2시간,2
9791170610359,시대예보 :핵개인의 시대 =Forecast of the times : era of nuclear individuals,19,구별,2
9791170610359,시대예보 :핵개인의 시대 =Forecast of the times : era of nuclear individuals,19,규칙,2
9791170610359,시대예보 :핵개인의 시대 =Forecast of the times : era of nuclear individuals,19,국민교육헌장,2
9791170610359,시대예보 :핵개인의 시대 =Forecast of the times : era of nuclear individuals,19,기계,2
9791170610359,시대예보 :핵개인의 시대 =Forecast of the times : era of nuclear individuals,19,세계,2
9791170610359,시대예보 :핵개인의 시대 =Forecast of the times : era of nuclear individuals,19,국적,2
9791161571379,불편한 편의점 :김호연 장편소설,19,불편한 편의점,15
9791161571379,불편한 편의점 :김호연 장편소설,19,편의점,11
9791161571379,불편한 편의점 :김호연 장편소설,19,망원동 브라더스,9
9791161571379,불편한 편의점 :김호연 장편소설,19,이중간첩,6
9791161571379,불편한 편의점 :김호연 장편소설,19,김호연,4
9791161571379,불편한 편의점 :김호연 장편소설,19,독자,4
9791161571379,불편한 편의점 :김호연 장편소설,19,청파동,4
9791161571379,불편한 편의점 :김호연 장편소설,19,고스트라이터즈,3
9791161571379,불편한 편의점 :김호연 장편소설,19,시간,3
9791161571379,불편한 편의점 :김호연 장편소설,19,시나리오,3
9791161571379,불편한 편의점 :김호연 장편소설,19,불편한 편의점 2,3
9791161571379,불편한 편의점 :김호연 장편소설,19,실험인간지대,3
9791161571379,불편한 편의점 :김호연 장편소설,19,ALWAYS,3
9791161571379,불편한 편의점 :김호연 장편소설,19,알바,3
9791161571379,불편한 편의점 :김호연 장편소설,19,남한산성,3
9791161571379,불편한 편의점 :김호연 장편소설,19,태양을 쏴라,3
9791161571379,불편한 편의점 :김호연 장편소설,19,파우스터,3
9791161571379,불편한 편의점 :김호연 장편소설,19,베스트셀러,3
9791161571379,불편한 편의점 :김호연 장편소설,19,연적,3
9791161571379,불편한 편의점 :김호연 장편소설,19,세계문학상,2
9791161571379,불편한 편의점 :김호연 장편소설,19,수상,2
9791161571379,불편한 편의점 :김호연 장편소설,19,사랑,2
9791161571379,불편한 편의점 :김호연 장편소설,19,책속,2
9791161571379,불편한 편의점 :김호연 장편소설,19,아들,2
9791161571379,불편한 편의점 :김호연 장편소설,19,야간,2
9791161571379,불편한 편의점 :김호연 장편소설,19,예스24,2
9791161571379,불편한 편의점 :김호연 장편소설,19,올해,2
9791161571379,불편한 편의점 :김호연 장편소설,19,만화,2
9791161571379,불편한 편의점 :김호연 장편소설,19,장편소설,2
9791161571379,불편한 편의점 :김호연 장편소설,19,직장인,2
9791161571379,불편한 편의점 :김호연 장편소설,19,나무옆의자,2
9791161571379,불편한 편의점 :김호연 장편소설,19,골목,2
9791161571379,불편한 편의점 :김호연 장편소설,19,무대,2
9791161571379,불편한 편의점 :김호연 장편소설,19,민식,2
9791161571379,불편한 편의점 :김호연 장편소설,19,1년이,2
9791161571379,불편한 편의점 :김호연 장편소설,19,2000년대 이후 한국소설,2
9791161571379,불편한 편의점 :김호연 장편소설,19,2013년,2
9791161571379,불편한 편의점 :김호연 장편소설,19,불편,2
9791161571379,불편한 편의점 :김호연 장편소설,19,사장,2
9791161571379,불편한 편의점 :김호연 장편소설,19,시대,2
9791161571379,불편한 편의점 :김호연 장편소설,19,2021년,2
9791161571379,불편한 편의점 :김호연 장편소설,19,2022년,2
9791161571379,불편한 편의점 :김호연 장편소설,19,이웃,2
9791161571379,불편한 편의점 :김호연 장편소설,19,감동,2
9791161571379,불편한 편의점 :김호연 장편소설,19,상위권,2
9791161571379,불편한 편의점 :김호연 장편소설,19,시작,2
9791161571379,불편한 편의점 :김호연 장편소설,19,관심,2
9791161571379,불편한 편의점 :김호연 장편소설,19,진득,2
9791161571379,불편한 편의점 :김호연 장편소설,19,유쾌,2
9791161571379,불편한 편의점 :김호연 장편소설,19,출판사,2
9791141602376,안녕이라 그랬어 :김애란 소설,18,홈 파티,15
9791141602376,안녕이라 그랬어 :김애란 소설,18,좋은 이웃,12
9791141602376,안녕이라 그랬어 :김애란 소설,18,공간,10
9791141602376,안녕이라 그랬어 :김애란 소설,18,안녕이라 그랬어,9
9791141602376,안녕이라 그랬어 :김애란 소설,18,김애란,8
9791141602376,안녕이라 그랬어 :김애란 소설,18,바깥은 여름,6
9791141602376,안녕이라 그랬어 :김애란 소설,18,소설집,5
9791141602376,안녕이라 그랬어 :김애란 소설,18,수상작,4
9791141602376,안녕이라 그랬어 :김애란 소설,18,레몬케이크,4
9791141602376,안녕이라 그랬어 :김애란 소설,18,문학동네,4
9791141602376,안녕이라 그랬어 :김애란 소설,18,이번,4
9791141602376,안녕이라 그랬어 :김애란 소설,18,오영수문학상,4
9791141602376,안녕이라 그랬어 :김애란 소설,18,발휘,4
9791141602376,안녕이라 그랬어 :김애란 소설,18,수록,3
9791141602376,안녕이라 그랬어 :김애란 소설,18,우수,3
9791141602376,안녕이라 그랬어 :김애란 소설,18,김승옥문학상,3
9791141602376,안녕이라 그랬어 :김애란 소설,18,숲속 작은 집,3
9791141602376,안녕이라 그랬어 :김애란 소설,18,표현,3
9791141602376,안녕이라 그랬어 :김애란 소설,18,사회적,3
9791141602376,안녕이라 그랬어 :김애란 소설,18,사건,2
9791141602376,안녕이라 그랬어 :김애란 소설,18,명료,2
9791141602376,안녕이라 그랬어 :김애란 소설,18,신형철,2
9791141602376,안녕이라 그랬어 :김애란 소설,18,여전,2
9791141602376,안녕이라 그랬어 :김애란 소설,18,딜레마적,2
9791141602376,안녕이라 그랬어 :김애란 소설,18,인물,2
9791141602376,안녕이라 그랬어 :김애란 소설,18,문학평론가,2
9791141602376,안녕이라 그랬어 :김애란 소설,18,2013년,2
9791141602376,안녕이라 그랬어 :김애란 소설,18,이웃,2
9791141602376,안녕이라 그랬어 :김애란 소설,18,부여,2
9791141602376,안녕이라 그랬어 :김애란 소설,18,2000년대 이후 한국소설,2
9791141602376,안녕이라 그랬어 :김애란 소설,18,방문,2
9791141602376,안녕이라 그랬어 :김애란 소설,18,정서적,2
9791141602376,안녕이라 그랬어 :김애란 소설,18,집주인,2
9791141602376,안녕이라 그랬어 :김애란 소설,18,입자,2
9791141602376,안녕이라 그랬어 :김애란 소설,18,단편,2
9791141602376,안녕이라 그랬어 :김애란 소설,18,가운데,2
9791141602376,안녕이라 그랬어 :김애란 소설,18,세계,2
9791141602376,안녕이라 그랬어 :김애란 소설,18,감정,2
9791141602376,안녕이라 그랬어 :김애란 소설,18,강력,2
9791141602376,안녕이라 그랬어 :김애란 소설,18,주인공,2
9791141602376,안녕이라 그랬어 :김애란 소설,18,장소,2
9791141602376,안녕이라 그랬어 :김애란 소설,18,예리,2
9791141602376,안녕이라 그랬어 :김애란 소설,18,쌓아올리,2
9791141602376,안녕이라 그랬어 :김애란 소설,18,젊은작가,2
9791141602376,안녕이라 그랬어 :김애란 소설,18,사람,2
9791141602376,안녕이라 그랬어 :김애란 소설,18,중층적,2
9791141602376,안녕이라 그랬어 :김애란 소설,18,특유,2
9791141602376,안녕이라 그랬어 :김애란 소설,18,특장,2
9791141602376,안녕이라 그랬어 :김애란 소설,18,능력,2
9791141602376,안녕이라 그랬어 :김애란 소설,18,물음,2
9788934990987,놓지 마 어휘 :한자어,15,어휘,15
9788934990987,놓지 마 어휘 :한자어,15,놓지 마 어휘,12
9788934990987,놓지 마 어휘 :한자어,15,한자어,8
9788934990987,놓지 마 어휘 :한자어,15,정신,7
9788934990987,놓지 마 어휘 :한자어,15,놓지 마 정신줄,6
9788934990987,놓지 마 어휘 :한자어,15,시리즈,6
9788934990987,놓지 마 어휘 :한자어,15,우리말,5
9788934990987,놓지 마 어휘 :한자어,15,가족,5
9788934990987,놓지 마 어휘 :한자어,15,주리,5
9788934990987,놓지 마 어휘 :한자어,15,소녀,4
9788934990987,놓지 마 어휘 :한자어,15,급식,4
9788934990987,놓지 마 어휘 :한자어,15,개혁,4
9788934990987,놓지 마 어휘 :한자어,15,퀴즈,4
9788934990987,놓지 마 어휘 :한자어,15,아이들,4
9788934990987,놓지 마 어휘 :한자어,15,놓지 마 과학,3
9788934990987,놓지 마 어휘 :한자어,15,사랑,3
9788934990987,놓지 마 어휘 :한자어,15,구성,3
9788934990987,놓지 마 어휘 :한자어,15,놓지 마 초등 영단어,3
9788934990987,놓지 마 어휘 :한자어,15,가보,3
9788934990987,놓지 마 어휘 :한자어,15,학습만화,3
9788934990987,놓지 마 어휘 :한자어,15,국어,3
9788934990987,놓지 마 어휘 :한자어,15,주지,3
9788934990987,놓지 마 어휘 :한자어,15,모카노,2
9788934990987,놓지 마 어휘 :한자어,15,맞춤법,2
9788934990987,놓지 마 어휘 :한자어,15,독해,2
9788934990987,놓지 마 어휘 :한자어,15,대화,2
9788934990987,놓지 마 어휘 :한자어,15,수상,2
9788934990987,놓지 마 어휘 :한자어,15,배경,2
9788934990987,놓지 마 어휘 :한자어,15,뱃살,2
9788934990987,놓지 마 어휘 :한자어,15,봅시,2
9788934990987,놓지 마 어휘 :한자어,15,부각,2
9788934990987,놓지 마 어휘 :한자어,15,동거인,2
9788934990987,놓지 마 어휘 :한자어,15,산소,2
9788934990987,놓지 마 어휘 :한자어,15,교과,2
9788934990987,놓지 마 어휘 :한자어,15,순우리말,2
9788934990987,놓지 마 어휘 :한자어,15,신태훈,2
9788934990987,놓지 마 어휘 :한자어,15,만화,2
9788934990987,놓지 마 어휘 :한자어,15,문제,2
9788934990987,놓지 마 어휘 :한자어,15,건립,2
9788934990987,놓지 마 어휘 :한자어,15,검색,2
9788934990987,놓지 마 어휘 :한자어,15,격려,2
9788934990987,놓지 마 어휘 :한자어,15,격언,2
9788934990987,놓지 마 어휘 :한자어,15,결핍,2
9788934990987,놓지 마 어휘 :한자어,15,어휘력,2
9788934990987,놓지 마 어휘 :한자어,15,경외심,2
9788934990987,놓지 마 어휘 :한자어,15,경지,2
9788934990987,놓지 마 어휘 :한자어,15,엄마,2
9788934990987,놓지 마 어휘 :한자어,15,갈망,2
9788934990987,놓지 마 어휘 :한자어,15,간청,2
9788934990987,놓지 마 어휘 :한자어,15,간략,2
9788936439743,혼모노 :성해나 소설집,15,창비,3
9788936439743,혼모노 :성해나 소설집,15,길티,2
9788936439743,혼모노 :성해나 소설집,15,성해나,2
9788936439743,혼모노 :성해나 소설집,15,소개,2
9788936439743,혼모노 :성해나 소설집,15,출판사,2
9788936439743,혼모노 :성해나 소설집,15,클럽,2
9788936439743,혼모노 :성해나 소설집,15,갈월동,2
9788936439743,혼모노 :성해나 소설집,15,호랑이,2
9788936439743,혼모노 :성해나 소설집,15,2000년대 이후 한국소설,2
9788936439743,혼모노 :성해나 소설집,15,발표지면,2
9788936439743,혼모노 :성해나 소설집,15,이기호 박정민,1
9788936439743,혼모노 :성해나 소설집,15,우호적,1
9788936439743,혼모노 :성해나 소설집,15,이기호 박정민작가,1
9788936439743,혼모노 :성해나 소설집,15,잉태기,1
9788936439743,혼모노 :성해나 소설집,15,--,1
9788936439743,혼모노 :성해나 소설집,15,책소개--,1
9788936439743,혼모노 :성해나 소설집,15,한겨레21,1
9788936439743,혼모노 :성해나 소설집,15,해설,1
9788936439743,혼모노 :성해나 소설집,15,양경언추천,1
9788936439743,혼모노 :성해나 소설집,15,양경언,1
9788936439743,혼모노 :성해나 소설집,15,스무드,1
9788936439743,혼모노 :성해나 소설집,15,2015년,1
9788936439743,혼모노 :성해나 소설집,15,98번지,1
9788936439743,혼모노 :성해나 소설집,15,98번지우호적,1
9788936439743,혼모노 :성해나 소설집,15,감정,1
9788936439743,혼모노 :성해나 소설집,15,감정잉태기메탈해설,1
9788936439743,혼모노 :성해나 소설집,15,구의,1
9788936439743,혼모노 :성해나 소설집,15,만지기스무드혼모노구,1
9788936439743,혼모노 :성해나 소설집,15,말수록작품,1
9788936439743,혼모노 :성해나 소설집,15,메탈,1
9788936439743,혼모노 :성해나 소설집,15,손바닥문학상,1
9788936439743,혼모노 :성해나 소설집,15,수록작품,1
9788936439743,혼모노 :성해나 소설집,15,혼모노,1
9791165341909,달러구트 꿈 백화점 :주문하신 꿈은 매진입니다,14,달러구트 꿈 백화점,9
9791165341909,달러구트 꿈 백화점 :주문하신 꿈은 매진입니다,14,사람,5
9791165341909,달러구트 꿈 백화점 :주문하신 꿈은 매진입니다,14,종이책,4
9791165341909,달러구트 꿈 백화점 :주문하신 꿈은 매진입니다,14,베스트셀러,4
9791165341909,달러구트 꿈 백화점 :주문하신 꿈은 매진입니다,14,펀딩,4
9791165341909,달러구트 꿈 백화점 :주문하신 꿈은 매진입니다,14,전자책,4
9791165341909,달러구트 꿈 백화점 :주문하신 꿈은 매진입니다,14,별점,4
9791165341909,달러구트 꿈 백화점 :주문하신 꿈은 매진입니다,14,독자,4
9791165341909,달러구트 꿈 백화점 :주문하신 꿈은 매진입니다,14,달러구트의 꿈 백화점,3
9791165341909,달러구트 꿈 백화점 :주문하신 꿈은 매진입니다,14,매진,3
9791165341909,달러구트 꿈 백화점 :주문하신 꿈은 매진입니다,14,이미예,3
9791165341909,달러구트 꿈 백화점 :주문하신 꿈은 매진입니다,14,달러구트,3
9791165341909,달러구트 꿈 백화점 :주문하신 꿈은 매진입니다,14,페니,3
9791165341909,달러구트 꿈 백화점 :주문하신 꿈은 매진입니다,14,주문,3
9791165341909,달러구트 꿈 백화점 :주문하신 꿈은 매진입니다,14,기록,3
9791165341909,달러구트 꿈 백화점 :주문하신 꿈은 매진입니다,14,아가넵 코코,3
9791165341909,달러구트 꿈 백화점 :주문하신 꿈은 매진입니다,14,요청,3
9791165341909,달러구트 꿈 백화점 :주문하신 꿈은 매진입니다,14,마이어스,2
9791165341909,달러구트 꿈 백화점 :주문하신 꿈은 매진입니다,14,팩토리나인,2
9791165341909,달러구트 꿈 백화점 :주문하신 꿈은 매진입니다,14,판타지,2
9791165341909,달러구트 꿈 백화점 :주문하신 꿈은 매진입니다,14,달성,2
9791165341909,달러구트 꿈 백화점 :주문하신 꿈은 매진입니다,14,사례,2
9791165341909,달러구트 꿈 백화점 :주문하신 꿈은 매진입니다,14,인기,2
9791165341909,달러구트 꿈 백화점 :주문하신 꿈은 매진입니다,14,눈물,2
9791165341909,달러구트 꿈 백화점 :주문하신 꿈은 매진입니다,14,자고,2
9791165341909,달러구트 꿈 백화점 :주문하신 꿈은 매진입니다,14,종합,2
9791165341909,달러구트 꿈 백화점 :주문하신 꿈은 매진입니다,14,텀블벅,2
9791165341909,달러구트 꿈 백화점 :주문하신 꿈은 매진입니다,14,비고,2
9791165341909,달러구트 꿈 백화점 :주문하신 꿈은 매진입니다,14,한국판타지 환상소설,2
9791165341909,달러구트 꿈 백화점 :주문하신 꿈은 매진입니다,14,벤젠고리,1
9791165341909,달러구트 꿈 백화점 :주문하신 꿈은 매진입니다,14,베일,1
9791165341909,달러구트 꿈 백화점 :주문하신 꿈은 매진입니다,14,면접,1
9791165341909,달러구트 꿈 백화점 :주문하신 꿈은 매진입니다,14,모아,1
9791165341909,달러구트 꿈 백화점 :주문하신 꿈은 매진입니다,14,범상치,1
9791165341909,달러구트 꿈 백화점 :주문하신 꿈은 매진입니다,14,무의식,1
9791165341909,달러구트 꿈 백화점 :주문하신 꿈은 매진입니다,14,발표,1
9791165341909,달러구트 꿈 백화점 :주문하신 꿈은 매진입니다,14,반도체,1
9791165341909,달러구트 꿈 백화점 :주문하신 꿈은 매진입니다,14,미래,1
9791165341909,달러구트 꿈 백화점 :주문하신 꿈은 매진입니다,14,동물,1
9791165341909,달러구트 꿈 백화점 :주문하신 꿈은 매진입니다,14,3주간,1
9791165341909,달러구트 꿈 백화점 :주문하신 꿈은 매진입니다,14,가게,1
9791165341909,달러구트 꿈 백화점 :주문하신 꿈은 매진입니다,14,갈등,1
9791165341909,달러구트 꿈 백화점 :주문하신 꿈은 매진입니다,14,공개,1
9791165341909,달러구트 꿈 백화점 :주문하신 꿈은 매진입니다,14,공부,1
9791165341909,달러구트 꿈 백화점 :주문하신 꿈은 매진입니다,14,국내,1
9791165341909,달러구트 꿈 백화점 :주문하신 꿈은 매진입니다,14,환불,1
9791165341909,달러구트 꿈 백화점 :주문하신 꿈은 매진입니다,14,5점,1
9791165341909,달러구트 꿈 백화점 :주문하신 꿈은 매진입니다,14,대성황,1
9791165341909,달러구트 꿈 백화점 :주문하신 꿈은 매진입니다,14,대소동,1
9791165341909,달러구트 꿈 백화점 :주문하신 꿈은 매진입니다,14,독특,1
9788901276533,나는 메트로폴리탄 미술관의 경비원입니다 :가장 경이로운 세계 속으로 숨어버린 한 남자의 이야기,14,미술관,13
9788901276533,나는 메트로폴리탄 미술관의 경비원입니다 :가장 경이로운 세계 속으로 숨어버린 한 남자의 이야기,14,메트로폴리탄,9
9788901276533,나는 메트로폴리탄 미술관의 경비원입니다 :가장 경이로운 세계 속으로 숨어버린 한 남자의 이야기,14,경비원,8
9788901276533,나는 메트로폴리탄 미술관의 경비원입니다 :가장 경이로운 세계 속으로 숨어버린 한 남자의 이야기,14,파이낸셜타임스,6
9788901276533,나는 메트로폴리탄 미술관의 경비원입니다 :가장 경이로운 세계 속으로 숨어버린 한 남자의 이야기,14,뉴욕,6
9788901276533,나는 메트로폴리탄 미술관의 경비원입니다 :가장 경이로운 세계 속으로 숨어버린 한 남자의 이야기,14,뉴요커,6
9788901276533,나는 메트로폴리탄 미술관의 경비원입니다 :가장 경이로운 세계 속으로 숨어버린 한 남자의 이야기,14,워싱턴포스트,6
9788901276533,나는 메트로폴리탄 미술관의 경비원입니다 :가장 경이로운 세계 속으로 숨어버린 한 남자의 이야기,14,가디언,6
9788901276533,나는 메트로폴리탄 미술관의 경비원입니다 :가장 경이로운 세계 속으로 숨어버린 한 남자의 이야기,14,뉴욕타임스,6
9788901276533,나는 메트로폴리탄 미술관의 경비원입니다 :가장 경이로운 세계 속으로 숨어버린 한 남자의 이야기,14,예술,6
9788901276533,나는 메트로폴리탄 미술관의 경비원입니다 :가장 경이로운 세계 속으로 숨어버린 한 남자의 이야기,14,죽음,5
9788901276533,나는 메트로폴리탄 미술관의 경비원입니다 :가장 경이로운 세계 속으로 숨어버린 한 남자의 이야기,14,시간,4
9788901276533,나는 메트로폴리탄 미술관의 경비원입니다 :가장 경이로운 세계 속으로 숨어버린 한 남자의 이야기,14,남자,4
9788901276533,나는 메트로폴리탄 미술관의 경비원입니다 :가장 경이로운 세계 속으로 숨어버린 한 남자의 이야기,14,세상,4
9788901276533,나는 메트로폴리탄 미술관의 경비원입니다 :가장 경이로운 세계 속으로 숨어버린 한 남자의 이야기,14,회고,4
9788901276533,나는 메트로폴리탄 미술관의 경비원입니다 :가장 경이로운 세계 속으로 숨어버린 한 남자의 이야기,14,의미,3
9788901276533,나는 메트로폴리탄 미술관의 경비원입니다 :가장 경이로운 세계 속으로 숨어버린 한 남자의 이야기,14,인생,3
9788901276533,나는 메트로폴리탄 미술관의 경비원입니다 :가장 경이로운 세계 속으로 숨어버린 한 남자의 이야기,14,완벽,3
9788901276533,나는 메트로폴리탄 미술관의 경비원입니다 :가장 경이로운 세계 속으로 숨어버린 한 남자의 이야기,14,연속,3
9788901276533,나는 메트로폴리탄 미술관의 경비원입니다 :가장 경이로운 세계 속으로 숨어버린 한 남자의 이야기,14,베스트셀러,3
9788901276533,나는 메트로폴리탄 미술관의 경비원입니다 :가장 경이로운 세계 속으로 숨어버린 한 남자의 이야기,14,가족,3
9788901276533,나는 메트로폴리탄 미술관의 경비원입니다 :가장 경이로운 세계 속으로 숨어버린 한 남자의 이야기,14,40주,3
9788901276533,나는 메트로폴리탄 미술관의 경비원입니다 :가장 경이로운 세계 속으로 숨어버린 한 남자의 이야기,14,위대,3
9788901276533,나는 메트로폴리탄 미술관의 경비원입니다 :가장 경이로운 세계 속으로 숨어버린 한 남자의 이야기,14,랩 걸,3
9788901276533,나는 메트로폴리탄 미술관의 경비원입니다 :가장 경이로운 세계 속으로 숨어버린 한 남자의 이야기,14,브링리,3
9788901276533,나는 메트로폴리탄 미술관의 경비원입니다 :가장 경이로운 세계 속으로 숨어버린 한 남자의 이야기,14,지적,3
9788901276533,나는 메트로폴리탄 미술관의 경비원입니다 :가장 경이로운 세계 속으로 숨어버린 한 남자의 이야기,14,쌓아가던,2
9788901276533,나는 메트로폴리탄 미술관의 경비원입니다 :가장 경이로운 세계 속으로 숨어버린 한 남자의 이야기,14,애도,2
9788901276533,나는 메트로폴리탄 미술관의 경비원입니다 :가장 경이로운 세계 속으로 숨어버린 한 남자의 이야기,14,저서,2
9788901276533,나는 메트로폴리탄 미술관의 경비원입니다 :가장 경이로운 세계 속으로 숨어버린 한 남자의 이야기,14,인류,2
9788901276533,나는 메트로폴리탄 미술관의 경비원입니다 :가장 경이로운 세계 속으로 숨어버린 한 남자의 이야기,14,이들,2
9788901276533,나는 메트로폴리탄 미술관의 경비원입니다 :가장 경이로운 세계 속으로 숨어버린 한 남자의 이야기,14,고통,2
9788901276533,나는 메트로폴리탄 미술관의 경비원입니다 :가장 경이로운 세계 속으로 숨어버린 한 남자의 이야기,14,외국에세이,2
9788901276533,나는 메트로폴리탄 미술관의 경비원입니다 :가장 경이로운 세계 속으로 숨어버린 한 남자의 이야기,14,패트릭,2
9788901276533,나는 메트로폴리탄 미술관의 경비원입니다 :가장 경이로운 세계 속으로 숨어버린 한 남자의 이야기,14,고독,2
9788901276533,나는 메트로폴리탄 미술관의 경비원입니다 :가장 경이로운 세계 속으로 숨어버린 한 남자의 이야기,14,언론,2
9788901276533,나는 메트로폴리탄 미술관의 경비원입니다 :가장 경이로운 세계 속으로 숨어버린 한 남자의 이야기,14,세계,2
9788901276533,나는 메트로폴리탄 미술관의 경비원입니다 :가장 경이로운 세계 속으로 숨어버린 한 남자의 이야기,14,걸작,2
9788901276533,나는 메트로폴리탄 미술관의 경비원입니다 :가장 경이로운 세계 속으로 숨어버린 한 남자의 이야기,14,웅진지식하우스,2
9788901276533,나는 메트로폴리탄 미술관의 경비원입니다 :가장 경이로운 세계 속으로 숨어버린 한 남자의 이야기,14,슬픔,2
9788901276533,나는 메트로폴리탄 미술관의 경비원입니다 :가장 경이로운 세계 속으로 숨어버린 한 남자의 이야기,14,에세이,2
9788901276533,나는 메트로폴리탄 미술관의 경비원입니다 :가장 경이로운 세계 속으로 숨어버린 한 남자의 이야기,14,10년,2
9788901276533,나는 메트로폴리탄 미술관의 경비원입니다 :가장 경이로운 세계 속으로 숨어버린 한 남자의 이야기,14,패트릭 브링리,2
9788901276533,나는 메트로폴리탄 미술관의 경비원입니다 :가장 경이로운 세계 속으로 숨어버린 한 남자의 이야기,14,독특,2
9788901276533,나는 메트로폴리탄 미술관의 경비원입니다 :가장 경이로운 세계 속으로 숨어버린 한 남자의 이야기,14,아마존,2
9788901276533,나는 메트로폴리탄 미술관의 경비원입니다 :가장 경이로운 세계 속으로 숨어버린 한 남자의 이야기,14,직장,2
9788901276533,나는 메트로폴리탄 미술관의 경비원입니다 :가장 경이로운 세계 속으로 숨어버린 한 남자의 이야기,14,가을,2
9788901276533,나는 메트로폴리탄 미술관의 경비원입니다 :가장 경이로운 세계 속으로 숨어버린 한 남자의 이야기,14,시작,2
9788901276533,나는 메트로폴리탄 미술관의 경비원입니다 :가장 경이로운 세계 속으로 숨어버린 한 남자의 이야기,14,단순,2
9788901276533,나는 메트로폴리탄 미술관의 경비원입니다 :가장 경이로운 세계 속으로 숨어버린 한 남자의 이야기,14,극찬,2
9791190313186,지적 대화를 위한 넓고 얕은 지식 :한 권으로 현실 세계를 통달하는 지식 여행서,13,지대넓얕,10
9791190313186,지적 대화를 위한 넓고 얕은 지식 :한 권으로 현실 세계를 통달하는 지식 여행서,13,역사,10
9791190313186,지적 대화를 위한 넓고 얕은 지식 :한 권으로 현실 세계를 통달하는 지식 여행서,13,지식,9
9791190313186,지적 대화를 위한 넓고 얕은 지식 :한 권으로 현실 세계를 통달하는 지식 여행서,13,정리,8
9791190313186,지적 대화를 위한 넓고 얕은 지식 :한 권으로 현실 세계를 통달하는 지식 여행서,13,보수,8
9791190313186,지적 대화를 위한 넓고 얕은 지식 :한 권으로 현실 세계를 통달하는 지식 여행서,13,인문학,8
9791190313186,지적 대화를 위한 넓고 얕은 지식 :한 권으로 현실 세계를 통달하는 지식 여행서,13,진보,8
9791190313186,지적 대화를 위한 넓고 얕은 지식 :한 권으로 현실 세계를 통달하는 지식 여행서,13,사회,8
9791190313186,지적 대화를 위한 넓고 얕은 지식 :한 권으로 현실 세계를 통달하는 지식 여행서,13,대화,6
9791190313186,지적 대화를 위한 넓고 얕은 지식 :한 권으로 현실 세계를 통달하는 지식 여행서,13,현실,6
9791190313186,지적 대화를 위한 넓고 얕은 지식 :한 권으로 현실 세계를 통달하는 지식 여행서,13,독자,5
9791190313186,지적 대화를 위한 넓고 얕은 지식 :한 권으로 현실 세계를 통달하는 지식 여행서,13,생산수단,5
9791190313186,지적 대화를 위한 넓고 얕은 지식 :한 권으로 현실 세계를 통달하는 지식 여행서,13,고대,5
9791190313186,지적 대화를 위한 넓고 얕은 지식 :한 권으로 현실 세계를 통달하는 지식 여행서,13,자본주의,5
9791190313186,지적 대화를 위한 넓고 얕은 지식 :한 권으로 현실 세계를 통달하는 지식 여행서,13,세계,5
9791190313186,지적 대화를 위한 넓고 얕은 지식 :한 권으로 현실 세계를 통달하는 지식 여행서,13,민주주의,5
9791190313186,지적 대화를 위한 넓고 얕은 지식 :한 권으로 현실 세계를 통달하는 지식 여행서,13,지적,5
9791190313186,지적 대화를 위한 넓고 얕은 지식 :한 권으로 현실 세계를 통달하는 지식 여행서,13,정치,5
9791190313186,지적 대화를 위한 넓고 얕은 지식 :한 권으로 현실 세계를 통달하는 지식 여행서,13,시간관,4
9791190313186,지적 대화를 위한 넓고 얕은 지식 :한 권으로 현실 세계를 통달하는 지식 여행서,13,시간,4
9791190313186,지적 대화를 위한 넓고 얕은 지식 :한 권으로 현실 세계를 통달하는 지식 여행서,13,팟캐스트,4
9791190313186,지적 대화를 위한 넓고 얕은 지식 :한 권으로 현실 세계를 통달하는 지식 여행서,13,독재,4
9791190313186,지적 대화를 위한 넓고 얕은 지식 :한 권으로 현실 세계를 통달하는 지식 여행서,13,경제,4
9791190313186,지적 대화를 위한 넓고 얕은 지식 :한 권으로 현실 세계를 통달하는 지식 여행서,13,윤리적,4
9791190313186,지적 대화를 위한 넓고 얕은 지식 :한 권으로 현실 세계를 통달하는 지식 여행서,13,중간,4
9791190313186,지적 대화를 위한 넓고 얕은 지식 :한 권으로 현실 세계를 통달하는 지식 여행서,13,개인,4
9791190313186,지적 대화를 위한 넓고 얕은 지식 :한 권으로 현실 세계를 통달하는 지식 여행서,13,전체주의,4
9791190313186,지적 대화를 위한 넓고 얕은 지식 :한 권으로 현실 세계를 통달하는 지식 여행서,13,시민의 교양,3
9791190313186,지적 대화를 위한 넓고 얕은 지식 :한 권으로 현실 세계를 통달하는 지식 여행서,13,최종,3
9791190313186,지적 대화를 위한 넓고 얕은 지식 :한 권으로 현실 세계를 통달하는 지식 여행서,13,채사장,3
9791190313186,지적 대화를 위한 넓고 얕은 지식 :한 권으로 현실 세계를 통달하는 지식 여행서,13,다양,3
9791190313186,지적 대화를 위한 넓고 얕은 지식 :한 권으로 현실 세계를 통달하는 지식 여행서,13,공급과잉,3
9791190313186,지적 대화를 위한 넓고 얕은 지식 :한 권으로 현실 세계를 통달하는 지식 여행서,13,구분,3
9791190313186,지적 대화를 위한 넓고 얕은 지식 :한 권으로 현실 세계를 통달하는 지식 여행서,13,기록,3
9791190313186,지적 대화를 위한 넓고 얕은 지식 :한 권으로 현실 세계를 통달하는 지식 여행서,13,1위를,3
9791190313186,지적 대화를 위한 넓고 얕은 지식 :한 권으로 현실 세계를 통달하는 지식 여행서,13,열한 계단,3
9791190313186,지적 대화를 위한 넓고 얕은 지식 :한 권으로 현실 세계를 통달하는 지식 여행서,13,우리는 언젠가 만난다,3
9791190313186,지적 대화를 위한 넓고 얕은 지식 :한 권으로 현실 세계를 통달하는 지식 여행서,13,윤리,3
9791190313186,지적 대화를 위한 넓고 얕은 지식 :한 권으로 현실 세계를 통달하는 지식 여행서,13,사람,3
9791190313186,지적 대화를 위한 넓고 얕은 지식 :한 권으로 현실 세계를 통달하는 지식 여행서,13,근대,2
9791190313186,지적 대화를 위한 넓고 얕은 지식 :한 권으로 현실 세계를 통달하는 지식 여행서,13,엘리트주의,2
9791190313186,지적 대화를 위한 넓고 얕은 지식 :한 권으로 현실 세계를 통달하는 지식 여행서,13,설명,2
9791190313186,지적 대화를 위한 넓고 얕은 지식 :한 권으로 현실 세계를 통달하는 지식 여행서,13,분야,2
9791190313186,지적 대화를 위한 넓고 얕은 지식 :한 권으로 현실 세계를 통달하는 지식 여행서,13,세계대전,2
9791190313186,지적 대화를 위한 넓고 얕은 지식 :한 권으로 현실 세계를 통달하는 지식 여행서,13,가지,2
9791190313186,지적 대화를 위한 넓고 얕은 지식 :한 권으로 현실 세계를 통달하는 지식 여행서,13,개념,2
9791190313186,지적 대화를 위한 넓고 얕은 지식 :한 권으로 현실 세계를 통달하는 지식 여행서,13,방법,2
9791190313186,지적 대화를 위한 넓고 얕은 지식 :한 권으로 현실 세계를 통달하는 지식 여행서,13,시작,2
9791190313186,지적 대화를 위한 넓고 얕은 지식 :한 권으로 현실 세계를 통달하는 지식 여행서,13,시대,2
9791190313186,지적 대화를 위한 넓고 얕은 지식 :한 권으로 현실 세계를 통달하는 지식 여행서,13,세금,2
9791169851053,어른의 행복은 조용하다,13,행복,26
9791169851053,어른의 행복은 조용하다,13,사람,18
9791169851053,어른의 행복은 조용하다,13,어른의 행복은 조용하다,12
9791169851053,어른의 행복은 조용하다,13,불행,8
9791169851053,어른의 행복은 조용하다,13,능력,7
9791169851053,어른의 행복은 조용하다,13,인생,6
9791169851053,어른의 행복은 조용하다,13,홈  in  홈,6
9791169851053,어른의 행복은 조용하다,13,1cm  다이빙,6
9791169851053,어른의 행복은 조용하다,13,태수,6
9791169851053,어른의 행복은 조용하다,13,어른,6
9791169851053,어른의 행복은 조용하다,13,조용,5
9791169851053,어른의 행복은 조용하다,13,현명,4
9791169851053,어른의 행복은 조용하다,13,우린,4
9791169851053,어른의 행복은 조용하다,13,용기,4
9791169851053,어른의 행복은 조용하다,13,다정,4
9791169851053,어른의 행복은 조용하다,13,체력,4
9791169851053,어른의 행복은 조용하다,13,자신,3
9791169851053,어른의 행복은 조용하다,13,위로,3
9791169851053,어른의 행복은 조용하다,13,생각,3
9791169851053,어른의 행복은 조용하다,13,방법,3
9791169851053,어른의 행복은 조용하다,13,독자,3
9791169851053,어른의 행복은 조용하다,13,성공,3
9791169851053,어른의 행복은 조용하다,13,평범,3
9791169851053,어른의 행복은 조용하다,13,필요,3
9791169851053,어른의 행복은 조용하다,13,세상,2
9791169851053,어른의 행복은 조용하다,13,아침,2
9791169851053,어른의 행복은 조용하다,13,매일,2
9791169851053,어른의 행복은 조용하다,13,마음,2
9791169851053,어른의 행복은 조용하다,13,똑똑,2
9791169851053,어른의 행복은 조용하다,13,사랑,2
9791169851053,어른의 행복은 조용하다,13,우울증보단,2
9791169851053,어른의 행복은 조용하다,13,순간,2
9791169851053,어른의 행복은 조용하다,13,성격,2
9791169851053,어른의 행복은 조용하다,13,섬세,2
9791169851053,어른의 행복은 조용하다,13,번아웃,2
9791169851053,어른의 행복은 조용하다,13,응원,2
9791169851053,어른의 행복은 조용하다,13,신작,2
9791169851053,어른의 행복은 조용하다,13,가혹,2
9791169851053,어른의 행복은 조용하다,13,1cm,2
9791169851053,어른의 행복은 조용하다,13,감옥,2
9791169851053,어른의 행복은 조용하다,13,이름,2
9791169851053,어른의 행복은 조용하다,13,아내,2
9791169851053,어른의 행복은 조용하다,13,기분,2
9791169851053,어른의 행복은 조용하다,13,에세이스트,2
9791169851053,어른의 행복은 조용하다,13,원고,2
9791169851053,어른의 행복은 조용하다,13,나라,2
9791169851053,어른의 행복은 조용하다,13,의외,2
9791169851053,어른의 행복은 조용하다,13,나이,2
9791169851053,어른의 행복은 조용하다,13,선물,2
9791169851053,어른의 행복은 조용하다,13,사이코패스,2
9788934942641,놓지 마 맞춤법,12,맞춤법,34
9788934942641,놓지 마 맞춤법,12,알쏭달쏭,12
9788934942641,놓지 마 맞춤법,12,정신,10
9788934942641,놓지 마 맞춤법,12,월드컵,6
9788934942641,놓지 마 맞춤법,12,아이들,5
9788934942641,놓지 마 맞춤법,12,멘탈스톤,4
9788934942641,놓지 마 맞춤법,12,정복,4
9788934942641,놓지 마 맞춤법,12,퀴즈,4
9788934942641,놓지 마 맞춤법,12,놓지 마 맞춤법,3
9788934942641,놓지 마 맞춤법,12,주제,3
9788934942641,놓지 마 맞춤법,12,인생,3
9788934942641,놓지 마 맞춤법,12,우리말,3
9788934942641,놓지 마 맞춤법,12,다양,2
9788934942641,놓지 마 맞춤법,12,눈높이,2
9788934942641,놓지 마 맞춤법,12,이해,2
9788934942641,놓지 마 맞춤법,12,놀이터,2
9788934942641,놓지 마 맞춤법,12,발생,2
9788934942641,놓지 마 맞춤법,12,원리,2
9788934942641,놓지 마 맞춤법,12,미로,2
9788934942641,놓지 마 맞춤법,12,초등학생,2
9788934942641,놓지 마 맞춤법,12,주니어김영사,2
9788934942641,놓지 마 맞춤법,12,위기,2
9788934942641,놓지 마 맞춤법,12,정상은  감수,2
9788934942641,놓지 마 맞춤법,12,정구,2
9788934942641,놓지 마 맞춤법,12,일상생활,2
9788934942641,놓지 마 맞춤법,12,대회,2
9788934942641,놓지 마 맞춤법,12,대활약,2
9788934942641,놓지 마 맞춤법,12,흥미,2
9788934942641,놓지 마 맞춤법,12,나승훈,2
9788934942641,놓지 마 맞춤법,12,6장,2
9788934942641,놓지 마 맞춤법,12,5장,2
9788934942641,놓지 마 맞춤법,12,역전,2
9788934942641,놓지 마 맞춤법,12,4장,2
9788934942641,놓지 마 맞춤법,12,3장,2
9788934942641,놓지 마 맞춤법,12,2장,2
9788934942641,놓지 마 맞춤법,12,1장,2
9788934942641,놓지 마 맞춤법,12,서바이벌,2
9788934942641,놓지 마 맞춤법,12,사례,2
9788934942641,놓지 마 맞춤법,12,7장,2
9788934942641,놓지 마 맞춤법,12,참가,2
9788934942641,놓지 마 맞춤법,12,O X,2
9788934942641,놓지 마 맞춤법,12,탈락자,2
9788934942641,놓지 마 맞춤법,12,글쓰기 일반,2
9788934942641,놓지 마 맞춤법,12,규정,2
9788934942641,놓지 마 맞춤법,12,참고서,2
9788934942641,놓지 마 맞춤법,12,교실,2
9788934942641,놓지 마 맞춤법,12,교과서,2
9788934942641,놓지 마 맞춤법,12,가족,2
9788934942641,놓지 마 맞춤법,12,신태훈,2
9788934942641,놓지 마 맞춤법,12,가로세로,2
9791189938352,(백종원의) 도전 요리왕 :음식으로 맛보는 세계 역사 문화 체험,12,일본,37
9791189938352,(백종원의) 도전 요리왕 :음식으로 맛보는 세계 역사 문화 체험,12,문화,21
9791189938352,(백종원의) 도전 요리왕 :음식으로 맛보는 세계 역사 문화 체험,12,음식,19
9791189938352,(백종원의) 도전 요리왕 :음식으로 맛보는 세계 역사 문화 체험,12,역사,17
9791189938352,(백종원의) 도전 요리왕 :음식으로 맛보는 세계 역사 문화 체험,12,백종원,13
9791189938352,(백종원의) 도전 요리왕 :음식으로 맛보는 세계 역사 문화 체험,12,나라,10
9791189938352,(백종원의) 도전 요리왕 :음식으로 맛보는 세계 역사 문화 체험,12,백종원의 도전 요리왕,9
9791189938352,(백종원의) 도전 요리왕 :음식으로 맛보는 세계 역사 문화 체험,12,꼼꼼,9
9791189938352,(백종원의) 도전 요리왕 :음식으로 맛보는 세계 역사 문화 체험,12,대결,6
9791189938352,(백종원의) 도전 요리왕 :음식으로 맛보는 세계 역사 문화 체험,12,대표,6
9791189938352,(백종원의) 도전 요리왕 :음식으로 맛보는 세계 역사 문화 체험,12,라멘,5
9791189938352,(백종원의) 도전 요리왕 :음식으로 맛보는 세계 역사 문화 체험,12,세계,5
9791189938352,(백종원의) 도전 요리왕 :음식으로 맛보는 세계 역사 문화 체험,12,돈부리,5
9791189938352,(백종원의) 도전 요리왕 :음식으로 맛보는 세계 역사 문화 체험,12,사람,4
9791189938352,(백종원의) 도전 요리왕 :음식으로 맛보는 세계 역사 문화 체험,12,요리왕,4
9791189938352,(백종원의) 도전 요리왕 :음식으로 맛보는 세계 역사 문화 체험,12,지식,4
9791189938352,(백종원의) 도전 요리왕 :음식으로 맛보는 세계 역사 문화 체험,12,중국,4
9791189938352,(백종원의) 도전 요리왕 :음식으로 맛보는 세계 역사 문화 체험,12,무조건 성공하는 작은식당,3
9791189938352,(백종원의) 도전 요리왕 :음식으로 맛보는 세계 역사 문화 체험,12,오코노미야키,3
9791189938352,(백종원의) 도전 요리왕 :음식으로 맛보는 세계 역사 문화 체험,12,누구,3
9791189938352,(백종원의) 도전 요리왕 :음식으로 맛보는 세계 역사 문화 체험,12,사랑,3
9791189938352,(백종원의) 도전 요리왕 :음식으로 맛보는 세계 역사 문화 체험,12,스시,3
9791189938352,(백종원의) 도전 요리왕 :음식으로 맛보는 세계 역사 문화 체험,12,백종원의 식당 조리비책,3
9791189938352,(백종원의) 도전 요리왕 :음식으로 맛보는 세계 역사 문화 체험,12,백종원의 장사 이야기,3
9791189938352,(백종원의) 도전 요리왕 :음식으로 맛보는 세계 역사 문화 체험,12,백종원의 혼밥 메뉴,3
9791189938352,(백종원의) 도전 요리왕 :음식으로 맛보는 세계 역사 문화 체험,12,풍부,3
9791189938352,(백종원의) 도전 요리왕 :음식으로 맛보는 세계 역사 문화 체험,12,보담,3
9791189938352,(백종원의) 도전 요리왕 :음식으로 맛보는 세계 역사 문화 체험,12,나래,3
9791189938352,(백종원의) 도전 요리왕 :음식으로 맛보는 세계 역사 문화 체험,12,시작,3
9791189938352,(백종원의) 도전 요리왕 :음식으로 맛보는 세계 역사 문화 체험,12,세계사,3
9791189938352,(백종원의) 도전 요리왕 :음식으로 맛보는 세계 역사 문화 체험,12,세찬,3
9791189938352,(백종원의) 도전 요리왕 :음식으로 맛보는 세계 역사 문화 체험,12,백종원의 육,3
9791189938352,(백종원의) 도전 요리왕 :음식으로 맛보는 세계 역사 문화 체험,12,초짜도 대박나는 전문식당,3
9791189938352,(백종원의) 도전 요리왕 :음식으로 맛보는 세계 역사 문화 체험,12,아스카,2
9791189938352,(백종원의) 도전 요리왕 :음식으로 맛보는 세계 역사 문화 체험,12,등장인물,2
9791189938352,(백종원의) 도전 요리왕 :음식으로 맛보는 세계 역사 문화 체험,12,동쪽,2
9791189938352,(백종원의) 도전 요리왕 :음식으로 맛보는 세계 역사 문화 체험,12,도쿄,2
9791189938352,(백종원의) 도전 요리왕 :음식으로 맛보는 세계 역사 문화 체험,12,동점자가,2
9791189938352,(백종원의) 도전 요리왕 :음식으로 맛보는 세계 역사 문화 체험,12,라면,2
9791189938352,(백종원의) 도전 요리왕 :음식으로 맛보는 세계 역사 문화 체험,12,만화,2
9791189938352,(백종원의) 도전 요리왕 :음식으로 맛보는 세계 역사 문화 체험,12,불교문화,2
9791189938352,(백종원의) 도전 요리왕 :음식으로 맛보는 세계 역사 문화 체험,12,고기,2
9791189938352,(백종원의) 도전 요리왕 :음식으로 맛보는 세계 역사 문화 체험,12,고리,2
9791189938352,(백종원의) 도전 요리왕 :음식으로 맛보는 세계 역사 문화 체험,12,그릇,2
9791189938352,(백종원의) 도전 요리왕 :음식으로 맛보는 세계 역사 문화 체험,12,근대화,2
9791189938352,(백종원의) 도전 요리왕 :음식으로 맛보는 세계 역사 문화 체험,12,식당,2
9791189938352,(백종원의) 도전 요리왕 :음식으로 맛보는 세계 역사 문화 체험,12,아이들,2
9791189938352,(백종원의) 도전 요리왕 :음식으로 맛보는 세계 역사 문화 체험,12,연구가,2
9791189938352,(백종원의) 도전 요리왕 :음식으로 맛보는 세계 역사 문화 체험,12,단추,2
9791189938352,(백종원의) 도전 요리왕 :음식으로 맛보는 세계 역사 문화 체험,12,불의,2
9788997575169,원씽 :복잡한 세상을 이기는 단순함의 힘,11,성공,37
9788997575169,원씽 :복잡한 세상을 이기는 단순함의 힘,11,도미노,20
9788997575169,원씽 :복잡한 세상을 이기는 단순함의 힘,11,가지,19
9788997575169,원씽 :복잡한 세상을 이기는 단순함의 힘,11,인생,16
9788997575169,원씽 :복잡한 세상을 이기는 단순함의 힘,11,Thing,15
9788997575169,원씽 :복잡한 세상을 이기는 단순함의 힘,11,One,14
9788997575169,원씽 :복잡한 세상을 이기는 단순함의 힘,11,원씽,14
9788997575169,원씽 :복잡한 세상을 이기는 단순함의 힘,11,필요,12
9788997575169,원씽 :복잡한 세상을 이기는 단순함의 힘,11,자신,11
9788997575169,원씽 :복잡한 세상을 이기는 단순함의 힘,11,사람,11
9788997575169,원씽 :복잡한 세상을 이기는 단순함의 힘,11,The,11
9788997575169,원씽 :복잡한 세상을 이기는 단순함의 힘,11,효과,10
9788997575169,원씽 :복잡한 세상을 이기는 단순함의 힘,11,시간,8
9788997575169,원씽 :복잡한 세상을 이기는 단순함의 힘,11,회사,8
9788997575169,원씽 :복잡한 세상을 이기는 단순함의 힘,11,세상,7
9788997575169,원씽 :복잡한 세상을 이기는 단순함의 힘,11,베스트셀러,7
9788997575169,원씽 :복잡한 세상을 이기는 단순함의 힘,11,질문,7
9788997575169,원씽 :복잡한 세상을 이기는 단순함의 힘,11,시작,7
9788997575169,원씽 :복잡한 세상을 이기는 단순함의 힘,11,멀티태스킹,7
9788997575169,원씽 :복잡한 세상을 이기는 단순함의 힘,11,결정,7
9788997575169,원씽 :복잡한 세상을 이기는 단순함의 힘,11,에너지,6
9788997575169,원씽 :복잡한 세상을 이기는 단순함의 힘,11,위대,6
9788997575169,원씽 :복잡한 세상을 이기는 단순함의 힘,11,진리,6
9788997575169,원씽 :복잡한 세상을 이기는 단순함의 힘,11,적용,6
9788997575169,원씽 :복잡한 세상을 이기는 단순함의 힘,11,단순,6
9788997575169,원씽 :복잡한 세상을 이기는 단순함의 힘,11,집중,6
9788997575169,원씽 :복잡한 세상을 이기는 단순함의 힘,11,방법,5
9788997575169,원씽 :복잡한 세상을 이기는 단순함의 힘,11,우선순위,5
9788997575169,원씽 :복잡한 세상을 이기는 단순함의 힘,11,자기관리,5
9788997575169,원씽 :복잡한 세상을 이기는 단순함의 힘,11,투자개발,5
9788997575169,원씽 :복잡한 세상을 이기는 단순함의 힘,11,선정,5
9788997575169,원씽 :복잡한 세상을 이기는 단순함의 힘,11,성과,5
9788997575169,원씽 :복잡한 세상을 이기는 단순함의 힘,11,하나,5
9788997575169,원씽 :복잡한 세상을 이기는 단순함의 힘,11,Inc,5
9788997575169,원씽 :복잡한 세상을 이기는 단순함의 힘,11,변화,5
9788997575169,원씽 :복잡한 세상을 이기는 단순함의 힘,11,목표,5
9788997575169,원씽 :복잡한 세상을 이기는 단순함의 힘,11,당장,4
9788997575169,원씽 :복잡한 세상을 이기는 단순함의 힘,11,의지,4
9788997575169,원씽 :복잡한 세상을 이기는 단순함의 힘,11,최종,4
9788997575169,원씽 :복잡한 세상을 이기는 단순함의 힘,11,믿음,4
9788997575169,원씽 :복잡한 세상을 이기는 단순함의 힘,11,가치,4
9788997575169,원씽 :복잡한 세상을 이기는 단순함의 힘,11,초점탐색,4
9788997575169,원씽 :복잡한 세상을 이기는 단순함의 힘,11,제1장,4
9788997575169,원씽 :복잡한 세상을 이기는 단순함의 힘,11,제대,4
9788997575169,원씽 :복잡한 세상을 이기는 단순함의 힘,11,독자,4
9788997575169,원씽 :복잡한 세상을 이기는 단순함의 힘,11,철저,4
9788997575169,원씽 :복잡한 세상을 이기는 단순함의 힘,11,벌이,4
9788997575169,원씽 :복잡한 세상을 이기는 단순함의 힘,11,중심,4
9788997575169,원씽 :복잡한 세상을 이기는 단순함의 힘,11,보기이,4
9788997575169,원씽 :복잡한 세상을 이기는 단순함의 힘,11,제2장,4
9791171171019,물리박사 김상욱의 수상한 연구실 :어린이를 위한 세상의 모든 과학,11,물리,14
9791171171019,물리박사 김상욱의 수상한 연구실 :어린이를 위한 세상의 모든 과학,11,비밀,12
9791171171019,물리박사 김상욱의 수상한 연구실 :어린이를 위한 세상의 모든 과학,11,연구,12
9791171171019,물리박사 김상욱의 수상한 연구실 :어린이를 위한 세상의 모든 과학,11,일지,12
9791171171019,물리박사 김상욱의 수상한 연구실 :어린이를 위한 세상의 모든 과학,11,과학,5
9791171171019,물리박사 김상욱의 수상한 연구실 :어린이를 위한 세상의 모든 과학,11,소개,4
9791171171019,물리박사 김상욱의 수상한 연구실 :어린이를 위한 세상의 모든 과학,11,법칙,4
9791171171019,물리박사 김상욱의 수상한 연구실 :어린이를 위한 세상의 모든 과학,11,종류,4
9791171171019,물리박사 김상욱의 수상한 연구실 :어린이를 위한 세상의 모든 과학,11,교수,3
9791171171019,물리박사 김상욱의 수상한 연구실 :어린이를 위한 세상의 모든 과학,11,김상욱,3
9791171171019,물리박사 김상욱의 수상한 연구실 :어린이를 위한 세상의 모든 과학,11,어린이,3
9791171171019,물리박사 김상욱의 수상한 연구실 :어린이를 위한 세상의 모든 과학,11,김하연,2
9791171171019,물리박사 김상욱의 수상한 연구실 :어린이를 위한 세상의 모든 과학,11,난해,2
9791171171019,물리박사 김상욱의 수상한 연구실 :어린이를 위한 세상의 모든 과학,11,김상욱  기획,2
9791171171019,물리박사 김상욱의 수상한 연구실 :어린이를 위한 세상의 모든 과학,11,빛둘기,2
9791171171019,물리박사 김상욱의 수상한 연구실 :어린이를 위한 세상의 모든 과학,11,복잡,2
9791171171019,물리박사 김상욱의 수상한 연구실 :어린이를 위한 세상의 모든 과학,11,단어,2
9791171171019,물리박사 김상욱의 수상한 연구실 :어린이를 위한 세상의 모든 과학,11,대소동,2
9791171171019,물리박사 김상욱의 수상한 연구실 :어린이를 위한 세상의 모든 과학,11,마법,2
9791171171019,물리박사 김상욱의 수상한 연구실 :어린이를 위한 세상의 모든 과학,11,마두식,2
9791171171019,물리박사 김상욱의 수상한 연구실 :어린이를 위한 세상의 모든 과학,11,영웅,2
9791171171019,물리박사 김상욱의 수상한 연구실 :어린이를 위한 세상의 모든 과학,11,또만나,2
9791171171019,물리박사 김상욱의 수상한 연구실 :어린이를 위한 세상의 모든 과학,11,떡볶이,2
9791171171019,물리박사 김상욱의 수상한 연구실 :어린이를 위한 세상의 모든 과학,11,등장인물,2
9791171171019,물리박사 김상욱의 수상한 연구실 :어린이를 위한 세상의 모든 과학,11,아울북,2
9791171171019,물리박사 김상욱의 수상한 연구실 :어린이를 위한 세상의 모든 과학,11,순간,2
9791171171019,물리박사 김상욱의 수상한 연구실 :어린이를 위한 세상의 모든 과학,11,수학,2
9791171171019,물리박사 김상욱의 수상한 연구실 :어린이를 위한 세상의 모든 과학,11,수식,2
9791171171019,물리박사 김상욱의 수상한 연구실 :어린이를 위한 세상의 모든 과학,11,세상,2
9791171171019,물리박사 김상욱의 수상한 연구실 :어린이를 위한 세상의 모든 과학,11,기획자,2
9791171171019,물리박사 김상욱의 수상한 연구실 :어린이를 위한 세상의 모든 과학,11,반사,2
9791171171019,물리박사 김상욱의 수상한 연구실 :어린이를 위한 세상의 모든 과학,11,이빨,2
9791171171019,물리박사 김상욱의 수상한 연구실 :어린이를 위한 세상의 모든 과학,11,6장,2
9791171171019,물리박사 김상욱의 수상한 연구실 :어린이를 위한 세상의 모든 과학,11,5장,2
9791171171019,물리박사 김상욱의 수상한 연구실 :어린이를 위한 세상의 모든 과학,11,4장,2
9791171171019,물리박사 김상욱의 수상한 연구실 :어린이를 위한 세상의 모든 과학,11,3장,2
9791171171019,물리박사 김상욱의 수상한 연구실 :어린이를 위한 세상의 모든 과학,11,2장,2
9791171171019,물리박사 김상욱의 수상한 연구실 :어린이를 위한 세상의 모든 과학,11,이데아,2
9791171171019,물리박사 김상욱의 수상한 연구실 :어린이를 위한 세상의 모든 과학,11,1장,2
9791171171019,물리박사 김상욱의 수상한 연구실 :어린이를 위한 세상의 모든 과학,11,주인,2
9791171171019,물리박사 김상욱의 수상한 연구실 :어린이를 위한 세상의 모든 과학,11,강신철  자문,2
9791171171019,물리박사 김상욱의 수상한 연구실 :어린이를 위한 세상의 모든 과학,11,착시,2
9791171171019,물리박사 김상욱의 수상한 연구실 :어린이를 위한 세상의 모든 과학,11,햇빛,2
9791171171019,물리박사 김상욱의 수상한 연구실 :어린이를 위한 세상의 모든 과학,11,그림,2
9791171171019,물리박사 김상욱의 수상한 연구실 :어린이를 위한 세상의 모든 과학,11,지하실,2
9791171171019,물리박사 김상욱의 수상한 연구실 :어린이를 위한 세상의 모든 과학,11,정순규,2
9791171171019,물리박사 김상욱의 수상한 연구실 :어린이를 위한 세상의 모든 과학,11,과학 일반,2
9791171171019,물리박사 김상욱의 수상한 연구실 :어린이를 위한 세상의 모든 과학,11,사실,2
9791171171019,물리박사 김상욱의 수상한 연구실 :어린이를 위한 세상의 모든 과학,11,병원,2
9791171171019,물리박사 김상욱의 수상한 연구실 :어린이를 위한 세상의 모든 과학,11,건우,2
9791168415171,슈뻘맨의 숨은 과학 찾기 :엉뚱 도전 속에 숨은 과학 상식,11,과학,24
9791168415171,슈뻘맨의 숨은 과학 찾기 :엉뚱 도전 속에 숨은 과학 상식,11,슈뻘맨,17
9791168415171,슈뻘맨의 숨은 과학 찾기 :엉뚱 도전 속에 숨은 과학 상식,11,대결,12
9791168415171,슈뻘맨의 숨은 과학 찾기 :엉뚱 도전 속에 숨은 과학 상식,11,도전,9
9791168415171,슈뻘맨의 숨은 과학 찾기 :엉뚱 도전 속에 숨은 과학 상식,11,바지락,6
9791168415171,슈뻘맨의 숨은 과학 찾기 :엉뚱 도전 속에 숨은 과학 상식,11,원리,6
9791168415171,슈뻘맨의 숨은 과학 찾기 :엉뚱 도전 속에 숨은 과학 상식,11,크리에이터,4
9791168415171,슈뻘맨의 숨은 과학 찾기 :엉뚱 도전 속에 숨은 과학 상식,11,반점,4
9791168415171,슈뻘맨의 숨은 과학 찾기 :엉뚱 도전 속에 숨은 과학 상식,11,컵라면,4
9791168415171,슈뻘맨의 숨은 과학 찾기 :엉뚱 도전 속에 숨은 과학 상식,11,배우,4
9791168415171,슈뻘맨의 숨은 과학 찾기 :엉뚱 도전 속에 숨은 과학 상식,11,초대형,4
9791168415171,슈뻘맨의 숨은 과학 찾기 :엉뚱 도전 속에 숨은 과학 상식,11,고무장갑,4
9791168415171,슈뻘맨의 숨은 과학 찾기 :엉뚱 도전 속에 숨은 과학 상식,11,호미,4
9791168415171,슈뻘맨의 숨은 과학 찾기 :엉뚱 도전 속에 숨은 과학 상식,11,말랑,4
9791168415171,슈뻘맨의 숨은 과학 찾기 :엉뚱 도전 속에 숨은 과학 상식,11,갯벌,4
9791168415171,슈뻘맨의 숨은 과학 찾기 :엉뚱 도전 속에 숨은 과학 상식,11,젓가락,4
9791168415171,슈뻘맨의 숨은 과학 찾기 :엉뚱 도전 속에 숨은 과학 상식,11,회사,3
9791168415171,슈뻘맨의 숨은 과학 찾기 :엉뚱 도전 속에 숨은 과학 상식,11,디지털,3
9791168415171,슈뻘맨의 숨은 과학 찾기 :엉뚱 도전 속에 숨은 과학 상식,11,엔터테인먼트,3
9791168415171,슈뻘맨의 숨은 과학 찾기 :엉뚱 도전 속에 숨은 과학 상식,11,대표,3
9791168415171,슈뻘맨의 숨은 과학 찾기 :엉뚱 도전 속에 숨은 과학 상식,11,슈뻘맨의 숨은 과학 찾기,3
9791168415171,슈뻘맨의 숨은 과학 찾기 :엉뚱 도전 속에 숨은 과학 상식,11,상식,3
9791168415171,슈뻘맨의 숨은 과학 찾기 :엉뚱 도전 속에 숨은 과학 상식,11,VS,3
9791168415171,슈뻘맨의 숨은 과학 찾기 :엉뚱 도전 속에 숨은 과학 상식,11,선물,2
9791168415171,슈뻘맨의 숨은 과학 찾기 :엉뚱 도전 속에 숨은 과학 상식,11,3화,2
9791168415171,슈뻘맨의 숨은 과학 찾기 :엉뚱 도전 속에 숨은 과학 상식,11,놀이터-숨,2
9791168415171,슈뻘맨의 숨은 과학 찾기 :엉뚱 도전 속에 숨은 과학 상식,11,사용,2
9791168415171,슈뻘맨의 숨은 과학 찾기 :엉뚱 도전 속에 숨은 과학 상식,11,샌드박스 네트워크,2
9791168415171,슈뻘맨의 숨은 과학 찾기 :엉뚱 도전 속에 숨은 과학 상식,11,다양,2
9791168415171,슈뻘맨의 숨은 과학 찾기 :엉뚱 도전 속에 숨은 과학 상식,11,보고서-메추리알,2
9791168415171,슈뻘맨의 숨은 과학 찾기 :엉뚱 도전 속에 숨은 과학 상식,11,놀이터-,2
9791168415171,슈뻘맨의 숨은 과학 찾기 :엉뚱 도전 속에 숨은 과학 상식,11,2화,2
9791168415171,슈뻘맨의 숨은 과학 찾기 :엉뚱 도전 속에 숨은 과학 상식,11,숟가락,2
9791168415171,슈뻘맨의 숨은 과학 찾기 :엉뚱 도전 속에 숨은 과학 상식,11,도티,2
9791168415171,슈뻘맨의 숨은 과학 찾기 :엉뚱 도전 속에 숨은 과학 상식,11,1화,2
9791168415171,슈뻘맨의 숨은 과학 찾기 :엉뚱 도전 속에 숨은 과학 상식,11,소개,2
9791168415171,슈뻘맨의 숨은 과학 찾기 :엉뚱 도전 속에 숨은 과학 상식,11,4화,2
9791168415171,슈뻘맨의 숨은 과학 찾기 :엉뚱 도전 속에 숨은 과학 상식,11,꿀잼,2
9791168415171,슈뻘맨의 숨은 과학 찾기 :엉뚱 도전 속에 숨은 과학 상식,11,생태,2
9791168415171,슈뻘맨의 숨은 과학 찾기 :엉뚱 도전 속에 숨은 과학 상식,11,고체,2
9791168415171,슈뻘맨의 숨은 과학 찾기 :엉뚱 도전 속에 숨은 과학 상식,11,보고서-전반사,2
9791168415171,슈뻘맨의 숨은 과학 찾기 :엉뚱 도전 속에 숨은 과학 상식,11,과학 일반,2
9791168415171,슈뻘맨의 숨은 과학 찾기 :엉뚱 도전 속에 숨은 과학 상식,11,교과,2
9791168415171,슈뻘맨의 숨은 과학 찾기 :엉뚱 도전 속에 숨은 과학 상식,11,개념,2
9791168415171,슈뻘맨의 숨은 과학 찾기 :엉뚱 도전 속에 숨은 과학 상식,11,구독자,2
9791168415171,슈뻘맨의 숨은 과학 찾기 :엉뚱 도전 속에 숨은 과학 상식,11,그림,2
9791168415171,슈뻘맨의 숨은 과학 찾기 :엉뚱 도전 속에 숨은 과학 상식,11,미래엔아이세움,2
9791168415171,슈뻘맨의 숨은 과학 찾기 :엉뚱 도전 속에 숨은 과학 상식,11,MCN,2
9791168415171,슈뻘맨의 숨은 과학 찾기 :엉뚱 도전 속에 숨은 과학 상식,11,슬라임,2
9791168415171,슈뻘맨의 숨은 과학 찾기 :엉뚱 도전 속에 숨은 과학 상식,11,기체,2
9791171241675,타키포오 얼렁뚱땅 상식스쿨,10,상식,12
9791171241675,타키포오 얼렁뚱땅 상식스쿨,10,포오,10
9791171241675,타키포오 얼렁뚱땅 상식스쿨,10,초등,9
9791171241675,타키포오 얼렁뚱땅 상식스쿨,10,타키,7
9791171241675,타키포오 얼렁뚱땅 상식스쿨,10,캐릭온  TV,6
9791171241675,타키포오 얼렁뚱땅 상식스쿨,10,학교,4
9791171241675,타키포오 얼렁뚱땅 상식스쿨,10,생활,4
9791171241675,타키포오 얼렁뚱땅 상식스쿨,10,본문 학습 콘텐츠 소개,3
9791171241675,타키포오 얼렁뚱땅 상식스쿨,10,스토리북,3
9791171241675,타키포오 얼렁뚱땅 상식스쿨,10,사랑,3
9791171241675,타키포오 얼렁뚱땅 상식스쿨,10,크리에이터,3
9791171241675,타키포오 얼렁뚱땅 상식스쿨,10,학습,3
9791171241675,타키포오 얼렁뚱땅 상식스쿨,10,최고,3
9791171241675,타키포오 얼렁뚱땅 상식스쿨,10,구독자,3
9791171241675,타키포오 얼렁뚱땅 상식스쿨,10,제로,2
9791171241675,타키포오 얼렁뚱땅 상식스쿨,10,엉뚱,2
9791171241675,타키포오 얼렁뚱땅 상식스쿨,10,정효해  감수,2
9791171241675,타키포오 얼렁뚱땅 상식스쿨,10,인기,2
9791171241675,타키포오 얼렁뚱땅 상식스쿨,10,스토리,2
9791171241675,타키포오 얼렁뚱땅 상식스쿨,10,유튜브,2
9791171241675,타키포오 얼렁뚱땅 상식스쿨,10,캐릭온TV,2
9791171241675,타키포오 얼렁뚱땅 상식스쿨,10,콘텐츠,2
9791171241675,타키포오 얼렁뚱땅 상식스쿨,10,조수현,2
9791171241675,타키포오 얼렁뚱땅 상식스쿨,10,대원키즈,2
9791171241675,타키포오 얼렁뚱땅 상식스쿨,10,허세,2
9791171241675,타키포오 얼렁뚱땅 상식스쿨,10,교과,2
9791171241675,타키포오 얼렁뚱땅 상식스쿨,10,김언정,2
9791171241675,타키포오 얼렁뚱땅 상식스쿨,10,캐릭온,2
9791171241675,타키포오 얼렁뚱땅 상식스쿨,10,곰돌이,2
9791171241675,타키포오 얼렁뚱땅 상식스쿨,10,발랄,2
9791171241675,타키포오 얼렁뚱땅 상식스쿨,10,TV,2
9791171241675,타키포오 얼렁뚱땅 상식스쿨,10,상식 교양,2
9791171241675,타키포오 얼렁뚱땅 상식스쿨,10,국어,1
9791171241675,타키포오 얼렁뚱땅 상식스쿨,10,재치,1
9791171241675,타키포오 얼렁뚱땅 상식스쿨,10,진한,1
9791171241675,타키포오 얼렁뚱땅 상식스쿨,10,이해심,1
9791171241675,타키포오 얼렁뚱땅 상식스쿨,10,유쾌,1
9791171241675,타키포오 얼렁뚱땅 상식스쿨,10,전학생,1
9791171241675,타키포오 얼렁뚱땅 상식스쿨,10,생물,1
9791171241675,타키포오 얼렁뚱땅 상식스쿨,10,사자성어,1
9791171241675,타키포오 얼렁뚱땅 상식스쿨,10,속담,1
9791171241675,타키포오 얼렁뚱땅 상식스쿨,10,모험,1
9791171241675,타키포오 얼렁뚱땅 상식스쿨,10,스토리텔러,1
9791171241675,타키포오 얼렁뚱땅 상식스쿨,10,업그레이드,1
9791171241675,타키포오 얼렁뚱땅 상식스쿨,10,소풍,1
9791171241675,타키포오 얼렁뚱땅 상식스쿨,10,마인크래프트,1
9791171241675,타키포오 얼렁뚱땅 상식스쿨,10,마스터,1
9791171241675,타키포오 얼렁뚱땅 상식스쿨,10,레벨업하러,1
9791171241675,타키포오 얼렁뚱땅 상식스쿨,10,대한민국,1
9791171241675,타키포오 얼렁뚱땅 상식스쿨,10,대작전,1
9791141601300,이중 하나는 거짓말 :김애란 장편소설,10,김애란,8
9791141601300,이중 하나는 거짓말 :김애란 장편소설,10,이중 하나는 거짓말,6
9791141601300,이중 하나는 거짓말 :김애란 장편소설,10,장편소설,5
9791141601300,이중 하나는 거짓말 :김애란 장편소설,10,문학동네,4
9791141601300,이중 하나는 거짓말 :김애란 장편소설,10,거짓말,4
9791141601300,이중 하나는 거짓말 :김애란 장편소설,10,아이,3
9791141601300,이중 하나는 거짓말 :김애란 장편소설,10,바깥은 여름,3
9791141601300,이중 하나는 거짓말 :김애란 장편소설,10,그림,3
9791141601300,이중 하나는 거짓말 :김애란 장편소설,10,인물,3
9791141601300,이중 하나는 거짓말 :김애란 장편소설,10,달려라 아비,3
9791141601300,이중 하나는 거짓말 :김애란 장편소설,10,비밀,3
9791141601300,이중 하나는 거짓말 :김애란 장편소설,10,거장,3
9791141601300,이중 하나는 거짓말 :김애란 장편소설,10,설명,2
9791141601300,이중 하나는 거짓말 :김애란 장편소설,10,상상력,2
9791141601300,이중 하나는 거짓말 :김애란 장편소설,10,공개,2
9791141601300,이중 하나는 거짓말 :김애란 장편소설,10,베일,2
9791141601300,이중 하나는 거짓말 :김애란 장편소설,10,고유,2
9791141601300,이중 하나는 거짓말 :김애란 장편소설,10,소설집,2
9791141601300,이중 하나는 거짓말 :김애란 장편소설,10,시작,2
9791141601300,이중 하나는 거짓말 :김애란 장편소설,10,장면,2
9791141601300,이중 하나는 거짓말 :김애란 장편소설,10,작품활동,2
9791141601300,이중 하나는 거짓말 :김애란 장편소설,10,이해,2
9791141601300,이중 하나는 거짓말 :김애란 장편소설,10,진행,2
9791141601300,이중 하나는 거짓말 :김애란 장편소설,10,유머,2
9791141601300,이중 하나는 거짓말 :김애란 장편소설,10,올해,2
9791141601300,이중 하나는 거짓말 :김애란 장편소설,10,기다림,2
9791141601300,이중 하나는 거짓말 :김애란 장편소설,10,여전,2
9791141601300,이중 하나는 거짓말 :김애란 장편소설,10,활달,2
9791141601300,이중 하나는 거짓말 :김애란 장편소설,10,처음,2
9791141601300,이중 하나는 거짓말 :김애란 장편소설,10,차기작,2
9791141601300,이중 하나는 거짓말 :김애란 장편소설,10,젊은작가,2
9791141601300,이중 하나는 거짓말 :김애란 장편소설,10,작가생활,2
9791141601300,이중 하나는 거짓말 :김애란 장편소설,10,2013년,2
9791141601300,이중 하나는 거짓말 :김애란 장편소설,10,신중,2
9791141601300,이중 하나는 거짓말 :김애란 장편소설,10,생명력,2
9791141601300,이중 하나는 거짓말 :김애란 장편소설,10,인터뷰,2
9791141601300,이중 하나는 거짓말 :김애란 장편소설,10,신작,2
9791141601300,이중 하나는 거짓말 :김애란 장편소설,10,2002년,2
9791141601300,이중 하나는 거짓말 :김애란 장편소설,10,2000년대 이후 한국소설,2
9791141601300,이중 하나는 거짓말 :김애란 장편소설,10,질문,2
9791141601300,이중 하나는 거짓말 :김애란 장편소설,10,한국문학,2
9791141601300,이중 하나는 거짓말 :김애란 장편소설,10,제목,2
9791141601300,이중 하나는 거짓말 :김애란 장편소설,10,결정적,2
9791141601300,이중 하나는 거짓말 :김애란 장편소설,10,작품세계,2
9791141601300,이중 하나는 거짓말 :김애란 장편소설,10,걸음,2
9791141601300,이중 하나는 거짓말 :김애란 장편소설,10,영혼,2
9791141601300,이중 하나는 거짓말 :김애란 장편소설,10,순간,2
9791141601300,이중 하나는 거짓말 :김애란 장편소설,10,23년,2
9791141601300,이중 하나는 거짓말 :김애란 장편소설,10,방학,2
9791141601300,이중 하나는 거짓말 :김애란 장편소설,10,만들어온,2
9791193939130,고전이 답했다 :마땅히 살아야 할 삶에 대하여,9,고전,21
9791193939130,고전이 답했다 :마땅히 살아야 할 삶에 대하여,9,매일,9
9791193939130,고전이 답했다 :마땅히 살아야 할 삶에 대하여,9,젊은 베르테르의 슬픔,9
9791193939130,고전이 답했다 :마땅히 살아야 할 삶에 대하여,9,아침,8
9791193939130,고전이 답했다 :마땅히 살아야 할 삶에 대하여,9,인생,6
9791193939130,고전이 답했다 :마땅히 살아야 할 삶에 대하여,9,긍정,6
9791193939130,고전이 답했다 :마땅히 살아야 할 삶에 대하여,9,독자,5
9791193939130,고전이 답했다 :마땅히 살아야 할 삶에 대하여,9,방향,5
9791193939130,고전이 답했다 :마땅히 살아야 할 삶에 대하여,9,사람,5
9791193939130,고전이 답했다 :마땅히 살아야 할 삶에 대하여,9,발견,4
9791193939130,고전이 답했다 :마땅히 살아야 할 삶에 대하여,9,확언,4
9791193939130,고전이 답했다 :마땅히 살아야 할 삶에 대하여,9,시간,4
9791193939130,고전이 답했다 :마땅히 살아야 할 삶에 대하여,9,우울증,4
9791193939130,고전이 답했다 :마땅히 살아야 할 삶에 대하여,9,이유,4
9791193939130,고전이 답했다 :마땅히 살아야 할 삶에 대하여,9,기대감,4
9791193939130,고전이 답했다 :마땅히 살아야 할 삶에 대하여,9,내공,4
9791193939130,고전이 답했다 :마땅히 살아야 할 삶에 대하여,9,누구,4
9791193939130,고전이 답했다 :마땅히 살아야 할 삶에 대하여,9,베스트셀러,4
9791193939130,고전이 답했다 :마땅히 살아야 할 삶에 대하여,9,전국,3
9791193939130,고전이 답했다 :마땅히 살아야 할 삶에 대하여,9,성장,3
9791193939130,고전이 답했다 :마땅히 살아야 할 삶에 대하여,9,시대,3
9791193939130,고전이 답했다 :마땅히 살아야 할 삶에 대하여,9,괴테,3
9791193939130,고전이 답했다 :마땅히 살아야 할 삶에 대하여,9,팡세,3
9791193939130,고전이 답했다 :마땅히 살아야 할 삶에 대하여,9,불안감,3
9791193939130,고전이 답했다 :마땅히 살아야 할 삶에 대하여,9,10분,3
9791193939130,고전이 답했다 :마땅히 살아야 할 삶에 대하여,9,최고,3
9791193939130,고전이 답했다 :마땅히 살아야 할 삶에 대하여,9,강연자,3
9791193939130,고전이 답했다 :마땅히 살아야 할 삶에 대하여,9,강연장,3
9791193939130,고전이 답했다 :마땅히 살아야 할 삶에 대하여,9,강의,3
9791193939130,고전이 답했다 :마땅히 살아야 할 삶에 대하여,9,몰입  Flow,3
9791193939130,고전이 답했다 :마땅히 살아야 할 삶에 대하여,9,책 읽고 매출의 신이 되다,3
9791193939130,고전이 답했다 :마땅히 살아야 할 삶에 대하여,9,유튜브,3
9791193939130,고전이 답했다 :마땅히 살아야 할 삶에 대하여,9,사기열전,3
9791193939130,고전이 답했다 :마땅히 살아야 할 삶에 대하여,9,칼 융 레드 북,3
9791193939130,고전이 답했다 :마땅히 살아야 할 삶에 대하여,9,차례,3
9791193939130,고전이 답했다 :마땅히 살아야 할 삶에 대하여,9,떨쳐버리기,3
9791193939130,고전이 답했다 :마땅히 살아야 할 삶에 대하여,9,년간,2
9791193939130,고전이 답했다 :마땅히 살아야 할 삶에 대하여,9,곱하기,2
9791193939130,고전이 답했다 :마땅히 살아야 할 삶에 대하여,9,순간,2
9791193939130,고전이 답했다 :마땅히 살아야 할 삶에 대하여,9,생각,2
9791193939130,고전이 답했다 :마땅히 살아야 할 삶에 대하여,9,1부,2
9791193939130,고전이 답했다 :마땅히 살아야 할 삶에 대하여,9,불행,2
9791193939130,고전이 답했다 :마땅히 살아야 할 삶에 대하여,9,성공학,2
9791193939130,고전이 답했다 :마땅히 살아야 할 삶에 대하여,9,고명환이,2
9791193939130,고전이 답했다 :마땅히 살아야 할 삶에 대하여,9,그레고르,2
9791193939130,고전이 답했다 :마땅히 살아야 할 삶에 대하여,9,그림자,2
9791193939130,고전이 답했다 :마땅히 살아야 할 삶에 대하여,9,분야,2
9791193939130,고전이 답했다 :마땅히 살아야 할 삶에 대하여,9,2부,2
9791193939130,고전이 답했다 :마땅히 살아야 할 삶에 대하여,9,강연,2
9791193939130,고전이 답했다 :마땅히 살아야 할 삶에 대하여,9,古典,2
9788936447694,고양이 해결사 깜냥,9,깜냥,15
9788936447694,고양이 해결사 깜냥,9,아파트,7
9788936447694,고양이 해결사 깜냥,9,창비,7
9788936447694,고양이 해결사 깜냥,9,고양이 해결사 깜냥,6
9788936447694,고양이 해결사 깜냥,9,고양이,6
9788936447694,고양이 해결사 깜냥,9,동화,5
9788936447694,고양이 해결사 깜냥,9,사랑,4
9788936447694,고양이 해결사 깜냥,9,해결,4
9788936447694,고양이 해결사 깜냥,9,원고,4
9788936447694,고양이 해결사 깜냥,9,제24회,4
9788936447694,고양이 해결사 깜냥,9,공모,4
9788936447694,고양이 해결사 깜냥,9,공간,4
9788936447694,고양이 해결사 깜냥,9,어린이,4
9788936447694,고양이 해결사 깜냥,9,대상,4
9788936447694,고양이 해결사 깜냥,9,새침,3
9788936447694,고양이 해결사 깜냥,9,활약,3
9788936447694,고양이 해결사 깜냥,9,우리는 바이킹을 탄다,3
9788936447694,고양이 해결사 깜냥,9,엄마 출입 금지,3
9788936447694,고양이 해결사 깜냥,9,도도,3
9788936447694,고양이 해결사 깜냥,9,장고를 부탁해,3
9788936447694,고양이 해결사 깜냥,9,녹색아버지가 떴다,3
9788936447694,고양이 해결사 깜냥,9,문제,3
9788936447694,고양이 해결사 깜냥,9,경비원,3
9788936447694,고양이 해결사 깜냥,9,초딩의 품격,3
9788936447694,고양이 해결사 깜냥,9,부문,3
9788936447694,고양이 해결사 깜냥,9,김재희,3
9788936447694,고양이 해결사 깜냥,9,사람,3
9788936447694,고양이 해결사 깜냥,9,수상작,3
9788936447694,고양이 해결사 깜냥,9,어린이책,3
9788936447694,고양이 해결사 깜냥,9,홍민정 동화,2
9788936447694,고양이 해결사 깜냥,9,인물,2
9788936447694,고양이 해결사 깜냥,9,엄마,2
9788936447694,고양이 해결사 깜냥,9,모습,2
9788936447694,고양이 해결사 깜냥,9,마음씨,2
9788936447694,고양이 해결사 깜냥,9,떠돌이,2
9788936447694,고양이 해결사 깜냥,9,등장,2
9788936447694,고양이 해결사 깜냥,9,시리즈,2
9788936447694,고양이 해결사 깜냥,9,과정,2
9788936447694,고양이 해결사 깜냥,9,국내창작동화,2
9788936447694,고양이 해결사 깜냥,9,캐릭터,2
9788936447694,고양이 해결사 깜냥,9,유쾌,2
9788936447694,고양이 해결사 깜냥,9,배경,2
9788936447694,고양이 해결사 깜냥,9,독자,2
9788936447694,고양이 해결사 깜냥,9,동물,2
9788936447694,고양이 해결사 깜냥,9,대표적,1
9788936447694,고양이 해결사 깜냥,9,대화,1
9788936447694,고양이 해결사 깜냥,9,기자,1
9788936447694,고양이 해결사 깜냥,9,금지,1
9788936447694,고양이 해결사 깜냥,9,도시,1
9788936447694,고양이 해결사 깜냥,9,흥미,1
9791169254069,팩토피아 :꼬리에 꼬리를 무는 400가지 사실들,9,꼬리,15
9791169254069,팩토피아 :꼬리에 꼬리를 무는 400가지 사실들,9,팩트,13
9791169254069,팩토피아 :꼬리에 꼬리를 무는 400가지 사실들,9,사실,11
9791169254069,팩토피아 :꼬리에 꼬리를 무는 400가지 사실들,9,팩토피아,11
9791169254069,팩토피아 :꼬리에 꼬리를 무는 400가지 사실들,9,지식,9
9791169254069,팩토피아 :꼬리에 꼬리를 무는 400가지 사실들,9,동물,9
9791169254069,팩토피아 :꼬리에 꼬리를 무는 400가지 사실들,9,물기,9
9791169254069,팩토피아 :꼬리에 꼬리를 무는 400가지 사실들,9,우주,5
9791169254069,팩토피아 :꼬리에 꼬리를 무는 400가지 사실들,9,역사,5
9791169254069,팩토피아 :꼬리에 꼬리를 무는 400가지 사실들,9,식물,4
9791169254069,팩토피아 :꼬리에 꼬리를 무는 400가지 사실들,9,브리태니커,4
9791169254069,팩토피아 :꼬리에 꼬리를 무는 400가지 사실들,9,세계,4
9791169254069,팩토피아 :꼬리에 꼬리를 무는 400가지 사실들,9,400가지,4
9791169254069,팩토피아 :꼬리에 꼬리를 무는 400가지 사실들,9,검증,4
9791169254069,팩토피아 :꼬리에 꼬리를 무는 400가지 사실들,9,세상,4
9791169254069,팩토피아 :꼬리에 꼬리를 무는 400가지 사실들,9,사진,3
9791169254069,팩토피아 :꼬리에 꼬리를 무는 400가지 사실들,9,영국영어협회,3
9791169254069,팩토피아 :꼬리에 꼬리를 무는 400가지 사실들,9,영국학교독서목록,3
9791169254069,팩토피아 :꼬리에 꼬리를 무는 400가지 사실들,9,어린이,3
9791169254069,팩토피아 :꼬리에 꼬리를 무는 400가지 사실들,9,다양,3
9791169254069,팩토피아 :꼬리에 꼬리를 무는 400가지 사실들,9,미래,3
9791169254069,팩토피아 :꼬리에 꼬리를 무는 400가지 사실들,9,점선,3
9791169254069,팩토피아 :꼬리에 꼬리를 무는 400가지 사실들,9,가디언,3
9791169254069,팩토피아 :꼬리에 꼬리를 무는 400가지 사실들,9,호기심,3
9791169254069,팩토피아 :꼬리에 꼬리를 무는 400가지 사실들,9,이미지,3
9791169254069,팩토피아 :꼬리에 꼬리를 무는 400가지 사실들,9,시작,3
9791169254069,팩토피아 :꼬리에 꼬리를 무는 400가지 사실들,9,스포츠,2
9791169254069,팩토피아 :꼬리에 꼬리를 무는 400가지 사실들,9,통통,2
9791169254069,팩토피아 :꼬리에 꼬리를 무는 400가지 사실들,9,케이트 헤일,2
9791169254069,팩토피아 :꼬리에 꼬리를 무는 400가지 사실들,9,시공주니어,2
9791169254069,팩토피아 :꼬리에 꼬리를 무는 400가지 사실들,9,시리즈,2
9791169254069,팩토피아 :꼬리에 꼬리를 무는 400가지 사실들,9,앤디 스미스,2
9791169254069,팩토피아 :꼬리에 꼬리를 무는 400가지 사실들,9,조합,2
9791169254069,팩토피아 :꼬리에 꼬리를 무는 400가지 사실들,9,조은영  옮긴이,2
9791169254069,팩토피아 :꼬리에 꼬리를 무는 400가지 사실들,9,음악,2
9791169254069,팩토피아 :꼬리에 꼬리를 무는 400가지 사실들,9,예상치,2
9791169254069,팩토피아 :꼬리에 꼬리를 무는 400가지 사실들,9,선사,2
9791169254069,팩토피아 :꼬리에 꼬리를 무는 400가지 사실들,9,자랑,2
9791169254069,팩토피아 :꼬리에 꼬리를 무는 400가지 사실들,9,절묘,2
9791169254069,팩토피아 :꼬리에 꼬리를 무는 400가지 사실들,9,엽기,2
9791169254069,팩토피아 :꼬리에 꼬리를 무는 400가지 사실들,9,삽화,2
9791169254069,팩토피아 :꼬리에 꼬리를 무는 400가지 사실들,9,공룡,2
9791169254069,팩토피아 :꼬리에 꼬리를 무는 400가지 사실들,9,과거,2
9791169254069,팩토피아 :꼬리에 꼬리를 무는 400가지 사실들,9,과학 일반,2
9791169254069,팩토피아 :꼬리에 꼬리를 무는 400가지 사실들,9,정거장,2
9791169254069,팩토피아 :꼬리에 꼬리를 무는 400가지 사실들,9,국제,2
9791169254069,팩토피아 :꼬리에 꼬리를 무는 400가지 사실들,9,권위,2
9791169254069,팩토피아 :꼬리에 꼬리를 무는 400가지 사실들,9,학문,2
9791169254069,팩토피아 :꼬리에 꼬리를 무는 400가지 사실들,9,과학,2
9791169254069,팩토피아 :꼬리에 꼬리를 무는 400가지 사실들,9,미국,2
9791141602451,절창 :구병모 장편소설,9,절창,10
9791141602451,절창 :구병모 장편소설,9,구병모,8
9791141602451,절창 :구병모 장편소설,9,네 이웃의 식탁,6
9791141602451,절창 :구병모 장편소설,9,상아의 문으로,6
9791141602451,절창 :구병모 장편소설,9,단 하나의 문장,6
9791141602451,절창 :구병모 장편소설,9,있을 법한 모든 것,6
9791141602451,절창 :구병모 장편소설,9,장편소설,6
9791141602451,절창 :구병모 장편소설,9,파과,6
9791141602451,절창 :구병모 장편소설,9,상처,4
9791141602451,절창 :구병모 장편소설,9,문학동네,4
9791141602451,절창 :구병모 장편소설,9,사랑,4
9791141602451,절창 :구병모 장편소설,9,독자,3
9791141602451,절창 :구병모 장편소설,9,타인,3
9791141602451,절창 :구병모 장편소설,9,문학적,3
9791141602451,절창 :구병모 장편소설,9,김현문학패,3
9791141602451,절창 :구병모 장편소설,9,오늘의작가상,2
9791141602451,절창 :구병모 장편소설,9,수식,2
9791141602451,절창 :구병모 장편소설,9,번역,2
9791141602451,절창 :구병모 장편소설,9,정신,2
9791141602451,절창 :구병모 장편소설,9,베스트셀러,2
9791141602451,절창 :구병모 장편소설,9,소설집,2
9791141602451,절창 :구병모 장편소설,9,보유,2
9791141602451,절창 :구병모 장편소설,9,세계,2
9791141602451,절창 :구병모 장편소설,9,장악력,2
9791141602451,절창 :구병모 장편소설,9,선정,2
9791141602451,절창 :구병모 장편소설,9,영화화,2
9791141602451,절창 :구병모 장편소설,9,서사,2
9791141602451,절창 :구병모 장편소설,9,브랜드,2
9791141602451,절창 :구병모 장편소설,9,상상력,2
9791141602451,절창 :구병모 장편소설,9,사유,2
9791141602451,절창 :구병모 장편소설,9,스펙트럼,2
9791141602451,절창 :구병모 장편소설,9,문단,2
9791141602451,절창 :구병모 장편소설,9,이름,2
9791141602451,절창 :구병모 장편소설,9,신작,2
9791141602451,절창 :구병모 장편소설,9,개국,2
9791141602451,절창 :구병모 장편소설,9,감지,2
9791141602451,절창 :구병모 장편소설,9,예리,2
9791141602451,절창 :구병모 장편소설,9,행위,2
9791141602451,절창 :구병모 장편소설,9,시대,2
9791141602451,절창 :구병모 장편소설,9,2000년대 이후 한국소설,2
9791141602451,절창 :구병모 장편소설,9,전망,2
9791141602451,절창 :구병모 장편소설,9,기준,2
9791141602451,절창 :구병모 장편소설,9,주목,2
9791141602451,절창 :구병모 장편소설,9,동시,2
9791141602451,절창 :구병모 장편소설,9,제시,2
9791141602451,절창 :구병모 장편소설,9,단단,2
9791141602451,절창 :구병모 장편소설,9,뉴욕타임스,2
9791141602451,절창 :구병모 장편소설,9,영원,2
9791141602451,절창 :구병모 장편소설,9,실험,2
9791141602451,절창 :구병모 장편소설,9,김유정문학상,2
9788998441012,모순 :양귀자 장편소설,8,모순,27
9788998441012,모순 :양귀자 장편소설,8,양귀자,12
9788998441012,모순 :양귀자 장편소설,8,인생,11
9788998441012,모순 :양귀자 장편소설,8,독자,10
9788998441012,모순 :양귀자 장편소설,8,원미동 사람들,9
9788998441012,모순 :양귀자 장편소설,8,희망,6
9788998441012,모순 :양귀자 장편소설,8,주인공,6
9788998441012,모순 :양귀자 장편소설,8,귀머거리새,6
9788998441012,모순 :양귀자 장편소설,8,천년의 사랑,6
9788998441012,모순 :양귀자 장편소설,8,출판계,6
9788998441012,모순 :양귀자 장편소설,8,탐구,4
9788998441012,모순 :양귀자 장편소설,8,장편소설,4
9788998441012,모순 :양귀자 장편소설,8,어머니,4
9788998441012,모순 :양귀자 장편소설,8,베스트셀러,4
9788998441012,모순 :양귀자 장편소설,8,1998년,4
9788998441012,모순 :양귀자 장편소설,8,안진진,4
9788998441012,모순 :양귀자 장편소설,8,곰 이야기,3
9788998441012,모순 :양귀자 장편소설,8,삶의 묘약,3
9788998441012,모순 :양귀자 장편소설,8,소설적,3
9788998441012,모순 :양귀자 장편소설,8,쓰다,3
9788998441012,모순 :양귀자 장편소설,8,지구를 색칠하는 페인트공,3
9788998441012,모순 :양귀자 장편소설,8,자신,3
9788998441012,모순 :양귀자 장편소설,8,슬픔도 힘이 된다,3
9788998441012,모순 :양귀자 장편소설,8,숨은 꽃,3
9788998441012,모순 :양귀자 장편소설,8,부엌신,3
9788998441012,모순 :양귀자 장편소설,8,길모퉁이에서 만난 사람,3
9788998441012,모순 :양귀자 장편소설,8,이모,3
9788998441012,모순 :양귀자 장편소설,8,사람,3
9788998441012,모순 :양귀자 장편소설,8,3년,3
9788998441012,모순 :양귀자 장편소설,8,누리야 누리야,3
9788998441012,모순 :양귀자 장편소설,8,위로,2
9788998441012,모순 :양귀자 장편소설,8,그해,2
9788998441012,모순 :양귀자 장편소설,8,속도,2
9788998441012,모순 :양귀자 장편소설,8,인물,2
9788998441012,모순 :양귀자 장편소설,8,금융,2
9788998441012,모순 :양귀자 장편소설,8,시절,2
9788998441012,모순 :양귀자 장편소설,8,시작,2
9788998441012,모순 :양귀자 장편소설,8,이해,2
9788998441012,모순 :양귀자 장편소설,8,성공,2
9788998441012,모순 :양귀자 장편소설,8,간격,2
9788998441012,모순 :양귀자 장편소설,8,가능,2
9788998441012,모순 :양귀자 장편소설,8,심각,2
9788998441012,모순 :양귀자 장편소설,8,진지,2
9788998441012,모순 :양귀자 장편소설,8,최고,2
9788998441012,모순 :양귀자 장편소설,8,되풀이,2
9788998441012,모순 :양귀자 장편소설,8,독후감,2
9788998441012,모순 :양귀자 장편소설,8,문장,2
9788998441012,모순 :양귀자 장편소설,8,2000년대 이전 한국소설,2
9788998441012,모순 :양귀자 장편소설,8,진입,2
9788998441012,모순 :양귀자 장편소설,8,지루,2
9791130696614,만화 한국 신화 :어린이를 위한 우리 인문학,8,신화,16
9791130696614,만화 한국 신화 :어린이를 위한 우리 인문학,8,만화 한국 신화,12
9791130696614,만화 한국 신화 :어린이를 위한 우리 인문학,8,한국,9
9791130696614,만화 한국 신화 :어린이를 위한 우리 인문학,8,문화,4
9791130696614,만화 한국 신화 :어린이를 위한 우리 인문학,8,어린이,4
9791130696614,만화 한국 신화 :어린이를 위한 우리 인문학,8,인문학,3
9791130696614,만화 한국 신화 :어린이를 위한 우리 인문학,8,그리스,3
9791130696614,만화 한국 신화 :어린이를 위한 우리 인문학,8,세상,3
9791130696614,만화 한국 신화 :어린이를 위한 우리 인문학,8,로마,3
9791130696614,만화 한국 신화 :어린이를 위한 우리 인문학,8,신과함께,3
9791130696614,만화 한국 신화 :어린이를 위한 우리 인문학,8,만화,3
9791130696614,만화 한국 신화 :어린이를 위한 우리 인문학,8,이경덕,3
9791130696614,만화 한국 신화 :어린이를 위한 우리 인문학,8,단군,3
9791130696614,만화 한국 신화 :어린이를 위한 우리 인문학,8,뿌리,3
9791130696614,만화 한국 신화 :어린이를 위한 우리 인문학,8,성장,2
9791130696614,만화 한국 신화 :어린이를 위한 우리 인문학,8,권수영,2
9791130696614,만화 한국 신화 :어린이를 위한 우리 인문학,8,김기수,2
9791130696614,만화 한국 신화 :어린이를 위한 우리 인문학,8,신화학자,2
9791130696614,만화 한국 신화 :어린이를 위한 우리 인문학,8,이경덕  기획,2
9791130696614,만화 한국 신화 :어린이를 위한 우리 인문학,8,인간,2
9791130696614,만화 한국 신화 :어린이를 위한 우리 인문학,8,우리나라,2
9791130696614,만화 한국 신화 :어린이를 위한 우리 인문학,8,스타일,2
9791130696614,만화 한국 신화 :어린이를 위한 우리 인문학,8,박정효,2
9791130696614,만화 한국 신화 :어린이를 위한 우리 인문학,8,다산어린이,2
9791130696614,만화 한국 신화 :어린이를 위한 우리 인문학,8,아들,2
9791130696614,만화 한국 신화 :어린이를 위한 우리 인문학,8,정체성,2
9791130696614,만화 한국 신화 :어린이를 위한 우리 인문학,8,신화 종교,2
9791130696614,만화 한국 신화 :어린이를 위한 우리 인문학,8,세련,2
9791130696614,만화 한국 신화 :어린이를 위한 우리 인문학,8,모험,2
9791130696614,만화 한국 신화 :어린이를 위한 우리 인문학,8,등장인물,1
9791130696614,만화 한국 신화 :어린이를 위한 우리 인문학,8,만나러,1
9791130696614,만화 한국 신화 :어린이를 위한 우리 인문학,8,3장,1
9791130696614,만화 한국 신화 :어린이를 위한 우리 인문학,8,딱딱,1
9791130696614,만화 한국 신화 :어린이를 위한 우리 인문학,8,1장,1
9791130696614,만화 한국 신화 :어린이를 위한 우리 인문학,8,환웅,1
9791130696614,만화 한국 신화 :어린이를 위한 우리 인문학,8,동화책,1
9791130696614,만화 한국 신화 :어린이를 위한 우리 인문학,8,4장,1
9791130696614,만화 한국 신화 :어린이를 위한 우리 인문학,8,9장,1
9791130696614,만화 한국 신화 :어린이를 위한 우리 인문학,8,강력,1
9791130696614,만화 한국 신화 :어린이를 위한 우리 인문학,8,거친,1
9791130696614,만화 한국 신화 :어린이를 위한 우리 인문학,8,검증,1
9791130696614,만화 한국 신화 :어린이를 위한 우리 인문학,8,경쟁,1
9791130696614,만화 한국 신화 :어린이를 위한 우리 인문학,8,계기,1
9791130696614,만화 한국 신화 :어린이를 위한 우리 인문학,8,곳곳,1
9791130696614,만화 한국 신화 :어린이를 위한 우리 인문학,8,교과,1
9791130696614,만화 한국 신화 :어린이를 위한 우리 인문학,8,교사,1
9791130696614,만화 한국 신화 :어린이를 위한 우리 인문학,8,결혼식,1
9791130696614,만화 한국 신화 :어린이를 위한 우리 인문학,8,SBS,1
9791130696614,만화 한국 신화 :어린이를 위한 우리 인문학,8,MBC,1
9791130696614,만화 한국 신화 :어린이를 위한 우리 인문학,8,KBS,1
9791168415355,(흔한남매) 별난 세계 여행,7,흔한남매,7
9791168415355,(흔한남매) 별난 세계 여행,7,삼촌,6
9791168415355,(흔한남매) 별난 세계 여행,7,나폴레옹,6
9791168415355,(흔한남매) 별난 세계 여행,7,흔한남매 별난 세계 여행,6
9791168415355,(흔한남매) 별난 세계 여행,7,그림,6
9791168415355,(흔한남매) 별난 세계 여행,7,여행,5
9791168415355,(흔한남매) 별난 세계 여행,7,박물관,5
9791168415355,(흔한남매) 별난 세계 여행,7,루브르,4
9791168415355,(흔한남매) 별난 세계 여행,7,프랑스,4
9791168415355,(흔한남매) 별난 세계 여행,7,남매,4
9791168415355,(흔한남매) 별난 세계 여행,7,으뜸이와,3
9791168415355,(흔한남매) 별난 세계 여행,7,편지,3
9791168415355,(흔한남매) 별난 세계 여행,7,수상,3
9791168415355,(흔한남매) 별난 세계 여행,7,교양,3
9791168415355,(흔한남매) 별난 세계 여행,7,세계문화,2
9791168415355,(흔한남매) 별난 세계 여행,7,에이미,2
9791168415355,(흔한남매) 별난 세계 여행,7,시리즈,2
9791168415355,(흔한남매) 별난 세계 여행,7,어린이,2
9791168415355,(흔한남매) 별난 세계 여행,7,재미,2
9791168415355,(흔한남매) 별난 세계 여행,7,여름,2
9791168415355,(흔한남매) 별난 세계 여행,7,웃음,2
9791168415355,(흔한남매) 별난 세계 여행,7,한눈,2
9791168415355,(흔한남매) 별난 세계 여행,7,흔한컴퍼니  감수,2
9791168415355,(흔한남매) 별난 세계 여행,7,이국적,2
9791168415355,(흔한남매) 별난 세계 여행,7,임무,2
9791168415355,(흔한남매) 별난 세계 여행,7,입문서,2
9791168415355,(흔한남매) 별난 세계 여행,7,세계,2
9791168415355,(흔한남매) 별난 세계 여행,7,설렘,2
9791168415355,(흔한남매) 별난 세계 여행,7,생애,2
9791168415355,(흔한남매) 별난 세계 여행,7,정주연,2
9791168415355,(흔한남매) 별난 세계 여행,7,기상천외,2
9791168415355,(흔한남매) 별난 세계 여행,7,풍경,2
9791168415355,(흔한남매) 별난 세계 여행,7,누명,2
9791168415355,(흔한남매) 별난 세계 여행,7,도둑,2
9791168415355,(흔한남매) 별난 세계 여행,7,만끽,2
9791168415355,(흔한남매) 별난 세계 여행,7,무사,2
9791168415355,(흔한남매) 별난 세계 여행,7,박시연,2
9791168415355,(흔한남매) 별난 세계 여행,7,방학,2
9791168415355,(흔한남매) 별난 세계 여행,7,코미디,2
9791168415355,(흔한남매) 별난 세계 여행,7,미래엔아이세움,2
9791168415355,(흔한남매) 별난 세계 여행,7,해외여행,2
9791168415355,(흔한남매) 별난 세계 여행,7,3장,1
9791168415355,(흔한남매) 별난 세계 여행,7,정답,1
9791168415355,(흔한남매) 별난 세계 여행,7,인문,1
9791168415355,(흔한남매) 별난 세계 여행,7,고민,1
9791168415355,(흔한남매) 별난 세계 여행,7,고루,1
9791168415355,(흔한남매) 별난 세계 여행,7,노력,1
9791168415355,(흔한남매) 별난 세계 여행,7,다운,1
9791168415355,(흔한남매) 별난 세계 여행,7,사람,1
9791168415355,(흔한남매) 별난 세계 여행,7,삼박자,1
9791168418011,흔한남매,7,흔한남매,19
9791168418011,흔한남매,7,웃음,9
9791168418011,흔한남매,7,유튜브,5
9791168418011,흔한남매,7,전쟁,4
9791168418011,흔한남매,7,통통,4
9791168418011,흔한남매,7,인기,4
9791168418011,흔한남매,7,수가,4
9791168418011,흔한남매,7,뮤지컬,4
9791168418011,흔한남매,7,너튜버,4
9791168418011,흔한남매,7,아이돌,4
9791168418011,흔한남매,7,왕풍,4
9791168418011,흔한남매,7,일상,4
9791168418011,흔한남매,7,도전,4
9791168418011,흔한남매,7,학교,4
9791168418011,흔한남매,7,엄마,4
9791168418011,흔한남매,7,크리에이터,4
9791168418011,흔한남매,7,체험,4
9791168418011,흔한남매,7,노래방,3
9791168418011,흔한남매,7,사랑,3
9791168418011,흔한남매,7,어린이,3
9791168418011,흔한남매,7,방송,3
9791168418011,흔한남매,7,안내,3
9791168418011,흔한남매,7,공포,3
9791168418011,흔한남매,7,생일,2
9791168418011,흔한남매,7,시험,2
9791168418011,흔한남매,7,상황극콩트,2
9791168418011,흔한남매,7,비디오,2
9791168418011,흔한남매,7,흔한컴퍼니  감수,2
9791168418011,흔한남매,7,사람,2
9791168418011,흔한남매,7,사이,2
9791168418011,흔한남매,7,백난도,2
9791168418011,흔한남매,7,미래엔아이세움,2
9791168418011,흔한남매,7,방법,2
9791168418011,흔한남매,7,미로,2
9791168418011,흔한남매,7,남매,2
9791168418011,흔한남매,7,03화,2
9791168418011,흔한남매,7,05화,2
9791168418011,흔한남매,7,06화,2
9791168418011,흔한남매,7,10화,2
9791168418011,흔한남매,7,34억,2
9791168418011,흔한남매,7,에이미,2
9791168418011,흔한남매,7,영상,2
9791168418011,흔한남매,7,공감,2
9791168418011,흔한남매,7,구독자,2
9791168418011,흔한남매,7,그림,2
9791168418011,흔한남매,7,꼬불꼬불,2
9791168418011,흔한남매,7,난센스,2
9791168418011,흔한남매,7,07화,2
9791168418011,흔한남매,7,에피소드,2
9791168418011,흔한남매,7,누적,2
9791192504230,백앤아 :교양이 층층 쌓이는 점프 맵,7,백앤,12
9791192504230,백앤아 :교양이 층층 쌓이는 점프 맵,7,점프,11
9791192504230,백앤아 :교양이 층층 쌓이는 점프 맵,7,과자,9
9791192504230,백앤아 :교양이 층층 쌓이는 점프 맵,7,요정,9
9791192504230,백앤아 :교양이 층층 쌓이는 점프 맵,7,연회,7
9791192504230,백앤아 :교양이 층층 쌓이는 점프 맵,7,남매,5
9791192504230,백앤아 :교양이 층층 쌓이는 점프 맵,7,페이지,3
9791192504230,백앤아 :교양이 층층 쌓이는 점프 맵,7,케미,3
9791192504230,백앤아 :교양이 층층 쌓이는 점프 맵,7,크리에이터,3
9791192504230,백앤아 :교양이 층층 쌓이는 점프 맵,7,교양,3
9791192504230,백앤아 :교양이 층층 쌓이는 점프 맵,7,달콤바삭,3
9791192504230,백앤아 :교양이 층층 쌓이는 점프 맵,7,다양,3
9791192504230,백앤아 :교양이 층층 쌓이는 점프 맵,7,참석,3
9791192504230,백앤아 :교양이 층층 쌓이는 점프 맵,7,재치,2
9791192504230,백앤아 :교양이 층층 쌓이는 점프 맵,7,돌만,2
9791192504230,백앤아 :교양이 층층 쌓이는 점프 맵,7,사마귀,2
9791192504230,백앤아 :교양이 층층 쌓이는 점프 맵,7,사랑,2
9791192504230,백앤아 :교양이 층층 쌓이는 점프 맵,7,소원,2
9791192504230,백앤아 :교양이 층층 쌓이는 점프 맵,7,동생,2
9791192504230,백앤아 :교양이 층층 쌓이는 점프 맵,7,숲속,2
9791192504230,백앤아 :교양이 층층 쌓이는 점프 맵,7,보이,2
9791192504230,백앤아 :교양이 층층 쌓이는 점프 맵,7,백현,2
9791192504230,백앤아 :교양이 층층 쌓이는 점프 맵,7,아름,2
9791192504230,백앤아 :교양이 층층 쌓이는 점프 맵,7,백앤아,2
9791192504230,백앤아 :교양이 층층 쌓이는 점프 맵,7,오빠,2
9791192504230,백앤아 :교양이 층층 쌓이는 점프 맵,7,마법,2
9791192504230,백앤아 :교양이 층층 쌓이는 점프 맵,7,마을,2
9791192504230,백앤아 :교양이 층층 쌓이는 점프 맵,7,장난꾸러기지,2
9791192504230,백앤아 :교양이 층층 쌓이는 점프 맵,7,발견,2
9791192504230,백앤아 :교양이 층층 쌓이는 점프 맵,7,층층,2
9791192504230,백앤아 :교양이 층층 쌓이는 점프 맵,7,콘텐츠,2
9791192504230,백앤아 :교양이 층층 쌓이는 점프 맵,7,우리말,2
9791192504230,백앤아 :교양이 층층 쌓이는 점프 맵,7,게임,2
9791192504230,백앤아 :교양이 층층 쌓이는 점프 맵,7,거대,2
9791192504230,백앤아 :교양이 층층 쌓이는 점프 맵,7,각종,2
9791192504230,백앤아 :교양이 층층 쌓이는 점프 맵,7,4중주,2
9791192504230,백앤아 :교양이 층층 쌓이는 점프 맵,7,상황극,2
9791192504230,백앤아 :교양이 층층 쌓이는 점프 맵,7,상식,2
9791192504230,백앤아 :교양이 층층 쌓이는 점프 맵,7,100초,2
9791192504230,백앤아 :교양이 층층 쌓이는 점프 맵,7,공격,2
9791192504230,백앤아 :교양이 층층 쌓이는 점프 맵,7,과자점,2
9791192504230,백앤아 :교양이 층층 쌓이는 점프 맵,7,초대장,2
9791192504230,백앤아 :교양이 층층 쌓이는 점프 맵,7,입담,2
9791192504230,백앤아 :교양이 층층 쌓이는 점프 맵,7,누구와든,2
9791192504230,백앤아 :교양이 층층 쌓이는 점프 맵,7,최고,2
9791192504230,백앤아 :교양이 층층 쌓이는 점프 맵,7,난초,2
9791192504230,백앤아 :교양이 층층 쌓이는 점프 맵,7,그림자,2
9791192504230,백앤아 :교양이 층층 쌓이는 점프 맵,7,샌드박스스토리 키즈,2
9791192504230,백앤아 :교양이 층층 쌓이는 점프 맵,7,국내창작동화,2
9791192504230,백앤아 :교양이 층층 쌓이는 점프 맵,7,100단계,2
9791197377143,"어서오세요, 휴남동 서점입니다 :황보름 장편소설",6,서점,18
9791197377143,"어서오세요, 휴남동 서점입니다 :황보름 장편소설",6,사람,15
9791197377143,"어서오세요, 휴남동 서점입니다 :황보름 장편소설",6,커피,6
9791197377143,"어서오세요, 휴남동 서점입니다 :황보름 장편소설",6,휴남동,5
9791197377143,"어서오세요, 휴남동 서점입니다 :황보름 장편소설",6,공간,5
9791197377143,"어서오세요, 휴남동 서점입니다 :황보름 장편소설",6,순간,4
9791197377143,"어서오세요, 휴남동 서점입니다 :황보름 장편소설",6,느낌,4
9791197377143,"어서오세요, 휴남동 서점입니다 :황보름 장편소설",6,모이,4
9791197377143,"어서오세요, 휴남동 서점입니다 :황보름 장편소설",6,얼굴,4
9791197377143,"어서오세요, 휴남동 서점입니다 :황보름 장편소설",6,시간,4
9791197377143,"어서오세요, 휴남동 서점입니다 :황보름 장편소설",6,동네,4
9791197377143,"어서오세요, 휴남동 서점입니다 :황보름 장편소설",6,자신,4
9791197377143,"어서오세요, 휴남동 서점입니다 :황보름 장편소설",6,난생처음 킥복싱,3
9791197377143,"어서오세요, 휴남동 서점입니다 :황보름 장편소설",6,매일 읽겠습니다,3
9791197377143,"어서오세요, 휴남동 서점입니다 :황보름 장편소설",6,오늘,3
9791197377143,"어서오세요, 휴남동 서점입니다 :황보름 장편소설",6,독자,3
9791197377143,"어서오세요, 휴남동 서점입니다 :황보름 장편소설",6,대화,3
9791197377143,"어서오세요, 휴남동 서점입니다 :황보름 장편소설",6,이 정도 거리가 딱 좋다,3
9791197377143,"어서오세요, 휴남동 서점입니다 :황보름 장편소설",6,것들,3
9791197377143,"어서오세요, 휴남동 서점입니다 :황보름 장편소설",6,영주,3
9791197377143,"어서오세요, 휴남동 서점입니다 :황보름 장편소설",6,사이,2
9791197377143,"어서오세요, 휴남동 서점입니다 :황보름 장편소설",6,요청,2
9791197377143,"어서오세요, 휴남동 서점입니다 :황보름 장편소설",6,불협화음,2
9791197377143,"어서오세요, 휴남동 서점입니다 :황보름 장편소설",6,서울,2
9791197377143,"어서오세요, 휴남동 서점입니다 :황보름 장편소설",6,북토크,2
9791197377143,"어서오세요, 휴남동 서점입니다 :황보름 장편소설",6,무사,2
9791197377143,"어서오세요, 휴남동 서점입니다 :황보름 장편소설",6,완전,2
9791197377143,"어서오세요, 휴남동 서점입니다 :황보름 장편소설",6,얼마,2
9791197377143,"어서오세요, 휴남동 서점입니다 :황보름 장편소설",6,모습,2
9791197377143,"어서오세요, 휴남동 서점입니다 :황보름 장편소설",6,목소리,2
9791197377143,"어서오세요, 휴남동 서점입니다 :황보름 장편소설",6,문장,2
9791197377143,"어서오세요, 휴남동 서점입니다 :황보름 장편소설",6,손님,2
9791197377143,"어서오세요, 휴남동 서점입니다 :황보름 장편소설",6,대표,2
9791197377143,"어서오세요, 휴남동 서점입니다 :황보름 장편소설",6,감정,2
9791197377143,"어서오세요, 휴남동 서점입니다 :황보름 장편소설",6,사실,2
9791197377143,"어서오세요, 휴남동 서점입니다 :황보름 장편소설",6,소진,2
9791197377143,"어서오세요, 휴남동 서점입니다 :황보름 장편소설",6,수세미,2
9791197377143,"어서오세요, 휴남동 서점입니다 :황보름 장편소설",6,골목길,2
9791197377143,"어서오세요, 휴남동 서점입니다 :황보름 장편소설",6,이벤트,2
9791197377143,"어서오세요, 휴남동 서점입니다 :황보름 장편소설",6,사연,2
9791197377143,"어서오세요, 휴남동 서점입니다 :황보름 장편소설",6,구멍,2
9791197377143,"어서오세요, 휴남동 서점입니다 :황보름 장편소설",6,기분,2
9791197377143,"어서오세요, 휴남동 서점입니다 :황보름 장편소설",6,단추,2
9791197377143,"어서오세요, 휴남동 서점입니다 :황보름 장편소설",6,단골손님,2
9791197377143,"어서오세요, 휴남동 서점입니다 :황보름 장편소설",6,의욕,2
9791197377143,"어서오세요, 휴남동 서점입니다 :황보름 장편소설",6,2000년대 이후 한국소설,2
9791197377143,"어서오세요, 휴남동 서점입니다 :황보름 장편소설",6,내면,2
9791197377143,"어서오세요, 휴남동 서점입니다 :황보름 장편소설",6,아주,2
9791197377143,"어서오세요, 휴남동 서점입니다 :황보름 장편소설",6,깊이,2
9791197377143,"어서오세요, 휴남동 서점입니다 :황보름 장편소설",6,염소,2
9791168411685,흔한남매,6,흔한남매,14
9791168411685,흔한남매,6,웃음,12
9791168411685,흔한남매,6,에이미,9
9791168411685,흔한남매,6,사랑,7
9791168411685,흔한남매,6,으뜸,6
9791168411685,흔한남매,6,유튜브,5
9791168411685,흔한남매,6,우당탕탕,5
9791168411685,흔한남매,6,공감,5
9791168411685,흔한남매,6,대작전,4
9791168411685,흔한남매,6,브이로그,4
9791168411685,흔한남매,6,공포,4
9791168411685,흔한남매,6,인간,4
9791168411685,흔한남매,6,방송,4
9791168411685,흔한남매,6,안내,4
9791168411685,흔한남매,6,다이어트,4
9791168411685,흔한남매,6,장민철,4
9791168411685,흔한남매,6,투명,4
9791168411685,흔한남매,6,개그,4
9791168411685,흔한남매,6,수가,4
9791168411685,흔한남매,6,크리에이터,4
9791168411685,흔한남매,6,인기,4
9791168411685,흔한남매,6,흔한남매 10,3
9791168411685,흔한남매,6,일상,3
9791168411685,흔한남매,6,10년,3
9791168411685,흔한남매,6,으뜸이와,3
9791168411685,흔한남매,6,05화,2
9791168411685,흔한남매,6,레시피,2
9791168411685,흔한남매,6,엄마,2
9791168411685,흔한남매,6,만화 일반,2
9791168411685,흔한남매,6,미래엔,2
9791168411685,흔한남매,6,알쏭달쏭,2
9791168411685,흔한남매,6,03화,2
9791168411685,흔한남매,6,에피소드,2
9791168411685,흔한남매,6,사람,2
9791168411685,흔한남매,6,02화,2
9791168411685,흔한남매,6,사이,2
9791168411685,흔한남매,6,06화,2
9791168411685,흔한남매,6,흔한컴퍼니,2
9791168411685,흔한남매,6,공부,2
9791168411685,흔한남매,6,24억,2
9791168411685,흔한남매,6,어린이,2
9791168411685,흔한남매,6,구독자,2
9791168411685,흔한남매,6,그림,2
9791168411685,흔한남매,6,유난희,2
9791168411685,흔한남매,6,07화,2
9791168411685,흔한남매,6,난센스,2
9791168411685,흔한남매,6,남매,2
9791168411685,흔한남매,6,10화,2
9791168411685,흔한남매,6,누적,2
9791168411685,흔한남매,6,금손,2
9791168415232,흔한남매,6,흔한남매,16
9791168415232,흔한남매,6,웃음,8
9791168415232,흔한남매,6,꿈속,8
9791168415232,흔한남매,6,유튜브,5
9791168415232,흔한남매,6,장민철,4
9791168415232,흔한남매,6,바퀴벌레,4
9791168415232,흔한남매,6,소풍,4
9791168415232,흔한남매,6,성장,4
9791168415232,흔한남매,6,수가,4
9791168415232,흔한남매,6,앨범,4
9791168415232,흔한남매,6,대결,4
9791168415232,흔한남매,6,대작전,4
9791168415232,흔한남매,6,데이지,4
9791168415232,흔한남매,6,도시락,4
9791168415232,흔한남매,6,서프라이즈,4
9791168415232,흔한남매,6,장난,4
9791168415232,흔한남매,6,인기,4
9791168415232,흔한남매,6,크리에이터,4
9791168415232,흔한남매,6,공감,4
9791168415232,흔한남매,6,사람,4
9791168415232,흔한남매,6,사랑,3
9791168415232,흔한남매,6,친구,3
9791168415232,흔한남매,6,으뜸이와,3
9791168415232,흔한남매,6,일상,3
9791168415232,흔한남매,6,어린이,3
9791168415232,흔한남매,6,배정,2
9791168415232,흔한남매,6,방법,2
9791168415232,흔한남매,6,비디오,2
9791168415232,흔한남매,6,아재,2
9791168415232,흔한남매,6,방학,2
9791168415232,흔한남매,6,신기,2
9791168415232,흔한남매,6,배꼽,2
9791168415232,흔한남매,6,백난도,2
9791168415232,흔한남매,6,미래엔아이세움,2
9791168415232,흔한남매,6,만화 일반,2
9791168415232,흔한남매,6,흔한컴퍼니  감수,2
9791168415232,흔한남매,6,남매,2
9791168415232,흔한남매,6,04화,2
9791168415232,흔한남매,6,05화,2
9791168415232,흔한남매,6,09화,2
9791168415232,흔한남매,6,10화,2
9791168415232,흔한남매,6,-참교육,2
9791168415232,흔한남매,6,30억,2
9791168415232,흔한남매,6,알쏭달쏭,2
9791168415232,흔한남매,6,구독자,2
9791168415232,흔한남매,6,그림,2
9791168415232,흔한남매,6,금손,2
9791168415232,흔한남매,6,06화,2
9791168415232,흔한남매,6,시크릿,2
9791168415232,흔한남매,6,누적,2
9791168415034,흔한남매 이상한 나라의 고전 읽기,5,고전,12
9791168415034,흔한남매 이상한 나라의 고전 읽기,5,독서,7
9791168415034,흔한남매 이상한 나라의 고전 읽기,5,일기,6
9791168415034,흔한남매 이상한 나라의 고전 읽기,5,흔한남매,6
9791168415034,흔한남매 이상한 나라의 고전 읽기,5,어린이,4
9791168415034,흔한남매 이상한 나라의 고전 읽기,5,양반전,4
9791168415034,흔한남매 이상한 나라의 고전 읽기,5,에이미,3
9791168415034,흔한남매 이상한 나라의 고전 읽기,5,시리즈,3
9791168415034,흔한남매 이상한 나라의 고전 읽기,5,기존,2
9791168415034,흔한남매 이상한 나라의 고전 읽기,5,스토리,2
9791168415034,흔한남매 이상한 나라의 고전 읽기,5,첨단과학,2
9791168415034,흔한남매 이상한 나라의 고전 읽기,5,학습,2
9791168415034,흔한남매 이상한 나라의 고전 읽기,5,다양,2
9791168415034,흔한남매 이상한 나라의 고전 읽기,5,상상력,2
9791168415034,흔한남매 이상한 나라의 고전 읽기,5,최재훈,2
9791168415034,흔한남매 이상한 나라의 고전 읽기,5,정주연,2
9791168415034,흔한남매 이상한 나라의 고전 읽기,5,미래엔아이세움,2
9791168415034,흔한남매 이상한 나라의 고전 읽기,5,어린이를 위한 고전,2
9791168415034,흔한남매 이상한 나라의 고전 읽기,5,내용,2
9791168415034,흔한남매 이상한 나라의 고전 읽기,5,흔한컴퍼니  감수,2
9791168415034,흔한남매 이상한 나라의 고전 읽기,5,아이,2
9791168415034,흔한남매 이상한 나라의 고전 읽기,5,수록,1
9791168415034,흔한남매 이상한 나라의 고전 읽기,5,선조,1
9791168415034,흔한남매 이상한 나라의 고전 읽기,5,양반전 박씨부인전 운영전,1
9791168415034,흔한남매 이상한 나라의 고전 읽기,5,알려진,1
9791168415034,흔한남매 이상한 나라의 고전 읽기,5,사람,1
9791168415034,흔한남매 이상한 나라의 고전 읽기,5,신령,1
9791168415034,흔한남매 이상한 나라의 고전 읽기,5,생소,1
9791168415034,흔한남매 이상한 나라의 고전 읽기,5,세상,1
9791168415034,흔한남매 이상한 나라의 고전 읽기,5,소중,1
9791168415034,흔한남매 이상한 나라의 고전 읽기,5,아이들,1
9791168415034,흔한남매 이상한 나라의 고전 읽기,5,시대,1
9791168415034,흔한남매 이상한 나라의 고전 읽기,5,문학,1
9791168415034,흔한남매 이상한 나라의 고전 읽기,5,Live,1
9791168415034,흔한남매 이상한 나라의 고전 읽기,5,가미,1
9791168415034,흔한남매 이상한 나라의 고전 읽기,5,거부감,1
9791168415034,흔한남매 이상한 나라의 고전 읽기,5,게임,1
9791168415034,흔한남매 이상한 나라의 고전 읽기,5,공부,1
9791168415034,흔한남매 이상한 나라의 고전 읽기,5,과학,1
9791168415034,흔한남매 이상한 나라의 고전 읽기,5,교과서,1
9791168415034,흔한남매 이상한 나라의 고전 읽기,5,깊이,1
9791168415034,흔한남매 이상한 나라의 고전 읽기,5,노력,1
9791168415034,흔한남매 이상한 나라의 고전 읽기,5,대표작,1
9791168415034,흔한남매 이상한 나라의 고전 읽기,5,더위,1
9791168415034,흔한남매 이상한 나라의 고전 읽기,5,도서관,1
9791168415034,흔한남매 이상한 나라의 고전 읽기,5,가지,1
9791168415034,흔한남매 이상한 나라의 고전 읽기,5,등장,1
9791168415034,흔한남매 이상한 나라의 고전 읽기,5,마이,1
9791168415034,흔한남매 이상한 나라의 고전 읽기,5,만화,1
9791168415034,흔한남매 이상한 나라의 고전 읽기,5,모범,1
9791130637594,흔한남매 불꽃 튀는 우리말 :초등 국어 고수 되기 프로젝트,5,우리말,11
9791130637594,흔한남매 불꽃 튀는 우리말 :초등 국어 고수 되기 프로젝트,5,국어,8
9791130637594,흔한남매 불꽃 튀는 우리말 :초등 국어 고수 되기 프로젝트,5,만화,7
9791130637594,흔한남매 불꽃 튀는 우리말 :초등 국어 고수 되기 프로젝트,5,돋보기,6
9791130637594,흔한남매 불꽃 튀는 우리말 :초등 국어 고수 되기 프로젝트,5,흔한남매,6
9791130637594,흔한남매 불꽃 튀는 우리말 :초등 국어 고수 되기 프로젝트,5,퀴즈,5
9791130637594,흔한남매 불꽃 튀는 우리말 :초등 국어 고수 되기 프로젝트,5,난센스,5
9791130637594,흔한남매 불꽃 튀는 우리말 :초등 국어 고수 되기 프로젝트,5,교과,4
9791130637594,흔한남매 불꽃 튀는 우리말 :초등 국어 고수 되기 프로젝트,5,유추,4
9791130637594,흔한남매 불꽃 튀는 우리말 :초등 국어 고수 되기 프로젝트,5,일상,4
9791130637594,흔한남매 불꽃 튀는 우리말 :초등 국어 고수 되기 프로젝트,5,초등,3
9791130637594,흔한남매 불꽃 튀는 우리말 :초등 국어 고수 되기 프로젝트,5,언어,3
9791130637594,흔한남매 불꽃 튀는 우리말 :초등 국어 고수 되기 프로젝트,5,학습,2
9791130637594,흔한남매 불꽃 튀는 우리말 :초등 국어 고수 되기 프로젝트,5,연계,2
9791130637594,흔한남매 불꽃 튀는 우리말 :초등 국어 고수 되기 프로젝트,5,사용,2
9791130637594,흔한남매 불꽃 튀는 우리말 :초등 국어 고수 되기 프로젝트,5,방식,2
9791130637594,흔한남매 불꽃 튀는 우리말 :초등 국어 고수 되기 프로젝트,5,뿌리,2
9791130637594,흔한남매 불꽃 튀는 우리말 :초등 국어 고수 되기 프로젝트,5,판가름,2
9791130637594,흔한남매 불꽃 튀는 우리말 :초등 국어 고수 되기 프로젝트,5,어휘력,2
9791130637594,흔한남매 불꽃 튀는 우리말 :초등 국어 고수 되기 프로젝트,5,어휘,2
9791130637594,흔한남매 불꽃 튀는 우리말 :초등 국어 고수 되기 프로젝트,5,학습만화,2
9791130637594,흔한남매 불꽃 튀는 우리말 :초등 국어 고수 되기 프로젝트,5,속담,2
9791130637594,흔한남매 불꽃 튀는 우리말 :초등 국어 고수 되기 프로젝트,5,풍부,2
9791130637594,흔한남매 불꽃 튀는 우리말 :초등 국어 고수 되기 프로젝트,5,설명,2
9791130637594,흔한남매 불꽃 튀는 우리말 :초등 국어 고수 되기 프로젝트,5,기억,2
9791130637594,흔한남매 불꽃 튀는 우리말 :초등 국어 고수 되기 프로젝트,5,공부,2
9791130637594,흔한남매 불꽃 튀는 우리말 :초등 국어 고수 되기 프로젝트,5,능력,2
9791130637594,흔한남매 불꽃 튀는 우리말 :초등 국어 고수 되기 프로젝트,5,표현,2
9791130637594,흔한남매 불꽃 튀는 우리말 :초등 국어 고수 되기 프로젝트,5,다산북스,2
9791130637594,흔한남매 불꽃 튀는 우리말 :초등 국어 고수 되기 프로젝트,5,인기,2
9791130637594,흔한남매 불꽃 튀는 우리말 :초등 국어 고수 되기 프로젝트,5,고사성어,2
9791130637594,흔한남매 불꽃 튀는 우리말 :초등 국어 고수 되기 프로젝트,5,유튜버,2
9791130637594,흔한남매 불꽃 튀는 우리말 :초등 국어 고수 되기 프로젝트,5,유희석,2
9791130637594,흔한남매 불꽃 튀는 우리말 :초등 국어 고수 되기 프로젝트,5,단어,2
9791130637594,흔한남매 불꽃 튀는 우리말 :초등 국어 고수 되기 프로젝트,5,과정,2
9791130637594,흔한남매 불꽃 튀는 우리말 :초등 국어 고수 되기 프로젝트,5,2라운드,1
9791130637594,흔한남매 불꽃 튀는 우리말 :초등 국어 고수 되기 프로젝트,5,감동,1
9791130637594,흔한남매 불꽃 튀는 우리말 :초등 국어 고수 되기 프로젝트,5,대결,1
9791130637594,흔한남매 불꽃 튀는 우리말 :초등 국어 고수 되기 프로젝트,5,요즘,1
9791130637594,흔한남매 불꽃 튀는 우리말 :초등 국어 고수 되기 프로젝트,5,웃음,1
9791130637594,흔한남매 불꽃 튀는 우리말 :초등 국어 고수 되기 프로젝트,5,웃음폭탄,1
9791130637594,흔한남매 불꽃 튀는 우리말 :초등 국어 고수 되기 프로젝트,5,에이미,1
9791130637594,흔한남매 불꽃 튀는 우리말 :초등 국어 고수 되기 프로젝트,5,5라운드,1
9791130637594,흔한남매 불꽃 튀는 우리말 :초등 국어 고수 되기 프로젝트,5,고수로,1
9791130637594,흔한남매 불꽃 튀는 우리말 :초등 국어 고수 되기 프로젝트,5,관용어,1
9791130637594,흔한남매 불꽃 튀는 우리말 :초등 국어 고수 되기 프로젝트,5,맞춤법,1
9791130637594,흔한남매 불꽃 튀는 우리말 :초등 국어 고수 되기 프로젝트,5,불꽃,1
9791130637594,흔한남매 불꽃 튀는 우리말 :초등 국어 고수 되기 프로젝트,5,보고,1
9791130637594,흔한남매 불꽃 튀는 우리말 :초등 국어 고수 되기 프로젝트,5,다양,1
9791130637594,흔한남매 불꽃 튀는 우리말 :초등 국어 고수 되기 프로젝트,5,문제,1
9791168418844,흔한남매,5,흔한남매,15
9791168418844,흔한남매,5,웃음,11
9791168418844,흔한남매,5,남매,6
9791168418844,흔한남매,5,씁아저씨,5
9791168418844,흔한남매,5,도전,4
9791168418844,흔한남매,5,크리에이터,4
9791168418844,흔한남매,5,수수께끼,4
9791168418844,흔한남매,5,공포,4
9791168418844,흔한남매,5,싸움,4
9791168418844,흔한남매,5,프렌즈,4
9791168418844,흔한남매,5,수가,4
9791168418844,흔한남매,5,사이,4
9791168418844,흔한남매,5,단소,4
9791168418844,흔한남매,5,대결,4
9791168418844,흔한남매,5,영화관,4
9791168418844,흔한남매,5,개그,4
9791168418844,흔한남매,5,인기,4
9791168418844,흔한남매,5,방송,4
9791168418844,흔한남매,5,유튜브,4
9791168418844,흔한남매,5,반전,4
9791168418844,흔한남매,5,자매,4
9791168418844,흔한남매,5,일상,4
9791168418844,흔한남매,5,자존심,4
9791168418844,흔한남매,5,악몽,4
9791168418844,흔한남매,5,안내,4
9791168418844,흔한남매,5,어린이,3
9791168418844,흔한남매,5,으뜸이와,3
9791168418844,흔한남매,5,이유,3
9791168418844,흔한남매,5,사람,3
9791168418844,흔한남매,5,사랑,3
9791168418844,흔한남매,5,명장면,2
9791168418844,흔한남매,5,물놀이,2
9791168418844,흔한남매,5,미래엔아이세움,2
9791168418844,흔한남매,5,백난도,2
9791168418844,흔한남매,5,미로,2
9791168418844,흔한남매,5,아재,2
9791168418844,흔한남매,5,순간,2
9791168418844,흔한남매,5,소속,2
9791168418844,흔한남매,5,구독자,2
9791168418844,흔한남매,5,05화,2
9791168418844,흔한남매,5,06화,2
9791168418844,흔한남매,5,흔한컴퍼니  감수,2
9791168418844,흔한남매,5,숨은그림찾기,2
9791168418844,흔한남매,5,36억,2
9791168418844,흔한남매,5,공감,2
9791168418844,흔한남매,5,공부,2
9791168418844,흔한남매,5,07화,2
9791168418844,흔한남매,5,그림,2
9791168418844,흔한남매,5,꼬불꼬불,2
9791168418844,흔한남매,5,난센스,2
9791164137800,에그박사의 채집 일기 :스티커로 채집하는 자연 생물 관찰 만화,5,생물,27
9791164137800,에그박사의 채집 일기 :스티커로 채집하는 자연 생물 관찰 만화,5,채집,11
9791164137800,에그박사의 채집 일기 :스티커로 채집하는 자연 생물 관찰 만화,5,스티커,8
9791164137800,에그박사의 채집 일기 :스티커로 채집하는 자연 생물 관찰 만화,5,만화,8
9791164137800,에그박사의 채집 일기 :스티커로 채집하는 자연 생물 관찰 만화,5,관찰,7
9791164137800,에그박사의 채집 일기 :스티커로 채집하는 자연 생물 관찰 만화,5,에그박사,6
9791164137800,에그박사의 채집 일기 :스티커로 채집하는 자연 생물 관찰 만화,5,도감,4
9791164137800,에그박사의 채집 일기 :스티커로 채집하는 자연 생물 관찰 만화,5,다양,4
9791164137800,에그박사의 채집 일기 :스티커로 채집하는 자연 생물 관찰 만화,5,크기,3
9791164137800,에그박사의 채집 일기 :스티커로 채집하는 자연 생물 관찰 만화,5,에그박사의 채집 일기,3
9791164137800,에그박사의 채집 일기 :스티커로 채집하는 자연 생물 관찰 만화,5,인기,3
9791164137800,에그박사의 채집 일기 :스티커로 채집하는 자연 생물 관찰 만화,5,키즈,3
9791164137800,에그박사의 채집 일기 :스티커로 채집하는 자연 생물 관찰 만화,5,크리에이터,3
9791164137800,에그박사의 채집 일기 :스티커로 채집하는 자연 생물 관찰 만화,5,정보,2
9791164137800,에그박사의 채집 일기 :스티커로 채집하는 자연 생물 관찰 만화,5,시리즈,2
9791164137800,에그박사의 채집 일기 :스티커로 채집하는 자연 생물 관찰 만화,5,초등,2
9791164137800,에그박사의 채집 일기 :스티커로 채집하는 자연 생물 관찰 만화,5,홍종현,2
9791164137800,에그박사의 채집 일기 :스티커로 채집하는 자연 생물 관찰 만화,5,학습,2
9791164137800,에그박사의 채집 일기 :스티커로 채집하는 자연 생물 관찰 만화,5,일기,2
9791164137800,에그박사의 채집 일기 :스티커로 채집하는 자연 생물 관찰 만화,5,저학년,2
9791164137800,에그박사의 채집 일기 :스티커로 채집하는 자연 생물 관찰 만화,5,종류,2
9791164137800,에그박사의 채집 일기 :스티커로 채집하는 자연 생물 관찰 만화,5,사진,2
9791164137800,에그박사의 채집 일기 :스티커로 채집하는 자연 생물 관찰 만화,5,사진첩,2
9791164137800,에그박사의 채집 일기 :스티커로 채집하는 자연 생물 관찰 만화,5,Mirae N 아이세움,2
9791164137800,에그박사의 채집 일기 :스티커로 채집하는 자연 생물 관찰 만화,5,보고서,2
9791164137800,에그박사의 채집 일기 :스티커로 채집하는 자연 생물 관찰 만화,5,생물과 생명,2
9791164137800,에그박사의 채집 일기 :스티커로 채집하는 자연 생물 관찰 만화,5,생생,2
9791164137800,에그박사의 채집 일기 :스티커로 채집하는 자연 생물 관찰 만화,5,구성,2
9791164137800,에그박사의 채집 일기 :스티커로 채집하는 자연 생물 관찰 만화,5,생태,2
9791164137800,에그박사의 채집 일기 :스티커로 채집하는 자연 생물 관찰 만화,5,물방개,1
9791164137800,에그박사의 채집 일기 :스티커로 채집하는 자연 생물 관찰 만화,5,체감,1
9791164137800,에그박사의 채집 일기 :스티커로 채집하는 자연 생물 관찰 만화,5,어린이,1
9791164137800,에그박사의 채집 일기 :스티커로 채집하는 자연 생물 관찰 만화,5,콘텐츠,1
9791164137800,에그박사의 채집 일기 :스티커로 채집하는 자연 생물 관찰 만화,5,마음,1
9791164137800,에그박사의 채집 일기 :스티커로 채집하는 자연 생물 관찰 만화,5,스티,1
9791164137800,에그박사의 채집 일기 :스티커로 채집하는 자연 생물 관찰 만화,5,꿀벌,1
9791164137800,에그박사의 채집 일기 :스티커로 채집하는 자연 생물 관찰 만화,5,제작,1
9791164137800,에그박사의 채집 일기 :스티커로 채집하는 자연 생물 관찰 만화,5,제공,1
9791164137800,에그박사의 채집 일기 :스티커로 채집하는 자연 생물 관찰 만화,5,양박사,1
9791164137800,에그박사의 채집 일기 :스티커로 채집하는 자연 생물 관찰 만화,5,생김새,1
9791164137800,에그박사의 채집 일기 :스티커로 채집하는 자연 생물 관찰 만화,5,웅박사가,1
9791164137800,에그박사의 채집 일기 :스티커로 채집하는 자연 생물 관찰 만화,5,자라,1
9791164137800,에그박사의 채집 일기 :스티커로 채집하는 자연 생물 관찰 만화,5,자리매김,1
9791164137800,에그박사의 채집 일기 :스티커로 채집하는 자연 생물 관찰 만화,5,잠자리,1
9791164137800,에그박사의 채집 일기 :스티커로 채집하는 자연 생물 관찰 만화,5,장수풍뎅이,1
9791164137800,에그박사의 채집 일기 :스티커로 채집하는 자연 생물 관찰 만화,5,사슴벌레,1
9791164137800,에그박사의 채집 일기 :스티커로 채집하는 자연 생물 관찰 만화,5,사랑,1
9791164137800,에그박사의 채집 일기 :스티커로 채집하는 자연 생물 관찰 만화,5,개미,1
9791164138197,흔한남매,5,흔한남매,14
9791164138197,흔한남매,5,웃음,9
9791164138197,흔한남매,5,일상,7
9791164138197,흔한남매,5,엄지,7
9791164138197,흔한남매,5,유튜브,6
9791164138197,흔한남매,5,으뜸,5
9791164138197,흔한남매,5,만화,4
9791164138197,흔한남매,5,동네,4
9791164138197,흔한남매,5,귀신,4
9791164138197,흔한남매,5,에피소드,4
9791164138197,흔한남매,5,장기,4
9791164138197,흔한남매,5,자랑,4
9791164138197,흔한남매,5,여름,3
9791164138197,흔한남매,5,레시피,3
9791164138197,흔한남매,5,꿀팁,3
9791164138197,흔한남매,5,유머러스,3
9791164138197,흔한남매,5,영화,3
9791164138197,흔한남매,5,탐구,3
9791164138197,흔한남매,5,대결,3
9791164138197,흔한남매,5,한여름,3
9791164138197,흔한남매,5,시크릿,3
9791164138197,흔한남매,5,금손,3
9791164138197,흔한남매,5,그림,3
9791164138197,흔한남매,5,흔한남매 8,3
9791164138197,흔한남매,5,가족,3
9791164138197,흔한남매,5,크리에이터,3
9791164138197,흔한남매,5,알쏭달쏭,3
9791164138197,흔한남매,5,인기,3
9791164138197,흔한남매,5,스토리,3
9791164138197,흔한남매,5,공포,3
9791164138197,흔한남매,5,어린이,3
9791164138197,흔한남매,5,만화 일반,2
9791164138197,흔한남매,5,생일,2
9791164138197,흔한남매,5,생기,2
9791164138197,흔한남매,5,사람,2
9791164138197,흔한남매,5,07화,2
9791164138197,흔한남매,5,미래엔,2
9791164138197,흔한남매,5,사랑,2
9791164138197,흔한남매,5,완전,2
9791164138197,흔한남매,5,식인종,2
9791164138197,흔한남매,5,03화,2
9791164138197,흔한남매,5,05화,2
9791164138197,흔한남매,5,06화,2
9791164138197,흔한남매,5,10화,2
9791164138197,흔한남매,5,영상,2
9791164138197,흔한남매,5,유난희,2
9791164138197,흔한남매,5,기발,2
9791164138197,흔한남매,5,우애,2
9791164138197,흔한남매,5,남매,2
9791164138197,흔한남매,5,02화,2
9791193506516,(2500년 동안 사랑받은) 초역 부처의 말 :행복으로 가는 길은 없다 행복이 곧 길이다,5,부처,18
9791193506516,(2500년 동안 사랑받은) 초역 부처의 말 :행복으로 가는 길은 없다 행복이 곧 길이다,5,사람,5
9791193506516,(2500년 동안 사랑받은) 초역 부처의 말 :행복으로 가는 길은 없다 행복이 곧 길이다,5,말이,4
9791193506516,(2500년 동안 사랑받은) 초역 부처의 말 :행복으로 가는 길은 없다 행복이 곧 길이다,5,간결,4
9791193506516,(2500년 동안 사랑받은) 초역 부처의 말 :행복으로 가는 길은 없다 행복이 곧 길이다,5,마음,4
9791193506516,(2500년 동안 사랑받은) 초역 부처의 말 :행복으로 가는 길은 없다 행복이 곧 길이다,5,사랑,3
9791193506516,(2500년 동안 사랑받은) 초역 부처의 말 :행복으로 가는 길은 없다 행복이 곧 길이다,5,재해석,3
9791193506516,(2500년 동안 사랑받은) 초역 부처의 말 :행복으로 가는 길은 없다 행복이 곧 길이다,5,아들러 심리학을 읽는 밤,3
9791193506516,(2500년 동안 사랑받은) 초역 부처의 말 :행복으로 가는 길은 없다 행복이 곧 길이다,5,현대어,3
9791193506516,(2500년 동안 사랑받은) 초역 부처의 말 :행복으로 가는 길은 없다 행복이 곧 길이다,5,2500년,3
9791193506516,(2500년 동안 사랑받은) 초역 부처의 말 :행복으로 가는 길은 없다 행복이 곧 길이다,5,니체의 말,3
9791193506516,(2500년 동안 사랑받은) 초역 부처의 말 :행복으로 가는 길은 없다 행복이 곧 길이다,5,류노스케,2
9791193506516,(2500년 동안 사랑받은) 초역 부처의 말 :행복으로 가는 길은 없다 행복이 곧 길이다,5,의도,2
9791193506516,(2500년 동안 사랑받은) 초역 부처의 말 :행복으로 가는 길은 없다 행복이 곧 길이다,5,인생,2
9791193506516,(2500년 동안 사랑받은) 초역 부처의 말 :행복으로 가는 길은 없다 행복이 곧 길이다,5,동양,2
9791193506516,(2500년 동안 사랑받은) 초역 부처의 말 :행복으로 가는 길은 없다 행복이 곧 길이다,5,서문,2
9791193506516,(2500년 동안 사랑받은) 초역 부처의 말 :행복으로 가는 길은 없다 행복이 곧 길이다,5,메시지,2
9791193506516,(2500년 동안 사랑받은) 초역 부처의 말 :행복으로 가는 길은 없다 행복이 곧 길이다,5,바람,2
9791193506516,(2500년 동안 사랑받은) 초역 부처의 말 :행복으로 가는 길은 없다 행복이 곧 길이다,5,박재현  옮긴이,2
9791193506516,(2500년 동안 사랑받은) 초역 부처의 말 :행복으로 가는 길은 없다 행복이 곧 길이다,5,방향,2
9791193506516,(2500년 동안 사랑받은) 초역 부처의 말 :행복으로 가는 길은 없다 행복이 곧 길이다,5,코이케,2
9791193506516,(2500년 동안 사랑받은) 초역 부처의 말 :행복으로 가는 길은 없다 행복이 곧 길이다,5,코이케 류노스케,2
9791193506516,(2500년 동안 사랑받은) 초역 부처의 말 :행복으로 가는 길은 없다 행복이 곧 길이다,5,해답,2
9791193506516,(2500년 동안 사랑받은) 초역 부처의 말 :행복으로 가는 길은 없다 행복이 곧 길이다,5,회자,2
9791193506516,(2500년 동안 사랑받은) 초역 부처의 말 :행복으로 가는 길은 없다 행복이 곧 길이다,5,독자,2
9791193506516,(2500년 동안 사랑받은) 초역 부처의 말 :행복으로 가는 길은 없다 행복이 곧 길이다,5,핵심,2
9791193506516,(2500년 동안 사랑받은) 초역 부처의 말 :행복으로 가는 길은 없다 행복이 곧 길이다,5,철학자,2
9791193506516,(2500년 동안 사랑받은) 초역 부처의 말 :행복으로 가는 길은 없다 행복이 곧 길이다,5,철학,2
9791193506516,(2500년 동안 사랑받은) 초역 부처의 말 :행복으로 가는 길은 없다 행복이 곧 길이다,5,축약,2
9791193506516,(2500년 동안 사랑받은) 초역 부처의 말 :행복으로 가는 길은 없다 행복이 곧 길이다,5,순간,2
9791193506516,(2500년 동안 사랑받은) 초역 부처의 말 :행복으로 가는 길은 없다 행복이 곧 길이다,5,쇼펜하우어,2
9791193506516,(2500년 동안 사랑받은) 초역 부처의 말 :행복으로 가는 길은 없다 행복이 곧 길이다,5,용기,2
9791193506516,(2500년 동안 사랑받은) 초역 부처의 말 :행복으로 가는 길은 없다 행복이 곧 길이다,5,일어,2
9791193506516,(2500년 동안 사랑받은) 초역 부처의 말 :행복으로 가는 길은 없다 행복이 곧 길이다,5,교양 인문학,2
9791193506516,(2500년 동안 사랑받은) 초역 부처의 말 :행복으로 가는 길은 없다 행복이 곧 길이다,5,단순,2
9791193506516,(2500년 동안 사랑받은) 초역 부처의 말 :행복으로 가는 길은 없다 행복이 곧 길이다,5,포레스트북스,2
9791193506516,(2500년 동안 사랑받은) 초역 부처의 말 :행복으로 가는 길은 없다 행복이 곧 길이다,5,스님,2
9791193506516,(2500년 동안 사랑받은) 초역 부처의 말 :행복으로 가는 길은 없다 행복이 곧 길이다,5,기획,2
9791193506516,(2500년 동안 사랑받은) 초역 부처의 말 :행복으로 가는 길은 없다 행복이 곧 길이다,5,기분,2
9791193506516,(2500년 동안 사랑받은) 초역 부처의 말 :행복으로 가는 길은 없다 행복이 곧 길이다,5,선택,1
9791193506516,(2500년 동안 사랑받은) 초역 부처의 말 :행복으로 가는 길은 없다 행복이 곧 길이다,5,생활,1
9791193506516,(2500년 동안 사랑받은) 초역 부처의 말 :행복으로 가는 길은 없다 행복이 곧 길이다,5,선한,1
9791193506516,(2500년 동안 사랑받은) 초역 부처의 말 :행복으로 가는 길은 없다 행복이 곧 길이다,5,2부,1
9791193506516,(2500년 동안 사랑받은) 초역 부처의 말 :행복으로 가는 길은 없다 행복이 곧 길이다,5,12부,1
9791193506516,(2500년 동안 사랑받은) 초역 부처의 말 :행복으로 가는 길은 없다 행복이 곧 길이다,5,독일,1
9791193506516,(2500년 동안 사랑받은) 초역 부처의 말 :행복으로 가는 길은 없다 행복이 곧 길이다,5,7부,1
9791193506516,(2500년 동안 사랑받은) 초역 부처의 말 :행복으로 가는 길은 없다 행복이 곧 길이다,5,8부,1
9791193506516,(2500년 동안 사랑받은) 초역 부처의 말 :행복으로 가는 길은 없다 행복이 곧 길이다,5,9부,1
9791193506516,(2500년 동안 사랑받은) 초역 부처의 말 :행복으로 가는 길은 없다 행복이 곧 길이다,5,리브스,1
9791193506516,(2500년 동안 사랑받은) 초역 부처의 말 :행복으로 가는 길은 없다 행복이 곧 길이다,5,동시,1
9791168416369,흔한남매,5,흔한남매,15
9791168416369,흔한남매,5,웃음,6
9791168416369,흔한남매,5,에이미,6
9791168416369,흔한남매,5,속담,6
9791168416369,흔한남매,5,게임,4
9791168416369,흔한남매,5,공감,4
9791168416369,흔한남매,5,공포,4
9791168416369,흔한남매,5,속마음,4
9791168416369,흔한남매,5,비밀,4
9791168416369,흔한남매,5,학원,4
9791168416369,흔한남매,5,유튜브,4
9791168416369,흔한남매,5,댄스,4
9791168416369,흔한남매,5,수가,4
9791168416369,흔한남매,5,코믹,4
9791168416369,흔한남매,5,옛말,4
9791168416369,흔한남매,5,엄지,4
9791168416369,흔한남매,5,타임캡슐,4
9791168416369,흔한남매,5,참교육하기,4
9791168416369,흔한남매,5,크리에이터,3
9791168416369,흔한남매,5,일상,3
9791168416369,흔한남매,5,인기,3
9791168416369,흔한남매,5,어린이,3
9791168416369,흔한남매,5,으뜸이와,3
9791168416369,흔한남매,5,알쏭달쏭,2
9791168416369,흔한남매,5,소개,2
9791168416369,흔한남매,5,흔한컴퍼니  감수,2
9791168416369,흔한남매,5,세상,2
9791168416369,흔한남매,5,숨은그림찾기,2
9791168416369,흔한남매,5,상황극콩트,2
9791168416369,흔한남매,5,사이,2
9791168416369,흔한남매,5,사랑,2
9791168416369,흔한남매,5,백난도,2
9791168416369,흔한남매,5,시크릿,2
9791168416369,흔한남매,5,미로,2
9791168416369,흔한남매,5,교훈,2
9791168416369,흔한남매,5,03화,2
9791168416369,흔한남매,5,05화,2
9791168416369,흔한남매,5,06화,2
9791168416369,흔한남매,5,07화,2
9791168416369,흔한남매,5,10화,2
9791168416369,흔한남매,5,32억,2
9791168416369,흔한남매,5,스토리,2
9791168416369,흔한남매,5,구독자,2
9791168416369,흔한남매,5,그림,2
9791168416369,흔한남매,5,금손,2
9791168416369,흔한남매,5,꼬불꼬불,2
9791168416369,흔한남매,5,남매,2
9791168416369,흔한남매,5,에피소드,2
9791168416369,흔한남매,5,누구,2
9791168416369,흔한남매,5,누적,2
9791168412477,흔한남매,5,흔한남매,15
9791168412477,흔한남매,5,웃음,7
9791168412477,흔한남매,5,씁아저씨,6
9791168412477,흔한남매,5,시골,6
9791168412477,흔한남매,5,생활,6
9791168412477,흔한남매,5,유튜브,5
9791168412477,흔한남매,5,초록색,4
9791168412477,흔한남매,5,싸움,4
9791168412477,흔한남매,5,치과,4
9791168412477,흔한남매,5,주황색,4
9791168412477,흔한남매,5,수가,4
9791168412477,흔한남매,5,크리에이터,4
9791168412477,흔한남매,5,에이미,4
9791168412477,흔한남매,5,꿀팁,4
9791168412477,흔한남매,5,물총,4
9791168412477,흔한남매,5,너튜브,4
9791168412477,흔한남매,5,인기,4
9791168412477,흔한남매,5,놀이공원,3
9791168412477,흔한남매,5,발견,3
9791168412477,흔한남매,5,우연,3
9791168412477,흔한남매,5,사랑,3
9791168412477,흔한남매,5,으뜸이와,3
9791168412477,흔한남매,5,일상,3
9791168412477,흔한남매,5,흔한남매 11,3
9791168412477,흔한남매,5,구독,3
9791168412477,흔한남매,5,공감,3
9791168412477,흔한남매,5,그림,2
9791168412477,흔한남매,5,백난도,2
9791168412477,흔한남매,5,03화,2
9791168412477,흔한남매,5,사다리,2
9791168412477,흔한남매,5,사람,2
9791168412477,흔한남매,5,07화,2
9791168412477,흔한남매,5,사이,2
9791168412477,흔한남매,5,상황극콩트,2
9791168412477,흔한남매,5,02화,2
9791168412477,흔한남매,5,유난희,2
9791168412477,흔한남매,5,05화,2
9791168412477,흔한남매,5,흔한컴퍼니  감수,2
9791168412477,흔한남매,5,06화,2
9791168412477,흔한남매,5,구독자,2
9791168412477,흔한남매,5,남매,2
9791168412477,흔한남매,5,2탄,2
9791168412477,흔한남매,5,누적,2
9791168412477,흔한남매,5,26억,2
9791168412477,흔한남매,5,대결,2
9791168412477,흔한남매,5,공부,2
9791168412477,흔한남매,5,1탄,2
9791168412477,흔한남매,5,에피소드,2
9791168412477,흔한남매,5,알쏭달쏭,2
9791168412477,흔한남매,5,10화,2
9788954695053,아주 희미한 빛으로도 :최은영 소설,4,아주 희미한 빛으로도,9
9788954695053,아주 희미한 빛으로도 :최은영 소설,4,내게 무해한 사람,9
9788954695053,아주 희미한 빛으로도 :최은영 소설,4,인물,7
9788954695053,아주 희미한 빛으로도 :최은영 소설,4,최은영,7
9788954695053,아주 희미한 빛으로도 :최은영 소설,4,쇼코의 미소,6
9788954695053,아주 희미한 빛으로도 :최은영 소설,4,소설집,3
9788954695053,아주 희미한 빛으로도 :최은영 소설,4,관계,3
9788954695053,아주 희미한 빛으로도 :최은영 소설,4,밝은 밤,3
9788954695053,아주 희미한 빛으로도 :최은영 소설,4,자리매김,2
9788954695053,아주 희미한 빛으로도 :최은영 소설,4,젊은작가,2
9788954695053,아주 희미한 빛으로도 :최은영 소설,4,맥락,2
9788954695053,아주 희미한 빛으로도 :최은영 소설,4,맞이,2
9788954695053,아주 희미한 빛으로도 :최은영 소설,4,이름,2
9788954695053,아주 희미한 빛으로도 :최은영 소설,4,마주,2
9788954695053,아주 희미한 빛으로도 :최은영 소설,4,동료,2
9788954695053,아주 희미한 빛으로도 :최은영 소설,4,재생,2
9788954695053,아주 희미한 빛으로도 :최은영 소설,4,문학동네,2
9788954695053,아주 희미한 빛으로도 :최은영 소설,4,세번째,2
9788954695053,아주 희미한 빛으로도 :최은영 소설,4,세대,2
9788954695053,아주 희미한 빛으로도 :최은영 소설,4,성장해나,2
9788954695053,아주 희미한 빛으로도 :최은영 소설,4,선사,2
9788954695053,아주 희미한 빛으로도 :최은영 소설,4,평론가,2
9788954695053,아주 희미한 빛으로도 :최은영 소설,4,살피,2
9788954695053,아주 희미한 빛으로도 :최은영 소설,4,사회적,2
9788954695053,아주 희미한 빛으로도 :최은영 소설,4,사적,2
9788954695053,아주 희미한 빛으로도 :최은영 소설,4,미세,2
9788954695053,아주 희미한 빛으로도 :최은영 소설,4,독자,2
9788954695053,아주 희미한 빛으로도 :최은영 소설,4,데뷔,2
9788954695053,아주 희미한 빛으로도 :최은영 소설,4,10년,2
9788954695053,아주 희미한 빛으로도 :최은영 소설,4,감정,2
9788954695053,아주 희미한 빛으로도 :최은영 소설,4,특별,2
9788954695053,아주 희미한 빛으로도 :최은영 소설,4,4대에,2
9788954695053,아주 희미한 빛으로도 :최은영 소설,4,경험,2
9788954695053,아주 희미한 빛으로도 :최은영 소설,4,회복,2
9788954695053,아주 희미한 빛으로도 :최은영 소설,4,시절,2
9788954695053,아주 희미한 빛으로도 :최은영 소설,4,2017년,2
9788954695053,아주 희미한 빛으로도 :최은영 소설,4,2000년대 이후 한국소설,2
9788954695053,아주 희미한 빛으로도 :최은영 소설,4,고찰,2
9788954695053,아주 희미한 빛으로도 :최은영 소설,4,연대기,2
9788954695053,아주 희미한 빛으로도 :최은영 소설,4,만남,2
9788954695053,아주 희미한 빛으로도 :최은영 소설,4,한국일보문학상,2
9788954695053,아주 희미한 빛으로도 :최은영 소설,4,기억,2
9788954695053,아주 희미한 빛으로도 :최은영 소설,4,궤적,2
9788954695053,아주 희미한 빛으로도 :최은영 소설,4,투명,2
9788954695053,아주 희미한 빛으로도 :최은영 소설,4,과정,2
9788954695053,아주 희미한 빛으로도 :최은영 소설,4,21세기문학상,1
9788954695053,아주 희미한 빛으로도 :최은영 소설,4,대산문학상,1
9788954695053,아주 희미한 빛으로도 :최은영 소설,4,年代記,1
9788954695053,아주 희미한 빛으로도 :최은영 소설,4,세계,1
9788954695053,아주 희미한 빛으로도 :최은영 소설,4,마음,1
9788934965404,국어 잘하는 아이가 이깁니다 :'갓민애' 교수의 초등 국어 달인 만들기,4,국어,18
9788934965404,국어 잘하는 아이가 이깁니다 :'갓민애' 교수의 초등 국어 달인 만들기,4,독서,13
9788934965404,국어 잘하는 아이가 이깁니다 :'갓민애' 교수의 초등 국어 달인 만들기,4,초등,13
9788934965404,국어 잘하는 아이가 이깁니다 :'갓민애' 교수의 초등 국어 달인 만들기,4,달인,9
9788934965404,국어 잘하는 아이가 이깁니다 :'갓민애' 교수의 초등 국어 달인 만들기,4,서울대학교,9
9788934965404,국어 잘하는 아이가 이깁니다 :'갓민애' 교수의 초등 국어 달인 만들기,4,학생,8
9788934965404,국어 잘하는 아이가 이깁니다 :'갓민애' 교수의 초등 국어 달인 만들기,4,아이,6
9788934965404,국어 잘하는 아이가 이깁니다 :'갓민애' 교수의 초등 국어 달인 만들기,4,국어 잘하는 아이가 이깁니다,6
9788934965404,국어 잘하는 아이가 이깁니다 :'갓민애' 교수의 초등 국어 달인 만들기,4,공부,6
9788934965404,국어 잘하는 아이가 이깁니다 :'갓민애' 교수의 초등 국어 달인 만들기,4,나민애,6
9788934965404,국어 잘하는 아이가 이깁니다 :'갓민애' 교수의 초등 국어 달인 만들기,4,교수,5
9788934965404,국어 잘하는 아이가 이깁니다 :'갓민애' 교수의 초등 국어 달인 만들기,4,전략,5
9788934965404,국어 잘하는 아이가 이깁니다 :'갓민애' 교수의 초등 국어 달인 만들기,4,글쓰기,4
9788934965404,국어 잘하는 아이가 이깁니다 :'갓민애' 교수의 초등 국어 달인 만들기,4,시작,4
9788934965404,국어 잘하는 아이가 이깁니다 :'갓민애' 교수의 초등 국어 달인 만들기,4,학원,4
9788934965404,국어 잘하는 아이가 이깁니다 :'갓민애' 교수의 초등 국어 달인 만들기,4,고등,4
9788934965404,국어 잘하는 아이가 이깁니다 :'갓민애' 교수의 초등 국어 달인 만들기,4,한자,4
9788934965404,국어 잘하는 아이가 이깁니다 :'갓민애' 교수의 초등 국어 달인 만들기,4,프로젝트,4
9788934965404,국어 잘하는 아이가 이깁니다 :'갓민애' 교수의 초등 국어 달인 만들기,4,활용,3
9788934965404,국어 잘하는 아이가 이깁니다 :'갓민애' 교수의 초등 국어 달인 만들기,4,어휘력,3
9788934965404,국어 잘하는 아이가 이깁니다 :'갓민애' 교수의 초등 국어 달인 만들기,4,전략적,2
9788934965404,국어 잘하는 아이가 이깁니다 :'갓민애' 교수의 초등 국어 달인 만들기,4,선생님,2
9788934965404,국어 잘하는 아이가 이깁니다 :'갓민애' 교수의 초등 국어 달인 만들기,4,마오,2
9788934965404,국어 잘하는 아이가 이깁니다 :'갓민애' 교수의 초등 국어 달인 만들기,4,만들어보자,2
9788934965404,국어 잘하는 아이가 이깁니다 :'갓민애' 교수의 초등 국어 달인 만들기,4,심심,2
9788934965404,국어 잘하는 아이가 이깁니다 :'갓민애' 교수의 초등 국어 달인 만들기,4,만화,2
9788934965404,국어 잘하는 아이가 이깁니다 :'갓민애' 교수의 초등 국어 달인 만들기,4,부모,2
9788934965404,국어 잘하는 아이가 이깁니다 :'갓민애' 교수의 초등 국어 달인 만들기,4,머리말,2
9788934965404,국어 잘하는 아이가 이깁니다 :'갓민애' 교수의 초등 국어 달인 만들기,4,읽어보기 전자책,2
9788934965404,국어 잘하는 아이가 이깁니다 :'갓민애' 교수의 초등 국어 달인 만들기,4,방법,2
9788934965404,국어 잘하는 아이가 이깁니다 :'갓민애' 교수의 초등 국어 달인 만들기,4,부모님,2
9788934965404,국어 잘하는 아이가 이깁니다 :'갓민애' 교수의 초등 국어 달인 만들기,4,인공지능,2
9788934965404,국어 잘하는 아이가 이깁니다 :'갓민애' 교수의 초등 국어 달인 만들기,4,점검,2
9788934965404,국어 잘하는 아이가 이깁니다 :'갓민애' 교수의 초등 국어 달인 만들기,4,기초,2
9788934965404,국어 잘하는 아이가 이깁니다 :'갓민애' 교수의 초등 국어 달인 만들기,4,효과,2
9788934965404,국어 잘하는 아이가 이깁니다 :'갓민애' 교수의 초등 국어 달인 만들기,4,1장,2
9788934965404,국어 잘하는 아이가 이깁니다 :'갓민애' 교수의 초등 국어 달인 만들기,4,3장,2
9788934965404,국어 잘하는 아이가 이깁니다 :'갓민애' 교수의 초등 국어 달인 만들기,4,시절,2
9788934965404,국어 잘하는 아이가 이깁니다 :'갓민애' 교수의 초등 국어 달인 만들기,4,고등학교,2
9788934965404,국어 잘하는 아이가 이깁니다 :'갓민애' 교수의 초등 국어 달인 만들기,4,입시,2
9788934965404,국어 잘하는 아이가 이깁니다 :'갓민애' 교수의 초등 국어 달인 만들기,4,고민,2
9788934965404,국어 잘하는 아이가 이깁니다 :'갓민애' 교수의 초등 국어 달인 만들기,4,중학교,2
9788934965404,국어 잘하는 아이가 이깁니다 :'갓민애' 교수의 초등 국어 달인 만들기,4,교육,2
9788934965404,국어 잘하는 아이가 이깁니다 :'갓민애' 교수의 초등 국어 달인 만들기,4,국어가,2
9788934965404,국어 잘하는 아이가 이깁니다 :'갓민애' 교수의 초등 국어 달인 만들기,4,인기,2
9788934965404,국어 잘하는 아이가 이깁니다 :'갓민애' 교수의 초등 국어 달인 만들기,4,기본기,2
9788934965404,국어 잘하는 아이가 이깁니다 :'갓민애' 교수의 초등 국어 달인 만들기,4,가이드,2
9788934965404,국어 잘하는 아이가 이깁니다 :'갓민애' 교수의 초등 국어 달인 만들기,4,김영사,2
9788934965404,국어 잘하는 아이가 이깁니다 :'갓민애' 교수의 초등 국어 달인 만들기,4,다독,2
9788934965404,국어 잘하는 아이가 이깁니다 :'갓민애' 교수의 초등 국어 달인 만들기,4,단어,2
9788949123493,순례 주택 :유은실 소설,4,만국기 소년,12
9788949123493,순례 주택 :유은실 소설,4,나의 린드그렌 선생님,12
9788949123493,순례 주택 :유은실 소설,4,마지막 이벤트,12
9788949123493,순례 주택 :유은실 소설,4,유은실,10
9788949123493,순례 주택 :유은실 소설,4,변두리,9
9788949123493,순례 주택 :유은실 소설,4,일수의 탄생,9
9788949123493,순례 주택 :유은실 소설,4,청소년,7
9788949123493,순례 주택 :유은실 소설,4,우리 동네 미자 씨,6
9788949123493,순례 주택 :유은실 소설,4,멀쩡한 이유정,6
9788949123493,순례 주택 :유은실 소설,4,2미터 그리고 48시간,6
9788949123493,순례 주택 :유은실 소설,4,드림 하우스,6
9788949123493,순례 주택 :유은실 소설,4,내 머리에 햇살 냄새,6
9788949123493,순례 주택 :유은실 소설,4,순례 주택,6
9788949123493,순례 주택 :유은실 소설,4,나도 편식할 거야,6
9788949123493,순례 주택 :유은실 소설,4,비룡소,5
9788949123493,순례 주택 :유은실 소설,4,동화,4
9788949123493,순례 주택 :유은실 소설,4,그림책,3
9788949123493,순례 주택 :유은실 소설,4,우리 집에 온 마고 할미,3
9788949123493,순례 주택 :유은실 소설,4,심청전,3
9788949123493,순례 주택 :유은실 소설,4,유관순,3
9788949123493,순례 주택 :유은실 소설,4,IBBY,3
9788949123493,순례 주택 :유은실 소설,4,장르,3
9788949123493,순례 주택 :유은실 소설,4,어너리스트,3
9788949123493,순례 주택 :유은실 소설,4,신작,3
9788949123493,순례 주택 :유은실 소설,4,독자,3
9788949123493,순례 주택 :유은실 소설,4,나의 독산동,3
9788949123493,순례 주택 :유은실 소설,4,송아지똥,3
9788949123493,순례 주택 :유은실 소설,4,한국어린이도서,3
9788949123493,순례 주택 :유은실 소설,4,제인 구달,3
9788949123493,순례 주택 :유은실 소설,4,사랑,2
9788949123493,순례 주택 :유은실 소설,4,사람,2
9788949123493,순례 주택 :유은실 소설,4,특유,2
9788949123493,순례 주택 :유은실 소설,4,수상작가,2
9788949123493,순례 주택 :유은실 소설,4,블루픽션,2
9788949123493,순례 주택 :유은실 소설,4,장편동화,2
9788949123493,순례 주택 :유은실 소설,4,유머,2
9788949123493,순례 주택 :유은실 소설,4,문학상,2
9788949123493,순례 주택 :유은실 소설,4,권정생,2
9788949123493,순례 주택 :유은실 소설,4,다양,2
9788949123493,순례 주택 :유은실 소설,4,독특,2
9788949123493,순례 주택 :유은실 소설,4,등장,2
9788949123493,순례 주택 :유은실 소설,4,청소년 소설,2
9788949123493,순례 주택 :유은실 소설,4,월드,2
9788949123493,순례 주택 :유은실 소설,4,혜성,2
9788949123493,순례 주택 :유은실 소설,4,메시지,2
9788949123493,순례 주택 :유은실 소설,4,수림,1
9788949123493,순례 주택 :유은실 소설,4,국제아동도서협의회,1
9788949123493,순례 주택 :유은실 소설,4,경계,1
9788949123493,순례 주택 :유은실 소설,4,3부,1
9788949123493,순례 주택 :유은실 소설,4,결과,1
9788954681155,홍학의 자리 :정해연 장편소설,4,홍학의 자리,15
9788954681155,홍학의 자리 :정해연 장편소설,4,봉명아파트 꽃미남 수사일지,6
9788954681155,홍학의 자리 :정해연 장편소설,4,챕터,6
9788954681155,홍학의 자리 :정해연 장편소설,4,내가 죽였다,6
9788954681155,홍학의 자리 :정해연 장편소설,4,정해연,6
9788954681155,홍학의 자리 :정해연 장편소설,4,더블,6
9788954681155,홍학의 자리 :정해연 장편소설,4,장점,5
9788954681155,홍학의 자리 :정해연 장편소설,4,다현,4
9788954681155,홍학의 자리 :정해연 장편소설,4,스릴러,4
9788954681155,홍학의 자리 :정해연 장편소설,4,시작,4
9788954681155,홍학의 자리 :정해연 장편소설,4,문장,4
9788954681155,홍학의 자리 :정해연 장편소설,4,호수,4
9788954681155,홍학의 자리 :정해연 장편소설,4,전개,4
9788954681155,홍학의 자리 :정해연 장편소설,4,설정,4
9788954681155,홍학의 자리 :정해연 장편소설,4,백일청춘,3
9788954681155,홍학의 자리 :정해연 장편소설,4,독자,3
9788954681155,홍학의 자리 :정해연 장편소설,4,유괴의 날,3
9788954681155,홍학의 자리 :정해연 장편소설,4,그것들,3
9788954681155,홍학의 자리 :정해연 장편소설,4,탁월,3
9788954681155,홍학의 자리 :정해연 장편소설,4,스토리텔링,3
9788954681155,홍학의 자리 :정해연 장편소설,4,지금 죽으러 갑니다,3
9788954681155,홍학의 자리 :정해연 장편소설,4,카페 홈즈에 가면,3
9788954681155,홍학의 자리 :정해연 장편소설,4,취미는 악플 특기는 막말,3
9788954681155,홍학의 자리 :정해연 장편소설,4,악의죽은 자의 일기,3
9788954681155,홍학의 자리 :정해연 장편소설,4,수상,2
9788954681155,홍학의 자리 :정해연 장편소설,4,미스터리,2
9788954681155,홍학의 자리 :정해연 장편소설,4,문학동네,2
9788954681155,홍학의 자리 :정해연 장편소설,4,사체,2
9788954681155,홍학의 자리 :정해연 장편소설,4,상상,2
9788954681155,홍학의 자리 :정해연 장편소설,4,최고조,2
9788954681155,홍학의 자리 :정해연 장편소설,4,보이,2
9788954681155,홍학의 자리 :정해연 장편소설,4,유기,2
9788954681155,홍학의 자리 :정해연 장편소설,4,신작,2
9788954681155,홍학의 자리 :정해연 장편소설,4,스토리,2
9788954681155,홍학의 자리 :정해연 장편소설,4,장편소설,2
9788954681155,홍학의 자리 :정해연 장편소설,4,한국,2
9788954681155,홍학의 자리 :정해연 장편소설,4,가독성,2
9788954681155,홍학의 자리 :정해연 장편소설,4,한국 추리 미스터리소설,2
9788954681155,홍학의 자리 :정해연 장편소설,4,공모전,2
9788954681155,홍학의 자리 :정해연 장편소설,4,구성,2
9788954681155,홍학의 자리 :정해연 장편소설,4,궁금,2
9788954681155,홍학의 자리 :정해연 장편소설,4,장면,2
9788954681155,홍학의 자리 :정해연 장편소설,4,누구,2
9788954681155,홍학의 자리 :정해연 장편소설,4,충분,2
9788954681155,홍학의 자리 :정해연 장편소설,4,호기심,2
9788954681155,홍학의 자리 :정해연 장편소설,4,남자,2
9788954681155,홍학의 자리 :정해연 장편소설,4,CJ,1
9788954681155,홍학의 자리 :정해연 장편소설,4,대상,1
9788954681155,홍학의 자리 :정해연 장편소설,4,대한민국,1
9788954681155,홍학의 자리 :정해연 장편소설,4,데뷔작,1
9791192372730,"위버멘쉬 :누구의 시선도 아닌, 내 의지대로 살겠다는 선언",4,자신,11
9791192372730,"위버멘쉬 :누구의 시선도 아닌, 내 의지대로 살겠다는 선언",4,위버멘쉬,9
9791192372730,"위버멘쉬 :누구의 시선도 아닌, 내 의지대로 살겠다는 선언",4,니체,8
9791192372730,"위버멘쉬 :누구의 시선도 아닌, 내 의지대로 살겠다는 선언",4,고통,8
9791192372730,"위버멘쉬 :누구의 시선도 아닌, 내 의지대로 살겠다는 선언",4,선택,6
9791192372730,"위버멘쉬 :누구의 시선도 아닌, 내 의지대로 살겠다는 선언",4,세상,5
9791192372730,"위버멘쉬 :누구의 시선도 아닌, 내 의지대로 살겠다는 선언",4,타인,5
9791192372730,"위버멘쉬 :누구의 시선도 아닌, 내 의지대로 살겠다는 선언",4,태도,5
9791192372730,"위버멘쉬 :누구의 시선도 아닌, 내 의지대로 살겠다는 선언",4,필요,5
9791192372730,"위버멘쉬 :누구의 시선도 아닌, 내 의지대로 살겠다는 선언",4,인생,5
9791192372730,"위버멘쉬 :누구의 시선도 아닌, 내 의지대로 살겠다는 선언",4,사람,4
9791192372730,"위버멘쉬 :누구의 시선도 아닌, 내 의지대로 살겠다는 선언",4,진실,4
9791192372730,"위버멘쉬 :누구의 시선도 아닌, 내 의지대로 살겠다는 선언",4,감정,4
9791192372730,"위버멘쉬 :누구의 시선도 아닌, 내 의지대로 살겠다는 선언",4,생각,4
9791192372730,"위버멘쉬 :누구의 시선도 아닌, 내 의지대로 살겠다는 선언",4,극복,4
9791192372730,"위버멘쉬 :누구의 시선도 아닌, 내 의지대로 살겠다는 선언",4,시련,4
9791192372730,"위버멘쉬 :누구의 시선도 아닌, 내 의지대로 살겠다는 선언",4,시선,4
9791192372730,"위버멘쉬 :누구의 시선도 아닌, 내 의지대로 살겠다는 선언",4,누구,4
9791192372730,"위버멘쉬 :누구의 시선도 아닌, 내 의지대로 살겠다는 선언",4,인간적,4
9791192372730,"위버멘쉬 :누구의 시선도 아닌, 내 의지대로 살겠다는 선언",4,가치,4
9791192372730,"위버멘쉬 :누구의 시선도 아닌, 내 의지대로 살겠다는 선언",4,자기,4
9791192372730,"위버멘쉬 :누구의 시선도 아닌, 내 의지대로 살겠다는 선언",4,성장,4
9791192372730,"위버멘쉬 :누구의 시선도 아닌, 내 의지대로 살겠다는 선언",4,기준,4
9791192372730,"위버멘쉬 :누구의 시선도 아닌, 내 의지대로 살겠다는 선언",4,판단,4
9791192372730,"위버멘쉬 :누구의 시선도 아닌, 내 의지대로 살겠다는 선언",4,질문,4
9791192372730,"위버멘쉬 :누구의 시선도 아닌, 내 의지대로 살겠다는 선언",4,Part,4
9791192372730,"위버멘쉬 :누구의 시선도 아닌, 내 의지대로 살겠다는 선언",4,반시대적 고찰,3
9791192372730,"위버멘쉬 :누구의 시선도 아닌, 내 의지대로 살겠다는 선언",4,도덕의 계보학,3
9791192372730,"위버멘쉬 :누구의 시선도 아닌, 내 의지대로 살겠다는 선언",4,대학,3
9791192372730,"위버멘쉬 :누구의 시선도 아닌, 내 의지대로 살겠다는 선언",4,인간적인 너무나 인간적인,3
9791192372730,"위버멘쉬 :누구의 시선도 아닌, 내 의지대로 살겠다는 선언",4,마주,3
9791192372730,"위버멘쉬 :누구의 시선도 아닌, 내 의지대로 살겠다는 선언",4,강하,3
9791192372730,"위버멘쉬 :누구의 시선도 아닌, 내 의지대로 살겠다는 선언",4,그대,3
9791192372730,"위버멘쉬 :누구의 시선도 아닌, 내 의지대로 살겠다는 선언",4,바그너의 경우,3
9791192372730,"위버멘쉬 :누구의 시선도 아닌, 내 의지대로 살겠다는 선언",4,비극의 탄생,3
9791192372730,"위버멘쉬 :누구의 시선도 아닌, 내 의지대로 살겠다는 선언",4,기대,3
9791192372730,"위버멘쉬 :누구의 시선도 아닌, 내 의지대로 살겠다는 선언",4,의지,3
9791192372730,"위버멘쉬 :누구의 시선도 아닌, 내 의지대로 살겠다는 선언",4,인간,3
9791192372730,"위버멘쉬 :누구의 시선도 아닌, 내 의지대로 살겠다는 선언",4,디오니소스 송가,3
9791192372730,"위버멘쉬 :누구의 시선도 아닌, 내 의지대로 살겠다는 선언",4,존재,3
9791192372730,"위버멘쉬 :누구의 시선도 아닌, 내 의지대로 살겠다는 선언",4,이 사람을 보라,3
9791192372730,"위버멘쉬 :누구의 시선도 아닌, 내 의지대로 살겠다는 선언",4,의미,3
9791192372730,"위버멘쉬 :누구의 시선도 아닌, 내 의지대로 살겠다는 선언",4,창조,3
9791192372730,"위버멘쉬 :누구의 시선도 아닌, 내 의지대로 살겠다는 선언",4,생성의 무죄,3
9791192372730,"위버멘쉬 :누구의 시선도 아닌, 내 의지대로 살겠다는 선언",4,차라투스트라는 이렇게 말했다,3
9791192372730,"위버멘쉬 :누구의 시선도 아닌, 내 의지대로 살겠다는 선언",4,힘에의 의지,3
9791192372730,"위버멘쉬 :누구의 시선도 아닌, 내 의지대로 살겠다는 선언",4,우리 문헌학자들,3
9791192372730,"위버멘쉬 :누구의 시선도 아닌, 내 의지대로 살겠다는 선언",4,사랑,3
9791192372730,"위버멘쉬 :누구의 시선도 아닌, 내 의지대로 살겠다는 선언",4,즐거운 지식,3
9791192372730,"위버멘쉬 :누구의 시선도 아닌, 내 의지대로 살겠다는 선언",4,이해,3
9791168413955,흔한남매 이상한 나라의 고전 읽기,4,고전,14
9791168413955,흔한남매 이상한 나라의 고전 읽기,4,독서,7
9791168413955,흔한남매 이상한 나라의 고전 읽기,4,흔한남매,6
9791168413955,흔한남매 이상한 나라의 고전 읽기,4,일기,6
9791168413955,흔한남매 이상한 나라의 고전 읽기,4,테마파크,4
9791168413955,흔한남매 이상한 나라의 고전 읽기,4,어린이,4
9791168413955,흔한남매 이상한 나라의 고전 읽기,4,전우치전,4
9791168413955,흔한남매 이상한 나라의 고전 읽기,4,학습,3
9791168413955,흔한남매 이상한 나라의 고전 읽기,4,에이미,3
9791168413955,흔한남매 이상한 나라의 고전 읽기,4,시리즈,2
9791168413955,흔한남매 이상한 나라의 고전 읽기,4,미래엔아이세움,2
9791168413955,흔한남매 이상한 나라의 고전 읽기,4,다양,2
9791168413955,흔한남매 이상한 나라의 고전 읽기,4,상상력,2
9791168413955,흔한남매 이상한 나라의 고전 읽기,4,사람,2
9791168413955,흔한남매 이상한 나라의 고전 읽기,4,만화,2
9791168413955,흔한남매 이상한 나라의 고전 읽기,4,흔한컴퍼니  감수,2
9791168413955,흔한남매 이상한 나라의 고전 읽기,4,어린이를 위한 고전,2
9791168413955,흔한남매 이상한 나라의 고전 읽기,4,청소년,2
9791168413955,흔한남매 이상한 나라의 고전 읽기,4,정주연,2
9791168413955,흔한남매 이상한 나라의 고전 읽기,4,기존,2
9791168413955,흔한남매 이상한 나라의 고전 읽기,4,시대,2
9791168413955,흔한남매 이상한 나라의 고전 읽기,4,스토리,2
9791168413955,흔한남매 이상한 나라의 고전 읽기,4,과학,2
9791168413955,흔한남매 이상한 나라의 고전 읽기,4,최재훈,2
9791168413955,흔한남매 이상한 나라의 고전 읽기,4,아이,2
9791168413955,흔한남매 이상한 나라의 고전 읽기,4,아이들,1
9791168413955,흔한남매 이상한 나라의 고전 읽기,4,심상치,1
9791168413955,흔한남매 이상한 나라의 고전 읽기,4,배틀헬,1
9791168413955,흔한남매 이상한 나라의 고전 읽기,4,수록,1
9791168413955,흔한남매 이상한 나라의 고전 읽기,4,번개,1
9791168413955,흔한남매 이상한 나라의 고전 읽기,4,생소,1
9791168413955,흔한남매 이상한 나라의 고전 읽기,4,사실,1
9791168413955,흔한남매 이상한 나라의 고전 읽기,4,세상,1
9791168413955,흔한남매 이상한 나라의 고전 읽기,4,선조,1
9791168413955,흔한남매 이상한 나라의 고전 읽기,4,깊이,1
9791168413955,흔한남매 이상한 나라의 고전 읽기,4,Live,1
9791168413955,흔한남매 이상한 나라의 고전 읽기,4,가미,1
9791168413955,흔한남매 이상한 나라의 고전 읽기,4,가지,1
9791168413955,흔한남매 이상한 나라의 고전 읽기,4,거부감,1
9791168413955,흔한남매 이상한 나라의 고전 읽기,4,게임,1
9791168413955,흔한남매 이상한 나라의 고전 읽기,4,공부,1
9791168413955,흔한남매 이상한 나라의 고전 읽기,4,교과서,1
9791168413955,흔한남매 이상한 나라의 고전 읽기,4,내용,1
9791168413955,흔한남매 이상한 나라의 고전 읽기,4,대회,1
9791168413955,흔한남매 이상한 나라의 고전 읽기,4,독후감,1
9791168413955,흔한남매 이상한 나라의 고전 읽기,4,돌파,1
9791168413955,흔한남매 이상한 나라의 고전 읽기,4,등장,1
9791168413955,흔한남매 이상한 나라의 고전 읽기,4,마이,1
9791168413955,흔한남매 이상한 나라의 고전 읽기,4,멘토,1
9791168413955,흔한남매 이상한 나라의 고전 읽기,4,문과1,1
9791173473968,흔한남매,4,흔한남매,24
9791173473968,흔한남매,4,흔식,8
9791173473968,흔한남매,4,일상,6
9791173473968,흔한남매,4,공감,5
9791173473968,흔한남매,4,공포,4
9791173473968,흔한남매,4,씁아저씨,4
9791173473968,흔한남매,4,안내,4
9791173473968,흔한남매,4,엄마,4
9791173473968,흔한남매,4,방송,4
9791173473968,흔한남매,4,포인트,4
9791173473968,흔한남매,4,에이미,4
9791173473968,흔한남매,4,만남,4
9791173473968,흔한남매,4,대결,4
9791173473968,흔한남매,4,소파,4
9791173473968,흔한남매,4,차이점,4
9791173473968,흔한남매,4,학교,4
9791173473968,흔한남매,4,스트레스,3
9791173473968,흔한남매,4,따뜻한 공감,3
9791173473968,흔한남매,4,유쾌한 우애,3
9791173473968,흔한남매,4,순수한 웃음,3
9791173473968,흔한남매,4,수가,2
9791173473968,흔한남매,4,딸아이,2
9791173473968,흔한남매,4,인기,2
9791173473968,흔한남매,4,레시피,2
9791173473968,흔한남매,4,센터,2
9791173473968,흔한남매,4,만화 일반,2
9791173473968,흔한남매,4,미래엔아이세움,2
9791173473968,흔한남매,4,유난희,2
9791173473968,흔한남매,4,알쏭달쏭,2
9791173473968,흔한남매,4,미로,2
9791173473968,흔한남매,4,백난도,2
9791173473968,흔한남매,4,배우,2
9791173473968,흔한남매,4,시크릿,2
9791173473968,흔한남매,4,03화,2
9791173473968,흔한남매,4,흔한컴퍼니  감수,2
9791173473968,흔한남매,4,05화,2
9791173473968,흔한남매,4,06화,2
9791173473968,흔한남매,4,07화,2
9791173473968,흔한남매,4,09화,2
9791173473968,흔한남매,4,10화,2
9791173473968,흔한남매,4,유튜브,2
9791173473968,흔한남매,4,전쟁,2
9791173473968,흔한남매,4,그림,2
9791173473968,흔한남매,4,꼬불꼬불,2
9791173473968,흔한남매,4,나이,2
9791173473968,흔한남매,4,으뜸이와,2
9791173473968,흔한남매,4,너튜브,2
9791173473968,흔한남매,4,놀러,2
9791173473968,흔한남매,4,잡기,2
9791173473968,흔한남매,4,대소동,2
9791164139897,흔한남매,4,흔한남매,13
9791164139897,흔한남매,4,웃음,9
9791164139897,흔한남매,4,에이미,8
9791164139897,흔한남매,4,유튜브,6
9791164139897,흔한남매,4,으뜸이와,5
9791164139897,흔한남매,4,스토리,5
9791164139897,흔한남매,4,에피소드,4
9791164139897,흔한남매,4,만화,4
9791164139897,흔한남매,4,중2병,3
9791164139897,흔한남매,4,위기,3
9791164139897,흔한남매,4,눈썰매장,3
9791164139897,흔한남매,4,사다리,3
9791164139897,흔한남매,4,베란다,3
9791164139897,흔한남매,4,유머러스,3
9791164139897,흔한남매,4,등교,3
9791164139897,흔한남매,4,크리에이터,3
9791164139897,흔한남매,4,어린이,3
9791164139897,흔한남매,4,흔한남매 9,3
9791164139897,흔한남매,4,알록달록,3
9791164139897,흔한남매,4,목감기,3
9791164139897,흔한남매,4,방법,3
9791164139897,흔한남매,4,급똥,3
9791164139897,흔한남매,4,사춘기,3
9791164139897,흔한남매,4,일상,3
9791164139897,흔한남매,4,색칠,3
9791164139897,흔한남매,4,유형,3
9791164139897,흔한남매,4,추억,3
9791164139897,흔한남매,4,인기,3
9791164139897,흔한남매,4,타기,3
9791164139897,흔한남매,4,사람,2
9791164139897,흔한남매,4,06화,2
9791164139897,흔한남매,4,미래엔,2
9791164139897,흔한남매,4,발생,2
9791164139897,흔한남매,4,02화,2
9791164139897,흔한남매,4,05화,2
9791164139897,흔한남매,4,비디오,2
9791164139897,흔한남매,4,남매,2
9791164139897,흔한남매,4,03화,2
9791164139897,흔한남매,4,10화,2
9791164139897,흔한남매,4,긴급,2
9791164139897,흔한남매,4,영상,2
9791164139897,흔한남매,4,그림,2
9791164139897,흔한남매,4,외동,2
9791164139897,흔한남매,4,우애,2
9791164139897,흔한남매,4,사랑,2
9791164139897,흔한남매,4,시크릿,2
9791164139897,흔한남매,4,VS,2
9791164139897,흔한남매,4,우당탕탕,2
9791164139897,흔한남매,4,07화,2
9791164139897,흔한남매,4,금손,2
9791197221989,"첫 여름, 완주 :김금희 장편소설",4,여름,6
9791197221989,"첫 여름, 완주 :김금희 장편소설",4,김금희,6
9791197221989,"첫 여름, 완주 :김금희 장편소설",4,무제,5
9791197221989,"첫 여름, 완주 :김금희 장편소설",4,웃음,4
9791197221989,"첫 여름, 완주 :김금희 장편소설",4,완주,4
9791197221989,"첫 여름, 완주 :김금희 장편소설",4,슬픔,3
9791197221989,"첫 여름, 완주 :김금희 장편소설",4,온정,3
9791197221989,"첫 여름, 완주 :김금희 장편소설",4,첫 여름 완주,3
9791197221989,"첫 여름, 완주 :김금희 장편소설",4,세계,3
9791197221989,"첫 여름, 완주 :김금희 장편소설",4,출판사,3
9791197221989,"첫 여름, 완주 :김금희 장편소설",4,세심,3
9791197221989,"첫 여름, 완주 :김금희 장편소설",4,시대,3
9791197221989,"첫 여름, 완주 :김금희 장편소설",4,마음,3
9791197221989,"첫 여름, 완주 :김금희 장편소설",4,사계절,2
9791197221989,"첫 여름, 완주 :김금희 장편소설",4,매점,2
9791197221989,"첫 여름, 완주 :김금희 장편소설",4,어저귀,2
9791197221989,"첫 여름, 완주 :김금희 장편소설",4,열매,2
9791197221989,"첫 여름, 완주 :김금희 장편소설",4,장편소설,2
9791197221989,"첫 여름, 완주 :김금희 장편소설",4,배우,2
9791197221989,"첫 여름, 완주 :김금희 장편소설",4,선배,2
9791197221989,"첫 여름, 완주 :김금희 장편소설",4,수미,2
9791197221989,"첫 여름, 완주 :김금희 장편소설",4,대사,2
9791197221989,"첫 여름, 완주 :김금희 장편소설",4,평론가,2
9791197221989,"첫 여름, 완주 :김금희 장편소설",4,가수,2
9791197221989,"첫 여름, 완주 :김금희 장편소설",4,신형철,2
9791197221989,"첫 여름, 완주 :김금희 장편소설",4,시리즈,2
9791197221989,"첫 여름, 완주 :김금희 장편소설",4,어머니,2
9791197221989,"첫 여름, 완주 :김금희 장편소설",4,2000년대 이후 한국소설,2
9791197221989,"첫 여름, 완주 :김금희 장편소설",4,손열매,1
9791197221989,"첫 여름, 완주 :김금희 장편소설",4,사람,1
9791197221989,"첫 여름, 완주 :김금희 장편소설",4,생생,1
9791197221989,"첫 여름, 완주 :김금희 장편소설",4,샤넬,1
9791197221989,"첫 여름, 완주 :김금희 장편소설",4,2020년,1
9791197221989,"첫 여름, 완주 :김금희 장편소설",4,성우,1
9791197221989,"첫 여름, 완주 :김금희 장편소설",4,수수께끼,1
9791197221989,"첫 여름, 완주 :김금희 장편소설",4,2015년,1
9791197221989,"첫 여름, 완주 :김금희 장편소설",4,라디오,1
9791197221989,"첫 여름, 완주 :김금희 장편소설",4,다정,1
9791197221989,"첫 여름, 완주 :김금희 장편소설",4,독특,1
9791197221989,"첫 여름, 완주 :김금희 장편소설",4,동네,1
9791197221989,"첫 여름, 완주 :김금희 장편소설",4,다면체,1
9791197221989,"첫 여름, 완주 :김금희 장편소설",4,마을,1
9791197221989,"첫 여름, 완주 :김금희 장편소설",4,말이,1
9791197221989,"첫 여름, 완주 :김금희 장편소설",4,글쓰기,1
9791197221989,"첫 여름, 완주 :김금희 장편소설",4,목소리,1
9791197221989,"첫 여름, 완주 :김금희 장편소설",4,희한,1
9791197221989,"첫 여름, 완주 :김금희 장편소설",4,그대,1
9791197221989,"첫 여름, 완주 :김금희 장편소설",4,고향,1
9791197221989,"첫 여름, 완주 :김금희 장편소설",4,고수미,1
9791197221989,"첫 여름, 완주 :김금희 장편소설",4,경험,1
9791141606862,저속노화 식사법 :노년내과 의사가 알려주는 기적의 식단 혁명,3,저속노화,21
9791141606862,저속노화 식사법 :노년내과 의사가 알려주는 기적의 식단 혁명,3,식사,21
9791141606862,저속노화 식사법 :노년내과 의사가 알려주는 기적의 식단 혁명,3,건강,17
9791141606862,저속노화 식사법 :노년내과 의사가 알려주는 기적의 식단 혁명,3,식사법,11
9791141606862,저속노화 식사법 :노년내과 의사가 알려주는 기적의 식단 혁명,3,노화,9
9791141606862,저속노화 식사법 :노년내과 의사가 알려주는 기적의 식단 혁명,3,정식,9
9791141606862,저속노화 식사법 :노년내과 의사가 알려주는 기적의 식단 혁명,3,조절,7
9791141606862,저속노화 식사법 :노년내과 의사가 알려주는 기적의 식단 혁명,3,유 퀴즈 온 더 블럭,6
9791141606862,저속노화 식사법 :노년내과 의사가 알려주는 기적의 식단 혁명,3,Part,6
9791141606862,저속노화 식사법 :노년내과 의사가 알려주는 기적의 식단 혁명,3,어쩌다 어른,6
9791141606862,저속노화 식사법 :노년내과 의사가 알려주는 기적의 식단 혁명,3,섭취,6
9791141606862,저속노화 식사법 :노년내과 의사가 알려주는 기적의 식단 혁명,3,식단,6
9791141606862,저속노화 식사법 :노년내과 의사가 알려주는 기적의 식단 혁명,3,시작,5
9791141606862,저속노화 식사법 :노년내과 의사가 알려주는 기적의 식단 혁명,3,탄수화물,5
9791141606862,저속노화 식사법 :노년내과 의사가 알려주는 기적의 식단 혁명,3,치매,5
9791141606862,저속노화 식사법 :노년내과 의사가 알려주는 기적의 식단 혁명,3,한번,5
9791141606862,저속노화 식사법 :노년내과 의사가 알려주는 기적의 식단 혁명,3,지방,5
9791141606862,저속노화 식사법 :노년내과 의사가 알려주는 기적의 식단 혁명,3,가지,5
9791141606862,저속노화 식사법 :노년내과 의사가 알려주는 기적의 식단 혁명,3,단백질,5
9791141606862,저속노화 식사법 :노년내과 의사가 알려주는 기적의 식단 혁명,3,예방,5
9791141606862,저속노화 식사법 :노년내과 의사가 알려주는 기적의 식단 혁명,3,노년내과,4
9791141606862,저속노화 식사법 :노년내과 의사가 알려주는 기적의 식단 혁명,3,영양제,4
9791141606862,저속노화 식사법 :노년내과 의사가 알려주는 기적의 식단 혁명,3,감소,4
9791141606862,저속노화 식사법 :노년내과 의사가 알려주는 기적의 식단 혁명,3,MIND,4
9791141606862,저속노화 식사법 :노년내과 의사가 알려주는 기적의 식단 혁명,3,저속노화식,4
9791141606862,저속노화 식사법 :노년내과 의사가 알려주는 기적의 식단 혁명,3,만성질환,3
9791141606862,저속노화 식사법 :노년내과 의사가 알려주는 기적의 식단 혁명,3,지속가능한 나이듦,3
9791141606862,저속노화 식사법 :노년내과 의사가 알려주는 기적의 식단 혁명,3,실천,3
9791141606862,저속노화 식사법 :노년내과 의사가 알려주는 기적의 식단 혁명,3,집중력,3
9791141606862,저속노화 식사법 :노년내과 의사가 알려주는 기적의 식단 혁명,3,생로병사의 비밀,3
9791141606862,저속노화 식사법 :노년내과 의사가 알려주는 기적의 식단 혁명,3,정희원,3
9791141606862,저속노화 식사법 :노년내과 의사가 알려주는 기적의 식단 혁명,3,체중,3
9791141606862,저속노화 식사법 :노년내과 의사가 알려주는 기적의 식단 혁명,3,지중해식,3
9791141606862,저속노화 식사법 :노년내과 의사가 알려주는 기적의 식단 혁명,3,변화,3
9791141606862,저속노화 식사법 :노년내과 의사가 알려주는 기적의 식단 혁명,3,속도,3
9791141606862,저속노화 식사법 :노년내과 의사가 알려주는 기적의 식단 혁명,3,식욕,3
9791141606862,저속노화 식사법 :노년내과 의사가 알려주는 기적의 식단 혁명,3,가속노화,3
9791141606862,저속노화 식사법 :노년내과 의사가 알려주는 기적의 식단 혁명,3,테이스트북스,3
9791141606862,저속노화 식사법 :노년내과 의사가 알려주는 기적의 식단 혁명,3,콩류,3
9791141606862,저속노화 식사법 :노년내과 의사가 알려주는 기적의 식단 혁명,3,개선,3
9791141606862,저속노화 식사법 :노년내과 의사가 알려주는 기적의 식단 혁명,3,가능,3
9791141606862,저속노화 식사법 :노년내과 의사가 알려주는 기적의 식단 혁명,3,핵심,3
9791141606862,저속노화 식사법 :노년내과 의사가 알려주는 기적의 식단 혁명,3,고혈압,3
9791141606862,저속노화 식사법 :노년내과 의사가 알려주는 기적의 식단 혁명,3,느리게 나이 드는 습관,3
9791141606862,저속노화 식사법 :노년내과 의사가 알려주는 기적의 식단 혁명,3,의사,3
9791141606862,저속노화 식사법 :노년내과 의사가 알려주는 기적의 식단 혁명,3,저속노화 식사법,3
9791141606862,저속노화 식사법 :노년내과 의사가 알려주는 기적의 식단 혁명,3,옥탑방의 문제아들,3
9791141606862,저속노화 식사법 :노년내과 의사가 알려주는 기적의 식단 혁명,3,실천법,2
9791141606862,저속노화 식사법 :노년내과 의사가 알려주는 기적의 식단 혁명,3,악순환,2
9791141606862,저속노화 식사법 :노년내과 의사가 알려주는 기적의 식단 혁명,3,예방 관리,2
9791193904671,"돈의 방정식 :돈을 지위와 성공의 기준, 그 이상으로 다루기 위한 21가지 이야기",3,돈의 심리학,18
9791193904671,"돈의 방정식 :돈을 지위와 성공의 기준, 그 이상으로 다루기 위한 21가지 이야기",3,돈의 방정식,9
9791193904671,"돈의 방정식 :돈을 지위와 성공의 기준, 그 이상으로 다루기 위한 21가지 이야기",3,금융,8
9791193904671,"돈의 방정식 :돈을 지위와 성공의 기준, 그 이상으로 다루기 위한 21가지 이야기",3,모건,6
9791193904671,"돈의 방정식 :돈을 지위와 성공의 기준, 그 이상으로 다루기 위한 21가지 이야기",3,이유,6
9791193904671,"돈의 방정식 :돈을 지위와 성공의 기준, 그 이상으로 다루기 위한 21가지 이야기",3,하우절,5
9791193904671,"돈의 방정식 :돈을 지위와 성공의 기준, 그 이상으로 다루기 위한 21가지 이야기",3,투자,5
9791193904671,"돈의 방정식 :돈을 지위와 성공의 기준, 그 이상으로 다루기 위한 21가지 이야기",3,목표,5
9791193904671,"돈의 방정식 :돈을 지위와 성공의 기준, 그 이상으로 다루기 위한 21가지 이야기",3,행복,4
9791193904671,"돈의 방정식 :돈을 지위와 성공의 기준, 그 이상으로 다루기 위한 21가지 이야기",3,개인,4
9791193904671,"돈의 방정식 :돈을 지위와 성공의 기준, 그 이상으로 다루기 위한 21가지 이야기",3,소유,4
9791193904671,"돈의 방정식 :돈을 지위와 성공의 기준, 그 이상으로 다루기 위한 21가지 이야기",3,세계,4
9791193904671,"돈의 방정식 :돈을 지위와 성공의 기준, 그 이상으로 다루기 위한 21가지 이야기",3,숫자,4
9791193904671,"돈의 방정식 :돈을 지위와 성공의 기준, 그 이상으로 다루기 위한 21가지 이야기",3,뉴욕타임스,4
9791193904671,"돈의 방정식 :돈을 지위와 성공의 기준, 그 이상으로 다루기 위한 21가지 이야기",3,분야,4
9791193904671,"돈의 방정식 :돈을 지위와 성공의 기준, 그 이상으로 다루기 위한 21가지 이야기",3,월스트리트저널,4
9791193904671,"돈의 방정식 :돈을 지위와 성공의 기준, 그 이상으로 다루기 위한 21가지 이야기",3,신작,4
9791193904671,"돈의 방정식 :돈을 지위와 성공의 기준, 그 이상으로 다루기 위한 21가지 이야기",3,이번,3
9791193904671,"돈의 방정식 :돈을 지위와 성공의 기준, 그 이상으로 다루기 위한 21가지 이야기",3,죽음,3
9791193904671,"돈의 방정식 :돈을 지위와 성공의 기준, 그 이상으로 다루기 위한 21가지 이야기",3,과정,3
9791193904671,"돈의 방정식 :돈을 지위와 성공의 기준, 그 이상으로 다루기 위한 21가지 이야기",3,비즈니스,3
9791193904671,"돈의 방정식 :돈을 지위와 성공의 기준, 그 이상으로 다루기 위한 21가지 이야기",3,결승점,3
9791193904671,"돈의 방정식 :돈을 지위와 성공의 기준, 그 이상으로 다루기 위한 21가지 이야기",3,베스트셀러,3
9791193904671,"돈의 방정식 :돈을 지위와 성공의 기준, 그 이상으로 다루기 위한 21가지 이야기",3,조언,3
9791193904671,"돈의 방정식 :돈을 지위와 성공의 기준, 그 이상으로 다루기 위한 21가지 이야기",3,불변의 법칙,3
9791193904671,"돈의 방정식 :돈을 지위와 성공의 기준, 그 이상으로 다루기 위한 21가지 이야기",3,호텔,3
9791193904671,"돈의 방정식 :돈을 지위와 성공의 기준, 그 이상으로 다루기 위한 21가지 이야기",3,독립,3
9791193904671,"돈의 방정식 :돈을 지위와 성공의 기준, 그 이상으로 다루기 위한 21가지 이야기",3,Award,3
9791193904671,"돈의 방정식 :돈을 지위와 성공의 기준, 그 이상으로 다루기 위한 21가지 이야기",3,요트경주,3
9791193904671,"돈의 방정식 :돈을 지위와 성공의 기준, 그 이상으로 다루기 위한 21가지 이야기",3,미국,3
9791193904671,"돈의 방정식 :돈을 지위와 성공의 기준, 그 이상으로 다루기 위한 21가지 이야기",3,서삼독,2
9791193904671,"돈의 방정식 :돈을 지위와 성공의 기준, 그 이상으로 다루기 위한 21가지 이야기",3,방법,2
9791193904671,"돈의 방정식 :돈을 지위와 성공의 기준, 그 이상으로 다루기 위한 21가지 이야기",3,그다음,2
9791193904671,"돈의 방정식 :돈을 지위와 성공의 기준, 그 이상으로 다루기 위한 21가지 이야기",3,사소,2
9791193904671,"돈의 방정식 :돈을 지위와 성공의 기준, 그 이상으로 다루기 위한 21가지 이야기",3,가문,2
9791193904671,"돈의 방정식 :돈을 지위와 성공의 기준, 그 이상으로 다루기 위한 21가지 이야기",3,부자,2
9791193904671,"돈의 방정식 :돈을 지위와 성공의 기준, 그 이상으로 다루기 위한 21가지 이야기",3,기자,2
9791193904671,"돈의 방정식 :돈을 지위와 성공의 기준, 그 이상으로 다루기 위한 21가지 이야기",3,비용,2
9791193904671,"돈의 방정식 :돈을 지위와 성공의 기준, 그 이상으로 다루기 위한 21가지 이야기",3,비결,2
9791193904671,"돈의 방정식 :돈을 지위와 성공의 기준, 그 이상으로 다루기 위한 21가지 이야기",3,발휘,2
9791193904671,"돈의 방정식 :돈을 지위와 성공의 기준, 그 이상으로 다루기 위한 21가지 이야기",3,빈곤,2
9791193904671,"돈의 방정식 :돈을 지위와 성공의 기준, 그 이상으로 다루기 위한 21가지 이야기",3,관계,2
9791193904671,"돈의 방정식 :돈을 지위와 성공의 기준, 그 이상으로 다루기 위한 21가지 이야기",3,사람,2
9791193904671,"돈의 방정식 :돈을 지위와 성공의 기준, 그 이상으로 다루기 위한 21가지 이야기",3,5성급,2
9791193904671,"돈의 방정식 :돈을 지위와 성공의 기준, 그 이상으로 다루기 위한 21가지 이야기",3,블로그,2
9791193904671,"돈의 방정식 :돈을 지위와 성공의 기준, 그 이상으로 다루기 위한 21가지 이야기",3,밴더빌트,2
9791193904671,"돈의 방정식 :돈을 지위와 성공의 기준, 그 이상으로 다루기 위한 21가지 이야기",3,뭐지,2
9791193904671,"돈의 방정식 :돈을 지위와 성공의 기준, 그 이상으로 다루기 위한 21가지 이야기",3,감정,2
9791193904671,"돈의 방정식 :돈을 지위와 성공의 기준, 그 이상으로 다루기 위한 21가지 이야기",3,모건 하우절,2
9791193904671,"돈의 방정식 :돈을 지위와 성공의 기준, 그 이상으로 다루기 위한 21가지 이야기",3,박영준,2
9791192579504,바다가 들리는 편의점,3,편의점,10
9791192579504,바다가 들리는 편의점,3,바다가 들리는 편의점,6
9791192579504,바다가 들리는 편의점,3,할아버지,3
9791192579504,바다가 들리는 편의점,3,별을 길어 올리다,3
9791192579504,바다가 들리는 편의점,3,서점대상,3
9791192579504,바다가 들리는 편의점,3,직원,3
9791192579504,바다가 들리는 편의점,3,카메룬의 푸른 물고기,3
9791192579504,바다가 들리는 편의점,3,기타큐슈,3
9791192579504,바다가 들리는 편의점,3,인기,3
9791192579504,바다가 들리는 편의점,3,당신은 여기에 없어도,3
9791192579504,바다가 들리는 편의점,3,모지항,3
9791192579504,바다가 들리는 편의점,3,바다가 들리는 편의점2,3
9791192579504,바다가 들리는 편의점,3,52헤르츠 고래들,3
9791192579504,바다가 들리는 편의점,3,우쓰쿠시가오카의 불행한 집,3
9791192579504,바다가 들리는 편의점,3,오늘,3
9791192579504,바다가 들리는 편의점,3,수염,2
9791192579504,바다가 들리는 편의점,3,손님,2
9791192579504,바다가 들리는 편의점,3,무대,2
9791192579504,바다가 들리는 편의점,3,소노코,2
9791192579504,바다가 들리는 편의점,3,미쓰리는,2
9791192579504,바다가 들리는 편의점,3,사소,2
9791192579504,바다가 들리는 편의점,3,마치다 소노코,2
9791192579504,바다가 들리는 편의점,3,조용,2
9791192579504,바다가 들리는 편의점,3,시끌벅적,2
9791192579504,바다가 들리는 편의점,3,미소,2
9791192579504,바다가 들리는 편의점,3,모모,2
9791192579504,바다가 들리는 편의점,3,일본,2
9791192579504,바다가 들리는 편의점,3,자리,2
9791192579504,바다가 들리는 편의점,3,여자,2
9791192579504,바다가 들리는 편의점,3,몸짓,2
9791192579504,바다가 들리는 편의점,3,멜빵바지,2
9791192579504,바다가 들리는 편의점,3,빨간색,2
9791192579504,바다가 들리는 편의점,3,덥수룩,2
9791192579504,바다가 들리는 편의점,3,2021년,2
9791192579504,바다가 들리는 편의점,3,시리즈,2
9791192579504,바다가 들리는 편의점,3,반짝,2
9791192579504,바다가 들리는 편의점,3,감동,2
9791192579504,바다가 들리는 편의점,3,아르바이트생,2
9791192579504,바다가 들리는 편의점,3,고개,2
9791192579504,바다가 들리는 편의점,3,자처,2
9791192579504,바다가 들리는 편의점,3,텐더니스,2
9791192579504,바다가 들리는 편의점,3,표정,2
9791192579504,바다가 들리는 편의점,3,파트타임,2
9791192579504,바다가 들리는 편의점,3,여성,2
9791192579504,바다가 들리는 편의점,3,제집,2
9791192579504,바다가 들리는 편의점,3,남자,2
9791192579504,바다가 들리는 편의점,3,꽃미남,2
9791192579504,바다가 들리는 편의점,3,그럴,2
9791192579504,바다가 들리는 편의점,3,수상,2
9791192579504,바다가 들리는 편의점,3,1950년대 이후 일본소설,2
9788954677158,긴긴밤,3,긴긴밤,13
9788954677158,긴긴밤,3,마지막,8
9788954677158,긴긴밤,3,문학동네어린이문학상,6
9788954677158,긴긴밤,3,코뿔소,6
9788954677158,긴긴밤,3,제21회,5
9788954677158,긴긴밤,3,대상,4
9788954677158,긴긴밤,3,코끼리,3
9788954677158,긴긴밤,3,바다,3
9788954677158,긴긴밤,3,수상작,3
9788954677158,긴긴밤,3,펭귄,3
9788954677158,긴긴밤,3,세상,3
9788954677158,긴긴밤,3,5번 레인,3
9788954677158,긴긴밤,3,문학동네,2
9788954677158,긴긴밤,3,흰바위코뿔소,2
9788954677158,긴긴밤,3,소중,2
9788954677158,긴긴밤,3,존재,2
9788954677158,긴긴밤,3,황금도깨비상,2
9788954677158,긴긴밤,3,생명,2
9788954677158,긴긴밤,3,치쿠,2
9788954677158,긴긴밤,3,부탁,2
9788954677158,긴긴밤,3,사랑,2
9788954677158,긴긴밤,3,무게,2
9788954677158,긴긴밤,3,2020년,2
9788954677158,긴긴밤,3,오른쪽,2
9788954677158,긴긴밤,3,국내창작동화,2
9788954677158,긴긴밤,3,다리,2
9788954677158,긴긴밤,3,영혼,2
9788954677158,긴긴밤,3,루리,2
9788954677158,긴긴밤,3,연대,2
9788954677158,긴긴밤,3,감당,2
9788954677158,긴긴밤,3,친구,2
9788954677158,긴긴밤,3,시작,1
9788954677158,긴긴밤,3,심사평,1
9788954677158,긴긴밤,3,아내,1
9788954677158,긴긴밤,3,아동문학평론가,1
9788954677158,긴긴밤,3,안전,1
9788954677158,긴긴밤,3,압도적,1
9788954677158,긴긴밤,3,앙가부가,1
9788954677158,긴긴밤,3,엄숙,1
9788954677158,긴긴밤,3,엉망,1
9788954677158,긴긴밤,3,모습,1
9788954677158,긴긴밤,3,과정,1
9788954677158,긴긴밤,3,멸종,1
9788954677158,긴긴밤,3,머리,1
9788954677158,긴긴밤,3,미술,1
9788954677158,긴긴밤,3,발끝,1
9788954677158,긴긴밤,3,발로,1
9788954677158,긴긴밤,3,부문,1
9788954677158,긴긴밤,3,깊이,1
9788954677158,긴긴밤,3,기적,1
9791196893118,설민석의 세계사 대모험,3,세계사,11
9791196893118,설민석의 세계사 대모험,3,램프,6
9791196893118,설민석의 세계사 대모험,3,설민석의 세계사 대모험,6
9791196893118,설민석의 세계사 대모험,3,세계,6
9791196893118,설민석의 세계사 대모험,3,원정대,5
9791196893118,설민석의 세계사 대모험,3,리더,3
9791196893118,설민석의 세계사 대모험,3,로마,3
9791196893118,설민석의 세계사 대모험,3,설민석,3
9791196893118,설민석의 세계사 대모험,3,구성,3
9791196893118,설민석의 세계사 대모험,3,이현세 세계사 넓게 보기,3
9791196893118,설민석의 세계사 대모험,3,다양,3
9791196893118,설민석의 세계사 대모험,3,만화,3
9791196893118,설민석의 세계사 대모험,3,경험,3
9791196893118,설민석의 세계사 대모험,3,사건,3
9791196893118,설민석의 세계사 대모험,3,만화로 보는 북유럽 신화,3
9791196893118,설민석의 세계사 대모험,3,역사,3
9791196893118,설민석의 세계사 대모험,3,이탈리아,3
9791196893118,설민석의 세계사 대모험,3,생생,3
9791196893118,설민석의 세계사 대모험,3,데이지,2
9791196893118,설민석의 세계사 대모험,3,시리즈,2
9791196893118,설민석의 세계사 대모험,3,박성일,2
9791196893118,설민석의 세계사 대모험,3,탐험,2
9791196893118,설민석의 세계사 대모험,3,문화,2
9791196893118,설민석의 세계사 대모험,3,어린이,2
9791196893118,설민석의 세계사 대모험,3,덕목,2
9791196893118,설민석의 세계사 대모험,3,시간,2
9791196893118,설민석의 세계사 대모험,3,튼튼,2
9791196893118,설민석의 세계사 대모험,3,여행,2
9791196893118,설민석의 세계사 대모험,3,설쌤,2
9791196893118,설민석의 세계사 대모험,3,시작,2
9791196893118,설민석의 세계사 대모험,3,약재,2
9791196893118,설민석의 세계사 대모험,3,단꿈아이,2
9791196893118,설민석의 세계사 대모험,3,알라딘,2
9791196893118,설민석의 세계사 대모험,3,2화,1
9791196893118,설민석의 세계사 대모험,3,비밀,1
9791196893118,설민석의 세계사 대모험,3,사람,1
9791196893118,설민석의 세계사 대모험,3,가족,1
9791196893118,설민석의 세계사 대모험,3,배우,1
9791196893118,설민석의 세계사 대모험,3,사실,1
9791196893118,설민석의 세계사 대모험,3,상대,1
9791196893118,설민석의 세계사 대모험,3,4화,1
9791196893118,설민석의 세계사 대모험,3,대마법사,1
9791196893118,설민석의 세계사 대모험,3,대상,1
9791196893118,설민석의 세계사 대모험,3,대성,1
9791196893118,설민석의 세계사 대모험,3,눈썹,1
9791196893118,설민석의 세계사 대모험,3,답안,1
9791196893118,설민석의 세계사 대모험,3,확장,1
9791196893118,설민석의 세계사 대모험,3,공정,1
9791196893118,설민석의 세계사 대모험,3,공부,1
9791196893118,설민석의 세계사 대모험,3,고대,1
9791158682798,(읽으면서 바로 써먹는) 어린이 세계 여행,3,세계,7
9791158682798,(읽으면서 바로 써먹는) 어린이 세계 여행,3,대한민국,4
9791158682798,(읽으면서 바로 써먹는) 어린이 세계 여행,3,나라,4
9791158682798,(읽으면서 바로 써먹는) 어린이 세계 여행,3,아시아,4
9791158682798,(읽으면서 바로 써먹는) 어린이 세계 여행,3,지구,3
9791158682798,(읽으면서 바로 써먹는) 어린이 세계 여행,3,대륙,3
9791158682798,(읽으면서 바로 써먹는) 어린이 세계 여행,3,스리랑카,2
9791158682798,(읽으면서 바로 써먹는) 어린이 세계 여행,3,사우디아라비아,2
9791158682798,(읽으면서 바로 써먹는) 어린이 세계 여행,3,브라질,2
9791158682798,(읽으면서 바로 써먹는) 어린이 세계 여행,3,베트남,2
9791158682798,(읽으면서 바로 써먹는) 어린이 세계 여행,3,네팔,2
9791158682798,(읽으면서 바로 써먹는) 어린이 세계 여행,3,아메리카,2
9791158682798,(읽으면서 바로 써먹는) 어린이 세계 여행,3,대양,2
9791158682798,(읽으면서 바로 써먹는) 어린이 세계 여행,3,멕시코,2
9791158682798,(읽으면서 바로 써먹는) 어린이 세계 여행,3,말레이시아,2
9791158682798,(읽으면서 바로 써먹는) 어린이 세계 여행,3,레바논,2
9791158682798,(읽으면서 바로 써먹는) 어린이 세계 여행,3,한날,2
9791158682798,(읽으면서 바로 써먹는) 어린이 세계 여행,3,태평양,2
9791158682798,(읽으면서 바로 써먹는) 어린이 세계 여행,3,캐릭터,2
9791158682798,(읽으면서 바로 써먹는) 어린이 세계 여행,3,인생다반사,2
9791158682798,(읽으면서 바로 써먹는) 어린이 세계 여행,3,육대주,2
9791158682798,(읽으면서 바로 써먹는) 어린이 세계 여행,3,유럽,2
9791158682798,(읽으면서 바로 써먹는) 어린이 세계 여행,3,베네수엘라,2
9791158682798,(읽으면서 바로 써먹는) 어린이 세계 여행,3,몽골,2
9791158682798,(읽으면서 바로 써먹는) 어린이 세계 여행,3,과테말라,2
9791158682798,(읽으면서 바로 써먹는) 어린이 세계 여행,3,아프리카,2
9791158682798,(읽으면서 바로 써먹는) 어린이 세계 여행,3,방글라데시,2
9791158682798,(읽으면서 바로 써먹는) 어린이 세계 여행,3,30개국,2
9791158682798,(읽으면서 바로 써먹는) 어린이 세계 여행,3,배우,2
9791158682798,(읽으면서 바로 써먹는) 어린이 세계 여행,3,볼리비아,2
9791158682798,(읽으면서 바로 써먹는) 어린이 세계 여행,3,세계사,2
9791158682798,(읽으면서 바로 써먹는) 어린이 세계 여행,3,기준,2
9791158682798,(읽으면서 바로 써먹는) 어린이 세계 여행,3,미얀마,2
9791158682798,(읽으면서 바로 써먹는) 어린이 세계 여행,3,오세아니아,2
9791158682798,(읽으면서 바로 써먹는) 어린이 세계 여행,3,17개국,2
9791158682798,(읽으면서 바로 써먹는) 어린이 세계 여행,3,파란정원,2
9791158682798,(읽으면서 바로 써먹는) 어린이 세계 여행,3,미국,2
9791158682798,(읽으면서 바로 써먹는) 어린이 세계 여행,3,정보,2
9791158682798,(읽으면서 바로 써먹는) 어린이 세계 여행,3,활동,1
9791158682798,(읽으면서 바로 써먹는) 어린이 세계 여행,3,루마니아,1
9791158682798,(읽으면서 바로 써먹는) 어린이 세계 여행,3,마다가스카르,1
9791158682798,(읽으면서 바로 써먹는) 어린이 세계 여행,3,구성,1
9791158682798,(읽으면서 바로 써먹는) 어린이 세계 여행,3,남수단,1
9791158682798,(읽으면서 바로 써먹는) 어린이 세계 여행,3,남아프리카,1
9791158682798,(읽으면서 바로 써먹는) 어린이 세계 여행,3,넓이,1
9791158682798,(읽으면서 바로 써먹는) 어린이 세계 여행,3,네덜란드,1
9791158682798,(읽으면서 바로 써먹는) 어린이 세계 여행,3,노르웨이,1
9791158682798,(읽으면서 바로 써먹는) 어린이 세계 여행,3,남아메리카,1
9791158682798,(읽으면서 바로 써먹는) 어린이 세계 여행,3,국토,1
9791158682798,(읽으면서 바로 써먹는) 어린이 세계 여행,3,국기,1
9791168342941,박곰희 연금 부자 수업 :4개의 통장으로 월 300만원 만들기,3,연금,31
9791168342941,박곰희 연금 부자 수업 :4개의 통장으로 월 300만원 만들기,3,노후,19
9791168342941,박곰희 연금 부자 수업 :4개의 통장으로 월 300만원 만들기,3,투자,16
9791168342941,박곰희 연금 부자 수업 :4개의 통장으로 월 300만원 만들기,3,준비,13
9791168342941,박곰희 연금 부자 수업 :4개의 통장으로 월 300만원 만들기,3,박곰희 연금 부자 수업,12
9791168342941,박곰희 연금 부자 수업 :4개의 통장으로 월 300만원 만들기,3,Chapter,11
9791168342941,박곰희 연금 부자 수업 :4개의 통장으로 월 300만원 만들기,3,평생,9
9791168342941,박곰희 연금 부자 수업 :4개의 통장으로 월 300만원 만들기,3,통장,9
9791168342941,박곰희 연금 부자 수업 :4개의 통장으로 월 300만원 만들기,3,박곰희,9
9791168342941,박곰희 연금 부자 수업 :4개의 통장으로 월 300만원 만들기,3,박곰희 투자법,9
9791168342941,박곰희 연금 부자 수업 :4개의 통장으로 월 300만원 만들기,3,시작,7
9791168342941,박곰희 연금 부자 수업 :4개의 통장으로 월 300만원 만들기,3,부자,6
9791168342941,박곰희 연금 부자 수업 :4개의 통장으로 월 300만원 만들기,3,절세,6
9791168342941,박곰희 연금 부자 수업 :4개의 통장으로 월 300만원 만들기,3,3억,6
9791168342941,박곰희 연금 부자 수업 :4개의 통장으로 월 300만원 만들기,3,Part,6
9791168342941,박곰희 연금 부자 수업 :4개의 통장으로 월 300만원 만들기,3,비밀,6
9791168342941,박곰희 연금 부자 수업 :4개의 통장으로 월 300만원 만들기,3,얼마,5
9791168342941,박곰희 연금 부자 수업 :4개의 통장으로 월 300만원 만들기,3,ETF,5
9791168342941,박곰희 연금 부자 수업 :4개의 통장으로 월 300만원 만들기,3,TV,5
9791168342941,박곰희 연금 부자 수업 :4개의 통장으로 월 300만원 만들기,3,마르지,5
9791168342941,박곰희 연금 부자 수업 :4개의 통장으로 월 300만원 만들기,3,전략,5
9791168342941,박곰희 연금 부자 수업 :4개의 통장으로 월 300만원 만들기,3,수령,4
9791168342941,박곰희 연금 부자 수업 :4개의 통장으로 월 300만원 만들기,3,포트폴리오,4
9791168342941,박곰희 연금 부자 수업 :4개의 통장으로 월 300만원 만들기,3,현실적,4
9791168342941,박곰희 연금 부자 수업 :4개의 통장으로 월 300만원 만들기,3,월급,4
9791168342941,박곰희 연금 부자 수업 :4개의 통장으로 월 300만원 만들기,3,자산,4
9791168342941,박곰희 연금 부자 수업 :4개의 통장으로 월 300만원 만들기,3,55세,4
9791168342941,박곰희 연금 부자 수업 :4개의 통장으로 월 300만원 만들기,3,방법,4
9791168342941,박곰희 연금 부자 수업 :4개의 통장으로 월 300만원 만들기,3,월배당,4
9791168342941,박곰희 연금 부자 수업 :4개의 통장으로 월 300만원 만들기,3,투자금,4
9791168342941,박곰희 연금 부자 수업 :4개의 통장으로 월 300만원 만들기,3,시나리오,4
9791168342941,박곰희 연금 부자 수업 :4개의 통장으로 월 300만원 만들기,3,수익,3
9791168342941,박곰희 연금 부자 수업 :4개의 통장으로 월 300만원 만들기,3,은퇴,3
9791168342941,박곰희 연금 부자 수업 :4개의 통장으로 월 300만원 만들기,3,노벨재단,3
9791168342941,박곰희 연금 부자 수업 :4개의 통장으로 월 300만원 만들기,3,목표,3
9791168342941,박곰희 연금 부자 수업 :4개의 통장으로 월 300만원 만들기,3,계좌,3
9791168342941,박곰희 연금 부자 수업 :4개의 통장으로 월 300만원 만들기,3,유튜버,3
9791168342941,박곰희 연금 부자 수업 :4개의 통장으로 월 300만원 만들기,3,인출,3
9791168342941,박곰희 연금 부자 수업 :4개의 통장으로 월 300만원 만들기,3,가능,3
9791168342941,박곰희 연금 부자 수업 :4개의 통장으로 월 300만원 만들기,3,노벨상,3
9791168342941,박곰희 연금 부자 수업 :4개의 통장으로 월 300만원 만들기,3,안전,3
9791168342941,박곰희 연금 부자 수업 :4개의 통장으로 월 300만원 만들기,3,연금저축,3
9791168342941,박곰희 연금 부자 수업 :4개의 통장으로 월 300만원 만들기,3,50대,3
9791168342941,박곰희 연금 부자 수업 :4개의 통장으로 월 300만원 만들기,3,로드맵,3
9791168342941,박곰희 연금 부자 수업 :4개의 통장으로 월 300만원 만들기,3,5억,3
9791168342941,박곰희 연금 부자 수업 :4개의 통장으로 월 300만원 만들기,3,베스트셀러,3
9791168342941,박곰희 연금 부자 수업 :4개의 통장으로 월 300만원 만들기,3,평범,3
9791168342941,박곰희 연금 부자 수업 :4개의 통장으로 월 300만원 만들기,3,세팅,3
9791168342941,박곰희 연금 부자 수업 :4개의 통장으로 월 300만원 만들기,3,금융,3
9791168342941,박곰희 연금 부자 수업 :4개의 통장으로 월 300만원 만들기,3,생활,3
9791198621405,어차피 남들은 나에게 관심 없다 :쇼펜하우어의 인간관계 철학,3,쇼펜하우어,19
9791198621405,어차피 남들은 나에게 관심 없다 :쇼펜하우어의 인간관계 철학,3,사람,12
9791198621405,어차피 남들은 나에게 관심 없다 :쇼펜하우어의 인간관계 철학,3,고통,9
9791198621405,어차피 남들은 나에게 관심 없다 :쇼펜하우어의 인간관계 철학,3,관계,8
9791198621405,어차피 남들은 나에게 관심 없다 :쇼펜하우어의 인간관계 철학,3,인간관계,7
9791198621405,어차피 남들은 나에게 관심 없다 :쇼펜하우어의 인간관계 철학,3,인생,7
9791198621405,어차피 남들은 나에게 관심 없다 :쇼펜하우어의 인간관계 철학,3,철학,5
9791198621405,어차피 남들은 나에게 관심 없다 :쇼펜하우어의 인간관계 철학,3,자기,5
9791198621405,어차피 남들은 나에게 관심 없다 :쇼펜하우어의 인간관계 철학,3,행복,5
9791198621405,어차피 남들은 나에게 관심 없다 :쇼펜하우어의 인간관계 철학,3,질투,4
9791198621405,어차피 남들은 나에게 관심 없다 :쇼펜하우어의 인간관계 철학,3,타인,4
9791198621405,어차피 남들은 나에게 관심 없다 :쇼펜하우어의 인간관계 철학,3,지혜,4
9791198621405,어차피 남들은 나에게 관심 없다 :쇼펜하우어의 인간관계 철학,3,강산,3
9791198621405,어차피 남들은 나에게 관심 없다 :쇼펜하우어의 인간관계 철학,3,아이,3
9791198621405,어차피 남들은 나에게 관심 없다 :쇼펜하우어의 인간관계 철학,3,누구,3
9791198621405,어차피 남들은 나에게 관심 없다 :쇼펜하우어의 인간관계 철학,3,손톱달의 비밀,3
9791198621405,어차피 남들은 나에게 관심 없다 :쇼펜하우어의 인간관계 철학,3,관심,3
9791198621405,어차피 남들은 나에게 관심 없다 :쇼펜하우어의 인간관계 철학,3,자신,3
9791198621405,어차피 남들은 나에게 관심 없다 :쇼펜하우어의 인간관계 철학,3,화가,3
9791198621405,어차피 남들은 나에게 관심 없다 :쇼펜하우어의 인간관계 철학,3,교양 인문학,2
9791198621405,어차피 남들은 나에게 관심 없다 :쇼펜하우어의 인간관계 철학,3,복수심,2
9791198621405,어차피 남들은 나에게 관심 없다 :쇼펜하우어의 인간관계 철학,3,개인전,2
9791198621405,어차피 남들은 나에게 관심 없다 :쇼펜하우어의 인간관계 철학,3,불행,2
9791198621405,어차피 남들은 나에게 관심 없다 :쇼펜하우어의 인간관계 철학,3,시간,2
9791198621405,어차피 남들은 나에게 관심 없다 :쇼펜하우어의 인간관계 철학,3,알토북스,2
9791198621405,어차피 남들은 나에게 관심 없다 :쇼펜하우어의 인간관계 철학,3,열등의식,2
9791198621405,어차피 남들은 나에게 관심 없다 :쇼펜하우어의 인간관계 철학,3,의지,2
9791198621405,어차피 남들은 나에게 관심 없다 :쇼펜하우어의 인간관계 철학,3,당연,2
9791198621405,어차피 남들은 나에게 관심 없다 :쇼펜하우어의 인간관계 철학,3,대상,2
9791198621405,어차피 남들은 나에게 관심 없다 :쇼펜하우어의 인간관계 철학,3,과거,2
9791198621405,어차피 남들은 나에게 관심 없다 :쇼펜하우어의 인간관계 철학,3,공황장애,2
9791198621405,어차피 남들은 나에게 관심 없다 :쇼펜하우어의 인간관계 철학,3,제2장,2
9791198621405,어차피 남들은 나에게 관심 없다 :쇼펜하우어의 인간관계 철학,3,가능,2
9791198621405,어차피 남들은 나에게 관심 없다 :쇼펜하우어의 인간관계 철학,3,prologue,2
9791198621405,어차피 남들은 나에게 관심 없다 :쇼펜하우어의 인간관계 철학,3,예술대전,2
9791198621405,어차피 남들은 나에게 관심 없다 :쇼펜하우어의 인간관계 철학,3,보이,2
9791198621405,어차피 남들은 나에게 관심 없다 :쇼펜하우어의 인간관계 철학,3,매정,2
9791198621405,어차피 남들은 나에게 관심 없다 :쇼펜하우어의 인간관계 철학,3,제1장,2
9791198621405,어차피 남들은 나에게 관심 없다 :쇼펜하우어의 인간관계 철학,3,세상,2
9791198621405,어차피 남들은 나에게 관심 없다 :쇼펜하우어의 인간관계 철학,3,미르,2
9791198621405,어차피 남들은 나에게 관심 없다 :쇼펜하우어의 인간관계 철학,3,보육원,2
9791198621405,어차피 남들은 나에게 관심 없다 :쇼펜하우어의 인간관계 철학,3,강사,2
9791198621405,어차피 남들은 나에게 관심 없다 :쇼펜하우어의 인간관계 철학,3,공공,2
9791198621405,어차피 남들은 나에게 관심 없다 :쇼펜하우어의 인간관계 철학,3,제3장,2
9791198621405,어차피 남들은 나에게 관심 없다 :쇼펜하우어의 인간관계 철학,3,저울,2
9791198621405,어차피 남들은 나에게 관심 없다 :쇼펜하우어의 인간관계 철학,3,인정,2
9791198621405,어차피 남들은 나에게 관심 없다 :쇼펜하우어의 인간관계 철학,3,결국,2
9791198621405,어차피 남들은 나에게 관심 없다 :쇼펜하우어의 인간관계 철학,3,이기적,2
9791198621405,어차피 남들은 나에게 관심 없다 :쇼펜하우어의 인간관계 철학,3,오늘,2
9791198621405,어차피 남들은 나에게 관심 없다 :쇼펜하우어의 인간관계 철학,3,19세기,2
9791167742063,"경험의 멸종 :기술이 경험을 대체하는 시대, 인간은 계속 인간일 수 있을까",3,경험,21
9791167742063,"경험의 멸종 :기술이 경험을 대체하는 시대, 인간은 계속 인간일 수 있을까",3,인간,13
9791167742063,"경험의 멸종 :기술이 경험을 대체하는 시대, 인간은 계속 인간일 수 있을까",3,기술,11
9791167742063,"경험의 멸종 :기술이 경험을 대체하는 시대, 인간은 계속 인간일 수 있을까",3,대체,9
9791167742063,"경험의 멸종 :기술이 경험을 대체하는 시대, 인간은 계속 인간일 수 있을까",3,소멸,7
9791167742063,"경험의 멸종 :기술이 경험을 대체하는 시대, 인간은 계속 인간일 수 있을까",3,쾌락,6
9791167742063,"경험의 멸종 :기술이 경험을 대체하는 시대, 인간은 계속 인간일 수 있을까",3,에스콰이어,6
9791167742063,"경험의 멸종 :기술이 경험을 대체하는 시대, 인간은 계속 인간일 수 있을까",3,가디언,6
9791167742063,"경험의 멸종 :기술이 경험을 대체하는 시대, 인간은 계속 인간일 수 있을까",3,감각,5
9791167742063,"경험의 멸종 :기술이 경험을 대체하는 시대, 인간은 계속 인간일 수 있을까",3,사람,5
9791167742063,"경험의 멸종 :기술이 경험을 대체하는 시대, 인간은 계속 인간일 수 있을까",3,대면,5
9791167742063,"경험의 멸종 :기술이 경험을 대체하는 시대, 인간은 계속 인간일 수 있을까",3,상호작용,5
9791167742063,"경험의 멸종 :기술이 경험을 대체하는 시대, 인간은 계속 인간일 수 있을까",3,소통,5
9791167742063,"경험의 멸종 :기술이 경험을 대체하는 시대, 인간은 계속 인간일 수 있을까",3,문화,4
9791167742063,"경험의 멸종 :기술이 경험을 대체하는 시대, 인간은 계속 인간일 수 있을까",3,존재,4
9791167742063,"경험의 멸종 :기술이 경험을 대체하는 시대, 인간은 계속 인간일 수 있을까",3,지루,4
9791167742063,"경험의 멸종 :기술이 경험을 대체하는 시대, 인간은 계속 인간일 수 있을까",3,자신,4
9791167742063,"경험의 멸종 :기술이 경험을 대체하는 시대, 인간은 계속 인간일 수 있을까",3,매개,4
9791167742063,"경험의 멸종 :기술이 경험을 대체하는 시대, 인간은 계속 인간일 수 있을까",3,일상,4
9791167742063,"경험의 멸종 :기술이 경험을 대체하는 시대, 인간은 계속 인간일 수 있을까",3,감정,4
9791167742063,"경험의 멸종 :기술이 경험을 대체하는 시대, 인간은 계속 인간일 수 있을까",3,디지털,4
9791167742063,"경험의 멸종 :기술이 경험을 대체하는 시대, 인간은 계속 인간일 수 있을까",3,사회,3
9791167742063,"경험의 멸종 :기술이 경험을 대체하는 시대, 인간은 계속 인간일 수 있을까",3,시대,3
9791167742063,"경험의 멸종 :기술이 경험을 대체하는 시대, 인간은 계속 인간일 수 있을까",3,로젠,3
9791167742063,"경험의 멸종 :기술이 경험을 대체하는 시대, 인간은 계속 인간일 수 있을까",3,순간,3
9791167742063,"경험의 멸종 :기술이 경험을 대체하는 시대, 인간은 계속 인간일 수 있을까",3,워싱턴 포스트,3
9791167742063,"경험의 멸종 :기술이 경험을 대체하는 시대, 인간은 계속 인간일 수 있을까",3,월스트리트 저널,3
9791167742063,"경험의 멸종 :기술이 경험을 대체하는 시대, 인간은 계속 인간일 수 있을까",3,뉴욕타임스,3
9791167742063,"경험의 멸종 :기술이 경험을 대체하는 시대, 인간은 계속 인간일 수 있을까",3,코멘터리,3
9791167742063,"경험의 멸종 :기술이 경험을 대체하는 시대, 인간은 계속 인간일 수 있을까",3,멸종,3
9791167742063,"경험의 멸종 :기술이 경험을 대체하는 시대, 인간은 계속 인간일 수 있을까",3,위기,3
9791167742063,"경험의 멸종 :기술이 경험을 대체하는 시대, 인간은 계속 인간일 수 있을까",3,뉴 아틀란티스,3
9791167742063,"경험의 멸종 :기술이 경험을 대체하는 시대, 인간은 계속 인간일 수 있을까",3,불안 세대,3
9791167742063,"경험의 멸종 :기술이 경험을 대체하는 시대, 인간은 계속 인간일 수 있을까",3,경험의 멸종,3
9791167742063,"경험의 멸종 :기술이 경험을 대체하는 시대, 인간은 계속 인간일 수 있을까",3,내부,2
9791167742063,"경험의 멸종 :기술이 경험을 대체하는 시대, 인간은 계속 인간일 수 있을까",3,날씨,2
9791167742063,"경험의 멸종 :기술이 경험을 대체하는 시대, 인간은 계속 인간일 수 있을까",3,나비,2
9791167742063,"경험의 멸종 :기술이 경험을 대체하는 시대, 인간은 계속 인간일 수 있을까",3,도래,2
9791167742063,"경험의 멸종 :기술이 경험을 대체하는 시대, 인간은 계속 인간일 수 있을까",3,내리막,2
9791167742063,"경험의 멸종 :기술이 경험을 대체하는 시대, 인간은 계속 인간일 수 있을까",3,마케팅,2
9791167742063,"경험의 멸종 :기술이 경험을 대체하는 시대, 인간은 계속 인간일 수 있을까",3,10대들,2
9791167742063,"경험의 멸종 :기술이 경험을 대체하는 시대, 인간은 계속 인간일 수 있을까",3,1장,2
9791167742063,"경험의 멸종 :기술이 경험을 대체하는 시대, 인간은 계속 인간일 수 있을까",3,3장,2
9791167742063,"경험의 멸종 :기술이 경험을 대체하는 시대, 인간은 계속 인간일 수 있을까",3,디즈니월드,2
9791167742063,"경험의 멸종 :기술이 경험을 대체하는 시대, 인간은 계속 인간일 수 있을까",3,GPT,2
9791167742063,"경험의 멸종 :기술이 경험을 대체하는 시대, 인간은 계속 인간일 수 있을까",3,경계,2
9791167742063,"경험의 멸종 :기술이 경험을 대체하는 시대, 인간은 계속 인간일 수 있을까",3,경기,2
9791167742063,"경험의 멸종 :기술이 경험을 대체하는 시대, 인간은 계속 인간일 수 있을까",3,4장,2
9791167742063,"경험의 멸종 :기술이 경험을 대체하는 시대, 인간은 계속 인간일 수 있을까",3,공간,2
9791167742063,"경험의 멸종 :기술이 경험을 대체하는 시대, 인간은 계속 인간일 수 있을까",3,공공성,2
9791168417199,흔한남매,3,흔한남매,14
9791168417199,흔한남매,3,으뜸,8
9791168417199,흔한남매,3,웃음,8
9791168417199,흔한남매,3,실험,6
9791168417199,흔한남매,3,놀러,6
9791168417199,흔한남매,3,씁아저씨,6
9791168417199,흔한남매,3,과학,6
9791168417199,흔한남매,3,흔한남매네,6
9791168417199,흔한남매,3,우당탕탕,5
9791168417199,흔한남매,3,유튜브,5
9791168417199,흔한남매,3,인기,4
9791168417199,흔한남매,3,언니,4
9791168417199,흔한남매,3,솔로,4
9791168417199,흔한남매,3,화장실,4
9791168417199,흔한남매,3,크리에이터,4
9791168417199,흔한남매,3,대결,4
9791168417199,흔한남매,3,박사,4
9791168417199,흔한남매,3,수가,4
9791168417199,흔한남매,3,학원,3
9791168417199,흔한남매,3,사랑,3
9791168417199,흔한남매,3,일상,3
9791168417199,흔한남매,3,방송,3
9791168417199,흔한남매,3,어린이,3
9791168417199,흔한남매,3,공포,3
9791168417199,흔한남매,3,안내,3
9791168417199,흔한남매,3,주기,3
9791168417199,흔한남매,3,숨은그림찾기,2
9791168417199,흔한남매,3,사람,2
9791168417199,흔한남매,3,사이,2
9791168417199,흔한남매,3,비밀,2
9791168417199,흔한남매,3,알쏭달쏭,2
9791168417199,흔한남매,3,미래엔아이세움,2
9791168417199,흔한남매,3,미로,2
9791168417199,흔한남매,3,07화,2
9791168417199,흔한남매,3,백난도,2
9791168417199,흔한남매,3,공감,2
9791168417199,흔한남매,3,03화,2
9791168417199,흔한남매,3,05화,2
9791168417199,흔한남매,3,06화,2
9791168417199,흔한남매,3,흔한컴퍼니  감수,2
9791168417199,흔한남매,3,1탄,2
9791168417199,흔한남매,3,2탄,2
9791168417199,흔한남매,3,33억,2
9791168417199,흔한남매,3,심리,2
9791168417199,흔한남매,3,구독자,2
9791168417199,흔한남매,3,그림,2
9791168417199,흔한남매,3,기발,2
9791168417199,흔한남매,3,꼬불꼬불,2
9791168417199,흔한남매,3,남매,2
9791168417199,흔한남매,3,누적,2
9791168413078,(흔한남매) 수수께끼 어드벤처 :수수께끼로 배우는 교과 지식,3,수수께끼,26
9791168413078,(흔한남매) 수수께끼 어드벤처 :수수께끼로 배우는 교과 지식,3,교과,15
9791168413078,(흔한남매) 수수께끼 어드벤처 :수수께끼로 배우는 교과 지식,3,지식,15
9791168413078,(흔한남매) 수수께끼 어드벤처 :수수께끼로 배우는 교과 지식,3,흔한남매,13
9791168413078,(흔한남매) 수수께끼 어드벤처 :수수께끼로 배우는 교과 지식,3,바다,7
9791168413078,(흔한남매) 수수께끼 어드벤처 :수수께끼로 배우는 교과 지식,3,크리에이터,5
9791168413078,(흔한남매) 수수께끼 어드벤처 :수수께끼로 배우는 교과 지식,3,웃음,5
9791168413078,(흔한남매) 수수께끼 어드벤처 :수수께끼로 배우는 교과 지식,3,유튜브,5
9791168413078,(흔한남매) 수수께끼 어드벤처 :수수께끼로 배우는 교과 지식,3,해적선,5
9791168413078,(흔한남매) 수수께끼 어드벤처 :수수께끼로 배우는 교과 지식,3,똑똑,4
9791168413078,(흔한남매) 수수께끼 어드벤처 :수수께끼로 배우는 교과 지식,3,수상,4
9791168413078,(흔한남매) 수수께끼 어드벤처 :수수께끼로 배우는 교과 지식,3,어드벤처,4
9791168413078,(흔한남매) 수수께끼 어드벤처 :수수께끼로 배우는 교과 지식,3,놀이공원,4
9791168413078,(흔한남매) 수수께끼 어드벤처 :수수께끼로 배우는 교과 지식,3,인기,3
9791168413078,(흔한남매) 수수께끼 어드벤처 :수수께끼로 배우는 교과 지식,3,만화,3
9791168413078,(흔한남매) 수수께끼 어드벤처 :수수께끼로 배우는 교과 지식,3,탈출,3
9791168413078,(흔한남매) 수수께끼 어드벤처 :수수께끼로 배우는 교과 지식,3,배우,3
9791168413078,(흔한남매) 수수께끼 어드벤처 :수수께끼로 배우는 교과 지식,3,흔한남매 수수께끼 어드벤처,3
9791168413078,(흔한남매) 수수께끼 어드벤처 :수수께끼로 배우는 교과 지식,3,학습,3
9791168413078,(흔한남매) 수수께끼 어드벤처 :수수께끼로 배우는 교과 지식,3,흔한컴퍼니,3
9791168413078,(흔한남매) 수수께끼 어드벤처 :수수께끼로 배우는 교과 지식,3,기구,3
9791168413078,(흔한남매) 수수께끼 어드벤처 :수수께끼로 배우는 교과 지식,3,놀이,3
9791168413078,(흔한남매) 수수께끼 어드벤처 :수수께끼로 배우는 교과 지식,3,제1화,2
9791168413078,(흔한남매) 수수께끼 어드벤처 :수수께끼로 배우는 교과 지식,3,습격,2
9791168413078,(흔한남매) 수수께끼 어드벤처 :수수께끼로 배우는 교과 지식,3,추억,2
9791168413078,(흔한남매) 수수께끼 어드벤처 :수수께끼로 배우는 교과 지식,3,바닷속,2
9791168413078,(흔한남매) 수수께끼 어드벤처 :수수께끼로 배우는 교과 지식,3,사람,2
9791168413078,(흔한남매) 수수께끼 어드벤처 :수수께끼로 배우는 교과 지식,3,사랑,2
9791168413078,(흔한남매) 수수께끼 어드벤처 :수수께끼로 배우는 교과 지식,3,생물,2
9791168413078,(흔한남매) 수수께끼 어드벤처 :수수께끼로 배우는 교과 지식,3,수가,2
9791168413078,(흔한남매) 수수께끼 어드벤처 :수수께끼로 배우는 교과 지식,3,제4화,2
9791168413078,(흔한남매) 수수께끼 어드벤처 :수수께끼로 배우는 교과 지식,3,소금,2
9791168413078,(흔한남매) 수수께끼 어드벤처 :수수께끼로 배우는 교과 지식,3,선실,2
9791168413078,(흔한남매) 수수께끼 어드벤처 :수수께끼로 배우는 교과 지식,3,밀물,2
9791168413078,(흔한남매) 수수께끼 어드벤처 :수수께끼로 배우는 교과 지식,3,연계,2
9791168413078,(흔한남매) 수수께끼 어드벤처 :수수께끼로 배우는 교과 지식,3,갯벌,2
9791168413078,(흔한남매) 수수께끼 어드벤처 :수수께끼로 배우는 교과 지식,3,곳곳,2
9791168413078,(흔한남매) 수수께끼 어드벤처 :수수께끼로 배우는 교과 지식,3,교통수단,2
9791168413078,(흔한남매) 수수께끼 어드벤처 :수수께끼로 배우는 교과 지식,3,제2화,2
9791168413078,(흔한남매) 수수께끼 어드벤처 :수수께끼로 배우는 교과 지식,3,제5화,2
9791168413078,(흔한남매) 수수께끼 어드벤처 :수수께끼로 배우는 교과 지식,3,공간,2
9791168413078,(흔한남매) 수수께끼 어드벤처 :수수께끼로 배우는 교과 지식,3,코미디,2
9791168413078,(흔한남매) 수수께끼 어드벤처 :수수께끼로 배우는 교과 지식,3,정재형  감수,2
9791168413078,(흔한남매) 수수께끼 어드벤처 :수수께끼로 배우는 교과 지식,3,도니패밀리,2
9791168413078,(흔한남매) 수수께끼 어드벤처 :수수께끼로 배우는 교과 지식,3,만화 일반,2
9791168413078,(흔한남매) 수수께끼 어드벤처 :수수께끼로 배우는 교과 지식,3,목적지,2
9791168413078,(흔한남매) 수수께끼 어드벤처 :수수께끼로 배우는 교과 지식,3,문어,2
9791168413078,(흔한남매) 수수께끼 어드벤처 :수수께끼로 배우는 교과 지식,3,물결,2
9791168413078,(흔한남매) 수수께끼 어드벤처 :수수께끼로 배우는 교과 지식,3,물질,2
9791168413078,(흔한남매) 수수께끼 어드벤처 :수수께끼로 배우는 교과 지식,3,으뜸이와,2
9791158883591,부자 아빠 가난한 아빠 :20주년 특별 기념판,3,부자,26
9791158883591,부자 아빠 가난한 아빠 :20주년 특별 기념판,3,투자,13
9791158883591,부자 아빠 가난한 아빠 :20주년 특별 기념판,3,금융,13
9791158883591,부자 아빠 가난한 아빠 :20주년 특별 기념판,3,부자 아빠 가난한 아빠 1,12
9791158883591,부자 아빠 가난한 아빠 :20주년 특별 기념판,3,20년,11
9791158883591,부자 아빠 가난한 아빠 :20주년 특별 기념판,3,아빠,10
9791158883591,부자 아빠 가난한 아빠 :20주년 특별 기념판,3,Session,10
9791158883591,부자 아빠 가난한 아빠 :20주년 특별 기념판,3,Study,10
9791158883591,부자 아빠 가난한 아빠 :20주년 특별 기념판,3,사람,10
9791158883591,부자 아빠 가난한 아빠 :20주년 특별 기념판,3,가난,10
9791158883591,부자 아빠 가난한 아빠 :20주년 특별 기념판,3,교훈,10
9791158883591,부자 아빠 가난한 아빠 :20주년 특별 기념판,3,내용,9
9791158883591,부자 아빠 가난한 아빠 :20주년 특별 기념판,3,부자 아빠 가난한 아빠,9
9791158883591,부자 아빠 가난한 아빠 :20주년 특별 기념판,3,Chapter,9
9791158883591,부자 아빠 가난한 아빠 :20주년 특별 기념판,3,아버지,9
9791158883591,부자 아빠 가난한 아빠 :20주년 특별 기념판,3,세계,8
9791158883591,부자 아빠 가난한 아빠 :20주년 특별 기념판,3,자산,7
9791158883591,부자 아빠 가난한 아빠 :20주년 특별 기념판,3,변화,6
9791158883591,부자 아빠 가난한 아빠 :20주년 특별 기념판,3,오늘,6
9791158883591,부자 아빠 가난한 아빠 :20주년 특별 기념판,3,분량,5
9791158883591,부자 아빠 가난한 아빠 :20주년 특별 기념판,3,10가지,5
9791158883591,부자 아빠 가난한 아빠 :20주년 특별 기념판,3,시장,5
9791158883591,부자 아빠 가난한 아빠 :20주년 특별 기념판,3,추가,5
9791158883591,부자 아빠 가난한 아빠 :20주년 특별 기념판,3,부채,5
9791158883591,부자 아빠 가난한 아빠 :20주년 특별 기념판,3,교육,5
9791158883591,부자 아빠 가난한 아빠 :20주년 특별 기념판,3,500매,5
9791158883591,부자 아빠 가난한 아빠 :20주년 특별 기념판,3,기술,4
9791158883591,부자 아빠 가난한 아빠 :20주년 특별 기념판,3,실천,4
9791158883591,부자 아빠 가난한 아빠 :20주년 특별 기념판,3,세월,4
9791158883591,부자 아빠 가난한 아빠 :20주년 특별 기념판,3,토론,4
9791158883591,부자 아빠 가난한 아빠 :20주년 특별 기념판,3,정보,4
9791158883591,부자 아빠 가난한 아빠 :20주년 특별 기념판,3,재테크 투자 일반,4
9791158883591,부자 아빠 가난한 아빠 :20주년 특별 기념판,3,독자,4
9791158883591,부자 아빠 가난한 아빠 :20주년 특별 기념판,3,세금,4
9791158883591,부자 아빠 가난한 아빠 :20주년 특별 기념판,3,스터디세션,4
9791158883591,부자 아빠 가난한 아빠 :20주년 특별 기념판,3,기존,4
9791158883591,부자 아빠 가난한 아빠 :20주년 특별 기념판,3,20년간,4
9791158883591,부자 아빠 가난한 아빠 :20주년 특별 기념판,3,민음,3
9791158883591,부자 아빠 가난한 아빠 :20주년 특별 기념판,3,오늘날,3
9791158883591,부자 아빠 가난한 아빠 :20주년 특별 기념판,3,사고방식,3
9791158883591,부자 아빠 가난한 아빠 :20주년 특별 기념판,3,시리즈,3
9791158883591,부자 아빠 가난한 아빠 :20주년 특별 기념판,3,국내,3
9791158883591,부자 아빠 가난한 아빠 :20주년 특별 기념판,3,발견,3
9791158883591,부자 아빠 가난한 아빠 :20주년 특별 기념판,3,에디션,3
9791158883591,부자 아빠 가난한 아빠 :20주년 특별 기념판,3,래리 킹 라이브,3
9791158883591,부자 아빠 가난한 아빠 :20주년 특별 기념판,3,USA  투데이,3
9791158883591,부자 아빠 가난한 아빠 :20주년 특별 기념판,3,업그레이드,3
9791158883591,부자 아빠 가난한 아빠 :20주년 특별 기념판,3,다양,3
9791158883591,부자 아빠 가난한 아빠 :20주년 특별 기념판,3,상식,3
9791158883591,부자 아빠 가난한 아빠 :20주년 특별 기념판,3,분야,3
9791164135592,흔한남매,3,흔한남매,11
9791164135592,흔한남매,3,웃음,10
9791164135592,흔한남매,3,흔한남매 5,6
9791164135592,흔한남매,3,유튜브,6
9791164135592,흔한남매,3,인기,4
9791164135592,흔한남매,3,크리에이터,4
9791164135592,흔한남매,3,수가,4
9791164135592,흔한남매,3,남매,4
9791164135592,흔한남매,3,스토리,3
9791164135592,흔한남매,3,방법,3
9791164135592,흔한남매,3,일상,3
9791164135592,흔한남매,3,으뜸이와,3
9791164135592,흔한남매,3,어린이,3
9791164135592,흔한남매,3,효도,3
9791164135592,흔한남매,3,사랑,3
9791164135592,흔한남매,3,공감,3
9791164135592,흔한남매,3,만화,2
9791164135592,흔한남매,3,에이미,2
9791164135592,흔한남매,3,만화 일반,2
9791164135592,흔한남매,3,대작전,2
9791164135592,흔한남매,3,모기,2
9791164135592,흔한남매,3,재밌,2
9791164135592,흔한남매,3,사이,2
9791164135592,흔한남매,3,사람,2
9791164135592,흔한남매,3,추억,2
9791164135592,흔한남매,3,불청객,2
9791164135592,흔한남매,3,상황극,2
9791164135592,흔한남매,3,유쾌,2
9791164135592,흔한남매,3,미래엔,2
9791164135592,흔한남매,3,순수,2
9791164135592,흔한남매,3,선사,2
9791164135592,흔한남매,3,파크,2
9791164135592,흔한남매,3,코믹,2
9791164135592,흔한남매,3,유난희,2
9791164135592,흔한남매,3,에피소드,2
9791164135592,흔한남매,3,코미디,2
9791164135592,흔한남매,3,워터,2
9791164135592,흔한남매,3,소속,2
9791164135592,흔한남매,3,12억,2
9791164135592,흔한남매,3,순돌이,2
9791164135592,흔한남매,3,영상,2
9791164135592,흔한남매,3,누적,2
9791164135592,흔한남매,3,흔한컴퍼니,2
9791164135592,흔한남매,3,현실적,2
9791164135592,흔한남매,3,콩트,2
9791164135592,흔한남매,3,구독자,2
9791164135592,흔한남매,3,조회,2
9791164135592,흔한남매,3,유머러스,2
9791164135592,흔한남매,3,우애,2
9791164135592,흔한남매,3,SBS,1
9791168414471,흔한남매,3,흔한남매,15
9791168414471,흔한남매,3,웃음,7
9791168414471,흔한남매,3,공감,6
9791168414471,흔한남매,3,으뜸,6
9791168414471,흔한남매,3,방학,6
9791168414471,흔한남매,3,유튜브,5
9791168414471,흔한남매,3,일상,5
9791168414471,흔한남매,3,인기,4
9791168414471,흔한남매,3,공포,4
9791168414471,흔한남매,3,채널,4
9791168414471,흔한남매,3,떡볶이,4
9791168414471,흔한남매,3,생일,4
9791168414471,흔한남매,3,개성,4
9791168414471,흔한남매,3,만점,4
9791168414471,흔한남매,3,안내,4
9791168414471,흔한남매,3,버스,4
9791168414471,흔한남매,3,방송,4
9791168414471,흔한남매,3,수가,4
9791168414471,흔한남매,3,최악,4
9791168414471,흔한남매,3,크리에이터,4
9791168414471,흔한남매,3,파티,4
9791168414471,흔한남매,3,흔한남매 12,3
9791168414471,흔한남매,3,비밀,3
9791168414471,흔한남매,3,선물,3
9791168414471,흔한남매,3,엄지,3
9791168414471,흔한남매,3,사랑,3
9791168414471,흔한남매,3,현실,3
9791168414471,흔한남매,3,상상,3
9791168414471,흔한남매,3,누적,2
9791168414471,흔한남매,3,흔한컴퍼니  감수,2
9791168414471,흔한남매,3,미로,2
9791168414471,흔한남매,3,06화,2
9791168414471,흔한남매,3,05화,2
9791168414471,흔한남매,3,07화,2
9791168414471,흔한남매,3,03화,2
9791168414471,흔한남매,3,뷔페,2
9791168414471,흔한남매,3,숨은그림찾기,2
9791168414471,흔한남매,3,사람,2
9791168414471,흔한남매,3,소속,2
9791168414471,흔한남매,3,27억,2
9791168414471,흔한남매,3,시크릿,2
9791168414471,흔한남매,3,대작전,2
9791168414471,흔한남매,3,남매,2
9791168414471,흔한남매,3,데이지,2
9791168414471,흔한남매,3,꼬불꼬불,2
9791168414471,흔한남매,3,금손,2
9791168414471,흔한남매,3,그림,2
9791168414471,흔한남매,3,구독자,2
9791168414471,흔한남매,3,심리,2
9791168414471,흔한남매,3,슬픔,2
9791162544327,렛뎀 이론 :인생이 '나'로 충만해지는 내버려두기의 기술,3,인생,16
9791162544327,렛뎀 이론 :인생이 '나'로 충만해지는 내버려두기의 기술,3,타인,7
9791162544327,렛뎀 이론 :인생이 '나'로 충만해지는 내버려두기의 기술,3,이론,7
9791162544327,렛뎀 이론 :인생이 '나'로 충만해지는 내버려두기의 기술,3,로빈스,6
9791162544327,렛뎀 이론 :인생이 '나'로 충만해지는 내버려두기의 기술,3,스트레스,5
9791162544327,렛뎀 이론 :인생이 '나'로 충만해지는 내버려두기의 기술,3,낭비,5
9791162544327,렛뎀 이론 :인생이 '나'로 충만해지는 내버려두기의 기술,3,감정,4
9791162544327,렛뎀 이론 :인생이 '나'로 충만해지는 내버려두기의 기술,3,기술,4
9791162544327,렛뎀 이론 :인생이 '나'로 충만해지는 내버려두기의 기술,3,행동,4
9791162544327,렛뎀 이론 :인생이 '나'로 충만해지는 내버려두기의 기술,3,관리,4
9791162544327,렛뎀 이론 :인생이 '나'로 충만해지는 내버려두기의 기술,3,비교,3
9791162544327,렛뎀 이론 :인생이 '나'로 충만해지는 내버려두기의 기술,3,극복,3
9791162544327,렛뎀 이론 :인생이 '나'로 충만해지는 내버려두기의 기술,3,뉴욕 타임스,3
9791162544327,렛뎀 이론 :인생이 '나'로 충만해지는 내버려두기의 기술,3,인간관계,3
9791162544327,렛뎀 이론 :인생이 '나'로 충만해지는 내버려두기의 기술,3,베스트셀러,3
9791162544327,렛뎀 이론 :인생이 '나'로 충만해지는 내버려두기의 기술,3,행복,3
9791162544327,렛뎀 이론 :인생이 '나'로 충만해지는 내버려두기의 기술,3,멜 로빈스 팟캐스트,3
9791162544327,렛뎀 이론 :인생이 '나'로 충만해지는 내버려두기의 기술,3,통제,3
9791162544327,렛뎀 이론 :인생이 '나'로 충만해지는 내버려두기의 기술,3,교육,3
9791162544327,렛뎀 이론 :인생이 '나'로 충만해지는 내버려두기의 기술,3,자기,3
9791162544327,렛뎀 이론 :인생이 '나'로 충만해지는 내버려두기의 기술,3,THEM,3
9791162544327,렛뎀 이론 :인생이 '나'로 충만해지는 내버려두기의 기술,3,1위,3
9791162544327,렛뎀 이론 :인생이 '나'로 충만해지는 내버려두기의 기술,3,일상,3
9791162544327,렛뎀 이론 :인생이 '나'로 충만해지는 내버려두기의 기술,3,생각,3
9791162544327,렛뎀 이론 :인생이 '나'로 충만해지는 내버려두기의 기술,3,평가,3
9791162544327,렛뎀 이론 :인생이 '나'로 충만해지는 내버려두기의 기술,3,LET,3
9791162544327,렛뎀 이론 :인생이 '나'로 충만해지는 내버려두기의 기술,3,기대,3
9791162544327,렛뎀 이론 :인생이 '나'로 충만해지는 내버려두기의 기술,3,에너지,3
9791162544327,렛뎀 이론 :인생이 '나'로 충만해지는 내버려두기의 기술,3,우정,3
9791162544327,렛뎀 이론 :인생이 '나'로 충만해지는 내버려두기의 기술,3,마음,3
9791162544327,렛뎀 이론 :인생이 '나'로 충만해지는 내버려두기의 기술,3,사람,3
9791162544327,렛뎀 이론 :인생이 '나'로 충만해지는 내버려두기의 기술,3,변화,2
9791162544327,렛뎀 이론 :인생이 '나'로 충만해지는 내버려두기의 기술,3,답답,2
9791162544327,렛뎀 이론 :인생이 '나'로 충만해지는 내버려두기의 기술,3,분야,2
9791162544327,렛뎀 이론 :인생이 '나'로 충만해지는 내버려두기의 기술,3,아마존,2
9791162544327,렛뎀 이론 :인생이 '나'로 충만해지는 내버려두기의 기술,3,대처,2
9791162544327,렛뎀 이론 :인생이 '나'로 충만해지는 내버려두기의 기술,3,성공학,2
9791162544327,렛뎀 이론 :인생이 '나'로 충만해지는 내버려두기의 기술,3,상대,2
9791162544327,렛뎀 이론 :인생이 '나'로 충만해지는 내버려두기의 기술,3,반응,2
9791162544327,렛뎀 이론 :인생이 '나'로 충만해지는 내버려두기의 기술,3,서론,2
9791162544327,렛뎀 이론 :인생이 '나'로 충만해지는 내버려두기의 기술,3,시간,2
9791162544327,렛뎀 이론 :인생이 '나'로 충만해지는 내버려두기의 기술,3,문제,2
9791162544327,렛뎀 이론 :인생이 '나'로 충만해지는 내버려두기의 기술,3,가지,2
9791162544327,렛뎀 이론 :인생이 '나'로 충만해지는 내버려두기의 기술,3,감정적,2
9791162544327,렛뎀 이론 :인생이 '나'로 충만해지는 내버려두기의 기술,3,강력,2
9791162544327,렛뎀 이론 :인생이 '나'로 충만해지는 내버려두기의 기술,3,신경,2
9791162544327,렛뎀 이론 :인생이 '나'로 충만해지는 내버려두기의 기술,3,것들,2
9791162544327,렛뎀 이론 :인생이 '나'로 충만해지는 내버려두기의 기술,3,영상,2
9791162544327,렛뎀 이론 :인생이 '나'로 충만해지는 내버려두기의 기술,3,영향력,2
9791162544327,렛뎀 이론 :인생이 '나'로 충만해지는 내버려두기의 기술,3,원래,2
9791168416314,흔한남매 이상한 나라의 고전 읽기,3,고전,12
9791168416314,흔한남매 이상한 나라의 고전 읽기,3,시리즈,8
9791168416314,흔한남매 이상한 나라의 고전 읽기,3,독서,7
9791168416314,흔한남매 이상한 나라의 고전 읽기,3,일기,6
9791168416314,흔한남매 이상한 나라의 고전 읽기,3,흔한남매,5
9791168416314,흔한남매 이상한 나라의 고전 읽기,3,Who,4
9791168416314,흔한남매 이상한 나라의 고전 읽기,3,Why,4
9791168416314,흔한남매 이상한 나라의 고전 읽기,3,에이미,4
9791168416314,흔한남매 이상한 나라의 고전 읽기,3,어린이,3
9791168416314,흔한남매 이상한 나라의 고전 읽기,3,상상력,2
9791168416314,흔한남매 이상한 나라의 고전 읽기,3,기존,2
9791168416314,흔한남매 이상한 나라의 고전 읽기,3,미래엔아이세움,2
9791168416314,흔한남매 이상한 나라의 고전 읽기,3,흔한컴퍼니  감수,2
9791168416314,흔한남매 이상한 나라의 고전 읽기,3,스토리,2
9791168416314,흔한남매 이상한 나라의 고전 읽기,3,아이,2
9791168416314,흔한남매 이상한 나라의 고전 읽기,3,주인공,2
9791168416314,흔한남매 이상한 나라의 고전 읽기,3,정주연,2
9791168416314,흔한남매 이상한 나라의 고전 읽기,3,영화,2
9791168416314,흔한남매 이상한 나라의 고전 읽기,3,학습,2
9791168416314,흔한남매 이상한 나라의 고전 읽기,3,최재훈,2
9791168416314,흔한남매 이상한 나라의 고전 읽기,3,어린이를 위한 고전,2
9791168416314,흔한남매 이상한 나라의 고전 읽기,3,아이들,2
9791168416314,흔한남매 이상한 나라의 고전 읽기,3,스님,1
9791168416314,흔한남매 이상한 나라의 고전 읽기,3,수록,1
9791168416314,흔한남매 이상한 나라의 고전 읽기,3,소리,1
9791168416314,흔한남매 이상한 나라의 고전 읽기,3,선조,1
9791168416314,흔한남매 이상한 나라의 고전 읽기,3,생소,1
9791168416314,흔한남매 이상한 나라의 고전 읽기,3,반읽기물,1
9791168416314,흔한남매 이상한 나라의 고전 읽기,3,보드게임,1
9791168416314,흔한남매 이상한 나라의 고전 읽기,3,사람,1
9791168416314,흔한남매 이상한 나라의 고전 읽기,3,상쾌,1
9791168416314,흔한남매 이상한 나라의 고전 읽기,3,시대,1
9791168416314,흔한남매 이상한 나라의 고전 읽기,3,상품,1
9791168416314,흔한남매 이상한 나라의 고전 읽기,3,구운몽,1
9791168416314,흔한남매 이상한 나라의 고전 읽기,3,LIVE,1
9791168416314,흔한남매 이상한 나라의 고전 읽기,3,가지,1
9791168416314,흔한남매 이상한 나라의 고전 읽기,3,가치,1
9791168416314,흔한남매 이상한 나라의 고전 읽기,3,강추,1
9791168416314,흔한남매 이상한 나라의 고전 읽기,3,거부감,1
9791168416314,흔한남매 이상한 나라의 고전 읽기,3,게임,1
9791168416314,흔한남매 이상한 나라의 고전 읽기,3,구성,1
9791168416314,흔한남매 이상한 나라의 고전 읽기,3,구운몽 금방울전 김원전,1
9791168416314,흔한남매 이상한 나라의 고전 읽기,3,금방울전,1
9791168416314,흔한남매 이상한 나라의 고전 읽기,3,김원전,1
9791168416314,흔한남매 이상한 나라의 고전 읽기,3,깊이,1
9791168416314,흔한남매 이상한 나라의 고전 읽기,3,내용,1
9791168416314,흔한남매 이상한 나라의 고전 읽기,3,다양,1
9791168416314,흔한남매 이상한 나라의 고전 읽기,3,대표작,1
9791168416314,흔한남매 이상한 나라의 고전 읽기,3,도전,1
9791168416314,흔한남매 이상한 나라의 고전 읽기,3,등장,1
9788934980254,흔한남매 과학 탐험대,3,과학,23
9788934980254,흔한남매 과학 탐험대,3,지구,17
9788934980254,흔한남매 과학 탐험대,3,교과서,16
9788934980254,흔한남매 과학 탐험대,3,에이미,13
9788934980254,흔한남매 과학 탐험대,3,플러스,13
9788934980254,흔한남매 과학 탐험대,3,흔한남매,9
9788934980254,흔한남매 과학 탐험대,3,놀이터,6
9788934980254,흔한남매 과학 탐험대,3,젤리,6
9788934980254,흔한남매 과학 탐험대,3,우주,5
9788934980254,흔한남매 과학 탐험대,3,모양,4
9788934980254,흔한남매 과학 탐험대,3,남매,4
9788934980254,흔한남매 과학 탐험대,3,내용,4
9788934980254,흔한남매 과학 탐험대,3,탐험,4
9788934980254,흔한남매 과학 탐험대,3,지진,4
9788934980254,흔한남매 과학 탐험대,3,정보,4
9788934980254,흔한남매 과학 탐험대,3,광물,4
9788934980254,흔한남매 과학 탐험대,3,하와이,4
9788934980254,흔한남매 과학 탐험대,3,화산,3
9788934980254,흔한남매 과학 탐험대,3,폭발,3
9788934980254,흔한남매 과학 탐험대,3,입문서,3
9788934980254,흔한남매 과학 탐험대,3,간식단,3
9788934980254,흔한남매 과학 탐험대,3,슈퍼,3
9788934980254,흔한남매 과학 탐험대,3,흔한남매 과학 탐험대,3
9788934980254,흔한남매 과학 탐험대,3,자전,3
9788934980254,흔한남매 과학 탐험대,3,초등,3
9788934980254,흔한남매 과학 탐험대,3,처음,3
9788934980254,흔한남매 과학 탐험대,3,이슈,2
9788934980254,흔한남매 과학 탐험대,3,백두산,2
9788934980254,흔한남매 과학 탐험대,3,우리나라,2
9788934980254,흔한남매 과학 탐험대,3,변성암,2
9788934980254,흔한남매 과학 탐험대,3,변하는,2
9788934980254,흔한남매 과학 탐험대,3,전문가,2
9788934980254,흔한남매 과학 탐험대,3,육지,2
9788934980254,흔한남매 과학 탐험대,3,사람,2
9788934980254,흔한남매 과학 탐험대,3,이동,2
9788934980254,흔한남매 과학 탐험대,3,비밀,2
9788934980254,흔한남매 과학 탐험대,3,여행,2
9788934980254,흔한남매 과학 탐험대,3,발견,2
9788934980254,흔한남매 과학 탐험대,3,웃음,2
9788934980254,흔한남매 과학 탐험대,3,작용,2
9788934980254,흔한남매 과학 탐험대,3,녹색,2
9788934980254,흔한남매 과학 탐험대,3,그림,2
9788934980254,흔한남매 과학 탐험대,3,정글,2
9788934980254,흔한남매 과학 탐험대,3,대기,2
9788934980254,흔한남매 과학 탐험대,3,운동,2
9788934980254,흔한남매 과학 탐험대,3,김영사,2
9788934980254,흔한남매 과학 탐험대,3,계절,2
9788934980254,흔한남매 과학 탐험대,3,역할,2
9788934980254,흔한남매 과학 탐험대,3,스티커,2
9788934980254,흔한남매 과학 탐험대,3,김덕영,2
9791164137176,(흔한남매) 별난 방탈출 :탈출 미션 스토리북,3,흔한남매,14
9791164137176,(흔한남매) 별난 방탈출 :탈출 미션 스토리북,3,흔한남매 별난 방탈출1,9
9791164137176,(흔한남매) 별난 방탈출 :탈출 미션 스토리북,3,방탈출 시리즈,6
9791164137176,(흔한남매) 별난 방탈출 :탈출 미션 스토리북,3,코믹,6
9791164137176,(흔한남매) 별난 방탈출 :탈출 미션 스토리북,3,콘텐츠,4
9791164137176,(흔한남매) 별난 방탈출 :탈출 미션 스토리북,3,탈출,4
9791164137176,(흔한남매) 별난 방탈출 :탈출 미션 스토리북,3,인기,4
9791164137176,(흔한남매) 별난 방탈출 :탈출 미션 스토리북,3,사랑,3
9791164137176,(흔한남매) 별난 방탈출 :탈출 미션 스토리북,3,퀴즈,3
9791164137176,(흔한남매) 별난 방탈출 :탈출 미션 스토리북,3,아이들,3
9791164137176,(흔한남매) 별난 방탈출 :탈출 미션 스토리북,3,쾌활,2
9791164137176,(흔한남매) 별난 방탈출 :탈출 미션 스토리북,3,에피소드,2
9791164137176,(흔한남매) 별난 방탈출 :탈출 미션 스토리북,3,신작,2
9791164137176,(흔한남매) 별난 방탈출 :탈출 미션 스토리북,3,시리즈,2
9791164137176,(흔한남매) 별난 방탈출 :탈출 미션 스토리북,3,역동적이,2
9791164137176,(흔한남매) 별난 방탈출 :탈출 미션 스토리북,3,현실적,2
9791164137176,(흔한남매) 별난 방탈출 :탈출 미션 스토리북,3,유튜버,2
9791164137176,(흔한남매) 별난 방탈출 :탈출 미션 스토리북,3,유튜브,2
9791164137176,(흔한남매) 별난 방탈출 :탈출 미션 스토리북,3,장면,2
9791164137176,(흔한남매) 별난 방탈출 :탈출 미션 스토리북,3,차차,2
9791164137176,(흔한남매) 별난 방탈출 :탈출 미션 스토리북,3,그림,2
9791164137176,(흔한남매) 별난 방탈출 :탈출 미션 스토리북,3,콘셉트,2
9791164137176,(흔한남매) 별난 방탈출 :탈출 미션 스토리북,3,스토리북,2
9791164137176,(흔한남매) 별난 방탈출 :탈출 미션 스토리북,3,상상력,2
9791164137176,(흔한남매) 별난 방탈출 :탈출 미션 스토리북,3,남매,2
9791164137176,(흔한남매) 별난 방탈출 :탈출 미션 스토리북,3,텍스트,2
9791164137176,(흔한남매) 별난 방탈출 :탈출 미션 스토리북,3,게임,2
9791164137176,(흔한남매) 별난 방탈출 :탈출 미션 스토리북,3,만화 일반,2
9791164137176,(흔한남매) 별난 방탈출 :탈출 미션 스토리북,3,미래엔,2
9791164137176,(흔한남매) 별난 방탈출 :탈출 미션 스토리북,3,미션,2
9791164137176,(흔한남매) 별난 방탈출 :탈출 미션 스토리북,3,핼러윈,2
9791164137176,(흔한남매) 별난 방탈출 :탈출 미션 스토리북,3,방탈출,2
9791164137176,(흔한남매) 별난 방탈출 :탈출 미션 스토리북,3,크리에이터,2
9791164137176,(흔한남매) 별난 방탈출 :탈출 미션 스토리북,3,비밀번호,2
9791164137176,(흔한남매) 별난 방탈출 :탈출 미션 스토리북,3,부담,2
9791164137176,(흔한남매) 별난 방탈출 :탈출 미션 스토리북,3,테스트,2
9791164137176,(흔한남매) 별난 방탈출 :탈출 미션 스토리북,3,간결,2
9791164137176,(흔한남매) 별난 방탈출 :탈출 미션 스토리북,3,추리력,1
9791164137176,(흔한남매) 별난 방탈출 :탈출 미션 스토리북,3,3화,1
9791164137176,(흔한남매) 별난 방탈출 :탈출 미션 스토리북,3,정답,1
9791164137176,(흔한남매) 별난 방탈출 :탈출 미션 스토리북,3,난센스,1
9791164137176,(흔한남매) 별난 방탈출 :탈출 미션 스토리북,3,작업,1
9791164137176,(흔한남매) 별난 방탈출 :탈출 미션 스토리북,3,스포츠,1
9791164137176,(흔한남매) 별난 방탈출 :탈출 미션 스토리북,3,보세,1
9791164137176,(흔한남매) 별난 방탈출 :탈출 미션 스토리북,3,악몽,1
9791164137176,(흔한남매) 별난 방탈출 :탈출 미션 스토리북,3,어린이,1
9791164137176,(흔한남매) 별난 방탈출 :탈출 미션 스토리북,3,유령,1
9791164137176,(흔한남매) 별난 방탈출 :탈출 미션 스토리북,3,동물,1
9791164137176,(흔한남매) 별난 방탈출 :탈출 미션 스토리북,3,다양,1
9791164137176,(흔한남매) 별난 방탈출 :탈출 미션 스토리북,3,자극,1
9791161571768,나의 돈키호테 :김호연 장편소설,3,불편한 편의점,18
9791161571768,나의 돈키호테 :김호연 장편소설,3,비디오,9
9791161571768,나의 돈키호테 :김호연 장편소설,3,불편한 편의점 2,9
9791161571768,나의 돈키호테 :김호연 장편소설,3,망원동 브라더스,9
9791161571768,나의 돈키호테 :김호연 장편소설,3,나의 돈키호테,9
9791161571768,나의 돈키호테 :김호연 장편소설,3,돈키호테,7
9791161571768,나의 돈키호테 :김호연 장편소설,3,독자,7
9791161571768,나의 돈키호테 :김호연 장편소설,3,가게,6
9791161571768,나의 돈키호테 :김호연 장편소설,3,이중간첩,6
9791161571768,나의 돈키호테 :김호연 장편소설,3,김호연,5
9791161571768,나의 돈키호테 :김호연 장편소설,3,동네,4
9791161571768,나의 돈키호테 :김호연 장편소설,3,아저씨,4
9791161571768,나의 돈키호테 :김호연 장편소설,3,한빈,4
9791161571768,나의 돈키호테 :김호연 장편소설,3,자리,4
9791161571768,나의 돈키호테 :김호연 장편소설,3,신작,4
9791161571768,나의 돈키호테 :김호연 장편소설,3,연적,3
9791161571768,나의 돈키호테 :김호연 장편소설,3,남한산성,3
9791161571768,나의 돈키호테 :김호연 장편소설,3,인기,3
9791161571768,나의 돈키호테 :김호연 장편소설,3,고스트라이터즈,3
9791161571768,나의 돈키호테 :김호연 장편소설,3,태양을 쏴라,3
9791161571768,나의 돈키호테 :김호연 장편소설,3,파우스터,3
9791161571768,나의 돈키호테 :김호연 장편소설,3,시나리오,3
9791161571768,나의 돈키호테 :김호연 장편소설,3,2024년,3
9791161571768,나의 돈키호테 :김호연 장편소설,3,김호연의 작업실,3
9791161571768,나의 돈키호테 :김호연 장편소설,3,2021년,3
9791161571768,나의 돈키호테 :김호연 장편소설,3,대전,3
9791161571768,나의 돈키호테 :김호연 장편소설,3,실험인간지대,3
9791161571768,나의 돈키호테 :김호연 장편소설,3,옛날,3
9791161571768,나의 돈키호테 :김호연 장편소설,3,2000년대 이후 한국소설,2
9791161571768,나의 돈키호테 :김호연 장편소설,3,세상,2
9791161571768,나의 돈키호테 :김호연 장편소설,3,수상,2
9791161571768,나의 돈키호테 :김호연 장편소설,3,관심,2
9791161571768,나의 돈키호테 :김호연 장편소설,3,세계문학상,2
9791161571768,나의 돈키호테 :김호연 장편소설,3,시리즈,2
9791161571768,나의 돈키호테 :김호연 장편소설,3,국민,2
9791161571768,나의 돈키호테 :김호연 장편소설,3,열렬,2
9791161571768,나의 돈키호테 :김호연 장편소설,3,영화,2
9791161571768,나의 돈키호테 :김호연 장편소설,3,베일,2
9791161571768,나의 돈키호테 :김호연 장편소설,3,모험,2
9791161571768,나의 돈키호테 :김호연 장편소설,3,2013년,2
9791161571768,나의 돈키호테 :김호연 장편소설,3,4월,2
9791161571768,나의 돈키호테 :김호연 장편소설,3,애독,2
9791161571768,나의 돈키호테 :김호연 장편소설,3,리뷰,2
9791161571768,나의 돈키호테 :김호연 장편소설,3,감동,2
9791161571768,나의 돈키호테 :김호연 장편소설,3,개의,2
9791161571768,나의 돈키호테 :김호연 장편소설,3,입소문,2
9791161571768,나의 돈키호테 :김호연 장편소설,3,위로,2
9791161571768,나의 돈키호테 :김호연 장편소설,3,힐링소설,2
9791161571768,나의 돈키호테 :김호연 장편소설,3,보장,2
9791161571768,나의 돈키호테 :김호연 장편소설,3,나무옆의자,2
9791168415409,흔한남매의 흔한 호기심 :일상에서 만나는 과학 상식,3,흔한남매의 흔한 호기심,12
9791168415409,흔한남매의 흔한 호기심 :일상에서 만나는 과학 상식,3,만화,11
9791168415409,흔한남매의 흔한 호기심 :일상에서 만나는 과학 상식,3,퀴즈,10
9791168415409,흔한남매의 흔한 호기심 :일상에서 만나는 과학 상식,3,사막,10
9791168415409,흔한남매의 흔한 호기심 :일상에서 만나는 과학 상식,3,흔한남매,9
9791168415409,흔한남매의 흔한 호기심 :일상에서 만나는 과학 상식,3,과학,7
9791168415409,흔한남매의 흔한 호기심 :일상에서 만나는 과학 상식,3,호기심,6
9791168415409,흔한남매의 흔한 호기심 :일상에서 만나는 과학 상식,3,특별 칭찬 상장,6
9791168415409,흔한남매의 흔한 호기심 :일상에서 만나는 과학 상식,3,정보,6
9791168415409,흔한남매의 흔한 호기심 :일상에서 만나는 과학 상식,3,학습,5
9791168415409,흔한남매의 흔한 호기심 :일상에서 만나는 과학 상식,3,몸풀기,4
9791168415409,흔한남매의 흔한 호기심 :일상에서 만나는 과학 상식,3,쓰레기,4
9791168415409,흔한남매의 흔한 호기심 :일상에서 만나는 과학 상식,3,시작,3
9791168415409,흔한남매의 흔한 호기심 :일상에서 만나는 과학 상식,3,환경,3
9791168415409,흔한남매의 흔한 호기심 :일상에서 만나는 과학 상식,3,레이튼 미스터리 탐정사무소,3
9791168415409,흔한남매의 흔한 호기심 :일상에서 만나는 과학 상식,3,방법,3
9791168415409,흔한남매의 흔한 호기심 :일상에서 만나는 과학 상식,3,바다,3
9791168415409,흔한남매의 흔한 호기심 :일상에서 만나는 과학 상식,3,안녕 나의 사춘기,3
9791168415409,흔한남매의 흔한 호기심 :일상에서 만나는 과학 상식,3,재사용될까,3
9791168415409,흔한남매의 흔한 호기심 :일상에서 만나는 과학 상식,3,흔한컴퍼니  감수,2
9791168415409,흔한남매의 흔한 호기심 :일상에서 만나는 과학 상식,3,바람,2
9791168415409,흔한남매의 흔한 호기심 :일상에서 만나는 과학 상식,3,데이트,2
9791168415409,흔한남매의 흔한 호기심 :일상에서 만나는 과학 상식,3,만들어질까,2
9791168415409,흔한남매의 흔한 호기심 :일상에서 만나는 과학 상식,3,비행기,2
9791168415409,흔한남매의 흔한 호기심 :일상에서 만나는 과학 상식,3,명의,2
9791168415409,흔한남매의 흔한 호기심 :일상에서 만나는 과학 상식,3,동시,2
9791168415409,흔한남매의 흔한 호기심 :일상에서 만나는 과학 상식,3,두근두근,2
9791168415409,흔한남매의 흔한 호기심 :일상에서 만나는 과학 상식,3,말랑말랑,2
9791168415409,흔한남매의 흔한 호기심 :일상에서 만나는 과학 상식,3,딱딱,2
9791168415409,흔한남매의 흔한 호기심 :일상에서 만나는 과학 상식,3,마지막,2
9791168415409,흔한남매의 흔한 호기심 :일상에서 만나는 과학 상식,3,8화,2
9791168415409,흔한남매의 흔한 호기심 :일상에서 만나는 과학 상식,3,궁금,2
9791168415409,흔한남매의 흔한 호기심 :일상에서 만나는 과학 상식,3,4화,2
9791168415409,흔한남매의 흔한 호기심 :일상에서 만나는 과학 상식,3,3화,2
9791168415409,흔한남매의 흔한 호기심 :일상에서 만나는 과학 상식,3,3D,2
9791168415409,흔한남매의 흔한 호기심 :일상에서 만나는 과학 상식,3,2화,2
9791168415409,흔한남매의 흔한 호기심 :일상에서 만나는 과학 상식,3,1화,2
9791168415409,흔한남매의 흔한 호기심 :일상에서 만나는 과학 상식,3,생기,2
9791168415409,흔한남매의 흔한 호기심 :일상에서 만나는 과학 상식,3,생각,2
9791168415409,흔한남매의 흔한 호기심 :일상에서 만나는 과학 상식,3,미래엔아이세움,2
9791168415409,흔한남매의 흔한 호기심 :일상에서 만나는 과학 상식,3,7화,2
9791168415409,흔한남매의 흔한 호기심 :일상에서 만나는 과학 상식,3,생활,2
9791168415409,흔한남매의 흔한 호기심 :일상에서 만나는 과학 상식,3,구성,2
9791168415409,흔한남매의 흔한 호기심 :일상에서 만나는 과학 상식,3,구독자,2
9791168415409,흔한남매의 흔한 호기심 :일상에서 만나는 과학 상식,3,과학 일반,2
9791168415409,흔한남매의 흔한 호기심 :일상에서 만나는 과학 상식,3,안치현,2
9791168415409,흔한남매의 흔한 호기심 :일상에서 만나는 과학 상식,3,공기,2
9791168415409,흔한남매의 흔한 호기심 :일상에서 만나는 과학 상식,3,계단,2
9791168415409,흔한남매의 흔한 호기심 :일상에서 만나는 과학 상식,3,소중,2
9791168415409,흔한남매의 흔한 호기심 :일상에서 만나는 과학 상식,3,9화,2
9788936439651,대온실 수리 보고서 :김금희 장편소설,3,김금희,7
9788936439651,대온실 수리 보고서 :김금희 장편소설,3,창경궁,7
9788936439651,대온실 수리 보고서 :김금희 장편소설,3,대온실 수리 보고서,6
9788936439651,대온실 수리 보고서 :김금희 장편소설,3,대온실,6
9788936439651,대온실 수리 보고서 :김금희 장편소설,3,역사,5
9788936439651,대온실 수리 보고서 :김금희 장편소설,3,장편소설,4
9788936439651,대온실 수리 보고서 :김금희 장편소설,3,백서,4
9788936439651,대온실 수리 보고서 :김금희 장편소설,3,영두,4
9788936439651,대온실 수리 보고서 :김금희 장편소설,3,기록,4
9788936439651,대온실 수리 보고서 :김금희 장편소설,3,인간,3
9788936439651,대온실 수리 보고서 :김금희 장편소설,3,가슴,3
9788936439651,대온실 수리 보고서 :김금희 장편소설,3,잔재,2
9788936439651,대온실 수리 보고서 :김금희 장편소설,3,소설세계,2
9788936439651,대온실 수리 보고서 :김금희 장편소설,3,인생,2
9788936439651,대온실 수리 보고서 :김금희 장편소설,3,마음,2
9788936439651,대온실 수리 보고서 :김금희 장편소설,3,석모도,2
9788936439651,대온실 수리 보고서 :김금희 장편소설,3,서울,2
9788936439651,대온실 수리 보고서 :김금희 장편소설,3,중학생,2
9788936439651,대온실 수리 보고서 :김금희 장편소설,3,시작,2
9788936439651,대온실 수리 보고서 :김금희 장편소설,3,여성,2
9788936439651,대온실 수리 보고서 :김금희 장편소설,3,형성,2
9788936439651,대온실 수리 보고서 :김금희 장편소설,3,출신,2
9788936439651,대온실 수리 보고서 :김금희 장편소설,3,처음,2
9788936439651,대온실 수리 보고서 :김금희 장편소설,3,아주,2
9788936439651,대온실 수리 보고서 :김금희 장편소설,3,아름다움,2
9788936439651,대온실 수리 보고서 :김금희 장편소설,3,창덕궁,2
9788936439651,대온실 수리 보고서 :김금희 장편소설,3,신념,2
9788936439651,대온실 수리 보고서 :김금희 장편소설,3,서늘,2
9788936439651,대온실 수리 보고서 :김금희 장편소설,3,보수공사,2
9788936439651,대온실 수리 보고서 :김금희 장편소설,3,증명,2
9788936439651,대온실 수리 보고서 :김금희 장편소설,3,이유,2
9788936439651,대온실 수리 보고서 :김금희 장편소설,3,경험,2
9788936439651,대온실 수리 보고서 :김금희 장편소설,3,근래,2
9788936439651,대온실 수리 보고서 :김금희 장편소설,3,2000년대 이후 한국소설,2
9788936439651,대온실 수리 보고서 :김금희 장편소설,3,담장,2
9788936439651,대온실 수리 보고서 :김금희 장편소설,3,대작,2
9788936439651,대온실 수리 보고서 :김금희 장편소설,3,동네,2
9788936439651,대온실 수리 보고서 :김금희 장편소설,3,진면목,2
9788936439651,대온실 수리 보고서 :김금희 장편소설,3,원서동에,2
9788936439651,대온실 수리 보고서 :김금희 장편소설,3,30대,2
9788936439651,대온실 수리 보고서 :김금희 장편소설,3,배경,2
9788936439651,대온실 수리 보고서 :김금희 장편소설,3,믿음,2
9788936439651,대온실 수리 보고서 :김금희 장편소설,3,한차원,2
9788936439651,대온실 수리 보고서 :김금희 장편소설,3,창비,2
9788936439651,대온실 수리 보고서 :김금희 장편소설,3,유학,2
9788936439651,대온실 수리 보고서 :김금희 장편소설,3,역작,1
9788936439651,대온실 수리 보고서 :김금희 장편소설,3,2015년,1
9788936439651,대온실 수리 보고서 :김금희 장편소설,3,2020년,1
9788936439651,대온실 수리 보고서 :김금희 장편소설,3,김승옥문학상,1
9788936439651,대온실 수리 보고서 :김금희 장편소설,3,보고서,1
9791190007245,야구 만화 도감 :어려울 줄 알았는데 재밌어!,2,야구,24
9791190007245,야구 만화 도감 :어려울 줄 알았는데 재밌어!,2,스포츠,7
9791190007245,야구 만화 도감 :어려울 줄 알았는데 재밌어!,2,도감,6
9791190007245,야구 만화 도감 :어려울 줄 알았는데 재밌어!,2,만화,6
9791190007245,야구 만화 도감 :어려울 줄 알았는데 재밌어!,2,반전,5
9791190007245,야구 만화 도감 :어려울 줄 알았는데 재밌어!,2,웹툰,4
9791190007245,야구 만화 도감 :어려울 줄 알았는데 재밌어!,2,익뚜,3
9791190007245,야구 만화 도감 :어려울 줄 알았는데 재밌어!,2,후즈갓마이테일,3
9791190007245,야구 만화 도감 :어려울 줄 알았는데 재밌어!,2,김양희  감수,2
9791190007245,야구 만화 도감 :어려울 줄 알았는데 재밌어!,2,깨알,2
9791190007245,야구 만화 도감 :어려울 줄 알았는데 재밌어!,2,김광현,2
9791190007245,야구 만화 도감 :어려울 줄 알았는데 재밌어!,2,기자,2
9791190007245,야구 만화 도감 :어려울 줄 알았는데 재밌어!,2,이승엽,2
9791190007245,야구 만화 도감 :어려울 줄 알았는데 재밌어!,2,사랑,2
9791190007245,야구 만화 도감 :어려울 줄 알았는데 재밌어!,2,야구장,2
9791190007245,야구 만화 도감 :어려울 줄 알았는데 재밌어!,2,어린이,2
9791190007245,야구 만화 도감 :어려울 줄 알았는데 재밌어!,2,용어,2
9791190007245,야구 만화 도감 :어려울 줄 알았는데 재밌어!,2,이정후,2
9791190007245,야구 만화 도감 :어려울 줄 알았는데 재밌어!,2,베비,2
9791190007245,야구 만화 도감 :어려울 줄 알았는데 재밌어!,2,캐스터,2
9791190007245,야구 만화 도감 :어려울 줄 알았는데 재밌어!,2,부록,2
9791190007245,야구 만화 도감 :어려울 줄 알았는데 재밌어!,2,규칙,2
9791190007245,야구 만화 도감 :어려울 줄 알았는데 재밌어!,2,정우영,2
9791190007245,야구 만화 도감 :어려울 줄 알았는데 재밌어!,2,시리즈,2
9791190007245,야구 만화 도감 :어려울 줄 알았는데 재밌어!,2,연장,2
9791190007245,야구 만화 도감 :어려울 줄 알았는데 재밌어!,2,4컷,2
9791190007245,야구 만화 도감 :어려울 줄 알았는데 재밌어!,2,의외,2
9791190007245,야구 만화 도감 :어려울 줄 알았는데 재밌어!,2,스토리,2
9791190007245,야구 만화 도감 :어려울 줄 알았는데 재밌어!,2,음악 미술 예체능,2
9791190007245,야구 만화 도감 :어려울 줄 알았는데 재밌어!,2,아빠,2
9791190007245,야구 만화 도감 :어려울 줄 알았는데 재밌어!,2,Daum,2
9791190007245,야구 만화 도감 :어려울 줄 알았는데 재밌어!,2,선수,2
9791190007245,야구 만화 도감 :어려울 줄 알았는데 재밌어!,2,연재,2
9791190007245,야구 만화 도감 :어려울 줄 알았는데 재밌어!,2,경기,2
9791190007245,야구 만화 도감 :어려울 줄 알았는데 재밌어!,2,정보,2
9791190007245,야구 만화 도감 :어려울 줄 알았는데 재밌어!,2,SBS,2
9791190007245,야구 만화 도감 :어려울 줄 알았는데 재밌어!,2,1회 도대체,1
9791190007245,야구 만화 도감 :어려울 줄 알았는데 재밌어!,2,280페이지,1
9791190007245,야구 만화 도감 :어려울 줄 알았는데 재밌어!,2,복잡,1
9791190007245,야구 만화 도감 :어려울 줄 알았는데 재밌어!,2,불만,1
9791190007245,야구 만화 도감 :어려울 줄 알았는데 재밌어!,2,불구,1
9791190007245,야구 만화 도감 :어려울 줄 알았는데 재밌어!,2,23년,1
9791190007245,야구 만화 도감 :어려울 줄 알았는데 재밌어!,2,골대,1
9791190007245,야구 만화 도감 :어려울 줄 알았는데 재밌어!,2,5회 스트라이크,1
9791190007245,야구 만화 도감 :어려울 줄 알았는데 재밌어!,2,6회 타자,1
9791190007245,야구 만화 도감 :어려울 줄 알았는데 재밌어!,2,7회 스트라이크,1
9791190007245,야구 만화 도감 :어려울 줄 알았는데 재밌어!,2,8회 주자,1
9791190007245,야구 만화 도감 :어려울 줄 알았는데 재밌어!,2,그리기,1
9791190007245,야구 만화 도감 :어려울 줄 알았는데 재밌어!,2,김양희,1
9791190007245,야구 만화 도감 :어려울 줄 알았는데 재밌어!,2,공식,1
9788954691673,트러스트 :에르난 디아스 장편소설,2,트러스트,11
9788954691673,트러스트 :에르난 디아스 장편소설,2,먼 곳에서,6
9788954691673,트러스트 :에르난 디아스 장편소설,2,베벨,6
9788954691673,트러스트 :에르난 디아스 장편소설,2,올해,6
9788954691673,트러스트 :에르난 디아스 장편소설,2,타임,4
9788954691673,트러스트 :에르난 디아스 장편소설,2,믿음,3
9788954691673,트러스트 :에르난 디아스 장편소설,2,성공,3
9788954691673,트러스트 :에르난 디아스 장편소설,2,부부,3
9788954691673,트러스트 :에르난 디아스 장편소설,2,선정,3
9788954691673,트러스트 :에르난 디아스 장편소설,2,앤드루,3
9788954691673,트러스트 :에르난 디아스 장편소설,2,에르난,3
9788954691673,트러스트 :에르난 디아스 장편소설,2,권력,3
9788954691673,트러스트 :에르난 디아스 장편소설,2,워싱턴 포스트,3
9788954691673,트러스트 :에르난 디아스 장편소설,2,밀드레드,3
9788954691673,트러스트 :에르난 디아스 장편소설,2,가디언,3
9788954691673,트러스트 :에르난 디아스 장편소설,2,미국,3
9788954691673,트러스트 :에르난 디아스 장편소설,2,신뢰,3
9788954691673,트러스트 :에르난 디아스 장편소설,2,보그,3
9788954691673,트러스트 :에르난 디아스 장편소설,2,매체,3
9788954691673,트러스트 :에르난 디아스 장편소설,2,뉴욕 타임스,3
9788954691673,트러스트 :에르난 디아스 장편소설,2,뉴요커,3
9788954691673,트러스트 :에르난 디아스 장편소설,2,디아스,3
9788954691673,트러스트 :에르난 디아스 장편소설,2,스트리트,3
9788954691673,트러스트 :에르난 디아스 장편소설,2,에르난 디아스,2
9788954691673,트러스트 :에르난 디아스 장편소설,2,버락,2
9788954691673,트러스트 :에르난 디아스 장편소설,2,금융,2
9788954691673,트러스트 :에르난 디아스 장편소설,2,어워드,2
9788954691673,트러스트 :에르난 디아스 장편소설,2,세계,2
9788954691673,트러스트 :에르난 디아스 장편소설,2,부커상,2
9788954691673,트러스트 :에르난 디아스 장편소설,2,사이,2
9788954691673,트러스트 :에르난 디아스 장편소설,2,뉴욕,2
9788954691673,트러스트 :에르난 디아스 장편소설,2,금융계,2
9788954691673,트러스트 :에르난 디아스 장편소설,2,단숨,2
9788954691673,트러스트 :에르난 디아스 장편소설,2,문학동네,2
9788954691673,트러스트 :에르난 디아스 장편소설,2,문제,2
9788954691673,트러스트 :에르난 디아스 장편소설,2,1920년대,2
9788954691673,트러스트 :에르난 디아스 장편소설,2,오바마,2
9788954691673,트러스트 :에르난 디아스 장편소설,2,수상,2
9788954691673,트러스트 :에르난 디아스 장편소설,2,신화,2
9788954691673,트러스트 :에르난 디아스 장편소설,2,역할,2
9788954691673,트러스트 :에르난 디아스 장편소설,2,HBO,2
9788954691673,트러스트 :에르난 디아스 장편소설,2,전설적,2
9788954691673,트러스트 :에르난 디아스 장편소설,2,후보,2
9788954691673,트러스트 :에르난 디아스 장편소설,2,가지,2
9788954691673,트러스트 :에르난 디아스 장편소설,2,강동혁  옮긴이,2
9788954691673,트러스트 :에르난 디아스 장편소설,2,시리즈,2
9788954691673,트러스트 :에르난 디아스 장편소설,2,영미소설,2
9788954691673,트러스트 :에르난 디아스 장편소설,2,예정,2
9788954691673,트러스트 :에르난 디아스 장편소설,2,계급,2
9788954691673,트러스트 :에르난 디아스 장편소설,2,문단,2
9791198530325,메리골드 마음 사진관 =윤정은 장편소설 /Marigold mind photo studio,2,메리골드,11
9791198530325,메리골드 마음 사진관 =윤정은 장편소설 /Marigold mind photo studio,2,메리골드 마음 세탁소,6
9791198530325,메리골드 마음 사진관 =윤정은 장편소설 /Marigold mind photo studio,2,독자,5
9791198530325,메리골드 마음 사진관 =윤정은 장편소설 /Marigold mind photo studio,2,사랑,5
9791198530325,메리골드 마음 사진관 =윤정은 장편소설 /Marigold mind photo studio,2,마음,5
9791198530325,메리골드 마음 사진관 =윤정은 장편소설 /Marigold mind photo studio,2,시리즈,4
9791198530325,메리골드 마음 사진관 =윤정은 장편소설 /Marigold mind photo studio,2,올해,3
9791198530325,메리골드 마음 사진관 =윤정은 장편소설 /Marigold mind photo studio,2,펭귄랜덤하우스,3
9791198530325,메리골드 마음 사진관 =윤정은 장편소설 /Marigold mind photo studio,2,섬세,3
9791198530325,메리골드 마음 사진관 =윤정은 장편소설 /Marigold mind photo studio,2,한국소설,3
9791198530325,메리골드 마음 사진관 =윤정은 장편소설 /Marigold mind photo studio,2,시간의 정원,3
9791198530325,메리골드 마음 사진관 =윤정은 장편소설 /Marigold mind photo studio,2,여행이거나 사랑이거나,3
9791198530325,메리골드 마음 사진관 =윤정은 장편소설 /Marigold mind photo studio,2,마법,3
9791198530325,메리골드 마음 사진관 =윤정은 장편소설 /Marigold mind photo studio,2,사실은 이 말이 듣고 싶었어,3
9791198530325,메리골드 마음 사진관 =윤정은 장편소설 /Marigold mind photo studio,2,사진관,2
9791198530325,메리골드 마음 사진관 =윤정은 장편소설 /Marigold mind photo studio,2,선정,2
9791198530325,메리골드 마음 사진관 =윤정은 장편소설 /Marigold mind photo studio,2,동시,2
9791198530325,메리골드 마음 사진관 =윤정은 장편소설 /Marigold mind photo studio,2,세탁소,2
9791198530325,메리골드 마음 사진관 =윤정은 장편소설 /Marigold mind photo studio,2,청소년,2
9791198530325,메리골드 마음 사진관 =윤정은 장편소설 /Marigold mind photo studio,2,북로망스,2
9791198530325,메리골드 마음 사진관 =윤정은 장편소설 /Marigold mind photo studio,2,진행,2
9791198530325,메리골드 마음 사진관 =윤정은 장편소설 /Marigold mind photo studio,2,입소문,2
9791198530325,메리골드 마음 사진관 =윤정은 장편소설 /Marigold mind photo studio,2,윤정,2
9791198530325,메리골드 마음 사진관 =윤정은 장편소설 /Marigold mind photo studio,2,베스트셀러,2
9791198530325,메리골드 마음 사진관 =윤정은 장편소설 /Marigold mind photo studio,2,역대급,2
9791198530325,메리골드 마음 사진관 =윤정은 장편소설 /Marigold mind photo studio,2,슬픔,2
9791198530325,메리골드 마음 사진관 =윤정은 장편소설 /Marigold mind photo studio,2,수출,2
9791198530325,메리골드 마음 사진관 =윤정은 장편소설 /Marigold mind photo studio,2,교육청,2
9791198530325,메리골드 마음 사진관 =윤정은 장편소설 /Marigold mind photo studio,2,행복,2
9791198530325,메리골드 마음 사진관 =윤정은 장편소설 /Marigold mind photo studio,2,1위,2
9791198530325,메리골드 마음 사진관 =윤정은 장편소설 /Marigold mind photo studio,2,UK,2
9791198530325,메리골드 마음 사진관 =윤정은 장편소설 /Marigold mind photo studio,2,표지,2
9791198530325,메리골드 마음 사진관 =윤정은 장편소설 /Marigold mind photo studio,2,감동,2
9791198530325,메리골드 마음 사진관 =윤정은 장편소설 /Marigold mind photo studio,2,성별,2
9791198530325,메리골드 마음 사진관 =윤정은 장편소설 /Marigold mind photo studio,2,이번,2
9791198530325,메리골드 마음 사진관 =윤정은 장편소설 /Marigold mind photo studio,2,최고,2
9791198530325,메리골드 마음 사진관 =윤정은 장편소설 /Marigold mind photo studio,2,2023년,2
9791198530325,메리골드 마음 사진관 =윤정은 장편소설 /Marigold mind photo studio,2,사진,2
9791198530325,메리골드 마음 사진관 =윤정은 장편소설 /Marigold mind photo studio,2,선물,2
9791198530325,메리골드 마음 사진관 =윤정은 장편소설 /Marigold mind photo studio,2,선정도서,2
9791198530325,메리골드 마음 사진관 =윤정은 장편소설 /Marigold mind photo studio,2,세계적,2
9791198530325,메리골드 마음 사진관 =윤정은 장편소설 /Marigold mind photo studio,2,여전,2
9791198530325,메리골드 마음 사진관 =윤정은 장편소설 /Marigold mind photo studio,2,일러스트,2
9791198530325,메리골드 마음 사진관 =윤정은 장편소설 /Marigold mind photo studio,2,기적,2
9791198530325,메리골드 마음 사진관 =윤정은 장편소설 /Marigold mind photo studio,2,최초,2
9791198530325,메리골드 마음 사진관 =윤정은 장편소설 /Marigold mind photo studio,2,한국판타지 환상소설,2
9791198530325,메리골드 마음 사진관 =윤정은 장편소설 /Marigold mind photo studio,2,윤정은,2
9791198530325,메리골드 마음 사진관 =윤정은 장편소설 /Marigold mind photo studio,2,사려,2
9791198530325,메리골드 마음 사진관 =윤정은 장편소설 /Marigold mind photo studio,2,확장,1
9791198530325,메리골드 마음 사진관 =윤정은 장편소설 /Marigold mind photo studio,2,누구,1
9791130698199,맡겨진 소녀 :클레어 키건 소설,2,소녀,10
9791130698199,맡겨진 소녀 :클레어 키건 소설,2,아일랜드,10
9791130698199,맡겨진 소녀 :클레어 키건 소설,2,맡겨진 소녀,9
9791130698199,맡겨진 소녀 :클레어 키건 소설,2,말없는 소녀,9
9791130698199,맡겨진 소녀 :클레어 키건 소설,2,타임스,6
9791130698199,맡겨진 소녀 :클레어 키건 소설,2,문학상,5
9791130698199,맡겨진 소녀 :클레어 키건 소설,2,수상,4
9791130698199,맡겨진 소녀 :클레어 키건 소설,2,영화,4
9791130698199,맡겨진 소녀 :클레어 키건 소설,2,국내,4
9791130698199,맡겨진 소녀 :클레어 키건 소설,2,2022년,4
9791130698199,맡겨진 소녀 :클레어 키건 소설,2,친척,4
9791130698199,맡겨진 소녀 :클레어 키건 소설,2,최고,3
9791130698199,맡겨진 소녀 :클레어 키건 소설,2,가디언,3
9791130698199,맡겨진 소녀 :클레어 키건 소설,2,번스,3
9791130698199,맡겨진 소녀 :클레어 키건 소설,2,부부,3
9791130698199,맡겨진 소녀 :클레어 키건 소설,2,남극 Antarctica,3
9791130698199,맡겨진 소녀 :클레어 키건 소설,2,최종후보,3
9791130698199,맡겨진 소녀 :클레어 키건 소설,2,뉴요커,3
9791130698199,맡겨진 소녀 :클레어 키건 소설,2,처음,3
9791130698199,맡겨진 소녀 :클레어 키건 소설,2,데이비,3
9791130698199,맡겨진 소녀 :클레어 키건 소설,2,클레어,3
9791130698199,맡겨진 소녀 :클레어 키건 소설,2,2009년,3
9791130698199,맡겨진 소녀 :클레어 키건 소설,2,배경,3
9791130698199,맡겨진 소녀 :클레어 키건 소설,2,마주,2
9791130698199,맡겨진 소녀 :클레어 키건 소설,2,세계,2
9791130698199,맡겨진 소녀 :클레어 키건 소설,2,찬사,2
9791130698199,맡겨진 소녀 :클레어 키건 소설,2,부커상,2
9791130698199,맡겨진 소녀 :클레어 키건 소설,2,석사,2
9791130698199,맡겨진 소녀 :클레어 키건 소설,2,베어리드,2
9791130698199,맡겨진 소녀 :클레어 키건 소설,2,다정,2
9791130698199,맡겨진 소녀 :클레어 키건 소설,2,이래,2
9791130698199,맡겨진 소녀 :클레어 키건 소설,2,자리,2
9791130698199,맡겨진 소녀 :클레어 키건 소설,2,단편집,2
9791130698199,맡겨진 소녀 :클레어 키건 소설,2,다산책방,2
9791130698199,맡겨진 소녀 :클레어 키건 소설,2,교과과정,2
9791130698199,맡겨진 소녀 :클레어 키건 소설,2,21세기,2
9791130698199,맡겨진 소녀 :클레어 키건 소설,2,미국,2
9791130698199,맡겨진 소녀 :클레어 키건 소설,2,모습,2
9791130698199,맡겨진 소녀 :클레어 키건 소설,2,여름,2
9791130698199,맡겨진 소녀 :클레어 키건 소설,2,윌리엄,2
9791130698199,맡겨진 소녀 :클레어 키건 소설,2,50권,2
9791130698199,맡겨진 소녀 :클레어 키건 소설,2,트레버,2
9791130698199,맡겨진 소녀 :클레어 키건 소설,2,클레어 키건,2
9791130698199,맡겨진 소녀 :클레어 키건 소설,2,학위,2
9791130698199,맡겨진 소녀 :클레어 키건 소설,2,감독,2
9791130698199,맡겨진 소녀 :클레어 키건 소설,2,허진  옮긴이,2
9791130698199,맡겨진 소녀 :클레어 키건 소설,2,사랑,2
9791130698199,맡겨진 소녀 :클레어 키건 소설,2,것들,2
9791130698199,맡겨진 소녀 :클레어 키건 소설,2,아일랜드소설,2
9791130698199,맡겨진 소녀 :클레어 키건 소설,2,원작,2
9791194627074,"저속노화 마인드셋 :노년내과 의사가 알려주는, 내 몸의 주도권을 되찾고 무너진 삶을 회복하는 법",2,저속노화,24
9791194627074,"저속노화 마인드셋 :노년내과 의사가 알려주는, 내 몸의 주도권을 되찾고 무너진 삶을 회복하는 법",2,건강,21
9791194627074,"저속노화 마인드셋 :노년내과 의사가 알려주는, 내 몸의 주도권을 되찾고 무너진 삶을 회복하는 법",2,저속노화 마인드셋,15
9791194627074,"저속노화 마인드셋 :노년내과 의사가 알려주는, 내 몸의 주도권을 되찾고 무너진 삶을 회복하는 법",2,오해,14
9791194627074,"저속노화 마인드셋 :노년내과 의사가 알려주는, 내 몸의 주도권을 되찾고 무너진 삶을 회복하는 법",2,사람,13
9791194627074,"저속노화 마인드셋 :노년내과 의사가 알려주는, 내 몸의 주도권을 되찾고 무너진 삶을 회복하는 법",2,실천,11
9791194627074,"저속노화 마인드셋 :노년내과 의사가 알려주는, 내 몸의 주도권을 되찾고 무너진 삶을 회복하는 법",2,통념,10
9791194627074,"저속노화 마인드셋 :노년내과 의사가 알려주는, 내 몸의 주도권을 되찾고 무너진 삶을 회복하는 법",2,노화,9
9791194627074,"저속노화 마인드셋 :노년내과 의사가 알려주는, 내 몸의 주도권을 되찾고 무너진 삶을 회복하는 법",2,루틴,8
9791194627074,"저속노화 마인드셋 :노년내과 의사가 알려주는, 내 몸의 주도권을 되찾고 무너진 삶을 회복하는 법",2,현실,7
9791194627074,"저속노화 마인드셋 :노년내과 의사가 알려주는, 내 몸의 주도권을 되찾고 무너진 삶을 회복하는 법",2,정희원,6
9791194627074,"저속노화 마인드셋 :노년내과 의사가 알려주는, 내 몸의 주도권을 되찾고 무너진 삶을 회복하는 법",2,선순환,5
9791194627074,"저속노화 마인드셋 :노년내과 의사가 알려주는, 내 몸의 주도권을 되찾고 무너진 삶을 회복하는 법",2,사회,5
9791194627074,"저속노화 마인드셋 :노년내과 의사가 알려주는, 내 몸의 주도권을 되찾고 무너진 삶을 회복하는 법",2,노년내과,5
9791194627074,"저속노화 마인드셋 :노년내과 의사가 알려주는, 내 몸의 주도권을 되찾고 무너진 삶을 회복하는 법",2,마음,5
9791194627074,"저속노화 마인드셋 :노년내과 의사가 알려주는, 내 몸의 주도권을 되찾고 무너진 삶을 회복하는 법",2,교수,5
9791194627074,"저속노화 마인드셋 :노년내과 의사가 알려주는, 내 몸의 주도권을 되찾고 무너진 삶을 회복하는 법",2,회복,4
9791194627074,"저속노화 마인드셋 :노년내과 의사가 알려주는, 내 몸의 주도권을 되찾고 무너진 삶을 회복하는 법",2,서울아산병원,4
9791194627074,"저속노화 마인드셋 :노년내과 의사가 알려주는, 내 몸의 주도권을 되찾고 무너진 삶을 회복하는 법",2,건강관리,4
9791194627074,"저속노화 마인드셋 :노년내과 의사가 알려주는, 내 몸의 주도권을 되찾고 무너진 삶을 회복하는 법",2,가속노화,4
9791194627074,"저속노화 마인드셋 :노년내과 의사가 알려주는, 내 몸의 주도권을 되찾고 무너진 삶을 회복하는 법",2,속도,4
9791194627074,"저속노화 마인드셋 :노년내과 의사가 알려주는, 내 몸의 주도권을 되찾고 무너진 삶을 회복하는 법",2,문제,4
9791194627074,"저속노화 마인드셋 :노년내과 의사가 알려주는, 내 몸의 주도권을 되찾고 무너진 삶을 회복하는 법",2,인식,3
9791194627074,"저속노화 마인드셋 :노년내과 의사가 알려주는, 내 몸의 주도권을 되찾고 무너진 삶을 회복하는 법",2,유튜브,3
9791194627074,"저속노화 마인드셋 :노년내과 의사가 알려주는, 내 몸의 주도권을 되찾고 무너진 삶을 회복하는 법",2,방식,3
9791194627074,"저속노화 마인드셋 :노년내과 의사가 알려주는, 내 몸의 주도권을 되찾고 무너진 삶을 회복하는 법",2,구조,3
9791194627074,"저속노화 마인드셋 :노년내과 의사가 알려주는, 내 몸의 주도권을 되찾고 무너진 삶을 회복하는 법",2,개인,3
9791194627074,"저속노화 마인드셋 :노년내과 의사가 알려주는, 내 몸의 주도권을 되찾고 무너진 삶을 회복하는 법",2,부족,3
9791194627074,"저속노화 마인드셋 :노년내과 의사가 알려주는, 내 몸의 주도권을 되찾고 무너진 삶을 회복하는 법",2,정보,3
9791194627074,"저속노화 마인드셋 :노년내과 의사가 알려주는, 내 몸의 주도권을 되찾고 무너진 삶을 회복하는 법",2,생각,3
9791194627074,"저속노화 마인드셋 :노년내과 의사가 알려주는, 내 몸의 주도권을 되찾고 무너진 삶을 회복하는 법",2,겉보기,3
9791194627074,"저속노화 마인드셋 :노년내과 의사가 알려주는, 내 몸의 주도권을 되찾고 무너진 삶을 회복하는 법",2,공부,3
9791194627074,"저속노화 마인드셋 :노년내과 의사가 알려주는, 내 몸의 주도권을 되찾고 무너진 삶을 회복하는 법",2,수명,2
9791194627074,"저속노화 마인드셋 :노년내과 의사가 알려주는, 내 몸의 주도권을 되찾고 무너진 삶을 회복하는 법",2,시작,2
9791194627074,"저속노화 마인드셋 :노년내과 의사가 알려주는, 내 몸의 주도권을 되찾고 무너진 삶을 회복하는 법",2,시간,2
9791194627074,"저속노화 마인드셋 :노년내과 의사가 알려주는, 내 몸의 주도권을 되찾고 무너진 삶을 회복하는 법",2,성과,2
9791194627074,"저속노화 마인드셋 :노년내과 의사가 알려주는, 내 몸의 주도권을 되찾고 무너진 삶을 회복하는 법",2,부정적,2
9791194627074,"저속노화 마인드셋 :노년내과 의사가 알려주는, 내 몸의 주도권을 되찾고 무너진 삶을 회복하는 법",2,Whale Books 웨일북,2
9791194627074,"저속노화 마인드셋 :노년내과 의사가 알려주는, 내 몸의 주도권을 되찾고 무너진 삶을 회복하는 법",2,사고,2
9791194627074,"저속노화 마인드셋 :노년내과 의사가 알려주는, 내 몸의 주도권을 되찾고 무너진 삶을 회복하는 법",2,방향,2
9791194627074,"저속노화 마인드셋 :노년내과 의사가 알려주는, 내 몸의 주도권을 되찾고 무너진 삶을 회복하는 법",2,쇠퇴,2
9791194627074,"저속노화 마인드셋 :노년내과 의사가 알려주는, 내 몸의 주도권을 되찾고 무너진 삶을 회복하는 법",2,1장,2
9791194627074,"저속노화 마인드셋 :노년내과 의사가 알려주는, 내 몸의 주도권을 되찾고 무너진 삶을 회복하는 법",2,심리,2
9791194627074,"저속노화 마인드셋 :노년내과 의사가 알려주는, 내 몸의 주도권을 되찾고 무너진 삶을 회복하는 법",2,싶다,2
9791194627074,"저속노화 마인드셋 :노년내과 의사가 알려주는, 내 몸의 주도권을 되찾고 무너진 삶을 회복하는 법",2,수면,2
9791194627074,"저속노화 마인드셋 :노년내과 의사가 알려주는, 내 몸의 주도권을 되찾고 무너진 삶을 회복하는 법",2,실패,2
9791194627074,"저속노화 마인드셋 :노년내과 의사가 알려주는, 내 몸의 주도권을 되찾고 무너진 삶을 회복하는 법",2,관계,2
9791194627074,"저속노화 마인드셋 :노년내과 의사가 알려주는, 내 몸의 주도권을 되찾고 무너진 삶을 회복하는 법",2,관점,2
9791194627074,"저속노화 마인드셋 :노년내과 의사가 알려주는, 내 몸의 주도권을 되찾고 무너진 삶을 회복하는 법",2,괴담,2
9791194627074,"저속노화 마인드셋 :노년내과 의사가 알려주는, 내 몸의 주도권을 되찾고 무너진 삶을 회복하는 법",2,건강에세이 건강정보,2
9788936434595,채식주의자 :한강 장편소설,2,채식주의자,10
9788936434595,채식주의자 :한강 장편소설,2,한강,7
9788936434595,채식주의자 :한강 장편소설,2,부커상,6
9788936434595,채식주의자 :한강 장편소설,2,문학상,5
9788936434595,채식주의자 :한강 장편소설,2,인터내셔널,5
9788936434595,채식주의자 :한강 장편소설,2,영혜,4
9788936434595,채식주의자 :한강 장편소설,2,그대의 차가운 손,3
9788936434595,채식주의자 :한강 장편소설,2,희랍어 시간,3
9788936434595,채식주의자 :한강 장편소설,2,작별하지 않는다,3
9788936434595,채식주의자 :한강 장편소설,2,내 여자의 열매,3
9788936434595,채식주의자 :한강 장편소설,2,산클레멘테,3
9788936434595,채식주의자 :한강 장편소설,2,노랑무늬영원,3
9788936434595,채식주의자 :한강 장편소설,2,서랍에 저녁을 넣어 두었다,3
9788936434595,채식주의자 :한강 장편소설,2,서울의 겨울,3
9788936434595,채식주의자 :한강 장편소설,2,문학과사회,3
9788936434595,채식주의자 :한강 장편소설,2,식물적,3
9788936434595,채식주의자 :한강 장편소설,2,독자,3
9788936434595,채식주의자 :한강 장편소설,2,여수의 사랑,3
9788936434595,채식주의자 :한강 장편소설,2,장편소설,3
9788936434595,채식주의자 :한강 장편소설,2,역작,3
9788936434595,채식주의자 :한강 장편소설,2,2016년,3
9788936434595,채식주의자 :한강 장편소설,2,정교,3
9788936434595,채식주의자 :한강 장편소설,2,상상력,3
9788936434595,채식주의자 :한강 장편소설,2,검은 사슴,3
9788936434595,채식주의자 :한강 장편소설,2,소년이 온다,3
9788936434595,채식주의자 :한강 장편소설,2,붉은 닻,3
9788936434595,채식주의자 :한강 장편소설,2,바람이 분다 가라,3
9788936434595,채식주의자 :한강 장편소설,2,방식,2
9788936434595,채식주의자 :한강 장편소설,2,2000년대 이후 한국소설,2
9788936434595,채식주의자 :한강 장편소설,2,동리문학상,2
9788936434595,채식주의자 :한강 장편소설,2,이상문학상,2
9788936434595,채식주의자 :한강 장편소설,2,공명,2
9788936434595,채식주의자 :한강 장편소설,2,완성,2
9788936434595,채식주의자 :한강 장편소설,2,말라파르테,2
9788936434595,채식주의자 :한강 장편소설,2,미학,2
9788936434595,채식주의자 :한강 장편소설,2,문체,2
9788936434595,채식주의자 :한강 장편소설,2,전세계,2
9788936434595,채식주의자 :한강 장편소설,2,아름다움,2
9788936434595,채식주의자 :한강 장편소설,2,상처,2
9788936434595,채식주의자 :한강 장편소설,2,결합,2
9788936434595,채식주의자 :한강 장편소설,2,고통,2
9788936434595,채식주의자 :한강 장편소설,2,구성,2
9788936434595,채식주의자 :한강 장편소설,2,강렬,2
9788936434595,채식주의자 :한강 장편소설,2,가족,2
9788936434595,채식주의자 :한강 장편소설,2,김유정문학상,2
9788936434595,채식주의자 :한강 장편소설,2,나무,2
9788936434595,채식주의자 :한강 장편소설,2,수상,2
9788936434595,채식주의자 :한강 장편소설,2,창비,2
9788936434595,채식주의자 :한강 장편소설,2,입지,2
9788936434595,채식주의자 :한강 장편소설,2,2018년,2
9791193401217,"다시, 역사의 쓸모 :합리적이고 품위 있는 선택을 위한 20가지 지혜",2,역사,30
9791193401217,"다시, 역사의 쓸모 :합리적이고 품위 있는 선택을 위한 20가지 지혜",2,다시 역사의 쓸모,9
9791193401217,"다시, 역사의 쓸모 :합리적이고 품위 있는 선택을 위한 20가지 지혜",2,역사의 쓸모,9
9791193401217,"다시, 역사의 쓸모 :합리적이고 품위 있는 선택을 위한 20가지 지혜",2,최태성,8
9791193401217,"다시, 역사의 쓸모 :합리적이고 품위 있는 선택을 위한 20가지 지혜",2,쓸모,8
9791193401217,"다시, 역사의 쓸모 :합리적이고 품위 있는 선택을 위한 20가지 지혜",2,이유,7
9791193401217,"다시, 역사의 쓸모 :합리적이고 품위 있는 선택을 위한 20가지 지혜",2,세상,5
9791193401217,"다시, 역사의 쓸모 :합리적이고 품위 있는 선택을 위한 20가지 지혜",2,대한민국,5
9791193401217,"다시, 역사의 쓸모 :합리적이고 품위 있는 선택을 위한 20가지 지혜",2,지혜,5
9791193401217,"다시, 역사의 쓸모 :합리적이고 품위 있는 선택을 위한 20가지 지혜",2,주인,4
9791193401217,"다시, 역사의 쓸모 :합리적이고 품위 있는 선택을 위한 20가지 지혜",2,의미,4
9791193401217,"다시, 역사의 쓸모 :합리적이고 품위 있는 선택을 위한 20가지 지혜",2,대표,4
9791193401217,"다시, 역사의 쓸모 :합리적이고 품위 있는 선택을 위한 20가지 지혜",2,한명회,4
9791193401217,"다시, 역사의 쓸모 :합리적이고 품위 있는 선택을 위한 20가지 지혜",2,경험,3
9791193401217,"다시, 역사의 쓸모 :합리적이고 품위 있는 선택을 위한 20가지 지혜",2,품격,3
9791193401217,"다시, 역사의 쓸모 :합리적이고 품위 있는 선택을 위한 20가지 지혜",2,역사저널 그날,3
9791193401217,"다시, 역사의 쓸모 :합리적이고 품위 있는 선택을 위한 20가지 지혜",2,시선,3
9791193401217,"다시, 역사의 쓸모 :합리적이고 품위 있는 선택을 위한 20가지 지혜",2,풍부,3
9791193401217,"다시, 역사의 쓸모 :합리적이고 품위 있는 선택을 위한 20가지 지혜",2,품위,3
9791193401217,"다시, 역사의 쓸모 :합리적이고 품위 있는 선택을 위한 20가지 지혜",2,교육,3
9791193401217,"다시, 역사의 쓸모 :합리적이고 품위 있는 선택을 위한 20가지 지혜",2,사람,3
9791193401217,"다시, 역사의 쓸모 :합리적이고 품위 있는 선택을 위한 20가지 지혜",2,시대,3
9791193401217,"다시, 역사의 쓸모 :합리적이고 품위 있는 선택을 위한 20가지 지혜",2,사랑,3
9791193401217,"다시, 역사의 쓸모 :합리적이고 품위 있는 선택을 위한 20가지 지혜",2,벌거벗은 한국사,3
9791193401217,"다시, 역사의 쓸모 :합리적이고 품위 있는 선택을 위한 20가지 지혜",2,시간,3
9791193401217,"다시, 역사의 쓸모 :합리적이고 품위 있는 선택을 위한 20가지 지혜",2,우연,3
9791193401217,"다시, 역사의 쓸모 :합리적이고 품위 있는 선택을 위한 20가지 지혜",2,가슴,3
9791193401217,"다시, 역사의 쓸모 :합리적이고 품위 있는 선택을 위한 20가지 지혜",2,통찰,3
9791193401217,"다시, 역사의 쓸모 :합리적이고 품위 있는 선택을 위한 20가지 지혜",2,생명,2
9791193401217,"다시, 역사의 쓸모 :합리적이고 품위 있는 선택을 위한 20가지 지혜",2,5년,2
9791193401217,"다시, 역사의 쓸모 :합리적이고 품위 있는 선택을 위한 20가지 지혜",2,난공불락,2
9791193401217,"다시, 역사의 쓸모 :합리적이고 품위 있는 선택을 위한 20가지 지혜",2,나라,2
9791193401217,"다시, 역사의 쓸모 :합리적이고 품위 있는 선택을 위한 20가지 지혜",2,성공,2
9791193401217,"다시, 역사의 쓸모 :합리적이고 품위 있는 선택을 위한 20가지 지혜",2,생각,2
9791193401217,"다시, 역사의 쓸모 :합리적이고 품위 있는 선택을 위한 20가지 지혜",2,2장,2
9791193401217,"다시, 역사의 쓸모 :합리적이고 품위 있는 선택을 위한 20가지 지혜",2,김득신,2
9791193401217,"다시, 역사의 쓸모 :합리적이고 품위 있는 선택을 위한 20가지 지혜",2,기쁨,2
9791193401217,"다시, 역사의 쓸모 :합리적이고 품위 있는 선택을 위한 20가지 지혜",2,5년간,2
9791193401217,"다시, 역사의 쓸모 :합리적이고 품위 있는 선택을 위한 20가지 지혜",2,노력,2
9791193401217,"다시, 역사의 쓸모 :합리적이고 품위 있는 선택을 위한 20가지 지혜",2,선한,2
9791193401217,"다시, 역사의 쓸모 :합리적이고 품위 있는 선택을 위한 20가지 지혜",2,개척,2
9791193401217,"다시, 역사의 쓸모 :합리적이고 품위 있는 선택을 위한 20가지 지혜",2,베스트셀러,2
9791193401217,"다시, 역사의 쓸모 :합리적이고 품위 있는 선택을 위한 20가지 지혜",2,걸음,2
9791193401217,"다시, 역사의 쓸모 :합리적이고 품위 있는 선택을 위한 20가지 지혜",2,순간,2
9791193401217,"다시, 역사의 쓸모 :합리적이고 품위 있는 선택을 위한 20가지 지혜",2,승리,2
9791193401217,"다시, 역사의 쓸모 :합리적이고 품위 있는 선택을 위한 20가지 지혜",2,결국,2
9791193401217,"다시, 역사의 쓸모 :합리적이고 품위 있는 선택을 위한 20가지 지혜",2,결정,2
9791193401217,"다시, 역사의 쓸모 :합리적이고 품위 있는 선택을 위한 20가지 지혜",2,거시적,2
9791193401217,"다시, 역사의 쓸모 :합리적이고 품위 있는 선택을 위한 20가지 지혜",2,솜씨,2
9791193401217,"다시, 역사의 쓸모 :합리적이고 품위 있는 선택을 위한 20가지 지혜",2,선택,2
9791198682550,너에게 들려주는 단단한 말,2,사람,33
9791198682550,너에게 들려주는 단단한 말,2,생각,16
9791198682550,너에게 들려주는 단단한 말,2,세상,13
9791198682550,너에게 들려주는 단단한 말,2,인생,12
9791198682550,너에게 들려주는 단단한 말,2,마음,9
9791198682550,너에게 들려주는 단단한 말,2,너에게 들려주는 단단한 말,9
9791198682550,너에게 들려주는 단단한 말,2,태도,7
9791198682550,너에게 들려주는 단단한 말,2,청소년,7
9791198682550,너에게 들려주는 단단한 말,2,사랑,6
9791198682550,너에게 들려주는 단단한 말,2,처음,6
9791198682550,너에게 들려주는 단단한 말,2,집필,6
9791198682550,너에게 들려주는 단단한 말,2,하루,6
9791198682550,너에게 들려주는 단단한 말,2,멘토,6
9791198682550,너에게 들려주는 단단한 말,2,인문학,6
9791198682550,너에게 들려주는 단단한 말,2,자신,5
9791198682550,너에게 들려주는 단단한 말,2,관계,5
9791198682550,너에게 들려주는 단단한 말,2,문장,5
9791198682550,너에게 들려주는 단단한 말,2,고민,5
9791198682550,너에게 들려주는 단단한 말,2,소통,4
9791198682550,너에게 들려주는 단단한 말,2,친구,4
9791198682550,너에게 들려주는 단단한 말,2,모양,4
9791198682550,너에게 들려주는 단단한 말,2,단단,4
9791198682550,너에게 들려주는 단단한 말,2,터널,4
9791198682550,너에게 들려주는 단단한 말,2,반복,4
9791198682550,너에게 들려주는 단단한 말,2,존재,4
9791198682550,너에게 들려주는 단단한 말,2,강연,4
9791198682550,너에게 들려주는 단단한 말,2,7가지,4
9791198682550,너에게 들려주는 단단한 말,2,대학,3
9791198682550,너에게 들려주는 단단한 말,2,대상,3
9791198682550,너에게 들려주는 단단한 말,2,결국,3
9791198682550,너에게 들려주는 단단한 말,2,순간,3
9791198682550,너에게 들려주는 단단한 말,2,부모 인문학 수업,3
9791198682550,너에게 들려주는 단단한 말,2,각종,3
9791198682550,너에게 들려주는 단단한 말,2,감정,3
9791198682550,너에게 들려주는 단단한 말,2,부모,3
9791198682550,너에게 들려주는 단단한 말,2,세계,3
9791198682550,너에게 들려주는 단단한 말,2,단체,3
9791198682550,너에게 들려주는 단단한 말,2,년간,3
9791198682550,너에게 들려주는 단단한 말,2,우리 아이 첫 인문학 사전,3
9791198682550,너에게 들려주는 단단한 말,2,대한민국,3
9791198682550,너에게 들려주는 단단한 말,2,마주,3
9791198682550,너에게 들려주는 단단한 말,2,66일 공부머리 대화법,3
9791198682550,너에게 들려주는 단단한 말,2,누적,3
9791198682550,너에게 들려주는 단단한 말,2,에세이,3
9791198682550,너에게 들려주는 단단한 말,2,당당,3
9791198682550,너에게 들려주는 단단한 말,2,인간은 노력하는 한 방황한다,3
9791198682550,너에게 들려주는 단단한 말,2,막막,3
9791198682550,너에게 들려주는 단단한 말,2,망치,3
9791198682550,너에게 들려주는 단단한 말,2,인문교육,3
9791198682550,너에게 들려주는 단단한 말,2,여정,3
9791168122369,놓지 마 과학!,2,과학,21
9791168122369,놓지 마 과학!,2,사건,13
9791168122369,놓지 마 과학!,2,노트,12
9791168122369,놓지 마 과학!,2,화산,10
9791168122369,놓지 마 과학!,2,박순이네,7
9791168122369,놓지 마 과학!,2,모카노,7
9791168122369,놓지 마 과학!,2,보물,7
9791168122369,놓지 마 과학!,2,무지개,6
9791168122369,놓지 마 과학!,2,놓지 마 과학,6
9791168122369,놓지 마 과학!,2,비행기,6
9791168122369,놓지 마 과학!,2,아빠,5
9791168122369,놓지 마 과학!,2,증거,5
9791168122369,놓지 마 과학!,2,온난화,5
9791168122369,놓지 마 과학!,2,만화,5
9791168122369,놓지 마 과학!,2,왕국,5
9791168122369,놓지 마 과학!,2,지구,5
9791168122369,놓지 마 과학!,2,기체,4
9791168122369,놓지 마 과학!,2,햇빛,4
9791168122369,놓지 마 과학!,2,학습,4
9791168122369,놓지 마 과학!,2,밀실,4
9791168122369,놓지 마 과학!,2,스프링클러,4
9791168122369,놓지 마 과학!,2,이번,3
9791168122369,놓지 마 과학!,2,의뢰인,3
9791168122369,놓지 마 과학!,2,위기,3
9791168122369,놓지 마 과학!,2,돌파,3
9791168122369,놓지 마 과학!,2,놓지 마 과학 17권,3
9791168122369,놓지 마 과학!,2,놓지 마 정신줄,3
9791168122369,놓지 마 과학!,2,특별,3
9791168122369,놓지 마 과학!,2,대표,3
9791168122369,놓지 마 과학!,2,대한민국,3
9791168122369,놓지 마 과학!,2,컴퓨터,3
9791168122369,놓지 마 과학!,2,사랑,3
9791168122369,놓지 마 과학!,2,수사,3
9791168122369,놓지 마 과학!,2,붙이,2
9791168122369,놓지 마 과학!,2,과학 일반,2
9791168122369,놓지 마 과학!,2,간이,2
9791168122369,놓지 마 과학!,2,대기권,2
9791168122369,놓지 마 과학!,2,발생,2
9791168122369,놓지 마 과학!,2,대포,2
9791168122369,놓지 마 과학!,2,사연,2
9791168122369,놓지 마 과학!,2,사고,2
9791168122369,놓지 마 과학!,2,벽돌,2
9791168122369,놓지 마 과학!,2,복제,2
9791168122369,놓지 마 과학!,2,X-file,2
9791168122369,놓지 마 과학!,2,기류,2
9791168122369,놓지 마 과학!,2,사실,2
9791168122369,놓지 마 과학!,2,사물,2
9791168122369,놓지 마 과학!,2,미스터리,2
9791168122369,놓지 마 과학!,2,괴상,2
9791168122369,놓지 마 과학!,2,단순,2
9791188073382,축구를 하며 생각한 것들 :손흥민 첫 에세이,2,손흥민,9
9791188073382,축구를 하며 생각한 것들 :손흥민 첫 에세이,2,축구를 하며 생각한 것들,9
9791188073382,축구를 하며 생각한 것들 :손흥민 첫 에세이,2,포토,9
9791188073382,축구를 하며 생각한 것들 :손흥민 첫 에세이,2,축구,7
9791188073382,축구를 하며 생각한 것들 :손흥민 첫 에세이,2,토트넘,5
9791188073382,축구를 하며 생각한 것들 :손흥민 첫 에세이,2,최고,5
9791188073382,축구를 하며 생각한 것들 :손흥민 첫 에세이,2,손세이셔널,5
9791188073382,축구를 하며 생각한 것들 :손흥민 첫 에세이,2,인간,4
9791188073382,축구를 하며 생각한 것들 :손흥민 첫 에세이,2,선수,4
9791188073382,축구를 하며 생각한 것들 :손흥민 첫 에세이,2,축구선수,4
9791188073382,축구를 하며 생각한 것들 :손흥민 첫 에세이,2,역대,4
9791188073382,축구를 하며 생각한 것들 :손흥민 첫 에세이,2,아시아,4
9791188073382,축구를 하며 생각한 것들 :손흥민 첫 에세이,2,영국,3
9791188073382,축구를 하며 생각한 것들 :손흥민 첫 에세이,2,런던,3
9791188073382,축구를 하며 생각한 것들 :손흥민 첫 에세이,2,함부르크,3
9791188073382,축구를 하며 생각한 것들 :손흥민 첫 에세이,2,중심,3
9791188073382,축구를 하며 생각한 것들 :손흥민 첫 에세이,2,Half,3
9791188073382,축구를 하며 생각한 것들 :손흥민 첫 에세이,2,시절,3
9791188073382,축구를 하며 생각한 것들 :손흥민 첫 에세이,2,슈퍼스타,3
9791188073382,축구를 하며 생각한 것들 :손흥민 첫 에세이,2,에세이,3
9791188073382,축구를 하며 생각한 것들 :손흥민 첫 에세이,2,레버쿠젠,2
9791188073382,축구를 하며 생각한 것들 :손흥민 첫 에세이,2,감각,2
9791188073382,축구를 하며 생각한 것들 :손흥민 첫 에세이,2,득점포와,2
9791188073382,축구를 하며 생각한 것들 :손흥민 첫 에세이,2,기회,2
9791188073382,축구를 하며 생각한 것들 :손흥민 첫 에세이,2,나이,2
9791188073382,축구를 하며 생각한 것들 :손흥민 첫 에세이,2,노트북,2
9791188073382,축구를 하며 생각한 것들 :손흥민 첫 에세이,2,누구,2
9791188073382,축구를 하며 생각한 것들 :손흥민 첫 에세이,2,눌러,2
9791188073382,축구를 하며 생각한 것들 :손흥민 첫 에세이,2,압도적,2
9791188073382,축구를 하며 생각한 것들 :손흥민 첫 에세이,2,동네,2
9791188073382,축구를 하며 생각한 것들 :손흥민 첫 에세이,2,담담,2
9791188073382,축구를 하며 생각한 것들 :손흥민 첫 에세이,2,엑스레이,2
9791188073382,축구를 하며 생각한 것들 :손흥민 첫 에세이,2,에이스,2
9791188073382,축구를 하며 생각한 것들 :손흥민 첫 에세이,2,에세이2,2
9791188073382,축구를 하며 생각한 것들 :손흥민 첫 에세이,2,4kg,2
9791188073382,축구를 하며 생각한 것들 :손흥민 첫 에세이,2,아버지,2
9791188073382,축구를 하며 생각한 것들 :손흥민 첫 에세이,2,수비수,2
9791188073382,축구를 하며 생각한 것들 :손흥민 첫 에세이,2,생각,2
9791188073382,축구를 하며 생각한 것들 :손흥민 첫 에세이,2,실력,2
9791188073382,축구를 하며 생각한 것들 :손흥민 첫 에세이,2,세계,2
9791188073382,축구를 하며 생각한 것들 :손흥민 첫 에세이,2,목소리,2
9791188073382,축구를 하며 생각한 것들 :손흥민 첫 에세이,2,1st,2
9791188073382,축구를 하며 생각한 것들 :손흥민 첫 에세이,2,에세이3,2
9791188073382,축구를 하며 생각한 것들 :손흥민 첫 에세이,2,교육,2
9791188073382,축구를 하며 생각한 것들 :손흥민 첫 에세이,2,에세이1,2
9791188073382,축구를 하며 생각한 것들 :손흥민 첫 에세이,2,공격수,2
9791188073382,축구를 하며 생각한 것들 :손흥민 첫 에세이,2,양봉업자,2
9791188073382,축구를 하며 생각한 것들 :손흥민 첫 에세이,2,결심,2
9791188073382,축구를 하며 생각한 것들 :손흥민 첫 에세이,2,순수,2
9791188073382,축구를 하며 생각한 것들 :손흥민 첫 에세이,2,소소,2
9791193401583,최소한의 삼국지 :최태성의 삼국지 고전 특강,2,삼국지,14
9791193401583,최소한의 삼국지 :최태성의 삼국지 고전 특강,2,조조,11
9791193401583,최소한의 삼국지 :최태성의 삼국지 고전 특강,2,유비,10
9791193401583,최소한의 삼국지 :최태성의 삼국지 고전 특강,2,최소한의 삼국지,9
9791193401583,최소한의 삼국지 :최태성의 삼국지 고전 특강,2,최태성,8
9791193401583,최소한의 삼국지 :최태성의 삼국지 고전 특강,2,천하,8
9791193401583,최소한의 삼국지 :최태성의 삼국지 고전 특강,2,역사,8
9791193401583,최소한의 삼국지 :최태성의 삼국지 고전 특강,2,도원결의,5
9791193401583,최소한의 삼국지 :최태성의 삼국지 고전 특강,2,손권,5
9791193401583,최소한의 삼국지 :최태성의 삼국지 고전 특강,2,등장,4
9791193401583,최소한의 삼국지 :최태성의 삼국지 고전 특강,2,에디션,4
9791193401583,최소한의 삼국지 :최태성의 삼국지 고전 특강,2,영웅,4
9791193401583,최소한의 삼국지 :최태성의 삼국지 고전 특강,2,형제,4
9791193401583,최소한의 삼국지 :최태성의 삼국지 고전 특강,2,제갈량,4
9791193401583,최소한의 삼국지 :최태성의 삼국지 고전 특강,2,고전,4
9791193401583,최소한의 삼국지 :최태성의 삼국지 고전 특강,2,관도대전,4
9791193401583,최소한의 삼국지 :최태성의 삼국지 고전 특강,2,역사 이야기꾼들,3
9791193401583,최소한의 삼국지 :최태성의 삼국지 고전 특강,2,역사저널 그날,3
9791193401583,최소한의 삼국지 :최태성의 삼국지 고전 특강,2,교양,3
9791193401583,최소한의 삼국지 :최태성의 삼국지 고전 특강,2,북벌,3
9791193401583,최소한의 삼국지 :최태성의 삼국지 고전 특강,2,베스트셀러,3
9791193401583,최소한의 삼국지 :최태성의 삼국지 고전 특강,2,벌거벗은 한국사,3
9791193401583,최소한의 삼국지 :최태성의 삼국지 고전 특강,2,지혜,3
9791193401583,최소한의 삼국지 :최태성의 삼국지 고전 특강,2,최태성 초등 TV,3
9791193401583,최소한의 삼국지 :최태성의 삼국지 고전 특강,2,통찰,3
9791193401583,최소한의 삼국지 :최태성의 삼국지 고전 특강,2,형주,3
9791193401583,최소한의 삼국지 :최태성의 삼국지 고전 특강,2,삼고초려,3
9791193401583,최소한의 삼국지 :최태성의 삼국지 고전 특강,2,여포,3
9791193401583,최소한의 삼국지 :최태성의 삼국지 고전 특강,2,독자,3
9791193401583,최소한의 삼국지 :최태성의 삼국지 고전 특강,2,기회,3
9791193401583,최소한의 삼국지 :최태성의 삼국지 고전 특강,2,연합,3
9791193401583,최소한의 삼국지 :최태성의 삼국지 고전 특강,2,주인,3
9791193401583,최소한의 삼국지 :최태성의 삼국지 고전 특강,2,대표,3
9791193401583,최소한의 삼국지 :최태성의 삼국지 고전 특강,2,배신,3
9791193401583,최소한의 삼국지 :최태성의 삼국지 고전 특강,2,죽음,3
9791193401583,최소한의 삼국지 :최태성의 삼국지 고전 특강,2,적벽대전,3
9791193401583,최소한의 삼국지 :최태성의 삼국지 고전 특강,2,사람,3
9791193401583,최소한의 삼국지 :최태성의 삼국지 고전 특강,2,관우,2
9791193401583,최소한의 삼국지 :최태성의 삼국지 고전 특강,2,세력,2
9791193401583,최소한의 삼국지 :최태성의 삼국지 고전 특강,2,사실,2
9791193401583,최소한의 삼국지 :최태성의 삼국지 고전 특강,2,교사,2
9791193401583,최소한의 삼국지 :최태성의 삼국지 고전 특강,2,스토리텔러,2
9791193401583,최소한의 삼국지 :최태성의 삼국지 고전 특강,2,1장,2
9791193401583,최소한의 삼국지 :최태성의 삼국지 고전 특강,2,물밑,2
9791193401583,최소한의 삼국지 :최태성의 삼국지 고전 특강,2,야망,2
9791193401583,최소한의 삼국지 :최태성의 삼국지 고전 특강,2,복잡,2
9791193401583,최소한의 삼국지 :최태성의 삼국지 고전 특강,2,강동,2
9791193401583,최소한의 삼국지 :최태성의 삼국지 고전 특강,2,격돌,2
9791193401583,최소한의 삼국지 :최태성의 삼국지 고전 특강,2,걸음마,2
9791193401583,최소한의 삼국지 :최태성의 삼국지 고전 특강,2,새장,2
9791194330424,"넥서스 :석기시대부터 AI까지, 정보 네트워크로 보는 인류 역사",2,사피엔스,23
9791194330424,"넥서스 :석기시대부터 AI까지, 정보 네트워크로 보는 인류 역사",2,호모 데우스,15
9791194330424,"넥서스 :석기시대부터 AI까지, 정보 네트워크로 보는 인류 역사",2,네트워크,9
9791194330424,"넥서스 :석기시대부터 AI까지, 정보 네트워크로 보는 인류 역사",2,인류,8
9791194330424,"넥서스 :석기시대부터 AI까지, 정보 네트워크로 보는 인류 역사",2,AI,8
9791194330424,"넥서스 :석기시대부터 AI까지, 정보 네트워크로 보는 인류 역사",2,역사,7
9791194330424,"넥서스 :석기시대부터 AI까지, 정보 네트워크로 보는 인류 역사",2,세계,7
9791194330424,"넥서스 :석기시대부터 AI까지, 정보 네트워크로 보는 인류 역사",2,뉴욕타임스,6
9791194330424,"넥서스 :석기시대부터 AI까지, 정보 네트워크로 보는 인류 역사",2,하라리,6
9791194330424,"넥서스 :석기시대부터 AI까지, 정보 네트워크로 보는 인류 역사",2,정보,6
9791194330424,"넥서스 :석기시대부터 AI까지, 정보 네트워크로 보는 인류 역사",2,인간,5
9791194330424,"넥서스 :석기시대부터 AI까지, 정보 네트워크로 보는 인류 역사",2,교수,5
9791194330424,"넥서스 :석기시대부터 AI까지, 정보 네트워크로 보는 인류 역사",2,컴퓨터,4
9791194330424,"넥서스 :석기시대부터 AI까지, 정보 네트워크로 보는 인류 역사",2,오류,4
9791194330424,"넥서스 :석기시대부터 AI까지, 정보 네트워크로 보는 인류 역사",2,민주주의,4
9791194330424,"넥서스 :석기시대부터 AI까지, 정보 네트워크로 보는 인류 역사",2,혁명,4
9791194330424,"넥서스 :석기시대부터 AI까지, 정보 네트워크로 보는 인류 역사",2,전체주의,4
9791194330424,"넥서스 :석기시대부터 AI까지, 정보 네트워크로 보는 인류 역사",2,유발,4
9791194330424,"넥서스 :석기시대부터 AI까지, 정보 네트워크로 보는 인류 역사",2,위협,4
9791194330424,"넥서스 :석기시대부터 AI까지, 정보 네트워크로 보는 인류 역사",2,베스트셀러,4
9791194330424,"넥서스 :석기시대부터 AI까지, 정보 네트워크로 보는 인류 역사",2,넥서스,3
9791194330424,"넥서스 :석기시대부터 AI까지, 정보 네트워크로 보는 인류 역사",2,기술,3
9791194330424,"넥서스 :석기시대부터 AI까지, 정보 네트워크로 보는 인류 역사",2,동물,3
9791194330424,"넥서스 :석기시대부터 AI까지, 정보 네트워크로 보는 인류 역사",2,신작,3
9791194330424,"넥서스 :석기시대부터 AI까지, 정보 네트워크로 보는 인류 역사",2,글로벌,3
9791194330424,"넥서스 :석기시대부터 AI까지, 정보 네트워크로 보는 인류 역사",2,시대,3
9791194330424,"넥서스 :석기시대부터 AI까지, 정보 네트워크로 보는 인류 역사",2,선데이타임스,3
9791194330424,"넥서스 :석기시대부터 AI까지, 정보 네트워크로 보는 인류 역사",2,사피엔스 그래픽 히스토리,3
9791194330424,"넥서스 :석기시대부터 AI까지, 정보 네트워크로 보는 인류 역사",2,사상가,3
9791194330424,"넥서스 :석기시대부터 AI까지, 정보 네트워크로 보는 인류 역사",2,반열,3
9791194330424,"넥서스 :석기시대부터 AI까지, 정보 네트워크로 보는 인류 역사",2,파이낸셜타임스,3
9791194330424,"넥서스 :석기시대부터 AI까지, 정보 네트워크로 보는 인류 역사",2,가디언,3
9791194330424,"넥서스 :석기시대부터 AI까지, 정보 네트워크로 보는 인류 역사",2,분열,2
9791194330424,"넥서스 :석기시대부터 AI까지, 정보 네트워크로 보는 인류 역사",2,보고,2
9791194330424,"넥서스 :석기시대부터 AI까지, 정보 네트워크로 보는 인류 역사",2,붕괴,2
9791194330424,"넥서스 :석기시대부터 AI까지, 정보 네트워크로 보는 인류 역사",2,본성,2
9791194330424,"넥서스 :석기시대부터 AI까지, 정보 네트워크로 보는 인류 역사",2,비인간,2
9791194330424,"넥서스 :석기시대부터 AI까지, 정보 네트워크로 보는 인류 역사",2,미래,2
9791194330424,"넥서스 :석기시대부터 AI까지, 정보 네트워크로 보는 인류 역사",2,문서,2
9791194330424,"넥서스 :석기시대부터 AI까지, 정보 네트워크로 보는 인류 역사",2,본질,2
9791194330424,"넥서스 :석기시대부터 AI까지, 정보 네트워크로 보는 인류 역사",2,생존,2
9791194330424,"넥서스 :석기시대부터 AI까지, 정보 네트워크로 보는 인류 역사",2,결정,2
9791194330424,"넥서스 :석기시대부터 AI까지, 정보 네트워크로 보는 인류 역사",2,성찰,2
9791194330424,"넥서스 :석기시대부터 AI까지, 정보 네트워크로 보는 인류 역사",2,비유기적,2
9791194330424,"넥서스 :석기시대부터 AI까지, 정보 네트워크로 보는 인류 역사",2,부분,2
9791194330424,"넥서스 :석기시대부터 AI까지, 정보 네트워크로 보는 인류 역사",2,간략,2
9791194330424,"넥서스 :석기시대부터 AI까지, 정보 네트워크로 보는 인류 역사",2,문제,2
9791194330424,"넥서스 :석기시대부터 AI까지, 정보 네트워크로 보는 인류 역사",2,무한,2
9791194330424,"넥서스 :석기시대부터 AI까지, 정보 네트워크로 보는 인류 역사",2,생태적,2
9791194330424,"넥서스 :석기시대부터 AI까지, 정보 네트워크로 보는 인류 역사",2,기회,2
9788934971351,철학은 날씨를 바꾼다 :삶을 쓰다듬는 위안의 책,2,철학,7
9788934971351,철학은 날씨를 바꾼다 :삶을 쓰다듬는 위안의 책,2,생각,6
9788934971351,철학은 날씨를 바꾼다 :삶을 쓰다듬는 위안의 책,2,생활의 사상,6
9788934971351,철학은 날씨를 바꾼다 :삶을 쓰다듬는 위안의 책,2,서동욱,5
9788934971351,철학은 날씨를 바꾼다 :삶을 쓰다듬는 위안의 책,2,예술,5
9788934971351,철학은 날씨를 바꾼다 :삶을 쓰다듬는 위안의 책,2,공편,5
9788934971351,철학은 날씨를 바꾼다 :삶을 쓰다듬는 위안의 책,2,철학과,5
9788934971351,철학은 날씨를 바꾼다 :삶을 쓰다듬는 위안의 책,2,세계,4
9788934971351,철학은 날씨를 바꾼다 :삶을 쓰다듬는 위안의 책,2,교수,4
9788934971351,철학은 날씨를 바꾼다 :삶을 쓰다듬는 위안의 책,2,바다,4
9788934971351,철학은 날씨를 바꾼다 :삶을 쓰다듬는 위안의 책,2,들뢰즈,4
9788934971351,철학은 날씨를 바꾼다 :삶을 쓰다듬는 위안의 책,2,욕망,4
9788934971351,철학은 날씨를 바꾼다 :삶을 쓰다듬는 위안의 책,2,차이와 타자,3
9788934971351,철학은 날씨를 바꾼다 :삶을 쓰다듬는 위안의 책,2,날씨,3
9788934971351,철학은 날씨를 바꾼다 :삶을 쓰다듬는 위안의 책,2,익명의 밤,3
9788934971351,철학은 날씨를 바꾼다 :삶을 쓰다듬는 위안의 책,2,활동,3
9788934971351,철학은 날씨를 바꾼다 :삶을 쓰다듬는 위안의 책,2,서강대학교,3
9788934971351,철학은 날씨를 바꾼다 :삶을 쓰다듬는 위안의 책,2,미술은 철학의 눈이다,3
9788934971351,철학은 날씨를 바꾼다 :삶을 쓰다듬는 위안의 책,2,시인,3
9788934971351,철학은 날씨를 바꾼다 :삶을 쓰다듬는 위안의 책,2,타자철학,3
9788934971351,철학은 날씨를 바꾼다 :삶을 쓰다듬는 위안의 책,2,칸트의 비판철학,3
9788934971351,철학은 날씨를 바꾼다 :삶을 쓰다듬는 위안의 책,2,프루스트와 기호들,3
9788934971351,철학은 날씨를 바꾼다 :삶을 쓰다듬는 위안의 책,2,홍루몽,3
9788934971351,철학은 날씨를 바꾼다 :삶을 쓰다듬는 위안의 책,2,세계의 문학,3
9788934971351,철학은 날씨를 바꾼다 :삶을 쓰다듬는 위안의 책,2,랭보가 시쓰기를 그만둔 날,3
9788934971351,철학은 날씨를 바꾼다 :삶을 쓰다듬는 위안의 책,2,들뢰즈의 철학,3
9788934971351,철학은 날씨를 바꾼다 :삶을 쓰다듬는 위안의 책,2,우주전쟁 중에 첫사랑,3
9788934971351,철학은 날씨를 바꾼다 :삶을 쓰다듬는 위안의 책,2,온몸으로 밀고 나가는 것이다,3
9788934971351,철학은 날씨를 바꾼다 :삶을 쓰다듬는 위안의 책,2,7년,3
9788934971351,철학은 날씨를 바꾼다 :삶을 쓰다듬는 위안의 책,2,존재에서 존재자로,3
9788934971351,철학은 날씨를 바꾼다 :삶을 쓰다듬는 위안의 책,2,별은 시를 찾아온다,3
9788934971351,철학은 날씨를 바꾼다 :삶을 쓰다듬는 위안의 책,2,스피노자의 귀환,3
9788934971351,철학은 날씨를 바꾼다 :삶을 쓰다듬는 위안의 책,2,차이와 반복의 사상,3
9788934971351,철학은 날씨를 바꾼다 :삶을 쓰다듬는 위안의 책,2,에세이,3
9788934971351,철학은 날씨를 바꾼다 :삶을 쓰다듬는 위안의 책,2,곡면의 힘,3
9788934971351,철학은 날씨를 바꾼다 :삶을 쓰다듬는 위안의 책,2,인간,3
9788934971351,철학은 날씨를 바꾼다 :삶을 쓰다듬는 위안의 책,2,철학자,3
9788934971351,철학은 날씨를 바꾼다 :삶을 쓰다듬는 위안의 책,2,철학과 현실,3
9788934971351,철학은 날씨를 바꾼다 :삶을 쓰다듬는 위안의 책,2,한 평생의 지식,3
9788934971351,철학은 날씨를 바꾼다 :삶을 쓰다듬는 위안의 책,2,싸우는 인문학,3
9788934971351,철학은 날씨를 바꾼다 :삶을 쓰다듬는 위안의 책,2,철학연습,3
9788934971351,철학은 날씨를 바꾼다 :삶을 쓰다듬는 위안의 책,2,일상의 모험,3
9788934971351,철학은 날씨를 바꾼다 :삶을 쓰다듬는 위안의 책,2,선물,3
9788934971351,철학은 날씨를 바꾼다 :삶을 쓰다듬는 위안의 책,2,시집,2
9788934971351,철학은 날씨를 바꾼다 :삶을 쓰다듬는 위안의 책,2,연결,2
9788934971351,철학은 날씨를 바꾼다 :삶을 쓰다듬는 위안의 책,2,계간,2
9788934971351,철학은 날씨를 바꾼다 :삶을 쓰다듬는 위안의 책,2,고립,2
9788934971351,철학은 날씨를 바꾼다 :삶을 쓰다듬는 위안의 책,2,여름비가,2
9788934971351,철학은 날씨를 바꾼다 :삶을 쓰다듬는 위안의 책,2,근대,2
9788934971351,철학은 날씨를 바꾼다 :삶을 쓰다듬는 위안의 책,2,김영사,2
9791188719167,"지속가능한 나이듦 :노년의 질병, 어떻게 대비할 것인가",2,노화,12
9791188719167,"지속가능한 나이듦 :노년의 질병, 어떻게 대비할 것인가",2,노년,10
9791188719167,"지속가능한 나이듦 :노년의 질병, 어떻게 대비할 것인가",2,사회,10
9791188719167,"지속가능한 나이듦 :노년의 질병, 어떻게 대비할 것인가",2,문제,8
9791188719167,"지속가능한 나이듦 :노년의 질병, 어떻게 대비할 것인가",2,질병,8
9791188719167,"지속가능한 나이듦 :노년의 질병, 어떻게 대비할 것인가",2,노쇠,7
9791188719167,"지속가능한 나이듦 :노년의 질병, 어떻게 대비할 것인가",2,인구,7
9791188719167,"지속가능한 나이듦 :노년의 질병, 어떻게 대비할 것인가",2,미래,6
9791188719167,"지속가능한 나이듦 :노년의 질병, 어떻게 대비할 것인가",2,노인,6
9791188719167,"지속가능한 나이듦 :노년의 질병, 어떻게 대비할 것인가",2,의사,5
9791188719167,"지속가능한 나이듦 :노년의 질병, 어떻게 대비할 것인가",2,지속가능,5
9791188719167,"지속가능한 나이듦 :노년의 질병, 어떻게 대비할 것인가",2,포트폴리오,4
9791188719167,"지속가능한 나이듦 :노년의 질병, 어떻게 대비할 것인가",2,증가,4
9791188719167,"지속가능한 나이듦 :노년의 질병, 어떻게 대비할 것인가",2,고령,4
9791188719167,"지속가능한 나이듦 :노년의 질병, 어떻게 대비할 것인가",2,초고령,4
9791188719167,"지속가능한 나이듦 :노년의 질병, 어떻게 대비할 것인가",2,나이듦,3
9791188719167,"지속가능한 나이듦 :노년의 질병, 어떻게 대비할 것인가",2,노년기,3
9791188719167,"지속가능한 나이듦 :노년의 질병, 어떻게 대비할 것인가",2,노년내과,3
9791188719167,"지속가능한 나이듦 :노년의 질병, 어떻게 대비할 것인가",2,메커니즘,3
9791188719167,"지속가능한 나이듦 :노년의 질병, 어떻게 대비할 것인가",2,공부,3
9791188719167,"지속가능한 나이듦 :노년의 질병, 어떻게 대비할 것인가",2,AGMR,3
9791188719167,"지속가능한 나이듦 :노년의 질병, 어떻게 대비할 것인가",2,대비,3
9791188719167,"지속가능한 나이듦 :노년의 질병, 어떻게 대비할 것인가",2,방법,3
9791188719167,"지속가능한 나이듦 :노년의 질병, 어떻게 대비할 것인가",2,사용,3
9791188719167,"지속가능한 나이듦 :노년의 질병, 어떻게 대비할 것인가",2,1부,3
9791188719167,"지속가능한 나이듦 :노년의 질병, 어떻게 대비할 것인가",2,정의,3
9791188719167,"지속가능한 나이듦 :노년의 질병, 어떻게 대비할 것인가",2,숫자,2
9791188719167,"지속가능한 나이듦 :노년의 질병, 어떻게 대비할 것인가",2,사회학 일반,2
9791188719167,"지속가능한 나이듦 :노년의 질병, 어떻게 대비할 것인가",2,대체,2
9791188719167,"지속가능한 나이듦 :노년의 질병, 어떻게 대비할 것인가",2,다약제,2
9791188719167,"지속가능한 나이듦 :노년의 질병, 어떻게 대비할 것인가",2,노인의학,2
9791188719167,"지속가능한 나이듦 :노년의 질병, 어떻게 대비할 것인가",2,대개,2
9791188719167,"지속가능한 나이듦 :노년의 질병, 어떻게 대비할 것인가",2,눈앞,2
9791188719167,"지속가능한 나이듦 :노년의 질병, 어떻게 대비할 것인가",2,달콤,2
9791188719167,"지속가능한 나이듦 :노년의 질병, 어떻게 대비할 것인가",2,노후,2
9791188719167,"지속가능한 나이듦 :노년의 질병, 어떻게 대비할 것인가",2,다양,2
9791188719167,"지속가능한 나이듦 :노년의 질병, 어떻게 대비할 것인가",2,관리,2
9791188719167,"지속가능한 나이듦 :노년의 질병, 어떻게 대비할 것인가",2,2부,2
9791188719167,"지속가능한 나이듦 :노년의 질병, 어떻게 대비할 것인가",2,3차원,2
9791188719167,"지속가능한 나이듦 :노년의 질병, 어떻게 대비할 것인가",2,AI,2
9791188719167,"지속가능한 나이듦 :노년의 질병, 어떻게 대비할 것인가",2,면도날과,2
9791188719167,"지속가능한 나이듦 :노년의 질병, 어떻게 대비할 것인가",2,격언,2
9791188719167,"지속가능한 나이듦 :노년의 질병, 어떻게 대비할 것인가",2,결과,2
9791188719167,"지속가능한 나이듦 :노년의 질병, 어떻게 대비할 것인가",2,맞이,2
9791188719167,"지속가능한 나이듦 :노년의 질병, 어떻게 대비할 것인가",2,불과,2
9791188719167,"지속가능한 나이듦 :노년의 질병, 어떻게 대비할 것인가",2,사회적,2
9791188719167,"지속가능한 나이듦 :노년의 질병, 어떻게 대비할 것인가",2,시간,2
9791188719167,"지속가능한 나이듦 :노년의 질병, 어떻게 대비할 것인가",2,급격,2
9791188719167,"지속가능한 나이듦 :노년의 질병, 어떻게 대비할 것인가",2,나이,2
9791188719167,"지속가능한 나이듦 :노년의 질병, 어떻게 대비할 것인가",2,나이듦에,2
9788936433598,채식주의자:한강 연작소설,2,영혜,40
9788936433598,채식주의자:한강 연작소설,2,채식주의자,37
9788936433598,채식주의자:한강 연작소설,2,몽고반점,18
9788936433598,채식주의자:한강 연작소설,2,내 여자의 열매,15
9788936433598,채식주의자:한강 연작소설,2,나무 불꽃,12
9788936433598,채식주의자:한강 연작소설,2,욕망,10
9788936433598,채식주의자:한강 연작소설,2,남편,9
9788936433598,채식주의자:한강 연작소설,2,한강,8
9788936433598,채식주의자:한강 연작소설,2,기억,8
9788936433598,채식주의자:한강 연작소설,2,육식,8
9788936433598,채식주의자:한강 연작소설,2,장면,7
9788936433598,채식주의자:한강 연작소설,2,인혜,7
9788936433598,채식주의자:한강 연작소설,2,시선,6
9788936433598,채식주의자:한강 연작소설,2,상상력,6
9788936433598,채식주의자:한강 연작소설,2,소년이 온다,6
9788936433598,채식주의자:한강 연작소설,2,식물적,5
9788936433598,채식주의자:한강 연작소설,2,죽음,5
9788936433598,채식주의자:한강 연작소설,2,거부,5
9788936433598,채식주의자:한강 연작소설,2,형부,5
9788936433598,채식주의자:한강 연작소설,2,자신,5
9788936433598,채식주의자:한강 연작소설,2,상처,5
9788936433598,채식주의자:한강 연작소설,2,어린시절,5
9788936433598,채식주의자:한강 연작소설,2,발표,4
9788936433598,채식주의자:한강 연작소설,2,창비,4
9788936433598,채식주의자:한강 연작소설,2,아내,4
9788936433598,채식주의자:한강 연작소설,2,주인공,4
9788936433598,채식주의자:한강 연작소설,2,나무,4
9788936433598,채식주의자:한강 연작소설,2,수상작,4
9788936433598,채식주의자:한강 연작소설,2,이상문학상,4
9788936433598,채식주의자:한강 연작소설,2,구성,3
9788936433598,채식주의자:한강 연작소설,2,희랍어 시간,3
9788936433598,채식주의자:한강 연작소설,2,이해,3
9788936433598,채식주의자:한강 연작소설,2,맨부커상,3
9788936433598,채식주의자:한강 연작소설,2,바람이 분다 가라,3
9788936433598,채식주의자:한강 연작소설,2,그대의 차가운 손,3
9788936433598,채식주의자:한강 연작소설,2,문학과사회,3
9788936433598,채식주의자:한강 연작소설,2,언니,3
9788936433598,채식주의자:한강 연작소설,2,결합,3
9788936433598,채식주의자:한강 연작소설,2,붉은 닻,3
9788936433598,채식주의자:한강 연작소설,2,서랍에 저녁을 넣어 두었다,3
9788936433598,채식주의자:한강 연작소설,2,여수의 사랑,3
9788936433598,채식주의자:한강 연작소설,2,인물,3
9788936433598,채식주의자:한강 연작소설,2,작가의 말,3
9788936433598,채식주의자:한강 연작소설,2,문제,3
9788936433598,채식주의자:한강 연작소설,2,예술혼,3
9788936433598,채식주의자:한강 연작소설,2,2005년,3
9788936433598,채식주의자:한강 연작소설,2,처제,3
9788936433598,채식주의자:한강 연작소설,2,검은 사슴,3
9788936433598,채식주의자:한강 연작소설,2,결국,3
9788936433598,채식주의자:한강 연작소설,2,노랑무늬영원,3
9791198173898,비가 오면 열리는 상점 =유영광 장편소설 /The rainbow goblin store,2,비가 오면 열리는 상점,9
9791198173898,비가 오면 열리는 상점 =유영광 장편소설 /The rainbow goblin store,2,달러구트 꿈 백화점,6
9791198173898,비가 오면 열리는 상점 =유영광 장편소설 /The rainbow goblin store,2,독자,4
9791198173898,비가 오면 열리는 상점 =유영광 장편소설 /The rainbow goblin store,2,역사,4
9791198173898,비가 오면 열리는 상점 =유영광 장편소설 /The rainbow goblin store,2,해외,4
9791198173898,비가 오면 열리는 상점 =유영광 장편소설 /The rainbow goblin store,2,불행,4
9791198173898,비가 오면 열리는 상점 =유영광 장편소설 /The rainbow goblin store,2,신인,4
9791198173898,비가 오면 열리는 상점 =유영광 장편소설 /The rainbow goblin store,2,감동,4
9791198173898,비가 오면 열리는 상점 =유영광 장편소설 /The rainbow goblin store,2,6개국,4
9791198173898,비가 오면 열리는 상점 =유영광 장편소설 /The rainbow goblin store,2,판권,4
9791198173898,비가 오면 열리는 상점 =유영광 장편소설 /The rainbow goblin store,2,수상,4
9791198173898,비가 오면 열리는 상점 =유영광 장편소설 /The rainbow goblin store,2,폴란드,3
9791198173898,비가 오면 열리는 상점 =유영광 장편소설 /The rainbow goblin store,2,출판,3
9791198173898,비가 오면 열리는 상점 =유영광 장편소설 /The rainbow goblin store,2,러시아,3
9791198173898,비가 오면 열리는 상점 =유영광 장편소설 /The rainbow goblin store,2,대만,3
9791198173898,비가 오면 열리는 상점 =유영광 장편소설 /The rainbow goblin store,2,안내묘,3
9791198173898,비가 오면 열리는 상점 =유영광 장편소설 /The rainbow goblin store,2,포르투갈,3
9791198173898,비가 오면 열리는 상점 =유영광 장편소설 /The rainbow goblin store,2,수출,3
9791198173898,비가 오면 열리는 상점 =유영광 장편소설 /The rainbow goblin store,2,국내,3
9791198173898,비가 오면 열리는 상점 =유영광 장편소설 /The rainbow goblin store,2,판타지,3
9791198173898,비가 오면 열리는 상점 =유영광 장편소설 /The rainbow goblin store,2,이탈리아,3
9791198173898,비가 오면 열리는 상점 =유영광 장편소설 /The rainbow goblin store,2,일본,3
9791198173898,비가 오면 열리는 상점 =유영광 장편소설 /The rainbow goblin store,2,최초,3
9791198173898,비가 오면 열리는 상점 =유영광 장편소설 /The rainbow goblin store,2,괴물,3
9791198173898,비가 오면 열리는 상점 =유영광 장편소설 /The rainbow goblin store,2,모금,3
9791198173898,비가 오면 열리는 상점 =유영광 장편소설 /The rainbow goblin store,2,모험,2
9791198173898,비가 오면 열리는 상점 =유영광 장편소설 /The rainbow goblin store,2,무더위,2
9791198173898,비가 오면 열리는 상점 =유영광 장편소설 /The rainbow goblin store,2,미로,2
9791198173898,비가 오면 열리는 상점 =유영광 장편소설 /The rainbow goblin store,2,성과,2
9791198173898,비가 오면 열리는 상점 =유영광 장편소설 /The rainbow goblin store,2,문지기,2
9791198173898,비가 오면 열리는 상점 =유영광 장편소설 /The rainbow goblin store,2,마타,2
9791198173898,비가 오면 열리는 상점 =유영광 장편소설 /The rainbow goblin store,2,사람,2
9791198173898,비가 오면 열리는 상점 =유영광 장편소설 /The rainbow goblin store,2,상점,2
9791198173898,비가 오면 열리는 상점 =유영광 장편소설 /The rainbow goblin store,2,금액,2
9791198173898,비가 오면 열리는 상점 =유영광 장편소설 /The rainbow goblin store,2,2023년,2
9791198173898,비가 오면 열리는 상점 =유영광 장편소설 /The rainbow goblin store,2,4월,2
9791198173898,비가 오면 열리는 상점 =유영광 장편소설 /The rainbow goblin store,2,Prologue,2
9791198173898,비가 오면 열리는 상점 =유영광 장편소설 /The rainbow goblin store,2,가게,2
9791198173898,비가 오면 열리는 상점 =유영광 장편소설 /The rainbow goblin store,2,살롱,2
9791198173898,비가 오면 열리는 상점 =유영광 장편소설 /The rainbow goblin store,2,고물상,2
9791198173898,비가 오면 열리는 상점 =유영광 장편소설 /The rainbow goblin store,2,공방,2
9791198173898,비가 오면 열리는 상점 =유영광 장편소설 /The rainbow goblin store,2,괴소문,2
9791198173898,비가 오면 열리는 상점 =유영광 장편소설 /The rainbow goblin store,2,베스트셀러,2
9791198173898,비가 오면 열리는 상점 =유영광 장편소설 /The rainbow goblin store,2,보르도,2
9791198173898,비가 오면 열리는 상점 =유영광 장편소설 /The rainbow goblin store,2,비가,2
9791198173898,비가 오면 열리는 상점 =유영광 장편소설 /The rainbow goblin store,2,니콜,2
9791198173898,비가 오면 열리는 상점 =유영광 장편소설 /The rainbow goblin store,2,대신,2
9791198173898,비가 오면 열리는 상점 =유영광 장편소설 /The rainbow goblin store,2,세린,2
9791198173898,비가 오면 열리는 상점 =유영광 장편소설 /The rainbow goblin store,2,데스크,2
9791198173898,비가 오면 열리는 상점 =유영광 장편소설 /The rainbow goblin store,2,도깨비,2
9791155402306,삶이라는 지옥을 건너는 70가지 방법 :어제의 불행이 오늘의 행복이 되는 쇼펜하우어의 지혜,2,쇼펜하우어,13
9791155402306,삶이라는 지옥을 건너는 70가지 방법 :어제의 불행이 오늘의 행복이 되는 쇼펜하우어의 지혜,2,세상,13
9791155402306,삶이라는 지옥을 건너는 70가지 방법 :어제의 불행이 오늘의 행복이 되는 쇼펜하우어의 지혜,2,철학,13
9791155402306,삶이라는 지옥을 건너는 70가지 방법 :어제의 불행이 오늘의 행복이 되는 쇼펜하우어의 지혜,2,고통,11
9791155402306,삶이라는 지옥을 건너는 70가지 방법 :어제의 불행이 오늘의 행복이 되는 쇼펜하우어의 지혜,2,생각,11
9791155402306,삶이라는 지옥을 건너는 70가지 방법 :어제의 불행이 오늘의 행복이 되는 쇼펜하우어의 지혜,2,마음,9
9791155402306,삶이라는 지옥을 건너는 70가지 방법 :어제의 불행이 오늘의 행복이 되는 쇼펜하우어의 지혜,2,행복,8
9791155402306,삶이라는 지옥을 건너는 70가지 방법 :어제의 불행이 오늘의 행복이 되는 쇼펜하우어의 지혜,2,인식,8
9791155402306,삶이라는 지옥을 건너는 70가지 방법 :어제의 불행이 오늘의 행복이 되는 쇼펜하우어의 지혜,2,사람,8
9791155402306,삶이라는 지옥을 건너는 70가지 방법 :어제의 불행이 오늘의 행복이 되는 쇼펜하우어의 지혜,2,희망,6
9791155402306,삶이라는 지옥을 건너는 70가지 방법 :어제의 불행이 오늘의 행복이 되는 쇼펜하우어의 지혜,2,철학자,6
9791155402306,삶이라는 지옥을 건너는 70가지 방법 :어제의 불행이 오늘의 행복이 되는 쇼펜하우어의 지혜,2,존재,6
9791155402306,삶이라는 지옥을 건너는 70가지 방법 :어제의 불행이 오늘의 행복이 되는 쇼펜하우어의 지혜,2,사랑,6
9791155402306,삶이라는 지옥을 건너는 70가지 방법 :어제의 불행이 오늘의 행복이 되는 쇼펜하우어의 지혜,2,지혜,5
9791155402306,삶이라는 지옥을 건너는 70가지 방법 :어제의 불행이 오늘의 행복이 되는 쇼펜하우어의 지혜,2,니체,5
9791155402306,삶이라는 지옥을 건너는 70가지 방법 :어제의 불행이 오늘의 행복이 되는 쇼펜하우어의 지혜,2,운명,4
9791155402306,삶이라는 지옥을 건너는 70가지 방법 :어제의 불행이 오늘의 행복이 되는 쇼펜하우어의 지혜,2,위로,4
9791155402306,삶이라는 지옥을 건너는 70가지 방법 :어제의 불행이 오늘의 행복이 되는 쇼펜하우어의 지혜,2,자신,4
9791155402306,삶이라는 지옥을 건너는 70가지 방법 :어제의 불행이 오늘의 행복이 되는 쇼펜하우어의 지혜,2,세계,4
9791155402306,삶이라는 지옥을 건너는 70가지 방법 :어제의 불행이 오늘의 행복이 되는 쇼펜하우어의 지혜,2,필요,4
9791155402306,삶이라는 지옥을 건너는 70가지 방법 :어제의 불행이 오늘의 행복이 되는 쇼펜하우어의 지혜,2,머리말,4
9791155402306,삶이라는 지옥을 건너는 70가지 방법 :어제의 불행이 오늘의 행복이 되는 쇼펜하우어의 지혜,2,죽음,4
9791155402306,삶이라는 지옥을 건너는 70가지 방법 :어제의 불행이 오늘의 행복이 되는 쇼펜하우어의 지혜,2,자기,4
9791155402306,삶이라는 지옥을 건너는 70가지 방법 :어제의 불행이 오늘의 행복이 되는 쇼펜하우어의 지혜,2,불편,3
9791155402306,삶이라는 지옥을 건너는 70가지 방법 :어제의 불행이 오늘의 행복이 되는 쇼펜하우어의 지혜,2,지옥,3
9791155402306,삶이라는 지옥을 건너는 70가지 방법 :어제의 불행이 오늘의 행복이 되는 쇼펜하우어의 지혜,2,사람이 아름답다,3
9791155402306,삶이라는 지옥을 건너는 70가지 방법 :어제의 불행이 오늘의 행복이 되는 쇼펜하우어의 지혜,2,초인 사상으로 보는 인문학,3
9791155402306,삶이라는 지옥을 건너는 70가지 방법 :어제의 불행이 오늘의 행복이 되는 쇼펜하우어의 지혜,2,인생,3
9791155402306,삶이라는 지옥을 건너는 70가지 방법 :어제의 불행이 오늘의 행복이 되는 쇼펜하우어의 지혜,2,니체와 초인의 언어,3
9791155402306,삶이라는 지옥을 건너는 70가지 방법 :어제의 불행이 오늘의 행복이 되는 쇼펜하우어의 지혜,2,시간,3
9791155402306,삶이라는 지옥을 건너는 70가지 방법 :어제의 불행이 오늘의 행복이 되는 쇼펜하우어의 지혜,2,아침놀,3
9791155402306,삶이라는 지옥을 건너는 70가지 방법 :어제의 불행이 오늘의 행복이 되는 쇼펜하우어의 지혜,2,불행,3
9791155402306,삶이라는 지옥을 건너는 70가지 방법 :어제의 불행이 오늘의 행복이 되는 쇼펜하우어의 지혜,2,뜻밖,3
9791155402306,삶이라는 지옥을 건너는 70가지 방법 :어제의 불행이 오늘의 행복이 되는 쇼펜하우어의 지혜,2,인생론,3
9791155402306,삶이라는 지옥을 건너는 70가지 방법 :어제의 불행이 오늘의 행복이 되는 쇼펜하우어의 지혜,2,이성,3
9791155402306,삶이라는 지옥을 건너는 70가지 방법 :어제의 불행이 오늘의 행복이 되는 쇼펜하우어의 지혜,2,의미,3
9791155402306,삶이라는 지옥을 건너는 70가지 방법 :어제의 불행이 오늘의 행복이 되는 쇼펜하우어의 지혜,2,이 사람을 보라,3
9791155402306,삶이라는 지옥을 건너는 70가지 방법 :어제의 불행이 오늘의 행복이 되는 쇼펜하우어의 지혜,2,실수,3
9791155402306,삶이라는 지옥을 건너는 70가지 방법 :어제의 불행이 오늘의 행복이 되는 쇼펜하우어의 지혜,2,의지,3
9791155402306,삶이라는 지옥을 건너는 70가지 방법 :어제의 불행이 오늘의 행복이 되는 쇼펜하우어의 지혜,2,의지와 표상으로서의 세계,3
9791155402306,삶이라는 지옥을 건너는 70가지 방법 :어제의 불행이 오늘의 행복이 되는 쇼펜하우어의 지혜,2,연구,2
9791155402306,삶이라는 지옥을 건너는 70가지 방법 :어제의 불행이 오늘의 행복이 되는 쇼펜하우어의 지혜,2,시대,2
9791155402306,삶이라는 지옥을 건너는 70가지 방법 :어제의 불행이 오늘의 행복이 되는 쇼펜하우어의 지혜,2,실존주의,2
9791155402306,삶이라는 지옥을 건너는 70가지 방법 :어제의 불행이 오늘의 행복이 되는 쇼펜하우어의 지혜,2,노인,2
9791155402306,삶이라는 지옥을 건너는 70가지 방법 :어제의 불행이 오늘의 행복이 되는 쇼펜하우어의 지혜,2,여행,2
9791155402306,삶이라는 지옥을 건너는 70가지 방법 :어제의 불행이 오늘의 행복이 되는 쇼펜하우어의 지혜,2,시인,2
9791155402306,삶이라는 지옥을 건너는 70가지 방법 :어제의 불행이 오늘의 행복이 되는 쇼펜하우어의 지혜,2,1부,2
9791155402306,삶이라는 지옥을 건너는 70가지 방법 :어제의 불행이 오늘의 행복이 되는 쇼펜하우어의 지혜,2,계보,2
9791155402306,삶이라는 지옥을 건너는 70가지 방법 :어제의 불행이 오늘의 행복이 되는 쇼펜하우어의 지혜,2,2장,2
9791155402306,삶이라는 지옥을 건너는 70가지 방법 :어제의 불행이 오늘의 행복이 되는 쇼펜하우어의 지혜,2,시작,2
9791193128992,요즘 어른을 위한 최소한의 한국사,2,역사,21
9791193128992,요즘 어른을 위한 최소한의 한국사,2,한국사,17
9791193128992,요즘 어른을 위한 최소한의 한국사,2,조선,8
9791193128992,요즘 어른을 위한 최소한의 한국사,2,PART,8
9791193128992,요즘 어른을 위한 최소한의 한국사,2,고조선,7
9791193128992,요즘 어른을 위한 최소한의 한국사,2,고려,6
9791193128992,요즘 어른을 위한 최소한의 한국사,2,한반도,5
9791193128992,요즘 어른을 위한 최소한의 한국사,2,이룬,5
9791193128992,요즘 어른을 위한 최소한의 한국사,2,시작,5
9791193128992,요즘 어른을 위한 최소한의 한국사,2,통일,4
9791193128992,요즘 어른을 위한 최소한의 한국사,2,독자,4
9791193128992,요즘 어른을 위한 최소한의 한국사,2,문화,4
9791193128992,요즘 어른을 위한 최소한의 한국사,2,국가,4
9791193128992,요즘 어른을 위한 최소한의 한국사,2,시대,4
9791193128992,요즘 어른을 위한 최소한의 한국사,2,신라,3
9791193128992,요즘 어른을 위한 최소한의 한국사,2,쏨작가의 지식사전,3
9791193128992,요즘 어른을 위한 최소한의 한국사,2,오늘날,3
9791193128992,요즘 어른을 위한 최소한의 한국사,2,필요,3
9791193128992,요즘 어른을 위한 최소한의 한국사,2,흐름,3
9791193128992,요즘 어른을 위한 최소한의 한국사,2,백제,3
9791193128992,요즘 어른을 위한 최소한의 한국사,2,삼국시대,3
9791193128992,요즘 어른을 위한 최소한의 한국사,2,교양,3
9791193128992,요즘 어른을 위한 최소한의 한국사,2,세계사,3
9791193128992,요즘 어른을 위한 최소한의 한국사,2,500년,3
9791193128992,요즘 어른을 위한 최소한의 한국사,2,경험,3
9791193128992,요즘 어른을 위한 최소한의 한국사,2,제대,3
9791193128992,요즘 어른을 위한 최소한의 한국사,2,임소미,3
9791193128992,요즘 어른을 위한 최소한의 한국사,2,이유,3
9791193128992,요즘 어른을 위한 최소한의 한국사,2,스토리텔러,2
9791193128992,요즘 어른을 위한 최소한의 한국사,2,대업,2
9791193128992,요즘 어른을 위한 최소한의 한국사,2,사건,2
9791193128992,요즘 어른을 위한 최소한의 한국사,2,사람,2
9791193128992,요즘 어른을 위한 최소한의 한국사,2,대한제국,2
9791193128992,요즘 어른을 위한 최소한의 한국사,2,가야,2
9791193128992,요즘 어른을 위한 최소한의 한국사,2,독특,2
9791193128992,요즘 어른을 위한 최소한의 한국사,2,승자,2
9791193128992,요즘 어른을 위한 최소한의 한국사,2,선택,2
9791193128992,요즘 어른을 위한 최소한의 한국사,2,삼국,2
9791193128992,요즘 어른을 위한 최소한의 한국사,2,분야,2
9791193128992,요즘 어른을 위한 최소한의 한국사,2,구독자,2
9791193128992,요즘 어른을 위한 최소한의 한국사,2,빅피시,2
9791193128992,요즘 어른을 위한 최소한의 한국사,2,쏙쏙,2
9791193128992,요즘 어른을 위한 최소한의 한국사,2,계보도,2
9791193128992,요즘 어른을 위한 최소한의 한국사,2,기상,2
9791193128992,요즘 어른을 위한 최소한의 한국사,2,고통,2
9791193128992,요즘 어른을 위한 최소한의 한국사,2,간섭,2
9791193128992,요즘 어른을 위한 최소한의 한국사,2,성립,2
9791193128992,요즘 어른을 위한 최소한의 한국사,2,사방,2
9791193128992,요즘 어른을 위한 최소한의 한국사,2,분열,2
9791193128992,요즘 어른을 위한 최소한의 한국사,2,베스트셀러,2
9788932475011,우리가 작별 인사를 할 때마다,2,외할머니,10
9788932475011,우리가 작별 인사를 할 때마다,2,렌클,10
9788932475011,우리가 작별 인사를 할 때마다,2,전하,10
9788932475011,우리가 작별 인사를 할 때마다,2,집굴뚝새,7
9788932475011,우리가 작별 인사를 할 때마다,2,사랑,7
9788932475011,우리가 작별 인사를 할 때마다,2,미국,6
9788932475011,우리가 작별 인사를 할 때마다,2,죽음,6
9788932475011,우리가 작별 인사를 할 때마다,2,파랑새,5
9788932475011,우리가 작별 인사를 할 때마다,2,자신,5
9788932475011,우리가 작별 인사를 할 때마다,2,폭풍우,4
9788932475011,우리가 작별 인사를 할 때마다,2,것들,4
9788932475011,우리가 작별 인사를 할 때마다,2,어머니,4
9788932475011,우리가 작별 인사를 할 때마다,2,남부,4
9788932475011,우리가 작별 인사를 할 때마다,2,둥지,4
9788932475011,우리가 작별 인사를 할 때마다,2,마거릿,4
9788932475011,우리가 작별 인사를 할 때마다,2,안전,4
9788932475011,우리가 작별 인사를 할 때마다,2,아주,3
9788932475011,우리가 작별 인사를 할 때마다,2,세상,3
9788932475011,우리가 작별 인사를 할 때마다,2,출신,3
9788932475011,우리가 작별 인사를 할 때마다,2,정원,3
9788932475011,우리가 작별 인사를 할 때마다,2,거룩,3
9788932475011,우리가 작별 인사를 할 때마다,2,청설모,3
9788932475011,우리가 작별 인사를 할 때마다,2,유골,3
9788932475011,우리가 작별 인사를 할 때마다,2,뉴욕 타임스,3
9788932475011,우리가 작별 인사를 할 때마다,2,시간,3
9788932475011,우리가 작별 인사를 할 때마다,2,산책,3
9788932475011,우리가 작별 인사를 할 때마다,2,Chapter16,3
9788932475011,우리가 작별 인사를 할 때마다,2,새끼,3
9788932475011,우리가 작별 인사를 할 때마다,2,무사,2
9788932475011,우리가 작별 인사를 할 때마다,2,난폭,2
9788932475011,우리가 작별 인사를 할 때마다,2,세계,2
9788932475011,우리가 작별 인사를 할 때마다,2,믿음,2
9788932475011,우리가 작별 인사를 할 때마다,2,방위군,2
9788932475011,우리가 작별 인사를 할 때마다,2,벙커,2
9788932475011,우리가 작별 인사를 할 때마다,2,본능,2
9788932475011,우리가 작별 인사를 할 때마다,2,봅시,2
9788932475011,우리가 작별 인사를 할 때마다,2,비밀,2
9788932475011,우리가 작별 인사를 할 때마다,2,개울,2
9788932475011,우리가 작별 인사를 할 때마다,2,복숭아,2
9788932475011,우리가 작별 인사를 할 때마다,2,수련,2
9788932475011,우리가 작별 인사를 할 때마다,2,숙고,2
9788932475011,우리가 작별 인사를 할 때마다,2,먼지,2
9788932475011,우리가 작별 인사를 할 때마다,2,방식,2
9788932475011,우리가 작별 인사를 할 때마다,2,생물,2
9788932475011,우리가 작별 인사를 할 때마다,2,견진성사,2
9788932475011,우리가 작별 인사를 할 때마다,2,수필가,2
9788932475011,우리가 작별 인사를 할 때마다,2,스노,2
9788932475011,우리가 작별 인사를 할 때마다,2,스노문,2
9788932475011,우리가 작별 인사를 할 때마다,2,시인,2
9788932475011,우리가 작별 인사를 할 때마다,2,무심,2
9788954697941,두 사람의 인터내셔널 :김기태 소설,2,김기태,12
9788954697941,두 사람의 인터내셔널 :김기태 소설,2,전조등,12
9788954697941,두 사람의 인터내셔널 :김기태 소설,2,롤링 선더 러브,12
9788954697941,두 사람의 인터내셔널 :김기태 소설,2,보편 교양,12
9788954697941,두 사람의 인터내셔널 :김기태 소설,2,두 사람의 인터내셔널,6
9788954697941,두 사람의 인터내셔널 :김기태 소설,2,한국문학,6
9788954697941,두 사람의 인터내셔널 :김기태 소설,2,세상 모든 바다,6
9788954697941,두 사람의 인터내셔널 :김기태 소설,2,팍스 아토미카,6
9788954697941,두 사람의 인터내셔널 :김기태 소설,2,젊은작가,3
9788954697941,두 사람의 인터내셔널 :김기태 소설,2,문학동네,3
9788954697941,두 사람의 인터내셔널 :김기태 소설,2,문학계,3
9788954697941,두 사람의 인터내셔널 :김기태 소설,2,한국,3
9788954697941,두 사람의 인터내셔널 :김기태 소설,2,2020년대,3
9788954697941,두 사람의 인터내셔널 :김기태 소설,2,수상,3
9788954697941,두 사람의 인터내셔널 :김기태 소설,2,심사평,2
9788954697941,두 사람의 인터내셔널 :김기태 소설,2,예고,2
9788954697941,두 사람의 인터내셔널 :김기태 소설,2,올해,2
9788954697941,두 사람의 인터내셔널 :김기태 소설,2,문학과지성사,2
9788954697941,두 사람의 인터내셔널 :김기태 소설,2,우수,2
9788954697941,두 사람의 인터내셔널 :김기태 소설,2,이상문학상,2
9788954697941,두 사람의 인터내셔널 :김기태 소설,2,범상치,2
9788954697941,두 사람의 인터내셔널 :김기태 소설,2,신성新星,2
9788954697941,두 사람의 인터내셔널 :김기태 소설,2,사람,2
9788954697941,두 사람의 인터내셔널 :김기태 소설,2,종횡무진,2
9788954697941,두 사람의 인터내셔널 :김기태 소설,2,처음,2
9788954697941,두 사람의 인터내셔널 :김기태 소설,2,표제작,2
9788954697941,두 사람의 인터내셔널 :김기태 소설,2,소설집,2
9788954697941,두 사람의 인터내셔널 :김기태 소설,2,문제소설,2
9788954697941,두 사람의 인터내셔널 :김기태 소설,2,신인,2
9788954697941,두 사람의 인터내셔널 :김기태 소설,2,근래,2
9788954697941,두 사람의 인터내셔널 :김기태 소설,2,신춘문예,2
9788954697941,두 사람의 인터내셔널 :김기태 소설,2,강력,2
9788954697941,두 사람의 인터내셔널 :김기태 소설,2,계절,2
9788954697941,두 사람의 인터내셔널 :김기태 소설,2,그대,2
9788954697941,두 사람의 인터내셔널 :김기태 소설,2,2022년,2
9788954697941,두 사람의 인터내셔널 :김기태 소설,2,2000년대 이후 한국소설,2
9788954697941,두 사람의 인터내셔널 :김기태 소설,2,단단,2
9788954697941,두 사람의 인터내셔널 :김기태 소설,2,단숨,2
9788954697941,두 사람의 인터내셔널 :김기태 소설,2,당시,2
9788954697941,두 사람의 인터내셔널 :김기태 소설,2,데뷔,2
9788954697941,두 사람의 인터내셔널 :김기태 소설,2,동아일보,2
9788954697941,두 사람의 인터내셔널 :김기태 소설,2,출현,2
9788954697941,두 사람의 인터내셔널 :김기태 소설,2,화제,2
9788954697941,두 사람의 인터내셔널 :김기태 소설,2,흡인력,2
9788954697941,두 사람의 인터내셔널 :김기태 소설,2,돋보인다,2
9788954697941,두 사람의 인터내셔널 :김기태 소설,2,2년,2
9788954697941,두 사람의 인터내셔널 :김기태 소설,2,시도,1
9788954697941,두 사람의 인터내셔널 :김기태 소설,2,SNS,1
9788954697941,두 사람의 인터내셔널 :김기태 소설,2,기쁨,1
9788954697941,두 사람의 인터내셔널 :김기태 소설,2,롤링,1
9791195463800,상상하지 말라 :그들이 말하지 않는 진짜 욕망을 보는 법,2,관찰,9
9791195463800,상상하지 말라 :그들이 말하지 않는 진짜 욕망을 보는 법,2,사람,9
9791195463800,상상하지 말라 :그들이 말하지 않는 진짜 욕망을 보는 법,2,데이터,9
9791195463800,상상하지 말라 :그들이 말하지 않는 진짜 욕망을 보는 법,2,상식,8
9791195463800,상상하지 말라 :그들이 말하지 않는 진짜 욕망을 보는 법,2,상상,8
9791195463800,상상하지 말라 :그들이 말하지 않는 진짜 욕망을 보는 법,2,욕망,6
9791195463800,상상하지 말라 :그들이 말하지 않는 진짜 욕망을 보는 법,2,기업,6
9791195463800,상상하지 말라 :그들이 말하지 않는 진짜 욕망을 보는 법,2,여기에 당신의 욕망이 보인다,6
9791195463800,상상하지 말라 :그들이 말하지 않는 진짜 욕망을 보는 법,2,싱글,5
9791195463800,상상하지 말라 :그들이 말하지 않는 진짜 욕망을 보는 법,2,송길영,5
9791195463800,상상하지 말라 :그들이 말하지 않는 진짜 욕망을 보는 법,2,이해,4
9791195463800,상상하지 말라 :그들이 말하지 않는 진짜 욕망을 보는 법,2,변주,4
9791195463800,상상하지 말라 :그들이 말하지 않는 진짜 욕망을 보는 법,2,일상,4
9791195463800,상상하지 말라 :그들이 말하지 않는 진짜 욕망을 보는 법,2,일생,4
9791195463800,상상하지 말라 :그들이 말하지 않는 진짜 욕망을 보는 법,2,통찰,4
9791195463800,상상하지 말라 :그들이 말하지 않는 진짜 욕망을 보는 법,2,기회,4
9791195463800,상상하지 말라 :그들이 말하지 않는 진짜 욕망을 보는 법,2,배려,3
9791195463800,상상하지 말라 :그들이 말하지 않는 진짜 욕망을 보는 법,2,나 혼자 산다,3
9791195463800,상상하지 말라 :그들이 말하지 않는 진짜 욕망을 보는 법,2,상상하지 말라,3
9791195463800,상상하지 말라 :그들이 말하지 않는 진짜 욕망을 보는 법,2,보라,3
9791195463800,상상하지 말라 :그들이 말하지 않는 진짜 욕망을 보는 법,2,가치,3
9791195463800,상상하지 말라 :그들이 말하지 않는 진짜 욕망을 보는 법,2,마이닝,3
9791195463800,상상하지 말라 :그들이 말하지 않는 진짜 욕망을 보는 법,2,섹스 앤더 시티,3
9791195463800,상상하지 말라 :그들이 말하지 않는 진짜 욕망을 보는 법,2,인간,3
9791195463800,상상하지 말라 :그들이 말하지 않는 진짜 욕망을 보는 법,2,아빠,2
9791195463800,상상하지 말라 :그들이 말하지 않는 진짜 욕망을 보는 법,2,구글,2
9791195463800,상상하지 말라 :그들이 말하지 않는 진짜 욕망을 보는 법,2,군대,2
9791195463800,상상하지 말라 :그들이 말하지 않는 진짜 욕망을 보는 법,2,순간,2
9791195463800,상상하지 말라 :그들이 말하지 않는 진짜 욕망을 보는 법,2,북스톤,2
9791195463800,상상하지 말라 :그들이 말하지 않는 진짜 욕망을 보는 법,2,글래스,2
9791195463800,상상하지 말라 :그들이 말하지 않는 진짜 욕망을 보는 법,2,기득지가,2
9791195463800,상상하지 말라 :그들이 말하지 않는 진짜 욕망을 보는 법,2,사물,2
9791195463800,상상하지 말라 :그들이 말하지 않는 진짜 욕망을 보는 법,2,기술,2
9791195463800,상상하지 말라 :그들이 말하지 않는 진짜 욕망을 보는 법,2,경영전략 혁신,2
9791195463800,상상하지 말라 :그들이 말하지 않는 진짜 욕망을 보는 법,2,3장,2
9791195463800,상상하지 말라 :그들이 말하지 않는 진짜 욕망을 보는 법,2,9시에,2
9791195463800,상상하지 말라 :그들이 말하지 않는 진짜 욕망을 보는 법,2,보고,2
9791195463800,상상하지 말라 :그들이 말하지 않는 진짜 욕망을 보는 법,2,소비자,2
9791195463800,상상하지 말라 :그들이 말하지 않는 진짜 욕망을 보는 법,2,안녕,2
9791195463800,상상하지 말라 :그들이 말하지 않는 진짜 욕망을 보는 법,2,TV,2
9791195463800,상상하지 말라 :그들이 말하지 않는 진짜 욕망을 보는 법,2,먹방,2
9791195463800,상상하지 말라 :그들이 말하지 않는 진짜 욕망을 보는 법,2,가정,2
9791195463800,상상하지 말라 :그들이 말하지 않는 진짜 욕망을 보는 법,2,상식적,2
9791195463800,상상하지 말라 :그들이 말하지 않는 진짜 욕망을 보는 법,2,검증,2
9791195463800,상상하지 말라 :그들이 말하지 않는 진짜 욕망을 보는 법,2,얼마,2
9791195463800,상상하지 말라 :그들이 말하지 않는 진짜 욕망을 보는 법,2,어딘가,2
9791195463800,상상하지 말라 :그들이 말하지 않는 진짜 욕망을 보는 법,2,고려대학교,2
9791195463800,상상하지 말라 :그들이 말하지 않는 진짜 욕망을 보는 법,2,여전,2
9791195463800,상상하지 말라 :그들이 말하지 않는 진짜 욕망을 보는 법,2,영역,2
9791195463800,상상하지 말라 :그들이 말하지 않는 진짜 욕망을 보는 법,2,2장,2
9791187886921,부처스 크로싱,2,부처스 크로싱,21
9791187886921,부처스 크로싱,2,아우구스투스,15
9791187886921,부처스 크로싱,2,스토너,15
9791187886921,부처스 크로싱,2,오직 밤뿐인,12
9791187886921,부처스 크로싱,2,윌리엄스,9
9791187886921,부처스 크로싱,2,덴버,6
9791187886921,부처스 크로싱,2,앤드루스,6
9791187886921,부처스 크로싱,2,대학교,6
9791187886921,부처스 크로싱,2,II,6
9791187886921,부처스 크로싱,2,III,5
9791187886921,부처스 크로싱,2,IV,4
9791187886921,부처스 크로싱,2,발표,4
9791187886921,부처스 크로싱,2,크로싱,4
9791187886921,부처스 크로싱,2,부처스,4
9791187886921,부처스 크로싱,2,캔자스,3
9791187886921,부처스 크로싱,2,에머슨,3
9791187886921,부처스 크로싱,2,도착,3
9791187886921,부처스 크로싱,2,산골,3
9791187886921,부처스 크로싱,2,밀러,3
9791187886921,부처스 크로싱,2,자연주의,3
9791187886921,부처스 크로싱,2,마을,3
9791187886921,부처스 크로싱,2,들소,3
9791187886921,부처스 크로싱,2,문학,3
9791187886921,부처스 크로싱,2,심취,3
9791187886921,부처스 크로싱,2,VIII,2
9791187886921,부처스 크로싱,2,서부,2
9791187886921,부처스 크로싱,2,1965년,2
9791187886921,부처스 크로싱,2,1960년,2
9791187886921,부처스 크로싱,2,시작,2
9791187886921,부처스 크로싱,2,미국,2
9791187886921,부처스 크로싱,2,1972년,2
9791187886921,부처스 크로싱,2,1948년,2
9791187886921,부처스 크로싱,2,시집,2
9791187886921,부처스 크로싱,2,1870년대,2
9791187886921,부처스 크로싱,2,영미소설,2
9791187886921,부처스 크로싱,2,미출간,2
9791187886921,부처스 크로싱,2,대학,2
9791187886921,부처스 크로싱,2,마지막,2
9791187886921,부처스 크로싱,2,가상,2
9791187886921,부처스 크로싱,2,VII,2
9791187886921,부처스 크로싱,2,사냥꾼,2
9791187886921,부처스 크로싱,2,인간,2
9791187886921,부처스 크로싱,2,3부,2
9791187886921,부처스 크로싱,2,2부,2
9791187886921,부처스 크로싱,2,교수,2
9791187886921,부처스 크로싱,2,구픽,2
9791187886921,부처스 크로싱,2,VI,2
9791187886921,부처스 크로싱,2,1부,2
9791187886921,부처스 크로싱,2,생활,2
9791187886921,부처스 크로싱,2,냉엄,2
9791188073559,축구를 하며 생각한 것들 :손흥민 첫 에세이,2,축구를 하며 생각한 것들,9
9791188073559,축구를 하며 생각한 것들 :손흥민 첫 에세이,2,손흥민,8
9791188073559,축구를 하며 생각한 것들 :손흥민 첫 에세이,2,축구,7
9791188073559,축구를 하며 생각한 것들 :손흥민 첫 에세이,2,마이스토리,7
9791188073559,축구를 하며 생각한 것들 :손흥민 첫 에세이,2,토트넘,5
9791188073559,축구를 하며 생각한 것들 :손흥민 첫 에세이,2,손세이셔널,5
9791188073559,축구를 하며 생각한 것들 :손흥민 첫 에세이,2,최고,5
9791188073559,축구를 하며 생각한 것들 :손흥민 첫 에세이,2,역대,4
9791188073559,축구를 하며 생각한 것들 :손흥민 첫 에세이,2,축구선수,4
9791188073559,축구를 하며 생각한 것들 :손흥민 첫 에세이,2,선수,4
9791188073559,축구를 하며 생각한 것들 :손흥민 첫 에세이,2,인간,4
9791188073559,축구를 하며 생각한 것들 :손흥민 첫 에세이,2,아시아,4
9791188073559,축구를 하며 생각한 것들 :손흥민 첫 에세이,2,에세이,3
9791188073559,축구를 하며 생각한 것들 :손흥민 첫 에세이,2,중심,3
9791188073559,축구를 하며 생각한 것들 :손흥민 첫 에세이,2,Half,3
9791188073559,축구를 하며 생각한 것들 :손흥민 첫 에세이,2,슈퍼스타,3
9791188073559,축구를 하며 생각한 것들 :손흥민 첫 에세이,2,시절,3
9791188073559,축구를 하며 생각한 것들 :손흥민 첫 에세이,2,영국,3
9791188073559,축구를 하며 생각한 것들 :손흥민 첫 에세이,2,누구,2
9791188073559,축구를 하며 생각한 것들 :손흥민 첫 에세이,2,동네,2
9791188073559,축구를 하며 생각한 것들 :손흥민 첫 에세이,2,압도적,2
9791188073559,축구를 하며 생각한 것들 :손흥민 첫 에세이,2,매력,2
9791188073559,축구를 하며 생각한 것들 :손흥민 첫 에세이,2,목소리,2
9791188073559,축구를 하며 생각한 것들 :손흥민 첫 에세이,2,기타 명사에세이,2
9791188073559,축구를 하며 생각한 것들 :손흥민 첫 에세이,2,아버지,2
9791188073559,축구를 하며 생각한 것들 :손흥민 첫 에세이,2,기억,2
9791188073559,축구를 하며 생각한 것들 :손흥민 첫 에세이,2,눌러,2
9791188073559,축구를 하며 생각한 것들 :손흥민 첫 에세이,2,담담,2
9791188073559,축구를 하며 생각한 것들 :손흥민 첫 에세이,2,나이,2
9791188073559,축구를 하며 생각한 것들 :손흥민 첫 에세이,2,노트북,2
9791188073559,축구를 하며 생각한 것들 :손흥민 첫 에세이,2,기회,2
9791188073559,축구를 하며 생각한 것들 :손흥민 첫 에세이,2,공격수,2
9791188073559,축구를 하며 생각한 것들 :손흥민 첫 에세이,2,소소,2
9791188073559,축구를 하며 생각한 것들 :손흥민 첫 에세이,2,스물일곱,2
9791188073559,축구를 하며 생각한 것들 :손흥민 첫 에세이,2,룸메이트,2
9791188073559,축구를 하며 생각한 것들 :손흥민 첫 에세이,2,BS 브레인스토어,2
9791188073559,축구를 하며 생각한 것들 :손흥민 첫 에세이,2,양봉업자,2
9791188073559,축구를 하며 생각한 것들 :손흥민 첫 에세이,2,에이스,2
9791188073559,축구를 하며 생각한 것들 :손흥민 첫 에세이,2,마이스토리1,2
9791188073559,축구를 하며 생각한 것들 :손흥민 첫 에세이,2,무력화,2
9791188073559,축구를 하며 생각한 것들 :손흥민 첫 에세이,2,세계,2
9791188073559,축구를 하며 생각한 것들 :손흥민 첫 에세이,2,가운데,2
9791188073559,축구를 하며 생각한 것들 :손흥민 첫 에세이,2,엑스레이,2
9791188073559,축구를 하며 생각한 것들 :손흥민 첫 에세이,2,결심,2
9791188073559,축구를 하며 생각한 것들 :손흥민 첫 에세이,2,4kg,2
9791188073559,축구를 하며 생각한 것들 :손흥민 첫 에세이,2,실력,2
9791188073559,축구를 하며 생각한 것들 :손흥민 첫 에세이,2,감각,2
9791188073559,축구를 하며 생각한 것들 :손흥민 첫 에세이,2,수비수,2
9791188073559,축구를 하며 생각한 것들 :손흥민 첫 에세이,2,각인,2
9791188073559,축구를 하며 생각한 것들 :손흥민 첫 에세이,2,1st,2
9791168126336,놓지 마 과학!,2,과학,17
9791168126336,놓지 마 과학!,2,똘이,12
9791168126336,놓지 마 과학!,2,놓지 마 과학 18권,9
9791168126336,놓지 마 과학!,2,시각,7
9791168126336,놓지 마 과학!,2,개가,6
9791168126336,놓지 마 과학!,2,해충,6
9791168126336,놓지 마 과학!,2,사람,6
9791168126336,놓지 마 과학!,2,세상,6
9791168126336,놓지 마 과학!,2,놓지 마 과학,6
9791168126336,놓지 마 과학!,2,독자,5
9791168126336,놓지 마 과학!,2,능력,5
9791168126336,놓지 마 과학!,2,진실,5
9791168126336,놓지 마 과학!,2,냄새,4
9791168126336,놓지 마 과학!,2,정신,4
9791168126336,놓지 마 과학!,2,정체,4
9791168126336,놓지 마 과학!,2,쓰레기,4
9791168126336,놓지 마 과학!,2,탐정,4
9791168126336,놓지 마 과학!,2,깁스,4
9791168126336,놓지 마 과학!,2,특별,4
9791168126336,놓지 마 과학!,2,김초등,4
9791168126336,놓지 마 과학!,2,사건,4
9791168126336,놓지 마 과학!,2,반려견,4
9791168126336,놓지 마 과학!,2,시계,4
9791168126336,놓지 마 과학!,2,후각,4
9791168126336,놓지 마 과학!,2,동물,4
9791168126336,놓지 마 과학!,2,도르래,3
9791168126336,놓지 마 과학!,2,이유,3
9791168126336,놓지 마 과학!,2,강아지,3
9791168126336,놓지 마 과학!,2,시리즈,3
9791168126336,놓지 마 과학!,2,18권,3
9791168126336,놓지 마 과학!,2,비밀,2
9791168126336,놓지 마 과학!,2,베스트셀러,2
9791168126336,놓지 마 과학!,2,노트4,2
9791168126336,놓지 마 과학!,2,노트3,2
9791168126336,놓지 마 과학!,2,색맹,2
9791168126336,놓지 마 과학!,2,노트2,2
9791168126336,놓지 마 과학!,2,수상,2
9791168126336,놓지 마 과학!,2,과학 일반,2
9791168126336,놓지 마 과학!,2,만남,2
9791168126336,놓지 마 과학!,2,불길,2
9791168126336,놓지 마 과학!,2,만화,2
9791168126336,놓지 마 과학!,2,관절,2
9791168126336,놓지 마 과학!,2,교과,2
9791168126336,놓지 마 과학!,2,구멍,2
9791168126336,놓지 마 과학!,2,아저씨,2
9791168126336,놓지 마 과학!,2,악취,2
9791168126336,놓지 마 과학!,2,시력,2
9791168126336,놓지 마 과학!,2,건의,2
9791168126336,놓지 마 과학!,2,신태훈,2
9791168126336,놓지 마 과학!,2,개의,2
9791187289616,상상하지 말라 :그들이 말하지 않는 진짜 욕망을 보는 법,2,관찰,12
9791187289616,상상하지 말라 :그들이 말하지 않는 진짜 욕망을 보는 법,2,데이터,10
9791187289616,상상하지 말라 :그들이 말하지 않는 진짜 욕망을 보는 법,2,상식,8
9791187289616,상상하지 말라 :그들이 말하지 않는 진짜 욕망을 보는 법,2,상상,7
9791187289616,상상하지 말라 :그들이 말하지 않는 진짜 욕망을 보는 법,2,사람,6
9791187289616,상상하지 말라 :그들이 말하지 않는 진짜 욕망을 보는 법,2,팔도,6
9791187289616,상상하지 말라 :그들이 말하지 않는 진짜 욕망을 보는 법,2,차용,6
9791187289616,상상하지 말라 :그들이 말하지 않는 진짜 욕망을 보는 법,2,소비자,6
9791187289616,상상하지 말라 :그들이 말하지 않는 진짜 욕망을 보는 법,2,말장난,4
9791187289616,상상하지 말라 :그들이 말하지 않는 진짜 욕망을 보는 법,2,욕망,4
9791187289616,상상하지 말라 :그들이 말하지 않는 진짜 욕망을 보는 법,2,변주,4
9791187289616,상상하지 말라 :그들이 말하지 않는 진짜 욕망을 보는 법,2,한정판,4
9791187289616,상상하지 말라 :그들이 말하지 않는 진짜 욕망을 보는 법,2,일생,4
9791187289616,상상하지 말라 :그들이 말하지 않는 진짜 욕망을 보는 법,2,기회,4
9791187289616,상상하지 말라 :그들이 말하지 않는 진짜 욕망을 보는 법,2,팔도비빔면,4
9791187289616,상상하지 말라 :그들이 말하지 않는 진짜 욕망을 보는 법,2,반응,4
9791187289616,상상하지 말라 :그들이 말하지 않는 진짜 욕망을 보는 법,2,이해,3
9791187289616,상상하지 말라 :그들이 말하지 않는 진짜 욕망을 보는 법,2,해석,3
9791187289616,상상하지 말라 :그들이 말하지 않는 진짜 욕망을 보는 법,2,얼마,3
9791187289616,상상하지 말라 :그들이 말하지 않는 진짜 욕망을 보는 법,2,배려,3
9791187289616,상상하지 말라 :그들이 말하지 않는 진짜 욕망을 보는 법,2,송길영,3
9791187289616,상상하지 말라 :그들이 말하지 않는 진짜 욕망을 보는 법,2,북스톤,2
9791187289616,상상하지 말라 :그들이 말하지 않는 진짜 욕망을 보는 법,2,단순,2
9791187289616,상상하지 말라 :그들이 말하지 않는 진짜 욕망을 보는 법,2,매출,2
9791187289616,상상하지 말라 :그들이 말하지 않는 진짜 욕망을 보는 법,2,수도,2
9791187289616,상상하지 말라 :그들이 말하지 않는 진짜 욕망을 보는 법,2,명절,2
9791187289616,상상하지 말라 :그들이 말하지 않는 진짜 욕망을 보는 법,2,대표제품,2
9791187289616,상상하지 말라 :그들이 말하지 않는 진짜 욕망을 보는 법,2,3장,2
9791187289616,상상하지 말라 :그들이 말하지 않는 진짜 욕망을 보는 법,2,보라,2
9791187289616,상상하지 말라 :그들이 말하지 않는 진짜 욕망을 보는 법,2,남자,2
9791187289616,상상하지 말라 :그들이 말하지 않는 진짜 욕망을 보는 법,2,분석가,2
9791187289616,상상하지 말라 :그들이 말하지 않는 진짜 욕망을 보는 법,2,가치,2
9791187289616,상상하지 말라 :그들이 말하지 않는 진짜 욕망을 보는 법,2,공감,2
9791187289616,상상하지 말라 :그들이 말하지 않는 진짜 욕망을 보는 법,2,20대,2
9791187289616,상상하지 말라 :그들이 말하지 않는 진짜 욕망을 보는 법,2,35주년판,2
9791187289616,상상하지 말라 :그들이 말하지 않는 진짜 욕망을 보는 법,2,3월,2
9791187289616,상상하지 말라 :그들이 말하지 않는 진짜 욕망을 보는 법,2,9시에,2
9791187289616,상상하지 말라 :그들이 말하지 않는 진짜 욕망을 보는 법,2,상식적,2
9791187289616,상상하지 말라 :그들이 말하지 않는 진짜 욕망을 보는 법,2,순간,2
9791187289616,상상하지 말라 :그들이 말하지 않는 진짜 욕망을 보는 법,2,식품전문업체,2
9791187289616,상상하지 말라 :그들이 말하지 않는 진짜 욕망을 보는 법,2,말로,2
9791187289616,상상하지 말라 :그들이 말하지 않는 진짜 욕망을 보는 법,2,면밀,2
9791187289616,상상하지 말라 :그들이 말하지 않는 진짜 욕망을 보는 법,2,변형,2
9791187289616,상상하지 말라 :그들이 말하지 않는 진짜 욕망을 보는 법,2,비빔면,2
9791187289616,상상하지 말라 :그들이 말하지 않는 진짜 욕망을 보는 법,2,검증,2
9791187289616,상상하지 말라 :그들이 말하지 않는 진짜 욕망을 보는 법,2,결과,2
9791187289616,상상하지 말라 :그들이 말하지 않는 진짜 욕망을 보는 법,2,경영전략 혁신,2
9791187289616,상상하지 말라 :그들이 말하지 않는 진짜 욕망을 보는 법,2,고려대학교,2
9791187289616,상상하지 말라 :그들이 말하지 않는 진짜 욕망을 보는 법,2,스마트,2
9791187289616,상상하지 말라 :그들이 말하지 않는 진짜 욕망을 보는 법,2,2019년,2
9788936448370,고양이 해결사 깜냥,2,고양이 해결사 깜냥,12
9788936448370,고양이 해결사 깜냥,2,깜냥,10
9788936448370,고양이 해결사 깜냥,2,편의점,8
9788936448370,고양이 해결사 깜냥,2,독자,5
9788936448370,고양이 해결사 깜냥,2,손님,4
9788936448370,고양이 해결사 깜냥,2,어린이,4
9788936448370,고양이 해결사 깜냥,2,고양이,4
9788936448370,고양이 해결사 깜냥,2,사랑,4
9788936448370,고양이 해결사 깜냥,2,베스트셀러,4
9788936448370,고양이 해결사 깜냥,2,창비,4
9788936448370,고양이 해결사 깜냥,2,눈물 쏙 스펀지,3
9788936448370,고양이 해결사 깜냥,2,모두 웃는 장례식,3
9788936448370,고양이 해결사 깜냥,2,낭만 강아지 봉봉,3
9788936448370,고양이 해결사 깜냥,2,등장,3
9788936448370,고양이 해결사 깜냥,2,걱정 세탁소,3
9788936448370,고양이 해결사 깜냥,2,행운 없는 럭키 박스,3
9788936448370,고양이 해결사 깜냥,2,웃음,3
9788936448370,고양이 해결사 깜냥,2,하품이,2
9788936448370,고양이 해결사 깜냥,2,이유,2
9788936448370,고양이 해결사 깜냥,2,이번,2
9788936448370,고양이 해결사 깜냥,2,변신,2
9788936448370,고양이 해결사 깜냥,2,부응,2
9788936448370,고양이 해결사 깜냥,2,일들,2
9788936448370,고양이 해결사 깜냥,2,얼굴,2
9788936448370,고양이 해결사 깜냥,2,캐릭터,2
9788936448370,고양이 해결사 깜냥,2,어린이책,2
9788936448370,고양이 해결사 깜냥,2,화제,2
9788936448370,고양이 해결사 깜냥,2,매력,2
9788936448370,고양이 해결사 깜냥,2,맞이,2
9788936448370,고양이 해결사 깜냥,2,5권을,2
9788936448370,고양이 해결사 깜냥,2,1년을,2
9788936448370,고양이 해결사 깜냥,2,국내창작동화,2
9788936448370,고양이 해결사 깜냥,2,직원,2
9788936448370,고양이 해결사 깜냥,2,기대,2
9788936448370,고양이 해결사 깜냥,2,김재희,2
9788936448370,고양이 해결사 깜냥,2,다양,2
9788936448370,고양이 해결사 깜냥,2,홍민정,2
9788936448370,고양이 해결사 깜냥,2,4권,2
9788936448370,고양이 해결사 깜냥,2,즐거움,2
9788936448370,고양이 해결사 깜냥,2,발견,2
9788936448370,고양이 해결사 깜냥,2,원고,1
9788936448370,고양이 해결사 깜냥,2,응원,1
9788936448370,고양이 해결사 깜냥,2,2020년,1
9788936448370,고양이 해결사 깜냥,2,마법,1
9788936448370,고양이 해결사 깜냥,2,근사,1
9788936448370,고양이 해결사 깜냥,2,더하기,1
9788936448370,고양이 해결사 깜냥,2,동네,1
9788936448370,고양이 해결사 깜냥,2,동화,1
9788936448370,고양이 해결사 깜냥,2,동화작가,1
9788936448370,고양이 해결사 깜냥,2,두근두근,1
9788934935001,왜 우리는 매일 거대도시로 향하는가 :교통지옥에 갇힌 도시생활자의 기쁨과 슬픔,2,전현우,20
9788934935001,왜 우리는 매일 거대도시로 향하는가 :교통지옥에 갇힌 도시생활자의 기쁨과 슬픔,2,정희원,19
9788934935001,왜 우리는 매일 거대도시로 향하는가 :교통지옥에 갇힌 도시생활자의 기쁨과 슬픔,2,이동,17
9788934935001,왜 우리는 매일 거대도시로 향하는가 :교통지옥에 갇힌 도시생활자의 기쁨과 슬픔,2,편지,17
9788934935001,왜 우리는 매일 거대도시로 향하는가 :교통지옥에 갇힌 도시생활자의 기쁨과 슬픔,2,철도,7
9788934935001,왜 우리는 매일 거대도시로 향하는가 :교통지옥에 갇힌 도시생활자의 기쁨과 슬픔,2,지옥,6
9788934935001,왜 우리는 매일 거대도시로 향하는가 :교통지옥에 갇힌 도시생활자의 기쁨과 슬픔,2,거대도시,6
9788934935001,왜 우리는 매일 거대도시로 향하는가 :교통지옥에 갇힌 도시생활자의 기쁨과 슬픔,2,출퇴근,6
9788934935001,왜 우리는 매일 거대도시로 향하는가 :교통지옥에 갇힌 도시생활자의 기쁨과 슬픔,2,도로,5
9788934935001,왜 우리는 매일 거대도시로 향하는가 :교통지옥에 갇힌 도시생활자의 기쁨과 슬픔,2,서울,5
9788934935001,왜 우리는 매일 거대도시로 향하는가 :교통지옥에 갇힌 도시생활자의 기쁨과 슬픔,2,걷기,5
9788934935001,왜 우리는 매일 거대도시로 향하는가 :교통지옥에 갇힌 도시생활자의 기쁨과 슬픔,2,전쟁,4
9788934935001,왜 우리는 매일 거대도시로 향하는가 :교통지옥에 갇힌 도시생활자의 기쁨과 슬픔,2,해답,4
9788934935001,왜 우리는 매일 거대도시로 향하는가 :교통지옥에 갇힌 도시생활자의 기쁨과 슬픔,2,문제,4
9788934935001,왜 우리는 매일 거대도시로 향하는가 :교통지옥에 갇힌 도시생활자의 기쁨과 슬픔,2,이동성,4
9788934935001,왜 우리는 매일 거대도시로 향하는가 :교통지옥에 갇힌 도시생활자의 기쁨과 슬픔,2,지옥철,4
9788934935001,왜 우리는 매일 거대도시로 향하는가 :교통지옥에 갇힌 도시생활자의 기쁨과 슬픔,2,나의 해방일지,3
9788934935001,왜 우리는 매일 거대도시로 향하는가 :교통지옥에 갇힌 도시생활자의 기쁨과 슬픔,2,여행,3
9788934935001,왜 우리는 매일 거대도시로 향하는가 :교통지옥에 갇힌 도시생활자의 기쁨과 슬픔,2,도시인,3
9788934935001,왜 우리는 매일 거대도시로 향하는가 :교통지옥에 갇힌 도시생활자의 기쁨과 슬픔,2,납치된 도시에서 길찾기,3
9788934935001,왜 우리는 매일 거대도시로 향하는가 :교통지옥에 갇힌 도시생활자의 기쁨과 슬픔,2,오송역,3
9788934935001,왜 우리는 매일 거대도시로 향하는가 :교통지옥에 갇힌 도시생활자의 기쁨과 슬픔,2,미래,3
9788934935001,왜 우리는 매일 거대도시로 향하는가 :교통지옥에 갇힌 도시생활자의 기쁨과 슬픔,2,사람,3
9788934935001,왜 우리는 매일 거대도시로 향하는가 :교통지옥에 갇힌 도시생활자의 기쁨과 슬픔,2,건강,3
9788934935001,왜 우리는 매일 거대도시로 향하는가 :교통지옥에 갇힌 도시생활자의 기쁨과 슬픔,2,암시,2
9788934935001,왜 우리는 매일 거대도시로 향하는가 :교통지옥에 갇힌 도시생활자의 기쁨과 슬픔,2,눈앞,2
9788934935001,왜 우리는 매일 거대도시로 향하는가 :교통지옥에 갇힌 도시생활자의 기쁨과 슬픔,2,운전면허,2
9788934935001,왜 우리는 매일 거대도시로 향하는가 :교통지옥에 갇힌 도시생활자의 기쁨과 슬픔,2,인문 에세이,2
9788934935001,왜 우리는 매일 거대도시로 향하는가 :교통지옥에 갇힌 도시생활자의 기쁨과 슬픔,2,오늘,2
9788934935001,왜 우리는 매일 거대도시로 향하는가 :교통지옥에 갇힌 도시생활자의 기쁨과 슬픔,2,탐구,2
9788934935001,왜 우리는 매일 거대도시로 향하는가 :교통지옥에 갇힌 도시생활자의 기쁨과 슬픔,2,제목,2
9788934935001,왜 우리는 매일 거대도시로 향하는가 :교통지옥에 갇힌 도시생활자의 기쁨과 슬픔,2,버스,2
9788934935001,왜 우리는 매일 거대도시로 향하는가 :교통지옥에 갇힌 도시생활자의 기쁨과 슬픔,2,출근길,2
9788934935001,왜 우리는 매일 거대도시로 향하는가 :교통지옥에 갇힌 도시생활자의 기쁨과 슬픔,2,출퇴근길,2
9788934935001,왜 우리는 매일 거대도시로 향하는가 :교통지옥에 갇힌 도시생활자의 기쁨과 슬픔,2,희망,2
9788934935001,왜 우리는 매일 거대도시로 향하는가 :교통지옥에 갇힌 도시생활자의 기쁨과 슬픔,2,산업,2
9788934935001,왜 우리는 매일 거대도시로 향하는가 :교통지옥에 갇힌 도시생활자의 기쁨과 슬픔,2,자동차,2
9788934935001,왜 우리는 매일 거대도시로 향하는가 :교통지옥에 갇힌 도시생활자의 기쁨과 슬픔,2,고민,2
9788934935001,왜 우리는 매일 거대도시로 향하는가 :교통지옥에 갇힌 도시생활자의 기쁨과 슬픔,2,생각,2
9788934935001,왜 우리는 매일 거대도시로 향하는가 :교통지옥에 갇힌 도시생활자의 기쁨과 슬픔,2,사회,2
9788934935001,왜 우리는 매일 거대도시로 향하는가 :교통지옥에 갇힌 도시생활자의 기쁨과 슬픔,2,교통,2
9788934935001,왜 우리는 매일 거대도시로 향하는가 :교통지옥에 갇힌 도시생활자의 기쁨과 슬픔,2,결핍,2
9788934935001,왜 우리는 매일 거대도시로 향하는가 :교통지옥에 갇힌 도시생활자의 기쁨과 슬픔,2,퇴근길,2
9788934935001,왜 우리는 매일 거대도시로 향하는가 :교통지옥에 갇힌 도시생활자의 기쁨과 슬픔,2,권리,2
9788934935001,왜 우리는 매일 거대도시로 향하는가 :교통지옥에 갇힌 도시생활자의 기쁨과 슬픔,2,결국,2
9788934935001,왜 우리는 매일 거대도시로 향하는가 :교통지옥에 갇힌 도시생활자의 기쁨과 슬픔,2,기후,2
9788934935001,왜 우리는 매일 거대도시로 향하는가 :교통지옥에 갇힌 도시생활자의 기쁨과 슬픔,2,편안,2
9788934935001,왜 우리는 매일 거대도시로 향하는가 :교통지옥에 갇힌 도시생활자의 기쁨과 슬픔,2,김영사,2
9788934935001,왜 우리는 매일 거대도시로 향하는가 :교통지옥에 갇힌 도시생활자의 기쁨과 슬픔,2,직장인,2
9788934935001,왜 우리는 매일 거대도시로 향하는가 :교통지옥에 갇힌 도시생활자의 기쁨과 슬픔,2,남자,2
9788949161341,만복이네 떡집,2,변화,11
9788949161341,만복이네 떡집,2,만복,11
9788949161341,만복이네 떡집,2,만복이가,7
9788949161341,만복이네 떡집,2,만복이네 떡집,6
9788949161341,만복이네 떡집,2,행동,6
9788949161341,만복이네 떡집,2,떡집,6
9788949161341,만복이네 떡집,2,씨름,6
9788949161341,만복이네 떡집,2,김리리,5
9788949161341,만복이네 떡집,2,판타지,5
9788949161341,만복이네 떡집,2,아이들,4
9788949161341,만복이네 떡집,2,동화,4
9788949161341,만복이네 떡집,2,이승현,4
9788949161341,만복이네 떡집,2,풍부,4
9788949161341,만복이네 떡집,2,자기,3
9788949161341,만복이네 떡집,2,비룡소,3
9788949161341,만복이네 떡집,2,욕쟁이,3
9788949161341,만복이네 떡집,2,마법,3
9788949161341,만복이네 떡집,2,쥐똥 선물,3
9788949161341,만복이네 떡집,2,모습,3
9788949161341,만복이네 떡집,2,심술쟁이,3
9788949161341,만복이네 떡집,2,화장실에 사는 두꺼비,3
9788949161341,만복이네 떡집,2,일상,3
9788949161341,만복이네 떡집,2,신비,3
9788949161341,만복이네 떡집,2,웃음,3
9788949161341,만복이네 떡집,2,개성,3
9788949161341,만복이네 떡집,2,글맛,3
9788949161341,만복이네 떡집,2,신기,3
9788949161341,만복이네 떡집,2,표정,3
9788949161341,만복이네 떡집,2,싸움꾼,3
9788949161341,만복이네 떡집,2,달콤,3
9788949161341,만복이네 떡집,2,바람떡을,2
9788949161341,만복이네 떡집,2,결국,2
9788949161341,만복이네 떡집,2,우리나라,2
9788949161341,만복이네 떡집,2,일러스트레이션,2
9788949161341,만복이네 떡집,2,부문,2
9788949161341,만복이네 떡집,2,상상력,2
9788949161341,만복이네 떡집,2,이번,2
9788949161341,만복이네 떡집,2,동화작가,2
9788949161341,만복이네 떡집,2,문체,2
9788949161341,만복이네 떡집,2,동화 명작 고전,2
9788949161341,만복이네 떡집,2,느낌,2
9788949161341,만복이네 떡집,2,재치,2
9788949161341,만복이네 떡집,2,마음,2
9788949161341,만복이네 떡집,2,재미,2
9788949161341,만복이네 떡집,2,자신,2
9788949161341,만복이네 떡집,2,요소,2
9788949161341,만복이네 떡집,2,그림,2
9788949161341,만복이네 떡집,2,과정,2
9788949161341,만복이네 떡집,2,맛깔,2
9788949161341,만복이네 떡집,2,독특,2
9791158512859,나는 나의 스무 살을 가장 존중한다,2,인생,13
9791158512859,나는 나의 스무 살을 가장 존중한다,2,성공,9
9791158512859,나는 나의 스무 살을 가장 존중한다,2,미래,8
9791158512859,나는 나의 스무 살을 가장 존중한다,2,사람,8
9791158512859,나는 나의 스무 살을 가장 존중한다,2,가난,6
9791158512859,나는 나의 스무 살을 가장 존중한다,2,방법,5
9791158512859,나는 나의 스무 살을 가장 존중한다,2,현실,5
9791158512859,나는 나의 스무 살을 가장 존중한다,2,부자,5
9791158512859,나는 나의 스무 살을 가장 존중한다,2,이하영,5
9791158512859,나는 나의 스무 살을 가장 존중한다,2,의사,4
9791158512859,나는 나의 스무 살을 가장 존중한다,2,부의,4
9791158512859,나는 나의 스무 살을 가장 존중한다,2,이유,4
9791158512859,나는 나의 스무 살을 가장 존중한다,2,성장,4
9791158512859,나는 나의 스무 살을 가장 존중한다,2,메시지,4
9791158512859,나는 나의 스무 살을 가장 존중한다,2,오늘,4
9791158512859,나는 나의 스무 살을 가장 존중한다,2,열심,4
9791158512859,나는 나의 스무 살을 가장 존중한다,2,과정,3
9791158512859,나는 나의 스무 살을 가장 존중한다,2,원장,3
9791158512859,나는 나의 스무 살을 가장 존중한다,2,비밀,3
9791158512859,나는 나의 스무 살을 가장 존중한다,2,멘토,3
9791158512859,나는 나의 스무 살을 가장 존중한다,2,상상,3
9791158512859,나는 나의 스무 살을 가장 존중한다,2,행복,3
9791158512859,나는 나의 스무 살을 가장 존중한다,2,시작점,3
9791158512859,나는 나의 스무 살을 가장 존중한다,2,외모,3
9791158512859,나는 나의 스무 살을 가장 존중한다,2,시간,3
9791158512859,나는 나의 스무 살을 가장 존중한다,2,강력,3
9791158512859,나는 나의 스무 살을 가장 존중한다,2,것들,3
9791158512859,나는 나의 스무 살을 가장 존중한다,2,결과,3
9791158512859,나는 나의 스무 살을 가장 존중한다,2,완전,3
9791158512859,나는 나의 스무 살을 가장 존중한다,2,우연,3
9791158512859,나는 나의 스무 살을 가장 존중한다,2,고비,3
9791158512859,나는 나의 스무 살을 가장 존중한다,2,흙수저,2
9791158512859,나는 나의 스무 살을 가장 존중한다,2,순간,2
9791158512859,나는 나의 스무 살을 가장 존중한다,2,매력적,2
9791158512859,나는 나의 스무 살을 가장 존중한다,2,매일,2
9791158512859,나는 나의 스무 살을 가장 존중한다,2,20대,2
9791158512859,나는 나의 스무 살을 가장 존중한다,2,성공학,2
9791158512859,나는 나의 스무 살을 가장 존중한다,2,습관,2
9791158512859,나는 나의 스무 살을 가장 존중한다,2,소시오패스,2
9791158512859,나는 나의 스무 살을 가장 존중한다,2,3장,2
9791158512859,나는 나의 스무 살을 가장 존중한다,2,세상,2
9791158512859,나는 나의 스무 살을 가장 존중한다,2,관점,2
9791158512859,나는 나의 스무 살을 가장 존중한다,2,역이용,2
9791158512859,나는 나의 스무 살을 가장 존중한다,2,근본,2
9791158512859,나는 나의 스무 살을 가장 존중한다,2,긍정적,2
9791158512859,나는 나의 스무 살을 가장 존중한다,2,생각,2
9791158512859,나는 나의 스무 살을 가장 존중한다,2,상사,2
9791158512859,나는 나의 스무 살을 가장 존중한다,2,감사,2
9791158512859,나는 나의 스무 살을 가장 존중한다,2,부정적,2
9791158512859,나는 나의 스무 살을 가장 존중한다,2,각인,2
9791158773120,(건강과 다이어트를 동시에 잡는) 채소·과일식 :단순하면서 자연스러운 가장 효과적인 식단,2,채소 과일식,28
9791158773120,(건강과 다이어트를 동시에 잡는) 채소·과일식 :단순하면서 자연스러운 가장 효과적인 식단,2,다이어트,26
9791158773120,(건강과 다이어트를 동시에 잡는) 채소·과일식 :단순하면서 자연스러운 가장 효과적인 식단,2,음식,21
9791158773120,(건강과 다이어트를 동시에 잡는) 채소·과일식 :단순하면서 자연스러운 가장 효과적인 식단,2,건강,13
9791158773120,(건강과 다이어트를 동시에 잡는) 채소·과일식 :단순하면서 자연스러운 가장 효과적인 식단,2,방법,11
9791158773120,(건강과 다이어트를 동시에 잡는) 채소·과일식 :단순하면서 자연스러운 가장 효과적인 식단,2,독소,8
9791158773120,(건강과 다이어트를 동시에 잡는) 채소·과일식 :단순하면서 자연스러운 가장 효과적인 식단,2,시작,7
9791158773120,(건강과 다이어트를 동시에 잡는) 채소·과일식 :단순하면서 자연스러운 가장 효과적인 식단,2,가공식품,7
9791158773120,(건강과 다이어트를 동시에 잡는) 채소·과일식 :단순하면서 자연스러운 가장 효과적인 식단,2,효과적,5
9791158773120,(건강과 다이어트를 동시에 잡는) 채소·과일식 :단순하면서 자연스러운 가장 효과적인 식단,2,커피,4
9791158773120,(건강과 다이어트를 동시에 잡는) 채소·과일식 :단순하면서 자연스러운 가장 효과적인 식단,2,한약사,4
9791158773120,(건강과 다이어트를 동시에 잡는) 채소·과일식 :단순하면서 자연스러운 가장 효과적인 식단,2,예방,4
9791158773120,(건강과 다이어트를 동시에 잡는) 채소·과일식 :단순하면서 자연스러운 가장 효과적인 식단,2,비결,4
9791158773120,(건강과 다이어트를 동시에 잡는) 채소·과일식 :단순하면서 자연스러운 가장 효과적인 식단,2,청소,4
9791158773120,(건강과 다이어트를 동시에 잡는) 채소·과일식 :단순하면서 자연스러운 가장 효과적인 식단,2,자연치유력,4
9791158773120,(건강과 다이어트를 동시에 잡는) 채소·과일식 :단순하면서 자연스러운 가장 효과적인 식단,2,지식,4
9791158773120,(건강과 다이어트를 동시에 잡는) 채소·과일식 :단순하면서 자연스러운 가장 효과적인 식단,2,성공,4
9791158773120,(건강과 다이어트를 동시에 잡는) 채소·과일식 :단순하면서 자연스러운 가장 효과적인 식단,2,조승우,4
9791158773120,(건강과 다이어트를 동시에 잡는) 채소·과일식 :단순하면서 자연스러운 가장 효과적인 식단,2,질병,3
9791158773120,(건강과 다이어트를 동시에 잡는) 채소·과일식 :단순하면서 자연스러운 가장 효과적인 식단,2,피토테라피스트,3
9791158773120,(건강과 다이어트를 동시에 잡는) 채소·과일식 :단순하면서 자연스러운 가장 효과적인 식단,2,졸업,3
9791158773120,(건강과 다이어트를 동시에 잡는) 채소·과일식 :단순하면서 자연스러운 가장 효과적인 식단,2,식단관리,3
9791158773120,(건강과 다이어트를 동시에 잡는) 채소·과일식 :단순하면서 자연스러운 가장 효과적인 식단,2,핵심,3
9791158773120,(건강과 다이어트를 동시에 잡는) 채소·과일식 :단순하면서 자연스러운 가장 효과적인 식단,2,아침,3
9791158773120,(건강과 다이어트를 동시에 잡는) 채소·과일식 :단순하면서 자연스러운 가장 효과적인 식단,2,보좌관,3
9791158773120,(건강과 다이어트를 동시에 잡는) 채소·과일식 :단순하면서 자연스러운 가장 효과적인 식단,2,단순,3
9791158773120,(건강과 다이어트를 동시에 잡는) 채소·과일식 :단순하면서 자연스러운 가장 효과적인 식단,2,과정,3
9791158773120,(건강과 다이어트를 동시에 잡는) 채소·과일식 :단순하면서 자연스러운 가장 효과적인 식단,2,통증,3
9791158773120,(건강과 다이어트를 동시에 잡는) 채소·과일식 :단순하면서 자연스러운 가장 효과적인 식단,2,식단,3
9791158773120,(건강과 다이어트를 동시에 잡는) 채소·과일식 :단순하면서 자연스러운 가장 효과적인 식단,2,식사법,3
9791158773120,(건강과 다이어트를 동시에 잡는) 채소·과일식 :단순하면서 자연스러운 가장 효과적인 식단,2,이유,3
9791158773120,(건강과 다이어트를 동시에 잡는) 채소·과일식 :단순하면서 자연스러운 가장 효과적인 식단,2,미세플라스틱,2
9791158773120,(건강과 다이어트를 동시에 잡는) 채소·과일식 :단순하면서 자연스러운 가장 효과적인 식단,2,머리말 단순,2
9791158773120,(건강과 다이어트를 동시에 잡는) 채소·과일식 :단순하면서 자연스러운 가장 효과적인 식단,2,휼륭,2
9791158773120,(건강과 다이어트를 동시에 잡는) 채소·과일식 :단순하면서 자연스러운 가장 효과적인 식단,2,만성질환,2
9791158773120,(건강과 다이어트를 동시에 잡는) 채소·과일식 :단순하면서 자연스러운 가장 효과적인 식단,2,소화,2
9791158773120,(건강과 다이어트를 동시에 잡는) 채소·과일식 :단순하면서 자연스러운 가장 효과적인 식단,2,실전,2
9791158773120,(건강과 다이어트를 동시에 잡는) 채소·과일식 :단순하면서 자연스러운 가장 효과적인 식단,2,세상,2
9791158773120,(건강과 다이어트를 동시에 잡는) 채소·과일식 :단순하면서 자연스러운 가장 효과적인 식단,2,건강기능식품,2
9791158773120,(건강과 다이어트를 동시에 잡는) 채소·과일식 :단순하면서 자연스러운 가장 효과적인 식단,2,가루,2
9791158773120,(건강과 다이어트를 동시에 잡는) 채소·과일식 :단순하면서 자연스러운 가장 효과적인 식단,2,건강요리,2
9791158773120,(건강과 다이어트를 동시에 잡는) 채소·과일식 :단순하면서 자연스러운 가장 효과적인 식단,2,심장병,2
9791158773120,(건강과 다이어트를 동시에 잡는) 채소·과일식 :단순하면서 자연스러운 가장 효과적인 식단,2,소개,2
9791158773120,(건강과 다이어트를 동시에 잡는) 채소·과일식 :단순하면서 자연스러운 가장 효과적인 식단,2,과일,2
9791158773120,(건강과 다이어트를 동시에 잡는) 채소·과일식 :단순하면서 자연스러운 가장 효과적인 식단,2,속도,2
9791158773120,(건강과 다이어트를 동시에 잡는) 채소·과일식 :단순하면서 자연스러운 가장 효과적인 식단,2,과일주스,2
9791158773120,(건강과 다이어트를 동시에 잡는) 채소·과일식 :단순하면서 자연스러운 가장 효과적인 식단,2,식사,2
9791158773120,(건강과 다이어트를 동시에 잡는) 채소·과일식 :단순하면서 자연스러운 가장 효과적인 식단,2,심각,2
9791158773120,(건강과 다이어트를 동시에 잡는) 채소·과일식 :단순하면서 자연스러운 가장 효과적인 식단,2,알레르기,2
9791158773120,(건강과 다이어트를 동시에 잡는) 채소·과일식 :단순하면서 자연스러운 가장 효과적인 식단,2,약학대학,2
9791164136261,흔한남매,2,흔한남매,14
9791164136261,흔한남매,2,웃음,11
9791164136261,흔한남매,2,유튜브,6
9791164136261,흔한남매,2,에피소드,5
9791164136261,흔한남매,2,에이미,4
9791164136261,흔한남매,2,공감,4
9791164136261,흔한남매,2,수가,4
9791164136261,흔한남매,2,크리에이터,4
9791164136261,흔한남매,2,핼러윈,4
9791164136261,흔한남매,2,우당탕탕,4
9791164136261,흔한남매,2,스토리,4
9791164136261,흔한남매,2,인기,4
9791164136261,흔한남매,2,대결,3
9791164136261,흔한남매,2,데이지,3
9791164136261,흔한남매,2,남매,3
9791164136261,흔한남매,2,흔한남매 6,3
9791164136261,흔한남매,2,두근두근,3
9791164136261,흔한남매,2,캠핑,3
9791164136261,흔한남매,2,사나이,3
9791164136261,흔한남매,2,사랑,3
9791164136261,흔한남매,2,완전,3
9791164136261,흔한남매,2,어린이,3
9791164136261,흔한남매,2,짝사랑,3
9791164136261,흔한남매,2,수록,2
9791164136261,흔한남매,2,도플갱어,2
9791164136261,흔한남매,2,사이,2
9791164136261,흔한남매,2,재미,2
9791164136261,흔한남매,2,유머러스,2
9791164136261,흔한남매,2,만화,2
9791164136261,흔한남매,2,만화 일반,2
9791164136261,흔한남매,2,콩트,2
9791164136261,흔한남매,2,일상,2
9791164136261,흔한남매,2,미래엔,2
9791164136261,흔한남매,2,체육,2
9791164136261,흔한남매,2,분장,2
9791164136261,흔한남매,2,조회,2
9791164136261,흔한남매,2,데이,2
9791164136261,흔한남매,2,유난희,2
9791164136261,흔한남매,2,으뜸이와,2
9791164136261,흔한남매,2,흔한컴퍼니,2
9791164136261,흔한남매,2,꿀팁,2
9791164136261,흔한남매,2,끝말잇기,2
9791164136261,흔한남매,2,폭소,2
9791164136261,흔한남매,2,코믹,2
9791164136261,흔한남매,2,포인트,2
9791164136261,흔한남매,2,누적,2
9791164136261,흔한남매,2,코미디,2
9791164136261,흔한남매,2,구독자,2
9791164136261,흔한남매,2,대회,2
9791164136261,흔한남매,2,상황극,2
9788950920043,네 인생 우습지 않다 :인생 일타강사 전한길의 50가지 행복론,2,인생,12
9788950920043,네 인생 우습지 않다 :인생 일타강사 전한길의 50가지 행복론,2,사람,10
9788950920043,네 인생 우습지 않다 :인생 일타강사 전한길의 50가지 행복론,2,전한길,9
9788950920043,네 인생 우습지 않다 :인생 일타강사 전한길의 50가지 행복론,2,네 인생 우습지 않다,6
9788950920043,네 인생 우습지 않다 :인생 일타강사 전한길의 50가지 행복론,2,공무원,6
9788950920043,네 인생 우습지 않다 :인생 일타강사 전한길의 50가지 행복론,2,자신,6
9788950920043,네 인생 우습지 않다 :인생 일타강사 전한길의 50가지 행복론,2,성공,5
9788950920043,네 인생 우습지 않다 :인생 일타강사 전한길의 50가지 행복론,2,강의,5
9788950920043,네 인생 우습지 않다 :인생 일타강사 전한길의 50가지 행복론,2,시간,5
9788950920043,네 인생 우습지 않다 :인생 일타강사 전한길의 50가지 행복론,2,일타강사,5
9788950920043,네 인생 우습지 않다 :인생 일타강사 전한길의 50가지 행복론,2,행복,4
9788950920043,네 인생 우습지 않다 :인생 일타강사 전한길의 50가지 행복론,2,강사,4
9788950920043,네 인생 우습지 않다 :인생 일타강사 전한길의 50가지 행복론,2,빚더미,4
9788950920043,네 인생 우습지 않다 :인생 일타강사 전한길의 50가지 행복론,2,전하,4
9788950920043,네 인생 우습지 않다 :인생 일타강사 전한길의 50가지 행복론,2,대한민국,4
9788950920043,네 인생 우습지 않다 :인생 일타강사 전한길의 50가지 행복론,2,도전,4
9788950920043,네 인생 우습지 않다 :인생 일타강사 전한길의 50가지 행복론,2,50가지,4
9788950920043,네 인생 우습지 않다 :인생 일타강사 전한길의 50가지 행복론,2,25억,4
9788950920043,네 인생 우습지 않다 :인생 일타강사 전한길의 50가지 행복론,2,실패,4
9788950920043,네 인생 우습지 않다 :인생 일타강사 전한길의 50가지 행복론,2,행복론,4
9788950920043,네 인생 우습지 않다 :인생 일타강사 전한길의 50가지 행복론,2,한국사,3
9788950920043,네 인생 우습지 않다 :인생 일타강사 전한길의 50가지 행복론,2,시험,3
9788950920043,네 인생 우습지 않다 :인생 일타강사 전한길의 50가지 행복론,2,준비,3
9788950920043,네 인생 우습지 않다 :인생 일타강사 전한길의 50가지 행복론,2,난신적자,3
9788950920043,네 인생 우습지 않다 :인생 일타강사 전한길의 50가지 행복론,2,지혜,3
9788950920043,네 인생 우습지 않다 :인생 일타강사 전한길의 50가지 행복론,2,대지,3
9788950920043,네 인생 우습지 않다 :인생 일타강사 전한길의 50가지 행복론,2,꽃보다 전한길,3
9788950920043,네 인생 우습지 않다 :인생 일타강사 전한길의 50가지 행복론,2,청춘,3
9788950920043,네 인생 우습지 않다 :인생 일타강사 전한길의 50가지 행복론,2,용기,3
9788950920043,네 인생 우습지 않다 :인생 일타강사 전한길의 50가지 행복론,2,핑계,3
9788950920043,네 인생 우습지 않다 :인생 일타강사 전한길의 50가지 행복론,2,사업,3
9788950920043,네 인생 우습지 않다 :인생 일타강사 전한길의 50가지 행복론,2,최고,3
9788950920043,네 인생 우습지 않다 :인생 일타강사 전한길의 50가지 행복론,2,이유,3
9788950920043,네 인생 우습지 않다 :인생 일타강사 전한길의 50가지 행복론,2,마음,3
9788950920043,네 인생 우습지 않다 :인생 일타강사 전한길의 50가지 행복론,2,이들,3
9788950920043,네 인생 우습지 않다 :인생 일타강사 전한길의 50가지 행복론,2,선택,2
9788950920043,네 인생 우습지 않다 :인생 일타강사 전한길의 50가지 행복론,2,불량자,2
9788950920043,네 인생 우습지 않다 :인생 일타강사 전한길의 50가지 행복론,2,소인배,2
9788950920043,네 인생 우습지 않다 :인생 일타강사 전한길의 50가지 행복론,2,굴곡,2
9788950920043,네 인생 우습지 않다 :인생 일타강사 전한길의 50가지 행복론,2,2부,2
9788950920043,네 인생 우습지 않다 :인생 일타강사 전한길의 50가지 행복론,2,기록,2
9788950920043,네 인생 우습지 않다 :인생 일타강사 전한길의 50가지 행복론,2,히스토리,2
9788950920043,네 인생 우습지 않다 :인생 일타강사 전한길의 50가지 행복론,2,경산시,2
9788950920043,네 인생 우습지 않다 :인생 일타강사 전한길의 50가지 행복론,2,세상,2
9788950920043,네 인생 우습지 않다 :인생 일타강사 전한길의 50가지 행복론,2,생각,2
9788950920043,네 인생 우습지 않다 :인생 일타강사 전한길의 50가지 행복론,2,가난,2
9788950920043,네 인생 우습지 않다 :인생 일타강사 전한길의 50가지 행복론,2,문제,2
9788950920043,네 인생 우습지 않다 :인생 일타강사 전한길의 50가지 행복론,2,수험생,2
9788950920043,네 인생 우습지 않다 :인생 일타강사 전한길의 50가지 행복론,2,소작농,2
9788950920043,네 인생 우습지 않다 :인생 일타강사 전한길의 50가지 행복론,2,성공학,2
9788936447861,고양이 해결사 깜냥,2,깜냥,13
9788936447861,고양이 해결사 깜냥,2,고양이,9
9788936447861,고양이 해결사 깜냥,2,고양이 해결사 깜냥,6
9788936447861,고양이 해결사 깜냥,2,창비,5
9788936447861,고양이 해결사 깜냥,2,세상,3
9788936447861,고양이 해결사 깜냥,2,녹색아버지가 떴다,3
9788936447861,고양이 해결사 깜냥,2,요리사,3
9788936447861,고양이 해결사 깜냥,2,떡볶이는 달다,3
9788936447861,고양이 해결사 깜냥,2,초딩의 품격,3
9788936447861,고양이 해결사 깜냥,2,걱정 세탁소,3
9788936447861,고양이 해결사 깜냥,2,피자,3
9788936447861,고양이 해결사 깜냥,2,해결,3
9788936447861,고양이 해결사 깜냥,2,마음씨,2
9788936447861,고양이 해결사 깜냥,2,1권에,2
9788936447861,고양이 해결사 깜냥,2,문제,2
9788936447861,고양이 해결사 깜냥,2,유머러스,2
9788936447861,고양이 해결사 깜냥,2,이름,2
9788936447861,고양이 해결사 깜냥,2,제24회,2
9788936447861,고양이 해결사 깜냥,2,최고,2
9788936447861,고양이 해결사 깜냥,2,홍민정 동화,2
9788936447861,고양이 해결사 깜냥,2,도전,2
9788936447861,고양이 해결사 깜냥,2,해결사,2
9788936447861,고양이 해결사 깜냥,2,국내창작동화,2
9788936447861,고양이 해결사 깜냥,2,원고,2
9788936447861,고양이 해결사 깜냥,2,경비원,2
9788936447861,고양이 해결사 깜냥,2,어린이책,2
9788936447861,고양이 해결사 깜냥,2,김재희,2
9788936447861,고양이 해결사 깜냥,2,대상,2
9788936447861,고양이 해결사 깜냥,2,아파트,2
9788936447861,고양이 해결사 깜냥,2,공모,2
9788936447861,고양이 해결사 깜냥,2,아주,1
9788936447861,고양이 해결사 깜냥,2,생각,1
9788936447861,고양이 해결사 깜냥,2,신춘문예,1
9788936447861,고양이 해결사 깜냥,2,생선,1
9788936447861,고양이 해결사 깜냥,2,소식,1
9788936447861,고양이 해결사 깜냥,2,소중,1
9788936447861,고양이 해결사 깜냥,2,시리즈,1
9788936447861,고양이 해결사 깜냥,2,시작,1
9788936447861,고양이 해결사 깜냥,2,신세,1
9788936447861,고양이 해결사 깜냥,2,새침,1
9788936447861,고양이 해결사 깜냥,2,후속작이,1
9788936447861,고양이 해결사 깜냥,2,공원,1
9788936447861,고양이 해결사 깜냥,2,동화작가,1
9788936447861,고양이 해결사 깜냥,2,떠돌이,1
9788936447861,고양이 해결사 깜냥,2,고민,1
9788936447861,고양이 해결사 깜냥,2,말씀,1
9788936447861,고양이 해결사 깜냥,2,머리,1
9788936447861,고양이 해결사 깜냥,2,무심,1
9788936447861,고양이 해결사 깜냥,2,문예창작,1
9788936447861,고양이 해결사 깜냥,2,만점,1
9788934908760,놓지 마 속담,2,속담,53
9788934908760,놓지 마 속담,2,상식,16
9788934908760,놓지 마 속담,2,퀴즈,8
9788934908760,놓지 마 속담,2,태산,8
9788934908760,놓지 마 속담,2,정신,7
9788934908760,놓지 마 속담,2,마당,7
9788934908760,놓지 마 속담,2,나무,6
9788934908760,놓지 마 속담,2,놓지 마 속담,6
9788934908760,놓지 마 속담,2,다양,5
9788934908760,놓지 마 속담,2,에피소드,5
9788934908760,놓지 마 속담,2,호랑이,4
9788934908760,놓지 마 속담,2,가족,4
9788934908760,놓지 마 속담,2,동물,4
9788934908760,놓지 마 속담,2,티끌,4
9788934908760,놓지 마 속담,2,낮말,4
9788934908760,놓지 마 속담,2,모아,4
9788934908760,놓지 마 속담,2,밤말,4
9788934908760,놓지 마 속담,2,굼벵이,4
9788934908760,놓지 마 속담,2,코너,3
9788934908760,놓지 마 속담,2,쇠뿔,3
9788934908760,놓지 마 속담,2,생각,3
9788934908760,놓지 마 속담,2,동식물,3
9788934908760,놓지 마 속담,2,이해,3
9788934908760,놓지 마 속담,2,원숭이,2
9788934908760,놓지 마 속담,2,거미줄,2
9788934908760,놓지 마 속담,2,개구리,2
9788934908760,놓지 마 속담,2,신태훈,2
9788934908760,놓지 마 속담,2,가재,2
9788934908760,놓지 마 속담,2,싸움,2
9788934908760,놓지 마 속담,2,쇠귀,2
9788934908760,놓지 마 속담,2,외국,2
9788934908760,놓지 마 속담,2,맥락,2
9788934908760,놓지 마 속담,2,오리발,2
9788934908760,놓지 마 속담,2,웹툰,2
9788934908760,놓지 마 속담,2,이유,2
9788934908760,놓지 마 속담,2,올챙이,2
9788934908760,놓지 마 속담,2,고래,2
9788934908760,놓지 마 속담,2,고사성어,2
9788934908760,놓지 마 속담,2,나승훈,2
9788934908760,놓지 마 속담,2,실생활,2
9788934908760,놓지 마 속담,2,내민다-,2
9788934908760,놓지 마 속담,2,재주,2
9788934908760,놓지 마 속담,2,전통문화,2
9788934908760,놓지 마 속담,2,상황,2
9788934908760,놓지 마 속담,2,놀이터,2
9788934908760,놓지 마 속담,2,사용,2
9788934908760,놓지 마 속담,2,과학,2
9788934908760,놓지 마 속담,2,읽기,2
9788934908760,놓지 마 속담,2,상식 교양,2
9788934908760,놓지 마 속담,2,인기,2
9791190630184,놓지 마 과학!,2,미세,26
9791190630184,놓지 마 과학!,2,먼지,26
9791190630184,놓지 마 과학!,2,놓지 마 과학,18
9791190630184,놓지 마 과학!,2,황사,17
9791190630184,놓지 마 과학!,2,과학,15
9791190630184,놓지 마 과학!,2,놓지 마 정신줄,9
9791190630184,놓지 마 과학!,2,정신,6
9791190630184,놓지 마 과학!,2,원리,6
9791190630184,놓지 마 과학!,2,생기,6
9791190630184,놓지 마 과학!,2,만화,6
9791190630184,놓지 마 과학!,2,주리,6
9791190630184,놓지 마 과학!,2,스모그,5
9791190630184,놓지 마 과학!,2,13권,5
9791190630184,놓지 마 과학!,2,봄철,5
9791190630184,놓지 마 과학!,2,인기,4
9791190630184,놓지 마 과학!,2,학습,4
9791190630184,놓지 마 과학!,2,도시락,4
9791190630184,놓지 마 과학!,2,산성비,4
9791190630184,놓지 마 과학!,2,큰아빠,4
9791190630184,놓지 마 과학!,2,대머리,3
9791190630184,놓지 마 과학!,2,웹툰,3
9791190630184,놓지 마 과학!,2,우리나라,3
9791190630184,놓지 마 과학!,2,얼마,3
9791190630184,놓지 마 과학!,2,바이러스,3
9791190630184,놓지 마 과학!,2,8월,3
9791190630184,놓지 마 과학!,2,어린이,3
9791190630184,놓지 마 과학!,2,중국,3
9791190630184,놓지 마 과학!,2,호흡기 바이러스를 예방해요,3
9791190630184,놓지 마 과학!,2,신태훈,2
9791190630184,놓지 마 과학!,2,동물원,2
9791190630184,놓지 마 과학!,2,1권이,2
9791190630184,놓지 마 과학!,2,15권,2
9791190630184,놓지 마 과학!,2,생활,2
9791190630184,놓지 마 과학!,2,미래,2
9791190630184,놓지 마 과학!,2,연계표,2
9791190630184,놓지 마 과학!,2,문제,2
9791190630184,놓지 마 과학!,2,나승훈,2
9791190630184,놓지 마 과학!,2,구멍,2
9791190630184,놓지 마 과학!,2,2차분,2
9791190630184,놓지 마 과학!,2,기계,2
9791190630184,놓지 마 과학!,2,소풍,2
9791190630184,놓지 마 과학!,2,낙타,2
9791190630184,놓지 마 과학!,2,냉장고,2
9791190630184,놓지 마 과학!,2,교과,2
9791190630184,놓지 마 과학!,2,비어,2
9791190630184,놓지 마 과학!,2,고등어,2
9791190630184,놓지 마 과학!,2,5권과,2
9791190630184,놓지 마 과학!,2,1차분,2
9791190630184,놓지 마 과학!,2,사막,2
9791190630184,놓지 마 과학!,2,3차분,2
9791193506981,아이의 뇌 =뇌과학에서 찾아낸 4가지 양육 원칙 /A child's brain,2,아이,16
9791193506981,아이의 뇌 =뇌과학에서 찾아낸 4가지 양육 원칙 /A child's brain,2,아이들,9
9791193506981,아이의 뇌 =뇌과학에서 찾아낸 4가지 양육 원칙 /A child's brain,2,부모,8
9791193506981,아이의 뇌 =뇌과학에서 찾아낸 4가지 양육 원칙 /A child's brain,2,아들의 뇌,6
9791193506981,아이의 뇌 =뇌과학에서 찾아낸 4가지 양육 원칙 /A child's brain,2,소아청소년정신과,6
9791193506981,아이의 뇌 =뇌과학에서 찾아낸 4가지 양육 원칙 /A child's brain,2,교수,6
9791193506981,아이의 뇌 =뇌과학에서 찾아낸 4가지 양육 원칙 /A child's brain,2,Part,6
9791193506981,아이의 뇌 =뇌과학에서 찾아낸 4가지 양육 원칙 /A child's brain,2,최고,5
9791193506981,아이의 뇌 =뇌과학에서 찾아낸 4가지 양육 원칙 /A child's brain,2,행복,5
9791193506981,아이의 뇌 =뇌과학에서 찾아낸 4가지 양육 원칙 /A child's brain,2,김붕년,5
9791193506981,아이의 뇌 =뇌과학에서 찾아낸 4가지 양육 원칙 /A child's brain,2,뇌과학,5
9791193506981,아이의 뇌 =뇌과학에서 찾아낸 4가지 양육 원칙 /A child's brain,2,정서,4
9791193506981,아이의 뇌 =뇌과학에서 찾아낸 4가지 양육 원칙 /A child's brain,2,행동,4
9791193506981,아이의 뇌 =뇌과학에서 찾아낸 4가지 양육 원칙 /A child's brain,2,육아,4
9791193506981,아이의 뇌 =뇌과학에서 찾아낸 4가지 양육 원칙 /A child's brain,2,지능,4
9791193506981,아이의 뇌 =뇌과학에서 찾아낸 4가지 양육 원칙 /A child's brain,2,발달,4
9791193506981,아이의 뇌 =뇌과학에서 찾아낸 4가지 양육 원칙 /A child's brain,2,국내,4
9791193506981,아이의 뇌 =뇌과학에서 찾아낸 4가지 양육 원칙 /A child's brain,2,양육,3
9791193506981,아이의 뇌 =뇌과학에서 찾아낸 4가지 양육 원칙 /A child's brain,2,진료,3
9791193506981,아이의 뇌 =뇌과학에서 찾아낸 4가지 양육 원칙 /A child's brain,2,필요,3
9791193506981,아이의 뇌 =뇌과학에서 찾아낸 4가지 양육 원칙 /A child's brain,2,부모 클래스,3
9791193506981,아이의 뇌 =뇌과학에서 찾아낸 4가지 양육 원칙 /A child's brain,2,곽윤정,3
9791193506981,아이의 뇌 =뇌과학에서 찾아낸 4가지 양육 원칙 /A child's brain,2,소개,3
9791193506981,아이의 뇌 =뇌과학에서 찾아낸 4가지 양육 원칙 /A child's brain,2,제시,3
9791193506981,아이의 뇌 =뇌과학에서 찾아낸 4가지 양육 원칙 /A child's brain,2,발달뇌과학,3
9791193506981,아이의 뇌 =뇌과학에서 찾아낸 4가지 양육 원칙 /A child's brain,2,아이의 뇌,3
9791193506981,아이의 뇌 =뇌과학에서 찾아낸 4가지 양육 원칙 /A child's brain,2,유퀴즈 온 더 블럭,3
9791193506981,아이의 뇌 =뇌과학에서 찾아낸 4가지 양육 원칙 /A child's brain,2,문제,3
9791193506981,아이의 뇌 =뇌과학에서 찾아낸 4가지 양육 원칙 /A child's brain,2,세상,3
9791193506981,아이의 뇌 =뇌과학에서 찾아낸 4가지 양육 원칙 /A child's brain,2,권위자,3
9791193506981,아이의 뇌 =뇌과학에서 찾아낸 4가지 양육 원칙 /A child's brain,2,4가지,3
9791193506981,아이의 뇌 =뇌과학에서 찾아낸 4가지 양육 원칙 /A child's brain,2,ADHD,3
9791193506981,아이의 뇌 =뇌과학에서 찾아낸 4가지 양육 원칙 /A child's brain,2,서울대,3
9791193506981,아이의 뇌 =뇌과학에서 찾아낸 4가지 양육 원칙 /A child's brain,2,지침,3
9791193506981,아이의 뇌 =뇌과학에서 찾아낸 4가지 양육 원칙 /A child's brain,2,시기,3
9791193506981,아이의 뇌 =뇌과학에서 찾아낸 4가지 양육 원칙 /A child's brain,2,대기,3
9791193506981,아이의 뇌 =뇌과학에서 찾아낸 4가지 양육 원칙 /A child's brain,2,원칙,3
9791193506981,아이의 뇌 =뇌과학에서 찾아낸 4가지 양육 원칙 /A child's brain,2,이유,3
9791193506981,아이의 뇌 =뇌과학에서 찾아낸 4가지 양육 원칙 /A child's brain,2,3년,3
9791193506981,아이의 뇌 =뇌과학에서 찾아낸 4가지 양육 원칙 /A child's brain,2,탁월,3
9791193506981,아이의 뇌 =뇌과학에서 찾아낸 4가지 양육 원칙 /A child's brain,2,솔루션,3
9791193506981,아이의 뇌 =뇌과학에서 찾아낸 4가지 양육 원칙 /A child's brain,2,생기,2
9791193506981,아이의 뇌 =뇌과학에서 찾아낸 4가지 양육 원칙 /A child's brain,2,상상력,2
9791193506981,아이의 뇌 =뇌과학에서 찾아낸 4가지 양육 원칙 /A child's brain,2,성장,2
9791193506981,아이의 뇌 =뇌과학에서 찾아낸 4가지 양육 원칙 /A child's brain,2,tvN,2
9791193506981,아이의 뇌 =뇌과학에서 찾아낸 4가지 양육 원칙 /A child's brain,2,경보,2
9791193506981,아이의 뇌 =뇌과학에서 찾아낸 4가지 양육 원칙 /A child's brain,2,서울대학교,2
9791193506981,아이의 뇌 =뇌과학에서 찾아낸 4가지 양육 원칙 /A child's brain,2,결정적,2
9791193506981,아이의 뇌 =뇌과학에서 찾아낸 4가지 양육 원칙 /A child's brain,2,고치,2
9791193506981,아이의 뇌 =뇌과학에서 찾아낸 4가지 양육 원칙 /A child's brain,2,생각,2
9791171712267,놓지 마 과학!,2,과학,30
9791171712267,놓지 마 과학!,2,놓지 마 과학,24
9791171712267,놓지 마 과학!,2,신문,12
9791171712267,놓지 마 과학!,2,놓지 마 정신줄,12
9791171712267,놓지 마 과학!,2,라면,7
9791171712267,놓지 마 과학!,2,주리,6
9791171712267,놓지 마 과학!,2,동물,6
9791171712267,놓지 마 과학!,2,어린이,5
9791171712267,놓지 마 과학!,2,모기,5
9791171712267,놓지 마 과학!,2,지식,5
9791171712267,놓지 마 과학!,2,정신,5
9791171712267,놓지 마 과학!,2,만화,4
9791171712267,놓지 마 과학!,2,반응,4
9791171712267,놓지 마 과학!,2,일본,4
9791171712267,놓지 마 과학!,2,나승훈,4
9791171712267,놓지 마 과학!,2,신태훈,4
9791171712267,놓지 마 과학!,2,눈물,4
9791171712267,놓지 마 과학!,2,우울,3
9791171712267,놓지 마 과학!,2,교과,3
9791171712267,놓지 마 과학!,2,수프,3
9791171712267,놓지 마 과학!,2,끓는점,3
9791171712267,놓지 마 과학!,2,중력,3
9791171712267,놓지 마 과학!,2,철새,3
9791171712267,놓지 마 과학!,2,놓지 마 과학 애니메이션,3
9791171712267,놓지 마 과학!,2,지구,3
9791171712267,놓지 마 과학!,2,과학적,3
9791171712267,놓지 마 과학!,2,정신이의 과학 신문,3
9791171712267,놓지 마 과학!,2,햇빛,3
9791171712267,놓지 마 과학!,2,2019년,3
9791171712267,놓지 마 과학!,2,이번,3
9791171712267,놓지 마 과학!,2,몸무게,3
9791171712267,놓지 마 과학!,2,발간-,3
9791171712267,놓지 마 과학!,2,방법,3
9791171712267,놓지 마 과학!,2,19권,3
9791171712267,놓지 마 과학!,2,콤비,3
9791171712267,놓지 마 과학!,2,비밀,3
9791171712267,놓지 마 과학!,2,홀쭉이,3
9791171712267,놓지 마 과학!,2,아빠,2
9791171712267,놓지 마 과학!,2,암수,2
9791171712267,놓지 마 과학!,2,2014년,2
9791171712267,놓지 마 과학!,2,시리즈,2
9791171712267,놓지 마 과학!,2,뿌지직,2
9791171712267,놓지 마 과학!,2,홍훈기  감수,2
9791171712267,놓지 마 과학!,2,구성,2
9791171712267,놓지 마 과학!,2,과학 일반,2
9791171712267,놓지 마 과학!,2,사슴,2
9791171712267,놓지 마 과학!,2,연계표,2
9791171712267,놓지 마 과학!,2,에센스,2
9791171712267,놓지 마 과학!,2,시즌,2
9791171712267,놓지 마 과학!,2,빨간색,2
9788954651134,흰 :한강 소설,2,죽지,10
9788954651134,흰 :한강 소설,2,죽음,9
9788954651134,흰 :한강 소설,2,한강,9
9788954651134,흰 :한강 소설,2,도시,8
9788954651134,흰 :한강 소설,2,것들,5
9788954651134,흰 :한강 소설,2,세상,5
9788954651134,흰 :한강 소설,2,말이,4
9788954651134,흰 :한강 소설,2,그이,4
9788954651134,흰 :한강 소설,2,퍼포먼스,4
9788954651134,흰 :한강 소설,2,생각,4
9788954651134,흰 :한강 소설,2,수가,4
9788954651134,흰 :한강 소설,2,글자,4
9788954651134,흰 :한강 소설,2,수도,4
9788954651134,흰 :한강 소설,2,2000년대 이후 한국소설,4
9788954651134,흰 :한강 소설,2,지은,3
9788954651134,흰 :한강 소설,2,붉은 닻,3
9788954651134,흰 :한강 소설,2,그대의 차가운 손,3
9788954651134,흰 :한강 소설,2,언어 없는 언어,3
9788954651134,흰 :한강 소설,2,바람이 분다 가라,3
9788954651134,흰 :한강 소설,2,희랍어 시간,3
9788954651134,흰 :한강 소설,2,처음,3
9788954651134,흰 :한강 소설,2,영상,3
9788954651134,흰 :한강 소설,2,고요,3
9788954651134,흰 :한강 소설,2,소년이 온다,3
9788954651134,흰 :한강 소설,2,여수의 사랑,3
9788954651134,흰 :한강 소설,2,문학과사회,3
9788954651134,흰 :한강 소설,2,검은 사슴,3
9788954651134,흰 :한강 소설,2,기억,3
9788954651134,흰 :한강 소설,2,노랑무늬영원,3
9788954651134,흰 :한강 소설,2,채식주의자,3
9788954651134,흰 :한강 소설,2,파생,3
9788954651134,흰 :한강 소설,2,내 여자의 열매,3
9788954651134,흰 :한강 소설,2,서랍에 저녁을 넣어 두었다,3
9788954651134,흰 :한강 소설,2,자신,3
9788954651134,흰 :한강 소설,2,백지,3
9788954651134,흰 :한강 소설,2,흰 것,3
9788954651134,흰 :한강 소설,2,서울의 겨울,3
9788954651134,흰 :한강 소설,2,과정,3
9788954651134,흰 :한강 소설,2,발음,2
9788954651134,흰 :한강 소설,2,무력,2
9788954651134,흰 :한강 소설,2,서리,2
9788954651134,흰 :한강 소설,2,가지,2
9788954651134,흰 :한강 소설,2,가능,2
9788954651134,흰 :한강 소설,2,배내옷,2
9788954651134,흰 :한강 소설,2,발간,2
9788954651134,흰 :한강 소설,2,손수건,2
9788954651134,흰 :한강 소설,2,수의,2
9788954651134,흰 :한강 소설,2,순간,2
9788954651134,흰 :한강 소설,2,슬픔,2
9788954651134,흰 :한강 소설,2,목록,2
9791185584454,나는 4시간만 일한다 :디지털 노마드 시대 완전히 새로운 삶의 방식,2,시간,20
9791185584454,나는 4시간만 일한다 :디지털 노마드 시대 완전히 새로운 삶의 방식,2,수입,18
9791185584454,나는 4시간만 일한다 :디지털 노마드 시대 완전히 새로운 삶의 방식,2,자동화,15
9791185584454,나는 4시간만 일한다 :디지털 노마드 시대 완전히 새로운 삶의 방식,2,달러,13
9791185584454,나는 4시간만 일한다 :디지털 노마드 시대 완전히 새로운 삶의 방식,2,일주일,12
9791185584454,나는 4시간만 일한다 :디지털 노마드 시대 완전히 새로운 삶의 방식,2,방법,11
9791185584454,나는 4시간만 일한다 :디지털 노마드 시대 완전히 새로운 삶의 방식,2,선택,11
9791185584454,나는 4시간만 일한다 :디지털 노마드 시대 완전히 새로운 삶의 방식,2,과정,11
9791185584454,나는 4시간만 일한다 :디지털 노마드 시대 완전히 새로운 삶의 방식,2,4시간,11
9791185584454,나는 4시간만 일한다 :디지털 노마드 시대 완전히 새로운 삶의 방식,2,라이프스타일,10
9791185584454,나는 4시간만 일한다 :디지털 노마드 시대 완전히 새로운 삶의 방식,2,근무,10
9791185584454,나는 4시간만 일한다 :디지털 노마드 시대 완전히 새로운 삶의 방식,2,필요,10
9791185584454,나는 4시간만 일한다 :디지털 노마드 시대 완전히 새로운 삶의 방식,2,정의,8
9791185584454,나는 4시간만 일한다 :디지털 노마드 시대 완전히 새로운 삶의 방식,2,하루,8
9791185584454,나는 4시간만 일한다 :디지털 노마드 시대 완전히 새로운 삶의 방식,2,백만장자,8
9791185584454,나는 4시간만 일한다 :디지털 노마드 시대 완전히 새로운 삶의 방식,2,베스트셀러,8
9791185584454,나는 4시간만 일한다 :디지털 노마드 시대 완전히 새로운 삶의 방식,2,규칙,8
9791185584454,나는 4시간만 일한다 :디지털 노마드 시대 완전히 새로운 삶의 방식,2,질문,7
9791185584454,나는 4시간만 일한다 :디지털 노마드 시대 완전히 새로운 삶의 방식,2,제시,7
9791185584454,나는 4시간만 일한다 :디지털 노마드 시대 완전히 새로운 삶의 방식,2,완전,7
9791185584454,나는 4시간만 일한다 :디지털 노마드 시대 완전히 새로운 삶의 방식,2,뉴욕타임스,7
9791185584454,나는 4시간만 일한다 :디지털 노마드 시대 완전히 새로운 삶의 방식,2,인생,7
9791185584454,나는 4시간만 일한다 :디지털 노마드 시대 완전히 새로운 삶의 방식,2,은퇴,7
9791185584454,나는 4시간만 일한다 :디지털 노마드 시대 완전히 새로운 삶의 방식,2,법칙,7
9791185584454,나는 4시간만 일한다 :디지털 노마드 시대 완전히 새로운 삶의 방식,2,기존,7
9791185584454,나는 4시간만 일한다 :디지털 노마드 시대 완전히 새로운 삶의 방식,2,월스트리트저널,6
9791185584454,나는 4시간만 일한다 :디지털 노마드 시대 완전히 새로운 삶의 방식,2,전략,6
9791185584454,나는 4시간만 일한다 :디지털 노마드 시대 완전히 새로운 삶의 방식,2,일의,6
9791185584454,나는 4시간만 일한다 :디지털 노마드 시대 완전히 새로운 삶의 방식,2,방식,6
9791185584454,나는 4시간만 일한다 :디지털 노마드 시대 완전히 새로운 삶의 방식,2,페리스,6
9791185584454,나는 4시간만 일한다 :디지털 노마드 시대 완전히 새로운 삶의 방식,2,해방 Liberation,6
9791185584454,나는 4시간만 일한다 :디지털 노마드 시대 완전히 새로운 삶의 방식,2,자유,6
9791185584454,나는 4시간만 일한다 :디지털 노마드 시대 완전히 새로운 삶의 방식,2,회사,6
9791185584454,나는 4시간만 일한다 :디지털 노마드 시대 완전히 새로운 삶의 방식,2,자동화 Automation,6
9791185584454,나는 4시간만 일한다 :디지털 노마드 시대 완전히 새로운 삶의 방식,2,정의 Definition,6
9791185584454,나는 4시간만 일한다 :디지털 노마드 시대 완전히 새로운 삶의 방식,2,뮤즈,6
9791185584454,나는 4시간만 일한다 :디지털 노마드 시대 완전히 새로운 삶의 방식,2,제거 Elimination,6
9791185584454,나는 4시간만 일한다 :디지털 노마드 시대 완전히 새로운 삶의 방식,2,디지털,5
9791185584454,나는 4시간만 일한다 :디지털 노마드 시대 완전히 새로운 삶의 방식,2,노예,5
9791185584454,나는 4시간만 일한다 :디지털 노마드 시대 완전히 새로운 삶의 방식,2,분명,5
9791185584454,나는 4시간만 일한다 :디지털 노마드 시대 완전히 새로운 삶의 방식,2,관리,5
9791185584454,나는 4시간만 일한다 :디지털 노마드 시대 완전히 새로운 삶의 방식,2,해방,5
9791185584454,나는 4시간만 일한다 :디지털 노마드 시대 완전히 새로운 삶의 방식,2,권리,5
9791185584454,나는 4시간만 일한다 :디지털 노마드 시대 완전히 새로운 삶의 방식,2,구체적,5
9791185584454,나는 4시간만 일한다 :디지털 노마드 시대 완전히 새로운 삶의 방식,2,아마존,5
9791185584454,나는 4시간만 일한다 :디지털 노마드 시대 완전히 새로운 삶의 방식,2,정보,5
9791185584454,나는 4시간만 일한다 :디지털 노마드 시대 완전히 새로운 삶의 방식,2,아웃소싱,5
9791185584454,나는 4시간만 일한다 :디지털 노마드 시대 완전히 새로운 삶의 방식,2,제거,5
9791185584454,나는 4시간만 일한다 :디지털 노마드 시대 완전히 새로운 삶의 방식,2,대로,5
9791185584454,나는 4시간만 일한다 :디지털 노마드 시대 완전히 새로운 삶의 방식,2,여행,5
9791164134267,흔한남매,2,흔한남매,10
9791164134267,흔한남매,2,웃음,8
9791164134267,흔한남매,2,크리에이터,6
9791164134267,흔한남매,2,에이미,6
9791164134267,흔한남매,2,유튜브,6
9791164134267,흔한남매,2,장난감,5
9791164134267,흔한남매,2,남매,4
9791164134267,흔한남매,2,사이,4
9791164134267,흔한남매,2,에피소드,4
9791164134267,흔한남매,2,일상,4
9791164134267,흔한남매,2,유쾌,3
9791164134267,흔한남매,2,재미,3
9791164134267,흔한남매,2,회사,3
9791164134267,흔한남매,2,세뱃돈,3
9791164134267,흔한남매,2,스토리,3
9791164134267,흔한남매,2,다양,3
9791164134267,흔한남매,2,흔한남매 3,3
9791164134267,흔한남매,2,어린이,3
9791164134267,흔한남매,2,만화,3
9791164134267,흔한남매,2,영상,3
9791164134267,흔한남매,2,사다리,2
9791164134267,흔한남매,2,선물,2
9791164134267,흔한남매,2,소중,2
9791164134267,흔한남매,2,놀이,2
9791164134267,흔한남매,2,수록,2
9791164134267,흔한남매,2,만화 일반,2
9791164134267,흔한남매,2,눈치,2
9791164134267,흔한남매,2,엔터테인먼트,2
9791164134267,흔한남매,2,으뜸,2
9791164134267,흔한남매,2,대표,2
9791164134267,흔한남매,2,완전,2
9791164134267,흔한남매,2,도티,2
9791164134267,흔한남매,2,상상력,2
9791164134267,흔한남매,2,미래엔,2
9791164134267,흔한남매,2,구독자,2
9791164134267,흔한남매,2,생태계,2
9791164134267,흔한남매,2,성공적,2
9791164134267,흔한남매,2,분야,2
9791164134267,흔한남매,2,순수,2
9791164134267,흔한남매,2,싸움,2
9791164134267,흔한남매,2,인기,2
9791164134267,흔한남매,2,오빠,2
9791164134267,흔한남매,2,우애,2
9791164134267,흔한남매,2,유머러스,2
9791164134267,흔한남매,2,영향력,2
9791164134267,흔한남매,2,인형,2
9791164134267,흔한남매,2,스피그,2
9791164134267,흔한남매,2,수가,2
9791164134267,흔한남매,2,생일,2
9791164134267,흔한남매,2,MCN,2
9788954616515,희랍어 시간 :한강 장편소설,2,사진,24
9788954616515,희랍어 시간 :한강 장편소설,2,여자,18
9788954616515,희랍어 시간 :한강 장편소설,2,시간,16
9788954616515,희랍어 시간 :한강 장편소설,2,남자,12
9788954616515,희랍어 시간 :한강 장편소설,2,희랍어 시간,12
9788954616515,희랍어 시간 :한강 장편소설,2,언어,8
9788954616515,희랍어 시간 :한강 장편소설,2,희랍어,8
9788954616515,희랍어 시간 :한강 장편소설,2,침묵,7
9788954616515,희랍어 시간 :한강 장편소설,2,순간,7
9788954616515,희랍어 시간 :한강 장편소설,2,채식주의자,7
9788954616515,희랍어 시간 :한강 장편소설,2,기미,6
9788954616515,희랍어 시간 :한강 장편소설,2,흔적,6
9788954616515,희랍어 시간 :한강 장편소설,2,장의,6
9788954616515,희랍어 시간 :한강 장편소설,2,사진강의 노트,6
9788954616515,희랍어 시간 :한강 장편소설,2,것들,6
9788954616515,희랍어 시간 :한강 장편소설,2,소년이 온다,6
9788954616515,희랍어 시간 :한강 장편소설,2,단단,6
9788954616515,희랍어 시간 :한강 장편소설,2,존재,6
9788954616515,희랍어 시간 :한강 장편소설,2,점점,5
9788954616515,희랍어 시간 :한강 장편소설,2,자체,5
9788954616515,희랍어 시간 :한강 장편소설,2,기억,5
9788954616515,희랍어 시간 :한강 장편소설,2,한강,5
9788954616515,희랍어 시간 :한강 장편소설,2,어둠,4
9788954616515,희랍어 시간 :한강 장편소설,2,암실,4
9788954616515,희랍어 시간 :한강 장편소설,2,세계,4
9788954616515,희랍어 시간 :한강 장편소설,2,말語,4
9788954616515,희랍어 시간 :한강 장편소설,2,반응,4
9788954616515,희랍어 시간 :한강 장편소설,2,발견,4
9788954616515,희랍어 시간 :한강 장편소설,2,찰나,4
9788954616515,희랍어 시간 :한강 장편소설,2,바람이 분다 가라,3
9788954616515,희랍어 시간 :한강 장편소설,2,맥락,3
9788954616515,희랍어 시간 :한강 장편소설,2,의미,3
9788954616515,희랍어 시간 :한강 장편소설,2,명암,3
9788954616515,희랍어 시간 :한강 장편소설,2,서술,3
9788954616515,희랍어 시간 :한강 장편소설,2,문학과사회,3
9788954616515,희랍어 시간 :한강 장편소설,2,필립 퍼키스와의 대화,3
9788954616515,희랍어 시간 :한강 장편소설,2,내 여자의 열매,3
9788954616515,희랍어 시간 :한강 장편소설,2,필립,3
9788954616515,희랍어 시간 :한강 장편소설,2,완전,3
9788954616515,희랍어 시간 :한강 장편소설,2,서랍에 저녁을 넣어 두었다,3
9788954616515,희랍어 시간 :한강 장편소설,2,퍼키스,3
9788954616515,희랍어 시간 :한강 장편소설,2,붉은 닻,3
9788954616515,희랍어 시간 :한강 장편소설,2,여수의 사랑,3
9788954616515,희랍어 시간 :한강 장편소설,2,검은 사슴,3
9788954616515,희랍어 시간 :한강 장편소설,2,사회적,3
9788954616515,희랍어 시간 :한강 장편소설,2,그날들,3
9788954616515,희랍어 시간 :한강 장편소설,2,사물,3
9788954616515,희랍어 시간 :한강 장편소설,2,그대의 차가운 손,3
9788954616515,희랍어 시간 :한강 장편소설,2,본다는 것의 의미,3
9788954616515,희랍어 시간 :한강 장편소설,2,노랑무늬영원,3
9788901090184,클루지 :생각의 역사를 뒤집는 기막힌 발견,2,세계,4
9788901090184,클루지 :생각의 역사를 뒤집는 기막힌 발견,2,인간,4
9788901090184,클루지 :생각의 역사를 뒤집는 기막힌 발견,2,생각,3
9788901090184,클루지 :생각의 역사를 뒤집는 기막힌 발견,2,마음,3
9788901090184,클루지 :생각의 역사를 뒤집는 기막힌 발견,2,진화,3
9788901090184,클루지 :생각의 역사를 뒤집는 기막힌 발견,2,개리 마커스,2
9788901090184,클루지 :생각의 역사를 뒤집는 기막힌 발견,2,웅진씽크빅,2
9788901090184,클루지 :생각의 역사를 뒤집는 기막힌 발견,2,클루지,2
9788901090184,클루지 :생각의 역사를 뒤집는 기막힌 발견,2,방해,2
9788901090184,클루지 :생각의 역사를 뒤집는 기막힌 발견,2,이론 심리학,2
9788901090184,클루지 :생각의 역사를 뒤집는 기막힌 발견,2,교양 심리학,2
9788901090184,클루지 :생각의 역사를 뒤집는 기막힌 발견,2,최호영,2
9788901090184,클루지 :생각의 역사를 뒤집는 기막힌 발견,2,함정,2
9788901090184,클루지 :생각의 역사를 뒤집는 기막힌 발견,2,선택,2
9788901090184,클루지 :생각의 역사를 뒤집는 기막힌 발견,2,신념,1
9788901090184,클루지 :생각의 역사를 뒤집는 기막힌 발견,2,언어,1
9788901090184,클루지 :생각의 역사를 뒤집는 기막힌 발견,2,시간,1
9788901090184,클루지 :생각의 역사를 뒤집는 기막힌 발견,2,역사적,1
9788901090184,클루지 :생각의 역사를 뒤집는 기막힌 발견,2,영역,1
9788901090184,클루지 :생각의 역사를 뒤집는 기막힌 발견,2,심리학,1
9788901090184,클루지 :생각의 역사를 뒤집는 기막힌 발견,2,증명,1
9788901090184,클루지 :생각의 역사를 뒤집는 기막힌 발견,2,주장,1
9788901090184,클루지 :생각의 역사를 뒤집는 기막힌 발견,2,주목,1
9788901090184,클루지 :생각의 역사를 뒤집는 기막힌 발견,2,조망,1
9788901090184,클루지 :생각의 역사를 뒤집는 기막힌 발견,2,제안,1
9788901090184,클루지 :생각의 역사를 뒤집는 기막힌 발견,2,제시,1
9788901090184,클루지 :생각의 역사를 뒤집는 기막힌 발견,2,정신,1
9788901090184,클루지 :생각의 역사를 뒤집는 기막힌 발견,2,정도,1
9788901090184,클루지 :생각의 역사를 뒤집는 기막힌 발견,2,지혜,1
9788901090184,클루지 :생각의 역사를 뒤집는 기막힌 발견,2,일상,1
9788901090184,클루지 :생각의 역사를 뒤집는 기막힌 발견,2,장대,1
9788901090184,클루지 :생각의 역사를 뒤집는 기막힌 발견,2,생존,1
9788901090184,클루지 :생각의 역사를 뒤집는 기막힌 발견,2,기억,1
9788901090184,클루지 :생각의 역사를 뒤집는 기막힌 발견,2,기구,1
9788901090184,클루지 :생각의 역사를 뒤집는 기막힌 발견,2,근본적,1
9788901090184,클루지 :생각의 역사를 뒤집는 기막힌 발견,2,구성,1
9788901090184,클루지 :생각의 역사를 뒤집는 기막힌 발견,2,교수,1
9788901090184,클루지 :생각의 역사를 뒤집는 기막힌 발견,2,관성,1
9788901090184,클루지 :생각의 역사를 뒤집는 기막힌 발견,2,곳곳,1
9788901090184,클루지 :생각의 역사를 뒤집는 기막힌 발견,2,경험적,1
9788901090184,클루지 :생각의 역사를 뒤집는 기막힌 발견,2,효과적,1
9788901090184,클루지 :생각의 역사를 뒤집는 기막힌 발견,2,뉴욕대학교,1
9788901090184,클루지 :생각의 역사를 뒤집는 기막힌 발견,2,살피,1
9788901090184,클루지 :생각의 역사를 뒤집는 기막힌 발견,2,불완전,1
9788901090184,클루지 :생각의 역사를 뒤집는 기막힌 발견,2,법칙,1
9788901090184,클루지 :생각의 역사를 뒤집는 기막힌 발견,2,방식,1
9788901090184,클루지 :생각의 역사를 뒤집는 기막힌 발견,2,방법,1
9788901090184,클루지 :생각의 역사를 뒤집는 기막힌 발견,2,무기,1
9788901090184,클루지 :생각의 역사를 뒤집는 기막힌 발견,2,마커스,1
9788901090184,클루지 :생각의 역사를 뒤집는 기막힌 발견,2,당대,1
9791190305310,놓지 마 과학!,2,과학,19
9791190305310,놓지 마 과학!,2,놓지 마 과학,18
9791190305310,놓지 마 과학!,2,로봇,16
9791190305310,놓지 마 과학!,2,공룡,13
9791190305310,놓지 마 과학!,2,놓지 마 정신줄,9
9791190305310,놓지 마 과학!,2,코딩,8
9791190305310,놓지 마 과학!,2,원리,7
9791190305310,놓지 마 과학!,2,프로그래밍,6
9791190305310,놓지 마 과학!,2,정신,6
9791190305310,놓지 마 과학!,2,언어,6
9791190305310,놓지 마 과학!,2,컴퓨터,6
9791190305310,놓지 마 과학!,2,교과,5
9791190305310,놓지 마 과학!,2,순서도,5
9791190305310,놓지 마 과학!,2,만화,5
9791190305310,놓지 마 과학!,2,마이아사우라,4
9791190305310,놓지 마 과학!,2,어린이,4
9791190305310,놓지 마 과학!,2,똑똑,4
9791190305310,놓지 마 과학!,2,학습,4
9791190305310,놓지 마 과학!,2,익룡,4
9791190305310,놓지 마 과학!,2,12권,4
9791190305310,놓지 마 과학!,2,지능형,4
9791190305310,놓지 마 과학!,2,인기,3
9791190305310,놓지 마 과학!,2,알고리즘,3
9791190305310,놓지 마 과학!,2,예측,3
9791190305310,놓지 마 과학!,2,데이노니쿠스,3
9791190305310,놓지 마 과학!,2,웹툰,3
9791190305310,놓지 마 과학!,2,정구,3
9791190305310,놓지 마 과학!,2,라면,2
9791190305310,놓지 마 과학!,2,사람,2
9791190305310,놓지 마 과학!,2,양치질,2
9791190305310,놓지 마 과학!,2,신기,2
9791190305310,놓지 마 과학!,2,대전,2
9791190305310,놓지 마 과학!,2,누구,2
9791190305310,놓지 마 과학!,2,대역전승,2
9791190305310,놓지 마 과학!,2,약속,2
9791190305310,놓지 마 과학!,2,버그,2
9791190305310,놓지 마 과학!,2,실과,2
9791190305310,놓지 마 과학!,2,회장님,2
9791190305310,놓지 마 과학!,2,새끼,2
9791190305310,놓지 마 과학!,2,시리즈,2
9791190305310,놓지 마 과학!,2,아이들,2
9791190305310,놓지 마 과학!,2,어룡,2
9791190305310,놓지 마 과학!,2,엉뚱,2
9791190305310,놓지 마 과학!,2,비트,2
9791190305310,놓지 마 과학!,2,8월,2
9791190305310,놓지 마 과학!,2,아이스크림,2
9791190305310,놓지 마 과학!,2,수장룡,2
9791190305310,놓지 마 과학!,2,연계표,2
9791190305310,놓지 마 과학!,2,영어,2
9791190305310,놓지 마 과학!,2,그걸,2
9791173323027,호의에 대하여 :문형배 에세이,2,재판관,8
9791173323027,호의에 대하여 :문형배 에세이,2,재판,7
9791173323027,호의에 대하여 :문형배 에세이,2,사람,7
9791173323027,호의에 대하여 :문형배 에세이,2,양형,6
9791173323027,호의에 대하여 :문형배 에세이,2,4월,5
9791173323027,호의에 대하여 :문형배 에세이,2,사회,5
9791173323027,호의에 대하여 :문형배 에세이,2,판사,5
9791173323027,호의에 대하여 :문형배 에세이,2,판결,5
9791173323027,호의에 대하여 :문형배 에세이,2,문형배,5
9791173323027,호의에 대하여 :문형배 에세이,2,선고,5
9791173323027,호의에 대하여 :문형배 에세이,2,조정,4
9791173323027,호의에 대하여 :문형배 에세이,2,생활,4
9791173323027,호의에 대하여 :문형배 에세이,2,보고,4
9791173323027,호의에 대하여 :문형배 에세이,2,공직,4
9791173323027,호의에 대하여 :문형배 에세이,2,기준,4
9791173323027,호의에 대하여 :문형배 에세이,2,임기,3
9791173323027,호의에 대하여 :문형배 에세이,2,취임사,3
9791173323027,호의에 대하여 :문형배 에세이,2,형사,3
9791173323027,호의에 대하여 :문형배 에세이,2,이들,3
9791173323027,호의에 대하여 :문형배 에세이,2,시작,3
9791173323027,호의에 대하여 :문형배 에세이,2,헌법재판관,3
9791173323027,호의에 대하여 :문형배 에세이,2,세상,3
9791173323027,호의에 대하여 :문형배 에세이,2,방법,3
9791173323027,호의에 대하여 :문형배 에세이,2,일상,3
9791173323027,호의에 대하여 :문형배 에세이,2,이름,2
9791173323027,호의에 대하여 :문형배 에세이,2,법칙,2
9791173323027,호의에 대하여 :문형배 에세이,2,약자에겐,2
9791173323027,호의에 대하여 :문형배 에세이,2,나무,2
9791173323027,호의에 대하여 :문형배 에세이,2,기타 명사에세이,2
9791173323027,호의에 대하여 :문형배 에세이,2,상상,2
9791173323027,호의에 대하여 :문형배 에세이,2,비리,2
9791173323027,호의에 대하여 :문형배 에세이,2,김영사,2
9791173323027,호의에 대하여 :문형배 에세이,2,민사,2
9791173323027,호의에 대하여 :문형배 에세이,2,2025년,2
9791173323027,호의에 대하여 :문형배 에세이,2,부산 경남,2
9791173323027,호의에 대하여 :문형배 에세이,2,소박,2
9791173323027,호의에 대하여 :문형배 에세이,2,부산가정법원장,2
9791173323027,호의에 대하여 :문형배 에세이,2,사회적,2
9791173323027,호의에 대하여 :문형배 에세이,2,가지,2
9791173323027,호의에 대하여 :문형배 에세이,2,이행,2
9791173323027,호의에 대하여 :문형배 에세이,2,결과,2
9791173323027,호의에 대하여 :문형배 에세이,2,부패,2
9791173323027,호의에 대하여 :문형배 에세이,2,사법,2
9791173323027,호의에 대하여 :문형배 에세이,2,상담,2
9791173323027,호의에 대하여 :문형배 에세이,2,실리,2
9791173323027,호의에 대하여 :문형배 에세이,2,엄정,2
9791173323027,호의에 대하여 :문형배 에세이,2,이임사,2
9791173323027,호의에 대하여 :문형배 에세이,2,자작나무,2
9791173323027,호의에 대하여 :문형배 에세이,2,기록,2
9791173323027,호의에 대하여 :문형배 에세이,2,2019년,2
9791169850681,깨진 틈이 있어야 그 사이로 빛이 들어온다 :차라투스트라는 이렇게 말했다,2,대하,48
9791169850681,깨진 틈이 있어야 그 사이로 빛이 들어온다 :차라투스트라는 이렇게 말했다,2,니체,9
9791169850681,깨진 틈이 있어야 그 사이로 빛이 들어온다 :차라투스트라는 이렇게 말했다,2,차라투스트라,7
9791169850681,깨진 틈이 있어야 그 사이로 빛이 들어온다 :차라투스트라는 이렇게 말했다,2,철학,7
9791169850681,깨진 틈이 있어야 그 사이로 빛이 들어온다 :차라투스트라는 이렇게 말했다,2,철학자,6
9791169850681,깨진 틈이 있어야 그 사이로 빛이 들어온다 :차라투스트라는 이렇게 말했다,2,노래,6
9791169850681,깨진 틈이 있어야 그 사이로 빛이 들어온다 :차라투스트라는 이렇게 말했다,2,비극의 탄생,6
9791169850681,깨진 틈이 있어야 그 사이로 빛이 들어온다 :차라투스트라는 이렇게 말했다,2,자신,5
9791169850681,깨진 틈이 있어야 그 사이로 빛이 들어온다 :차라투스트라는 이렇게 말했다,2,프리드리히 니체,4
9791169850681,깨진 틈이 있어야 그 사이로 빛이 들어온다 :차라투스트라는 이렇게 말했다,2,자들,4
9791169850681,깨진 틈이 있어야 그 사이로 빛이 들어온다 :차라투스트라는 이렇게 말했다,2,차라투스트라는 이렇게 말했다,3
9791169850681,깨진 틈이 있어야 그 사이로 빛이 들어온다 :차라투스트라는 이렇게 말했다,2,고독,3
9791169850681,깨진 틈이 있어야 그 사이로 빛이 들어온다 :차라투스트라는 이렇게 말했다,2,이 사람을 보라,3
9791169850681,깨진 틈이 있어야 그 사이로 빛이 들어온다 :차라투스트라는 이렇게 말했다,2,인간적인 너무나도 인간적인,3
9791169850681,깨진 틈이 있어야 그 사이로 빛이 들어온다 :차라투스트라는 이렇게 말했다,2,반시대적 고찰,3
9791169850681,깨진 틈이 있어야 그 사이로 빛이 들어온다 :차라투스트라는 이렇게 말했다,2,권력에의 의지,3
9791169850681,깨진 틈이 있어야 그 사이로 빛이 들어온다 :차라투스트라는 이렇게 말했다,2,산속,3
9791169850681,깨진 틈이 있어야 그 사이로 빛이 들어온다 :차라투스트라는 이렇게 말했다,2,선악의 저편,3
9791169850681,깨진 틈이 있어야 그 사이로 빛이 들어온다 :차라투스트라는 이렇게 말했다,2,사상가,3
9791169850681,깨진 틈이 있어야 그 사이로 빛이 들어온다 :차라투스트라는 이렇게 말했다,2,의지,3
9791169850681,깨진 틈이 있어야 그 사이로 빛이 들어온다 :차라투스트라는 이렇게 말했다,2,도덕의 계보학,3
9791169850681,깨진 틈이 있어야 그 사이로 빛이 들어온다 :차라투스트라는 이렇게 말했다,2,20세기,3
9791169850681,깨진 틈이 있어야 그 사이로 빛이 들어온다 :차라투스트라는 이렇게 말했다,2,인간,3
9791169850681,깨진 틈이 있어야 그 사이로 빛이 들어온다 :차라투스트라는 이렇게 말했다,2,방랑자,2
9791169850681,깨진 틈이 있어야 그 사이로 빛이 들어온다 :차라투스트라는 이렇게 말했다,2,사상적,2
9791169850681,깨진 틈이 있어야 그 사이로 빛이 들어온다 :차라투스트라는 이렇게 말했다,2,사유,2
9791169850681,깨진 틈이 있어야 그 사이로 빛이 들어온다 :차라투스트라는 이렇게 말했다,2,기존,2
9791169850681,깨진 틈이 있어야 그 사이로 빛이 들어온다 :차라투스트라는 이렇게 말했다,2,김신종  옮긴이,2
9791169850681,깨진 틈이 있어야 그 사이로 빛이 들어온다 :차라투스트라는 이렇게 말했다,2,개의,2
9791169850681,깨진 틈이 있어야 그 사이로 빛이 들어온다 :차라투스트라는 이렇게 말했다,2,깨달음,2
9791169850681,깨진 틈이 있어야 그 사이로 빛이 들어온다 :차라투스트라는 이렇게 말했다,2,시작,2
9791169850681,깨진 틈이 있어야 그 사이로 빛이 들어온다 :차라투스트라는 이렇게 말했다,2,설정,2
9791169850681,깨진 틈이 있어야 그 사이로 빛이 들어온다 :차라투스트라는 이렇게 말했다,2,엄정,2
9791169850681,깨진 틈이 있어야 그 사이로 빛이 들어온다 :차라투스트라는 이렇게 말했다,2,뿌리째,2
9791169850681,깨진 틈이 있어야 그 사이로 빛이 들어온다 :차라투스트라는 이렇게 말했다,2,쇼펜하우어,2
9791169850681,깨진 틈이 있어야 그 사이로 빛이 들어온다 :차라투스트라는 이렇게 말했다,2,목표,2
9791169850681,깨진 틈이 있어야 그 사이로 빛이 들어온다 :차라투스트라는 이렇게 말했다,2,사랑,2
9791169850681,깨진 틈이 있어야 그 사이로 빛이 들어온다 :차라투스트라는 이렇게 말했다,2,사이,2
9791169850681,깨진 틈이 있어야 그 사이로 빛이 들어온다 :차라투스트라는 이렇게 말했다,2,서판,2
9791169850681,깨진 틈이 있어야 그 사이로 빛이 들어온다 :차라투스트라는 이렇게 말했다,2,선구자적,2
9791169850681,깨진 틈이 있어야 그 사이로 빛이 들어온다 :차라투스트라는 이렇게 말했다,2,아이,2
9791169850681,깨진 틈이 있어야 그 사이로 빛이 들어온다 :차라투스트라는 이렇게 말했다,2,여자,2
9791169850681,깨진 틈이 있어야 그 사이로 빛이 들어온다 :차라투스트라는 이렇게 말했다,2,은둔자,2
9791169850681,깨진 틈이 있어야 그 사이로 빛이 들어온다 :차라투스트라는 이렇게 말했다,2,역할,2
9791169850681,깨진 틈이 있어야 그 사이로 빛이 들어온다 :차라투스트라는 이렇게 말했다,2,아바타,2
9791169850681,깨진 틈이 있어야 그 사이로 빛이 들어온다 :차라투스트라는 이렇게 말했다,2,서양철학,2
9791169850681,깨진 틈이 있어야 그 사이로 빛이 들어온다 :차라투스트라는 이렇게 말했다,2,위대,2
9791169850681,깨진 틈이 있어야 그 사이로 빛이 들어온다 :차라투스트라는 이렇게 말했다,2,들뢰즈,2
9791169850681,깨진 틈이 있어야 그 사이로 빛이 들어온다 :차라투스트라는 이렇게 말했다,2,희망,2
9791169850681,깨진 틈이 있어야 그 사이로 빛이 들어온다 :차라투스트라는 이렇게 말했다,2,망치,2
9788950941819,"(세상에서 가장 쉬운) 본질육아 :삶의 근본을 보여주는 부모, 삶을 스스로 개척하는 아이",2,아이,77
9788950941819,"(세상에서 가장 쉬운) 본질육아 :삶의 근본을 보여주는 부모, 삶을 스스로 개척하는 아이",2,부모,25
9788950941819,"(세상에서 가장 쉬운) 본질육아 :삶의 근본을 보여주는 부모, 삶을 스스로 개척하는 아이",2,부모연습,24
9788950941819,"(세상에서 가장 쉬운) 본질육아 :삶의 근본을 보여주는 부모, 삶을 스스로 개척하는 아이",2,육아,17
9788950941819,"(세상에서 가장 쉬운) 본질육아 :삶의 근본을 보여주는 부모, 삶을 스스로 개척하는 아이",2,동기,11
9788950941819,"(세상에서 가장 쉬운) 본질육아 :삶의 근본을 보여주는 부모, 삶을 스스로 개척하는 아이",2,요법,11
9788950941819,"(세상에서 가장 쉬운) 본질육아 :삶의 근본을 보여주는 부모, 삶을 스스로 개척하는 아이",2,세상에서 가장 쉬운 본질육아,9
9788950941819,"(세상에서 가장 쉬운) 본질육아 :삶의 근본을 보여주는 부모, 삶을 스스로 개척하는 아이",2,사람,8
9788950941819,"(세상에서 가장 쉬운) 본질육아 :삶의 근본을 보여주는 부모, 삶을 스스로 개척하는 아이",2,지나영,7
9788950941819,"(세상에서 가장 쉬운) 본질육아 :삶의 근본을 보여주는 부모, 삶을 스스로 개척하는 아이",2,개척,7
9788950941819,"(세상에서 가장 쉬운) 본질육아 :삶의 근본을 보여주는 부모, 삶을 스스로 개척하는 아이",2,자기조절력,7
9788950941819,"(세상에서 가장 쉬운) 본질육아 :삶의 근본을 보여주는 부모, 삶을 스스로 개척하는 아이",2,자신,7
9788950941819,"(세상에서 가장 쉬운) 본질육아 :삶의 근본을 보여주는 부모, 삶을 스스로 개척하는 아이",2,기본,7
9788950941819,"(세상에서 가장 쉬운) 본질육아 :삶의 근본을 보여주는 부모, 삶을 스스로 개척하는 아이",2,단단,7
9788950941819,"(세상에서 가장 쉬운) 본질육아 :삶의 근본을 보여주는 부모, 삶을 스스로 개척하는 아이",2,내적,6
9788950941819,"(세상에서 가장 쉬운) 본질육아 :삶의 근본을 보여주는 부모, 삶을 스스로 개척하는 아이",2,실패,6
9788950941819,"(세상에서 가장 쉬운) 본질육아 :삶의 근본을 보여주는 부모, 삶을 스스로 개척하는 아이",2,행복,6
9788950941819,"(세상에서 가장 쉬운) 본질육아 :삶의 근본을 보여주는 부모, 삶을 스스로 개척하는 아이",2,교수,6
9788950941819,"(세상에서 가장 쉬운) 본질육아 :삶의 근본을 보여주는 부모, 삶을 스스로 개척하는 아이",2,열심,5
9788950941819,"(세상에서 가장 쉬운) 본질육아 :삶의 근본을 보여주는 부모, 삶을 스스로 개척하는 아이",2,원칙,5
9788950941819,"(세상에서 가장 쉬운) 본질육아 :삶의 근본을 보여주는 부모, 삶을 스스로 개척하는 아이",2,자존감,5
9788950941819,"(세상에서 가장 쉬운) 본질육아 :삶의 근본을 보여주는 부모, 삶을 스스로 개척하는 아이",2,소아정신과,5
9788950941819,"(세상에서 가장 쉬운) 본질육아 :삶의 근본을 보여주는 부모, 삶을 스스로 개척하는 아이",2,현실,5
9788950941819,"(세상에서 가장 쉬운) 본질육아 :삶의 근본을 보여주는 부모, 삶을 스스로 개척하는 아이",2,내면,5
9788950941819,"(세상에서 가장 쉬운) 본질육아 :삶의 근본을 보여주는 부모, 삶을 스스로 개척하는 아이",2,불안,5
9788950941819,"(세상에서 가장 쉬운) 본질육아 :삶의 근본을 보여주는 부모, 삶을 스스로 개척하는 아이",2,PART,5
9788950941819,"(세상에서 가장 쉬운) 본질육아 :삶의 근본을 보여주는 부모, 삶을 스스로 개척하는 아이",2,필요,5
9788950941819,"(세상에서 가장 쉬운) 본질육아 :삶의 근본을 보여주는 부모, 삶을 스스로 개척하는 아이",2,목적지,4
9788950941819,"(세상에서 가장 쉬운) 본질육아 :삶의 근본을 보여주는 부모, 삶을 스스로 개척하는 아이",2,루틴,4
9788950941819,"(세상에서 가장 쉬운) 본질육아 :삶의 근본을 보여주는 부모, 삶을 스스로 개척하는 아이",2,최종,4
9788950941819,"(세상에서 가장 쉬운) 본질육아 :삶의 근본을 보여주는 부모, 삶을 스스로 개척하는 아이",2,핵심,4
9788950941819,"(세상에서 가장 쉬운) 본질육아 :삶의 근본을 보여주는 부모, 삶을 스스로 개척하는 아이",2,공부,4
9788950941819,"(세상에서 가장 쉬운) 본질육아 :삶의 근본을 보여주는 부모, 삶을 스스로 개척하는 아이",2,존스홉킨스,4
9788950941819,"(세상에서 가장 쉬운) 본질육아 :삶의 근본을 보여주는 부모, 삶을 스스로 개척하는 아이",2,의과대학,4
9788950941819,"(세상에서 가장 쉬운) 본질육아 :삶의 근본을 보여주는 부모, 삶을 스스로 개척하는 아이",2,가족,4
9788950941819,"(세상에서 가장 쉬운) 본질육아 :삶의 근본을 보여주는 부모, 삶을 스스로 개척하는 아이",2,가치,4
9788950941819,"(세상에서 가장 쉬운) 본질육아 :삶의 근본을 보여주는 부모, 삶을 스스로 개척하는 아이",2,감사,4
9788950941819,"(세상에서 가장 쉬운) 본질육아 :삶의 근본을 보여주는 부모, 삶을 스스로 개척하는 아이",2,단점,4
9788950941819,"(세상에서 가장 쉬운) 본질육아 :삶의 근본을 보여주는 부모, 삶을 스스로 개척하는 아이",2,미래,4
9788950941819,"(세상에서 가장 쉬운) 본질육아 :삶의 근본을 보여주는 부모, 삶을 스스로 개척하는 아이",2,의사,4
9788950941819,"(세상에서 가장 쉬운) 본질육아 :삶의 근본을 보여주는 부모, 삶을 스스로 개척하는 아이",2,누구,4
9788950941819,"(세상에서 가장 쉬운) 본질육아 :삶의 근본을 보여주는 부모, 삶을 스스로 개척하는 아이",2,성장,4
9788950941819,"(세상에서 가장 쉬운) 본질육아 :삶의 근본을 보여주는 부모, 삶을 스스로 개척하는 아이",2,교육,3
9788950941819,"(세상에서 가장 쉬운) 본질육아 :삶의 근본을 보여주는 부모, 삶을 스스로 개척하는 아이",2,아침마당,3
9788950941819,"(세상에서 가장 쉬운) 본질육아 :삶의 근본을 보여주는 부모, 삶을 스스로 개척하는 아이",2,메시지,3
9788950941819,"(세상에서 가장 쉬운) 본질육아 :삶의 근본을 보여주는 부모, 삶을 스스로 개척하는 아이",2,신사임당,3
9788950941819,"(세상에서 가장 쉬운) 본질육아 :삶의 근본을 보여주는 부모, 삶을 스스로 개척하는 아이",2,EBS 부모클래스,3
9788950941819,"(세상에서 가장 쉬운) 본질육아 :삶의 근본을 보여주는 부모, 삶을 스스로 개척하는 아이",2,본질육아법,3
9788950941819,"(세상에서 가장 쉬운) 본질육아 :삶의 근본을 보여주는 부모, 삶을 스스로 개척하는 아이",2,본질육아,3
9788950941819,"(세상에서 가장 쉬운) 본질육아 :삶의 근본을 보여주는 부모, 삶을 스스로 개척하는 아이",2,다양,3
9791168413931,흔한남매의 흔한 호기심 :일상에서 만나는 과학 상식,2,흔한남매의 흔한 호기심,12
9791168413931,흔한남매의 흔한 호기심 :일상에서 만나는 과학 상식,2,과학,9
9791168413931,흔한남매의 흔한 호기심 :일상에서 만나는 과학 상식,2,타이어,7
9791168413931,흔한남매의 흔한 호기심 :일상에서 만나는 과학 상식,2,호기심,7
9791168413931,흔한남매의 흔한 호기심 :일상에서 만나는 과학 상식,2,퀴즈,7
9791168413931,흔한남매의 흔한 호기심 :일상에서 만나는 과학 상식,2,만화,6
9791168413931,흔한남매의 흔한 호기심 :일상에서 만나는 과학 상식,2,다양,6
9791168413931,흔한남매의 흔한 호기심 :일상에서 만나는 과학 상식,2,고기,6
9791168413931,흔한남매의 흔한 호기심 :일상에서 만나는 과학 상식,2,흔한남매,5
9791168413931,흔한남매의 흔한 호기심 :일상에서 만나는 과학 상식,2,무늬,5
9791168413931,흔한남매의 흔한 호기심 :일상에서 만나는 과학 상식,2,정보,5
9791168413931,흔한남매의 흔한 호기심 :일상에서 만나는 과학 상식,2,몸풀기,4
9791168413931,흔한남매의 흔한 호기심 :일상에서 만나는 과학 상식,2,거짓말,3
9791168413931,흔한남매의 흔한 호기심 :일상에서 만나는 과학 상식,2,연기,3
9791168413931,흔한남매의 흔한 호기심 :일상에서 만나는 과학 상식,2,레이튼 미스터리 탐정사무소,3
9791168413931,흔한남매의 흔한 호기심 :일상에서 만나는 과학 상식,2,구름,3
9791168413931,흔한남매의 흔한 호기심 :일상에서 만나는 과학 상식,2,소리,3
9791168413931,흔한남매의 흔한 호기심 :일상에서 만나는 과학 상식,2,특별,3
9791168413931,흔한남매의 흔한 호기심 :일상에서 만나는 과학 상식,2,드라이아이스,3
9791168413931,흔한남매의 흔한 호기심 :일상에서 만나는 과학 상식,2,안녕 나의 사춘기,3
9791168413931,흔한남매의 흔한 호기심 :일상에서 만나는 과학 상식,2,학습,3
9791168413931,흔한남매의 흔한 호기심 :일상에서 만나는 과학 상식,2,특별 칭찬 상장,3
9791168413931,흔한남매의 흔한 호기심 :일상에서 만나는 과학 상식,2,먼지,2
9791168413931,흔한남매의 흔한 호기심 :일상에서 만나는 과학 상식,2,바다,2
9791168413931,흔한남매의 흔한 호기심 :일상에서 만나는 과학 상식,2,비린내,2
9791168413931,흔한남매의 흔한 호기심 :일상에서 만나는 과학 상식,2,삐빅,2
9791168413931,흔한남매의 흔한 호기심 :일상에서 만나는 과학 상식,2,사이,2
9791168413931,흔한남매의 흔한 호기심 :일상에서 만나는 과학 상식,2,설탕,2
9791168413931,흔한남매의 흔한 호기심 :일상에서 만나는 과학 상식,2,게임,2
9791168413931,흔한남매의 흔한 호기심 :일상에서 만나는 과학 상식,2,김치,2
9791168413931,흔한남매의 흔한 호기심 :일상에서 만나는 과학 상식,2,스토리,2
9791168413931,흔한남매의 흔한 호기심 :일상에서 만나는 과학 상식,2,안치현,2
9791168413931,흔한남매의 흔한 호기심 :일상에서 만나는 과학 상식,2,에피소드,2
9791168413931,흔한남매의 흔한 호기심 :일상에서 만나는 과학 상식,2,노래방,2
9791168413931,흔한남매의 흔한 호기심 :일상에서 만나는 과학 상식,2,7화,2
9791168413931,흔한남매의 흔한 호기심 :일상에서 만나는 과학 상식,2,미래엔아이세움,2
9791168413931,흔한남매의 흔한 호기심 :일상에서 만나는 과학 상식,2,흔한컴퍼니  감수,2
9791168413931,흔한남매의 흔한 호기심 :일상에서 만나는 과학 상식,2,9화,2
9791168413931,흔한남매의 흔한 호기심 :일상에서 만나는 과학 상식,2,생선,2
9791168413931,흔한남매의 흔한 호기심 :일상에서 만나는 과학 상식,2,간식,2
9791168413931,흔한남매의 흔한 호기심 :일상에서 만나는 과학 상식,2,안전,2
9791168413931,흔한남매의 흔한 호기심 :일상에서 만나는 과학 상식,2,5화,2
9791168413931,흔한남매의 흔한 호기심 :일상에서 만나는 과학 상식,2,4화,2
9791168413931,흔한남매의 흔한 호기심 :일상에서 만나는 과학 상식,2,고소,2
9791168413931,흔한남매의 흔한 호기심 :일상에서 만나는 과학 상식,2,공기,2
9791168413931,흔한남매의 흔한 호기심 :일상에서 만나는 과학 상식,2,3화,2
9791168413931,흔한남매의 흔한 호기심 :일상에서 만나는 과학 상식,2,2화,2
9791168413931,흔한남매의 흔한 호기심 :일상에서 만나는 과학 상식,2,8화,2
9791168413931,흔한남매의 흔한 호기심 :일상에서 만나는 과학 상식,2,1화,2
9791168413931,흔한남매의 흔한 호기심 :일상에서 만나는 과학 상식,2,마지막,2
9791190409124,똥볶이 할멈 :K-히어로 판타지,2,아이들,9
9791190409124,똥볶이 할멈 :K-히어로 판타지,2,할멈,6
9791190409124,똥볶이 할멈 :K-히어로 판타지,2,히어로,4
9791190409124,똥볶이 할멈 :K-히어로 판타지,2,똥볶,4
9791190409124,똥볶이 할멈 :K-히어로 판타지,2,오랑우탄 인간의 최후,3
9791190409124,똥볶이 할멈 :K-히어로 판타지,2,어린이,3
9791190409124,똥볶이 할멈 :K-히어로 판타지,2,흔한남매 안 흔한 일기 13,3
9791190409124,똥볶이 할멈 :K-히어로 판타지,2,챗 걸,3
9791190409124,똥볶이 할멈 :K-히어로 판타지,2,빵이당 대 구워뜨,3
9791190409124,똥볶이 할멈 :K-히어로 판타지,2,김무연,3
9791190409124,똥볶이 할멈 :K-히어로 판타지,2,강효미,3
9791190409124,똥볶이 할멈 :K-히어로 판타지,2,고민,3
9791190409124,똥볶이 할멈 :K-히어로 판타지,2,고양이네 미술관,3
9791190409124,똥볶이 할멈 :K-히어로 판타지,2,할머니,3
9791190409124,똥볶이 할멈 :K-히어로 판타지,2,떡볶이,2
9791190409124,똥볶이 할멈 :K-히어로 판타지,2,기상천외,2
9791190409124,똥볶이 할멈 :K-히어로 판타지,2,국내창작동화,2
9791190409124,똥볶이 할멈 :K-히어로 판타지,2,슈퍼,2
9791190409124,똥볶이 할멈 :K-히어로 판타지,2,학교,2
9791190409124,똥볶이 할멈 :K-히어로 판타지,2,슈크림북,2
9791190409124,똥볶이 할멈 :K-히어로 판타지,2,쉬우,1
9791190409124,똥볶이 할멈 :K-히어로 판타지,2,시원,1
9791190409124,똥볶이 할멈 :K-히어로 판타지,2,입체적,1
9791190409124,똥볶이 할멈 :K-히어로 판타지,2,시리즈,1
9791190409124,똥볶이 할멈 :K-히어로 판타지,2,어른,1
9791190409124,똥볶이 할멈 :K-히어로 판타지,2,입가,1
9791190409124,똥볶이 할멈 :K-히어로 판타지,2,완벽,1
9791190409124,똥볶이 할멈 :K-히어로 판타지,2,완성,1
9791190409124,똥볶이 할멈 :K-히어로 판타지,2,운동화,1
9791190409124,똥볶이 할멈 :K-히어로 판타지,2,운영,1
9791190409124,똥볶이 할멈 :K-히어로 판타지,2,유머,1
9791190409124,똥볶이 할멈 :K-히어로 판타지,2,일기,1
9791190409124,똥볶이 할멈 :K-히어로 판타지,2,우주,1
9791190409124,똥볶이 할멈 :K-히어로 판타지,2,떡볶이집,1
9791190409124,똥볶이 할멈 :K-히어로 판타지,2,거지,1
9791190409124,똥볶이 할멈 :K-히어로 판타지,2,그림,1
9791190409124,똥볶이 할멈 :K-히어로 판타지,2,녀석,1
9791190409124,똥볶이 할멈 :K-히어로 판타지,2,눈높이,1
9791190409124,똥볶이 할멈 :K-히어로 판타지,2,단호,1
9791190409124,똥볶이 할멈 :K-히어로 판타지,2,동국대학교,1
9791190409124,똥볶이 할멈 :K-히어로 판타지,2,동시,1
9791190409124,똥볶이 할멈 :K-히어로 판타지,2,말이,1
9791190409124,똥볶이 할멈 :K-히어로 판타지,2,매콤,1
9791190409124,똥볶이 할멈 :K-히어로 판타지,2,목소리,1
9791190409124,똥볶이 할멈 :K-히어로 판타지,2,문예창작학과,1
9791190409124,똥볶이 할멈 :K-히어로 판타지,2,미소,1
9791190409124,똥볶이 할멈 :K-히어로 판타지,2,방귀,1
9791190409124,똥볶이 할멈 :K-히어로 판타지,2,방법,1
9791190409124,똥볶이 할멈 :K-히어로 판타지,2,범인,1
9791190409124,똥볶이 할멈 :K-히어로 판타지,2,사이다,1
9791164137527,흔한남매,2,웃음,10
9791164137527,흔한남매,2,흔한남매,9
9791164137527,흔한남매,2,유튜브,6
9791164137527,흔한남매,2,공감,5
9791164137527,흔한남매,2,크리에이터,4
9791164137527,흔한남매,2,수가,4
9791164137527,흔한남매,2,인기,4
9791164137527,흔한남매,2,청개구리,3
9791164137527,흔한남매,2,고백,3
9791164137527,흔한남매,2,대결,3
9791164137527,흔한남매,2,관찰,3
9791164137527,흔한남매,2,남매,3
9791164137527,흔한남매,2,구독자,3
9791164137527,흔한남매,2,굴개굴개,3
9791164137527,흔한남매,2,지독,3
9791164137527,흔한남매,2,동네,3
9791164137527,흔한남매,2,화장실,3
9791164137527,흔한남매,2,유형,3
9791164137527,흔한남매,2,전쟁,3
9791164137527,흔한남매,2,일기,3
9791164137527,흔한남매,2,흔한남매 7,3
9791164137527,흔한남매,2,여신,3
9791164137527,흔한남매,2,세상,3
9791164137527,흔한남매,2,초등학생,3
9791164137527,흔한남매,2,동생,3
9791164137527,흔한남매,2,3대,3
9791164137527,흔한남매,2,사랑,3
9791164137527,흔한남매,2,사이,2
9791164137527,흔한남매,2,상황극,2
9791164137527,흔한남매,2,일상,2
9791164137527,흔한남매,2,초밥,2
9791164137527,흔한남매,2,코미디,2
9791164137527,흔한남매,2,소개,2
9791164137527,흔한남매,2,소속,2
9791164137527,흔한남매,2,미래엔,2
9791164137527,흔한남매,2,만화 일반,2
9791164137527,흔한남매,2,어린이,2
9791164137527,흔한남매,2,코믹,2
9791164137527,흔한남매,2,에피소드,2
9791164137527,흔한남매,2,콩트,2
9791164137527,흔한남매,2,조회,2
9791164137527,흔한남매,2,17억,2
9791164137527,흔한남매,2,알콩달콩,2
9791164137527,흔한남매,2,현실적,2
9791164137527,흔한남매,2,흔한컴퍼니,2
9791164137527,흔한남매,2,누적,2
9791164137527,흔한남매,2,두근두근,2
9791164137527,흔한남매,2,유난희,2
9791164137527,흔한남매,2,다운,1
9791164137527,흔한남매,2,돌파,1
9788927808121,행운에 속지 마라 :불확실한 시대에 살아남는 투자 생존법,2,행운에 속지 마라,9
9788927808121,행운에 속지 마라 :불확실한 시대에 살아남는 투자 생존법,2,트레이더,9
9788927808121,행운에 속지 마라 :불확실한 시대에 살아남는 투자 생존법,2,문제,6
9788927808121,행운에 속지 마라 :불확실한 시대에 살아남는 투자 생존법,2,사회,5
9788927808121,행운에 속지 마라 :불확실한 시대에 살아남는 투자 생존법,2,월가,5
9788927808121,행운에 속지 마라 :불확실한 시대에 살아남는 투자 생존법,2,이론,5
9788927808121,행운에 속지 마라 :불확실한 시대에 살아남는 투자 생존법,2,탈렙,5
9788927808121,행운에 속지 마라 :불확실한 시대에 살아남는 투자 생존법,2,확률,5
9788927808121,행운에 속지 마라 :불확실한 시대에 살아남는 투자 생존법,2,시대,5
9788927808121,행운에 속지 마라 :불확실한 시대에 살아남는 투자 생존법,2,몬테카를로,4
9788927808121,행운에 속지 마라 :불확실한 시대에 살아남는 투자 생존법,2,불확실성,4
9788927808121,행운에 속지 마라 :불확실한 시대에 살아남는 투자 생존법,2,행운,4
9788927808121,행운에 속지 마라 :불확실한 시대에 살아남는 투자 생존법,2,현자,4
9788927808121,행운에 속지 마라 :불확실한 시대에 살아남는 투자 생존법,2,비대칭,4
9788927808121,행운에 속지 마라 :불확실한 시대에 살아남는 투자 생존법,2,역사,4
9788927808121,행운에 속지 마라 :불확실한 시대에 살아남는 투자 생존법,2,귀납법,4
9788927808121,행운에 속지 마라 :불확실한 시대에 살아남는 투자 생존법,2,부자,4
9788927808121,행운에 속지 마라 :불확실한 시대에 살아남는 투자 생존법,2,인세르토,3
9788927808121,행운에 속지 마라 :불확실한 시대에 살아남는 투자 생존법,2,정도,3
9788927808121,행운에 속지 마라 :불확실한 시대에 살아남는 투자 생존법,2,주목,3
9788927808121,행운에 속지 마라 :불확실한 시대에 살아남는 투자 생존법,2,예상치,3
9788927808121,행운에 속지 마라 :불확실한 시대에 살아남는 투자 생존법,2,불확실,3
9788927808121,행운에 속지 마라 :불확실한 시대에 살아남는 투자 생존법,2,필로스트라투스,3
9788927808121,행운에 속지 마라 :불확실한 시대에 살아남는 투자 생존법,2,습격,3
9788927808121,행운에 속지 마라 :불확실한 시대에 살아남는 투자 생존법,2,현상,3
9788927808121,행운에 속지 마라 :불확실한 시대에 살아남는 투자 생존법,2,세상,3
9788927808121,행운에 속지 마라 :불확실한 시대에 살아남는 투자 생존법,2,백조,3
9788927808121,행운에 속지 마라 :불확실한 시대에 살아남는 투자 생존법,2,사건,3
9788927808121,행운에 속지 마라 :불확실한 시대에 살아남는 투자 생존법,2,마찬가지,3
9788927808121,행운에 속지 마라 :불확실한 시대에 살아남는 투자 생존법,2,의미,3
9788927808121,행운에 속지 마라 :불확실한 시대에 살아남는 투자 생존법,2,Swan,3
9788927808121,행운에 속지 마라 :불확실한 시대에 살아남는 투자 생존법,2,블랙 스완,3
9788927808121,행운에 속지 마라 :불확실한 시대에 살아남는 투자 생존법,2,안티프래질,3
9788927808121,행운에 속지 마라 :불확실한 시대에 살아남는 투자 생존법,2,불운,3
9788927808121,행운에 속지 마라 :불확실한 시대에 살아남는 투자 생존법,2,Black,3
9788927808121,행운에 속지 마라 :불확실한 시대에 살아남는 투자 생존법,2,블랙 스완과 함께 가라,3
9788927808121,행운에 속지 마라 :불확실한 시대에 살아남는 투자 생존법,2,생각,3
9788927808121,행운에 속지 마라 :불확실한 시대에 살아남는 투자 생존법,2,불균형,2
9788927808121,행운에 속지 마라 :불확실한 시대에 살아남는 투자 생존법,2,과학적,2
9788927808121,행운에 속지 마라 :불확실한 시대에 살아남는 투자 생존법,2,관점,2
9788927808121,행운에 속지 마라 :불확실한 시대에 살아남는 투자 생존법,2,괴짜,2
9788927808121,행운에 속지 마라 :불확실한 시대에 살아남는 투자 생존법,2,2016년,2
9788927808121,행운에 속지 마라 :불확실한 시대에 살아남는 투자 생존법,2,희귀사건,2
9788927808121,행운에 속지 마라 :불확실한 시대에 살아남는 투자 생존법,2,거의,2
9788927808121,행운에 속지 마라 :불확실한 시대에 살아남는 투자 생존법,2,베이컨,2
9788927808121,행운에 속지 마라 :불확실한 시대에 살아남는 투자 생존법,2,문제적,2
9788927808121,행운에 속지 마라 :불확실한 시대에 살아남는 투자 생존법,2,부적자생존,2
9788927808121,행운에 속지 마라 :불확실한 시대에 살아남는 투자 생존법,2,개인,2
9788927808121,행운에 속지 마라 :불확실한 시대에 살아남는 투자 생존법,2,브렉시트,2
9788927808121,행운에 속지 마라 :불확실한 시대에 살아남는 투자 생존법,2,검토,2
9791191496949,(설민석의) 그리스 로마 신화 대모험,2,신화,15
9791191496949,(설민석의) 그리스 로마 신화 대모험,2,그리스,11
9791191496949,(설민석의) 그리스 로마 신화 대모험,2,로마,9
9791191496949,(설민석의) 그리스 로마 신화 대모험,2,설쌤,8
9791191496949,(설민석의) 그리스 로마 신화 대모험,2,시리즈,6
9791191496949,(설민석의) 그리스 로마 신화 대모험,2,대한민국,5
9791191496949,(설민석의) 그리스 로마 신화 대모험,2,역사,5
9791191496949,(설민석의) 그리스 로마 신화 대모험,2,퀴즈,5
9791191496949,(설민석의) 그리스 로마 신화 대모험,2,수상,5
9791191496949,(설민석의) 그리스 로마 신화 대모험,2,여신,4
9791191496949,(설민석의) 그리스 로마 신화 대모험,2,생생,4
9791191496949,(설민석의) 그리스 로마 신화 대모험,2,누구,4
9791191496949,(설민석의) 그리스 로마 신화 대모험,2,설민석,4
9791191496949,(설민석의) 그리스 로마 신화 대모험,2,설민석의 책 읽어드립니다,3
9791191496949,(설민석의) 그리스 로마 신화 대모험,2,설민석의 조선왕조실록,3
9791191496949,(설민석의) 그리스 로마 신화 대모험,2,최고,3
9791191496949,(설민석의) 그리스 로마 신화 대모험,2,설민석의 삼국지 대모험,3
9791191496949,(설민석의) 그리스 로마 신화 대모험,2,어린이,3
9791191496949,(설민석의) 그리스 로마 신화 대모험,2,지식,3
9791191496949,(설민석의) 그리스 로마 신화 대모험,2,단꿈아이,3
9791191496949,(설민석의) 그리스 로마 신화 대모험,2,설민석의 한국사 대모험,3
9791191496949,(설민석의) 그리스 로마 신화 대모험,2,설민석의 세계사 대모험,3
9791191496949,(설민석의) 그리스 로마 신화 대모험,2,역사교육부문,3
9791191496949,(설민석의) 그리스 로마 신화 대모험,2,설민석의 삼국지,3
9791191496949,(설민석의) 그리스 로마 신화 대모험,2,한국사,3
9791191496949,(설민석의) 그리스 로마 신화 대모험,2,대모험,3
9791191496949,(설민석의) 그리스 로마 신화 대모험,2,설민석의 무도 한국사 특강,3
9791191496949,(설민석의) 그리스 로마 신화 대모험,2,설민석의 첫출발 한국사,3
9791191496949,(설민석의) 그리스 로마 신화 대모험,2,강의,3
9791191496949,(설민석의) 그리스 로마 신화 대모험,2,설민석의 한국사는 살아있다,3
9791191496949,(설민석의) 그리스 로마 신화 대모험,2,소개,2
9791191496949,(설민석의) 그리스 로마 신화 대모험,2,등장인물,2
9791191496949,(설민석의) 그리스 로마 신화 대모험,2,대중,2
9791191496949,(설민석의) 그리스 로마 신화 대모험,2,만남,2
9791191496949,(설민석의) 그리스 로마 신화 대모험,2,만화,2
9791191496949,(설민석의) 그리스 로마 신화 대모험,2,마음속,2
9791191496949,(설민석의) 그리스 로마 신화 대모험,2,사람,2
9791191496949,(설민석의) 그리스 로마 신화 대모험,2,시간,2
9791191496949,(설민석의) 그리스 로마 신화 대모험,2,가정,2
9791191496949,(설민석의) 그리스 로마 신화 대모험,2,가치,2
9791191496949,(설민석의) 그리스 로마 신화 대모험,2,감동,2
9791191496949,(설민석의) 그리스 로마 신화 대모험,2,감수자,2
9791191496949,(설민석의) 그리스 로마 신화 대모험,2,선생님,2
9791191496949,(설민석의) 그리스 로마 신화 대모험,2,김헌  감수,2
9791191496949,(설민석의) 그리스 로마 신화 대모험,2,신화 종교,2
9791191496949,(설민석의) 그리스 로마 신화 대모험,2,남이담,2
9791191496949,(설민석의) 그리스 로마 신화 대모험,2,아이들,2
9791191496949,(설민석의) 그리스 로마 신화 대모험,2,아주,2
9791191496949,(설민석의) 그리스 로마 신화 대모험,2,신전,2
9791191496949,(설민석의) 그리스 로마 신화 대모험,2,2017년,2
9788954640718,흰 :한강 소설,2,한강,14
9788954640718,흰 :한강 소설,2,소년이 온다,12
9788954640718,흰 :한강 소설,2,죽음,11
9788954640718,흰 :한강 소설,2,채식주의자,11
9788954640718,흰 :한강 소설,2,죽지,10
9788954640718,흰 :한강 소설,2,도시,9
9788954640718,흰 :한강 소설,2,것들,6
9788954640718,흰 :한강 소설,2,검은 사슴,6
9788954640718,흰 :한강 소설,2,작별,6
9788954640718,흰 :한강 소설,2,바람이 분다 가라,6
9788954640718,흰 :한강 소설,2,생각,5
9788954640718,흰 :한강 소설,2,자신,5
9788954640718,흰 :한강 소설,2,사이,5
9788954640718,흰 :한강 소설,2,바람,5
9788954640718,흰 :한강 소설,2,문장,4
9788954640718,흰 :한강 소설,2,목록,4
9788954640718,흰 :한강 소설,2,2000년대 이후 한국소설,4
9788954640718,흰 :한강 소설,2,달떡,4
9788954640718,흰 :한강 소설,2,강보,4
9788954640718,흰 :한강 소설,2,사진,4
9788954640718,흰 :한강 소설,2,장편소설,4
9788954640718,흰 :한강 소설,2,이미지,4
9788954640718,흰 :한강 소설,2,처음,4
9788954640718,흰 :한강 소설,2,그이,4
9788954640718,흰 :한강 소설,2,수도,4
9788954640718,흰 :한강 소설,2,영상,4
9788954640718,흰 :한강 소설,2,배내옷,4
9788954640718,흰 :한강 소설,2,경계,3
9788954640718,흰 :한강 소설,2,시작,3
9788954640718,흰 :한강 소설,2,넋들,3
9788954640718,흰 :한강 소설,2,눈 한 송이가 녹는 동안,3
9788954640718,흰 :한강 소설,2,서랍에 저녁을 넣어 두었다,3
9788954640718,흰 :한강 소설,2,문학과사회,3
9788954640718,흰 :한강 소설,2,서울의 겨울,3
9788954640718,흰 :한강 소설,2,손수건,3
9788954640718,흰 :한강 소설,2,내 여자의 열매,3
9788954640718,흰 :한강 소설,2,빛이 있는 쪽,3
9788954640718,흰 :한강 소설,2,말이,3
9788954640718,흰 :한강 소설,2,아기,3
9788954640718,흰 :한강 소설,2,언니,3
9788954640718,흰 :한강 소설,2,날개,3
9788954640718,흰 :한강 소설,2,서리,3
9788954640718,흰 :한강 소설,2,단편소설,3
9788954640718,흰 :한강 소설,2,소금,3
9788954640718,흰 :한강 소설,2,아기 부처,3
9788954640718,흰 :한강 소설,2,가지,3
9788954640718,흰 :한강 소설,2,얼룩,3
9788954640718,흰 :한강 소설,2,어머니,3
9788954640718,흰 :한강 소설,2,감각,3
9788954640718,흰 :한강 소설,2,수의,3
9791193937112,만일 나에게 단 한 번의 아침이 남아 있다면 :오늘이 끝나기 전 반드시 깨달아야 할 것들,2,뉴욕 타임스,15
9791193937112,만일 나에게 단 한 번의 아침이 남아 있다면 :오늘이 끝나기 전 반드시 깨달아야 할 것들,2,수업,11
9791193937112,만일 나에게 단 한 번의 아침이 남아 있다면 :오늘이 끝나기 전 반드시 깨달아야 할 것들,2,인생,11
9791193937112,만일 나에게 단 한 번의 아침이 남아 있다면 :오늘이 끝나기 전 반드시 깨달아야 할 것들,2,가치,8
9791193937112,만일 나에게 단 한 번의 아침이 남아 있다면 :오늘이 끝나기 전 반드시 깨달아야 할 것들,2,아침,6
9791193937112,만일 나에게 단 한 번의 아침이 남아 있다면 :오늘이 끝나기 전 반드시 깨달아야 할 것들,2,자신,5
9791193937112,만일 나에게 단 한 번의 아침이 남아 있다면 :오늘이 끝나기 전 반드시 깨달아야 할 것들,2,생각,4
9791193937112,만일 나에게 단 한 번의 아침이 남아 있다면 :오늘이 끝나기 전 반드시 깨달아야 할 것들,2,특별,4
9791193937112,만일 나에게 단 한 번의 아침이 남아 있다면 :오늘이 끝나기 전 반드시 깨달아야 할 것들,2,뉴스데이,3
9791193937112,만일 나에게 단 한 번의 아침이 남아 있다면 :오늘이 끝나기 전 반드시 깨달아야 할 것들,2,노인,3
9791193937112,만일 나에게 단 한 번의 아침이 남아 있다면 :오늘이 끝나기 전 반드시 깨달아야 할 것들,2,뉴스위크,3
9791193937112,만일 나에게 단 한 번의 아침이 남아 있다면 :오늘이 끝나기 전 반드시 깨달아야 할 것들,2,아주,3
9791193937112,만일 나에게 단 한 번의 아침이 남아 있다면 :오늘이 끝나기 전 반드시 깨달아야 할 것들,2,순간,3
9791193937112,만일 나에게 단 한 번의 아침이 남아 있다면 :오늘이 끝나기 전 반드시 깨달아야 할 것들,2,디테일스,3
9791193937112,만일 나에게 단 한 번의 아침이 남아 있다면 :오늘이 끝나기 전 반드시 깨달아야 할 것들,2,마지막,3
9791193937112,만일 나에게 단 한 번의 아침이 남아 있다면 :오늘이 끝나기 전 반드시 깨달아야 할 것들,2,여든다섯 그 너머,3
9791193937112,만일 나에게 단 한 번의 아침이 남아 있다면 :오늘이 끝나기 전 반드시 깨달아야 할 것들,2,오늘,3
9791193937112,만일 나에게 단 한 번의 아침이 남아 있다면 :오늘이 끝나기 전 반드시 깨달아야 할 것들,2,커커스 리뷰,3
9791193937112,만일 나에게 단 한 번의 아침이 남아 있다면 :오늘이 끝나기 전 반드시 깨달아야 할 것들,2,인터뷰,3
9791193937112,만일 나에게 단 한 번의 아침이 남아 있다면 :오늘이 끝나기 전 반드시 깨달아야 할 것들,2,이들,3
9791193937112,만일 나에게 단 한 번의 아침이 남아 있다면 :오늘이 끝나기 전 반드시 깨달아야 할 것들,2,지적,3
9791193937112,만일 나에게 단 한 번의 아침이 남아 있다면 :오늘이 끝나기 전 반드시 깨달아야 할 것들,2,기자,3
9791193937112,만일 나에게 단 한 번의 아침이 남아 있다면 :오늘이 끝나기 전 반드시 깨달아야 할 것들,2,퍼블리셔스 위클리,3
9791193937112,만일 나에게 단 한 번의 아침이 남아 있다면 :오늘이 끝나기 전 반드시 깨달아야 할 것들,2,행복,3
9791193937112,만일 나에게 단 한 번의 아침이 남아 있다면 :오늘이 끝나기 전 반드시 깨달아야 할 것들,2,경쾌,3
9791193937112,만일 나에게 단 한 번의 아침이 남아 있다면 :오늘이 끝나기 전 반드시 깨달아야 할 것들,2,남아,3
9791193937112,만일 나에게 단 한 번의 아침이 남아 있다면 :오늘이 끝나기 전 반드시 깨달아야 할 것들,2,스핀,3
9791193937112,만일 나에게 단 한 번의 아침이 남아 있다면 :오늘이 끝나기 전 반드시 깨달아야 할 것들,2,피플,3
9791193937112,만일 나에게 단 한 번의 아침이 남아 있다면 :오늘이 끝나기 전 반드시 깨달아야 할 것들,2,만일,2
9791193937112,만일 나에게 단 한 번의 아침이 남아 있다면 :오늘이 끝나기 전 반드시 깨달아야 할 것들,2,맞이,2
9791193937112,만일 나에게 단 한 번의 아침이 남아 있다면 :오늘이 끝나기 전 반드시 깨달아야 할 것들,2,나날,2
9791193937112,만일 나에게 단 한 번의 아침이 남아 있다면 :오늘이 끝나기 전 반드시 깨달아야 할 것들,2,가야,2
9791193937112,만일 나에게 단 한 번의 아침이 남아 있다면 :오늘이 끝나기 전 반드시 깨달아야 할 것들,2,언론,2
9791193937112,만일 나에게 단 한 번의 아침이 남아 있다면 :오늘이 끝나기 전 반드시 깨달아야 할 것들,2,음악,2
9791193937112,만일 나에게 단 한 번의 아침이 남아 있다면 :오늘이 끝나기 전 반드시 깨달아야 할 것들,2,의미,2
9791193937112,만일 나에게 단 한 번의 아침이 남아 있다면 :오늘이 끝나기 전 반드시 깨달아야 할 것들,2,무심,2
9791193937112,만일 나에게 단 한 번의 아침이 남아 있다면 :오늘이 끝나기 전 반드시 깨달아야 할 것들,2,거야,2
9791193937112,만일 나에게 단 한 번의 아침이 남아 있다면 :오늘이 끝나기 전 반드시 깨달아야 할 것들,2,것들,2
9791193937112,만일 나에게 단 한 번의 아침이 남아 있다면 :오늘이 끝나기 전 반드시 깨달아야 할 것들,2,독자,2
9791193937112,만일 나에게 단 한 번의 아침이 남아 있다면 :오늘이 끝나기 전 반드시 깨달아야 할 것들,2,나름,2
9791193937112,만일 나에게 단 한 번의 아침이 남아 있다면 :오늘이 끝나기 전 반드시 깨달아야 할 것들,2,연재,2
9791193937112,만일 나에게 단 한 번의 아침이 남아 있다면 :오늘이 끝나기 전 반드시 깨달아야 할 것들,2,인문 에세이,2
9791193937112,만일 나에게 단 한 번의 아침이 남아 있다면 :오늘이 끝나기 전 반드시 깨달아야 할 것들,2,시간,2
9791193937112,만일 나에게 단 한 번의 아침이 남아 있다면 :오늘이 끝나기 전 반드시 깨달아야 할 것들,2,전하,2
9791193937112,만일 나에게 단 한 번의 아침이 남아 있다면 :오늘이 끝나기 전 반드시 깨달아야 할 것들,2,기사,2
9791193937112,만일 나에게 단 한 번의 아침이 남아 있다면 :오늘이 끝나기 전 반드시 깨달아야 할 것들,2,궁금,2
9791193937112,만일 나에게 단 한 번의 아침이 남아 있다면 :오늘이 끝나기 전 반드시 깨달아야 할 것들,2,설상가상,2
9791193937112,만일 나에게 단 한 번의 아침이 남아 있다면 :오늘이 끝나기 전 반드시 깨달아야 할 것들,2,경험,2
9791193937112,만일 나에게 단 한 번의 아침이 남아 있다면 :오늘이 끝나기 전 반드시 깨달아야 할 것들,2,대화,2
9791193937112,만일 나에게 단 한 번의 아침이 남아 있다면 :오늘이 끝나기 전 반드시 깨달아야 할 것들,2,위로,2
9788972977322,지극히 인간적인 삶에 대하여 :쇼펜하우어 《인생론》으로 되찾는 삶의 의미,2,인생론,30
9788972977322,지극히 인간적인 삶에 대하여 :쇼펜하우어 《인생론》으로 되찾는 삶의 의미,2,쇼펜하우어,18
9788972977322,지극히 인간적인 삶에 대하여 :쇼펜하우어 《인생론》으로 되찾는 삶의 의미,2,철학,10
9788972977322,지극히 인간적인 삶에 대하여 :쇼펜하우어 《인생론》으로 되찾는 삶의 의미,2,고통,8
9788972977322,지극히 인간적인 삶에 대하여 :쇼펜하우어 《인생론》으로 되찾는 삶의 의미,2,대하,8
9788972977322,지극히 인간적인 삶에 대하여 :쇼펜하우어 《인생론》으로 되찾는 삶의 의미,2,지극히 인간적인 삶에 대하여,6
9788972977322,지극히 인간적인 삶에 대하여 :쇼펜하우어 《인생론》으로 되찾는 삶의 의미,2,인생,6
9788972977322,지극히 인간적인 삶에 대하여 :쇼펜하우어 《인생론》으로 되찾는 삶의 의미,2,사상,5
9788972977322,지극히 인간적인 삶에 대하여 :쇼펜하우어 《인생론》으로 되찾는 삶의 의미,2,이동용,4
9788972977322,지극히 인간적인 삶에 대하여 :쇼펜하우어 《인생론》으로 되찾는 삶의 의미,2,의미,4
9788972977322,지극히 인간적인 삶에 대하여 :쇼펜하우어 《인생론》으로 되찾는 삶의 의미,2,노년,4
9788972977322,지극히 인간적인 삶에 대하여 :쇼펜하우어 《인생론》으로 되찾는 삶의 의미,2,지혜,4
9788972977322,지극히 인간적인 삶에 대하여 :쇼펜하우어 《인생론》으로 되찾는 삶의 의미,2,저작,4
9788972977322,지극히 인간적인 삶에 대하여 :쇼펜하우어 《인생론》으로 되찾는 삶의 의미,2,니체,4
9788972977322,지극히 인간적인 삶에 대하여 :쇼펜하우어 《인생론》으로 되찾는 삶의 의미,2,행복,4
9788972977322,지극히 인간적인 삶에 대하여 :쇼펜하우어 《인생론》으로 되찾는 삶의 의미,2,철학과,3
9788972977322,지극히 인간적인 삶에 대하여 :쇼펜하우어 《인생론》으로 되찾는 삶의 의미,2,디오니소스의 귀환,3
9788972977322,지극히 인간적인 삶에 대하여 :쇼펜하우어 《인생론》으로 되찾는 삶의 의미,2,형식,3
9788972977322,지극히 인간적인 삶에 대하여 :쇼펜하우어 《인생론》으로 되찾는 삶의 의미,2,사람이 아름답다,3
9788972977322,지극히 인간적인 삶에 대하여 :쇼펜하우어 《인생론》으로 되찾는 삶의 의미,2,나는 너의 진리다,3
9788972977322,지극히 인간적인 삶에 대하여 :쇼펜하우어 《인생론》으로 되찾는 삶의 의미,2,내 안에 코끼리,3
9788972977322,지극히 인간적인 삶에 대하여 :쇼펜하우어 《인생론》으로 되찾는 삶의 의미,2,니체와 초인의 언어,3
9788972977322,지극히 인간적인 삶에 대하여 :쇼펜하우어 《인생론》으로 되찾는 삶의 의미,2,니체와 함께 춤을,3
9788972977322,지극히 인간적인 삶에 대하여 :쇼펜하우어 《인생론》으로 되찾는 삶의 의미,2,죽음,3
9788972977322,지극히 인간적인 삶에 대하여 :쇼펜하우어 《인생론》으로 되찾는 삶의 의미,2,철학자,3
9788972977322,지극히 인간적인 삶에 대하여 :쇼펜하우어 《인생론》으로 되찾는 삶의 의미,2,자신,3
9788972977322,지극히 인간적인 삶에 대하여 :쇼펜하우어 《인생론》으로 되찾는 삶의 의미,2,방황하는 초인의 이야기,3
9788972977322,지극히 인간적인 삶에 대하여 :쇼펜하우어 《인생론》으로 되찾는 삶의 의미,2,초인 사상으로 보는 인문학,3
9788972977322,지극히 인간적인 삶에 대하여 :쇼펜하우어 《인생론》으로 되찾는 삶의 의미,2,스스로 신이 되어라,3
9788972977322,지극히 인간적인 삶에 대하여 :쇼펜하우어 《인생론》으로 되찾는 삶의 의미,2,차라투스트라는 이렇게 말했다,3
9788972977322,지극히 인간적인 삶에 대하여 :쇼펜하우어 《인생론》으로 되찾는 삶의 의미,2,춤추는 도덕,3
9788972977322,지극히 인간적인 삶에 대하여 :쇼펜하우어 《인생론》으로 되찾는 삶의 의미,2,독일,3
9788972977322,지극히 인간적인 삶에 대하여 :쇼펜하우어 《인생론》으로 되찾는 삶의 의미,2,세대,2
9788972977322,지극히 인간적인 삶에 대하여 :쇼펜하우어 《인생론》으로 되찾는 삶의 의미,2,집약,2
9788972977322,지극히 인간적인 삶에 대하여 :쇼펜하우어 《인생론》으로 되찾는 삶의 의미,2,성찰,2
9788972977322,지극히 인간적인 삶에 대하여 :쇼펜하우어 《인생론》으로 되찾는 삶의 의미,2,잠언,2
9788972977322,지극히 인간적인 삶에 대하여 :쇼펜하우어 《인생론》으로 되찾는 삶의 의미,2,주체,2
9788972977322,지극히 인간적인 삶에 대하여 :쇼펜하우어 《인생론》으로 되찾는 삶의 의미,2,중심,2
9788972977322,지극히 인간적인 삶에 대하여 :쇼펜하우어 《인생론》으로 되찾는 삶의 의미,2,수상록,2
9788972977322,지극히 인간적인 삶에 대하여 :쇼펜하우어 《인생론》으로 되찾는 삶의 의미,2,전반,2
9788972977322,지극히 인간적인 삶에 대하여 :쇼펜하우어 《인생론》으로 되찾는 삶의 의미,2,지침,2
9788972977322,지극히 인간적인 삶에 대하여 :쇼펜하우어 《인생론》으로 되찾는 삶의 의미,2,집대성,2
9788972977322,지극히 인간적인 삶에 대하여 :쇼펜하우어 《인생론》으로 되찾는 삶의 의미,2,고독,2
9788972977322,지극히 인간적인 삶에 대하여 :쇼펜하우어 《인생론》으로 되찾는 삶의 의미,2,집필,2
9788972977322,지극히 인간적인 삶에 대하여 :쇼펜하우어 《인생론》으로 되찾는 삶의 의미,2,불후,2
9788972977322,지극히 인간적인 삶에 대하여 :쇼펜하우어 《인생론》으로 되찾는 삶의 의미,2,명작,2
9788972977322,지극히 인간적인 삶에 대하여 :쇼펜하우어 《인생론》으로 되찾는 삶의 의미,2,말년,2
9788972977322,지극히 인간적인 삶에 대하여 :쇼펜하우어 《인생론》으로 되찾는 삶의 의미,2,가치,2
9788972977322,지극히 인간적인 삶에 대하여 :쇼펜하우어 《인생론》으로 되찾는 삶의 의미,2,생철학,2
9788972977322,지극히 인간적인 삶에 대하여 :쇼펜하우어 《인생론》으로 되찾는 삶의 의미,2,존재,2
9791191824001,지구 끝의 온실 :김초엽 장편소설,2,김초엽,5
9791191824001,지구 끝의 온실 :김초엽 장편소설,2,장편소설,4
9791191824001,지구 끝의 온실 :김초엽 장편소설,2,정원,3
9791191824001,지구 끝의 온실 :김초엽 장편소설,2,놀이터는 24시,3
9791191824001,지구 끝의 온실 :김초엽 장편소설,2,내일은 초인간,3
9791191824001,지구 끝의 온실 :김초엽 장편소설,2,모스바나,3
9791191824001,지구 끝의 온실 :김초엽 장편소설,2,지구 끝의 온실,3
9791191824001,지구 끝의 온실 :김초엽 장편소설,2,빙글빙글 우주군,3
9791191824001,지구 끝의 온실 :김초엽 장편소설,2,한국 과학소설,2
9791191824001,지구 끝의 온실 :김초엽 장편소설,2,기묘,2
9791191824001,지구 끝의 온실 :김초엽 장편소설,2,식물,2
9791191824001,지구 끝의 온실 :김초엽 장편소설,2,멸망,2
9791191824001,지구 끝의 온실 :김초엽 장편소설,2,덩굴식물,2
9791191824001,지구 끝의 온실 :김초엽 장편소설,2,Giant Books 자이언트북스,2
9791191824001,지구 끝의 온실 :김초엽 장편소설,2,독자,2
9791191824001,지구 끝의 온실 :김초엽 장편소설,2,구성,2
9791191824001,지구 끝의 온실 :김초엽 장편소설,2,아영,2
9791191824001,지구 끝의 온실 :김초엽 장편소설,2,1장,2
9791191824001,지구 끝의 온실 :김초엽 장편소설,2,명의,1
9791191824001,지구 끝의 온실 :김초엽 장편소설,2,생명력,1
9791191824001,지구 끝의 온실 :김초엽 장편소설,2,멀리,1
9791191824001,지구 끝의 온실 :김초엽 장편소설,2,매료,1
9791191824001,지구 끝의 온실 :김초엽 장편소설,2,형성,1
9791191824001,지구 끝의 온실 :김초엽 장편소설,2,상상력,1
9791191824001,지구 끝의 온실 :김초엽 장편소설,2,사랑,1
9791191824001,지구 끝의 온실 :김초엽 장편소설,2,배명훈,1
9791191824001,지구 끝의 온실 :김초엽 장편소설,2,무대,1
9791191824001,지구 끝의 온실 :김초엽 장편소설,2,방치,1
9791191824001,지구 끝의 온실 :김초엽 장편소설,2,무성,1
9791191824001,지구 끝의 온실 :김초엽 장편소설,2,문장,1
9791191824001,지구 끝의 온실 :김초엽 장편소설,2,발표,1
9791191824001,지구 끝의 온실 :김초엽 장편소설,2,반년,1
9791191824001,지구 끝의 온실 :김초엽 장편소설,2,문제,1
9791191824001,지구 끝의 온실 :김초엽 장편소설,2,노인,1
9791191824001,지구 끝의 온실 :김초엽 장편소설,2,2017년,1
9791191824001,지구 끝의 온실 :김초엽 장편소설,2,2019년,1
9791191824001,지구 끝의 온실 :김초엽 장편소설,2,247,1
9791191824001,지구 끝의 온실 :김초엽 장편소설,2,2장,1
9791191824001,지구 끝의 온실 :김초엽 장편소설,2,387,1
9791191824001,지구 끝의 온실 :김초엽 장편소설,2,390,1
9791191824001,지구 끝의 온실 :김초엽 장편소설,2,3장,1
9791191824001,지구 끝의 온실 :김초엽 장편소설,2,8월,1
9791191824001,지구 끝의 온실 :김초엽 장편소설,2,과학자,1
9791191824001,지구 끝의 온실 :김초엽 장편소설,2,괴담,1
9791191824001,지구 끝의 온실 :김초엽 장편소설,2,그다운,1
9791191824001,지구 끝의 온실 :김초엽 장편소설,2,김중혁,1
9791191824001,지구 끝의 온실 :김초엽 장편소설,2,2021년,1
9791191824001,지구 끝의 온실 :김초엽 장편소설,2,단편소설,1
9791191824001,지구 끝의 온실 :김초엽 장편소설,2,더스트,1
9791191824001,지구 끝의 온실 :김초엽 장편소설,2,더스트생태연구센터,1
9791193506387,혼자일 수 없다면 나아갈 수 없다 :프리드리히 니체 아포리즘,2,자신,21
9791193506387,혼자일 수 없다면 나아갈 수 없다 :프리드리히 니체 아포리즘,2,인간,15
9791193506387,혼자일 수 없다면 나아갈 수 없다 :프리드리히 니체 아포리즘,2,니체,10
9791193506387,혼자일 수 없다면 나아갈 수 없다 :프리드리히 니체 아포리즘,2,자기,10
9791193506387,혼자일 수 없다면 나아갈 수 없다 :프리드리히 니체 아포리즘,2,사람,10
9791193506387,혼자일 수 없다면 나아갈 수 없다 :프리드리히 니체 아포리즘,2,그대,8
9791193506387,혼자일 수 없다면 나아갈 수 없다 :프리드리히 니체 아포리즘,2,생각,6
9791193506387,혼자일 수 없다면 나아갈 수 없다 :프리드리히 니체 아포리즘,2,가지,5
9791193506387,혼자일 수 없다면 나아갈 수 없다 :프리드리히 니체 아포리즘,2,인생,5
9791193506387,혼자일 수 없다면 나아갈 수 없다 :프리드리히 니체 아포리즘,2,위대,5
9791193506387,혼자일 수 없다면 나아갈 수 없다 :프리드리히 니체 아포리즘,2,철학자,5
9791193506387,혼자일 수 없다면 나아갈 수 없다 :프리드리히 니체 아포리즘,2,존재,5
9791193506387,혼자일 수 없다면 나아갈 수 없다 :프리드리히 니체 아포리즘,2,철학,4
9791193506387,혼자일 수 없다면 나아갈 수 없다 :프리드리히 니체 아포리즘,2,정도,4
9791193506387,혼자일 수 없다면 나아갈 수 없다 :프리드리히 니체 아포리즘,2,약속,4
9791193506387,혼자일 수 없다면 나아갈 수 없다 :프리드리히 니체 아포리즘,2,심연,4
9791193506387,혼자일 수 없다면 나아갈 수 없다 :프리드리히 니체 아포리즘,2,사상,4
9791193506387,혼자일 수 없다면 나아갈 수 없다 :프리드리히 니체 아포리즘,2,고통,4
9791193506387,혼자일 수 없다면 나아갈 수 없다 :프리드리히 니체 아포리즘,2,사랑,4
9791193506387,혼자일 수 없다면 나아갈 수 없다 :프리드리히 니체 아포리즘,2,초인,4
9791193506387,혼자일 수 없다면 나아갈 수 없다 :프리드리히 니체 아포리즘,2,예술,3
9791193506387,혼자일 수 없다면 나아갈 수 없다 :프리드리히 니체 아포리즘,2,창조,3
9791193506387,혼자일 수 없다면 나아갈 수 없다 :프리드리히 니체 아포리즘,2,차라투스트라는 이렇게 말했다,3
9791193506387,혼자일 수 없다면 나아갈 수 없다 :프리드리히 니체 아포리즘,2,진리,3
9791193506387,혼자일 수 없다면 나아갈 수 없다 :프리드리히 니체 아포리즘,2,표현,3
9791193506387,혼자일 수 없다면 나아갈 수 없다 :프리드리히 니체 아포리즘,2,인간적인 너무나 인간적인,3
9791193506387,혼자일 수 없다면 나아갈 수 없다 :프리드리히 니체 아포리즘,2,도덕,3
9791193506387,혼자일 수 없다면 나아갈 수 없다 :프리드리히 니체 아포리즘,2,사용,3
9791193506387,혼자일 수 없다면 나아갈 수 없다 :프리드리히 니체 아포리즘,2,반시대적 고찰,3
9791193506387,혼자일 수 없다면 나아갈 수 없다 :프리드리히 니체 아포리즘,2,혼자,3
9791193506387,혼자일 수 없다면 나아갈 수 없다 :프리드리히 니체 아포리즘,2,문화,2
9791193506387,혼자일 수 없다면 나아갈 수 없다 :프리드리히 니체 아포리즘,2,바그너,2
9791193506387,혼자일 수 없다면 나아갈 수 없다 :프리드리히 니체 아포리즘,2,발견,2
9791193506387,혼자일 수 없다면 나아갈 수 없다 :프리드리히 니체 아포리즘,2,교수,2
9791193506387,혼자일 수 없다면 나아갈 수 없다 :프리드리히 니체 아포리즘,2,식사,2
9791193506387,혼자일 수 없다면 나아갈 수 없다 :프리드리히 니체 아포리즘,2,1부,2
9791193506387,혼자일 수 없다면 나아갈 수 없다 :프리드리히 니체 아포리즘,2,마음,2
9791193506387,혼자일 수 없다면 나아갈 수 없다 :프리드리히 니체 아포리즘,2,세계,2
9791193506387,혼자일 수 없다면 나아갈 수 없다 :프리드리히 니체 아포리즘,2,손님,2
9791193506387,혼자일 수 없다면 나아갈 수 없다 :프리드리히 니체 아포리즘,2,머릿속,2
9791193506387,혼자일 수 없다면 나아갈 수 없다 :프리드리히 니체 아포리즘,2,무참,2
9791193506387,혼자일 수 없다면 나아갈 수 없다 :프리드리히 니체 아포리즘,2,아주,2
9791193506387,혼자일 수 없다면 나아갈 수 없다 :프리드리히 니체 아포리즘,2,것들,2
9791193506387,혼자일 수 없다면 나아갈 수 없다 :프리드리히 니체 아포리즘,2,언어,2
9791193506387,혼자일 수 없다면 나아갈 수 없다 :프리드리히 니체 아포리즘,2,결과물,2
9791193506387,혼자일 수 없다면 나아갈 수 없다 :프리드리히 니체 아포리즘,2,문제,2
9791193506387,혼자일 수 없다면 나아갈 수 없다 :프리드리히 니체 아포리즘,2,가치,2
9791193506387,혼자일 수 없다면 나아갈 수 없다 :프리드리히 니체 아포리즘,2,아모르,2
9791193506387,혼자일 수 없다면 나아갈 수 없다 :프리드리히 니체 아포리즘,2,바젤대학교,2
9791193506387,혼자일 수 없다면 나아갈 수 없다 :프리드리히 니체 아포리즘,2,시대,2
9788936448523,고양이 해결사 깜냥,2,깜냥,12
9788936448523,고양이 해결사 깜냥,2,고양이,12
9788936448523,고양이 해결사 깜냥,2,고양이 해결사 깜냥,6
9788936448523,고양이 해결사 깜냥,2,어린이,5
9788936448523,고양이 해결사 깜냥,2,가족,5
9788936448523,고양이 해결사 깜냥,2,해결사,4
9788936448523,고양이 해결사 깜냥,2,창비,4
9788936448523,고양이 해결사 깜냥,2,모두 웃는 장례식,3
9788936448523,고양이 해결사 깜냥,2,걱정 세탁소,3
9788936448523,고양이 해결사 깜냥,2,행운 없는 럭키 박스,3
9788936448523,고양이 해결사 깜냥,2,스티커 도깨비 무지 막지,3
9788936448523,고양이 해결사 깜냥,2,낭만 강아지 봉봉,3
9788936448523,고양이 해결사 깜냥,2,눈물 쏙 스펀지,3
9788936448523,고양이 해결사 깜냥,2,병원,2
9788936448523,고양이 해결사 깜냥,2,동화,2
9788936448523,고양이 해결사 깜냥,2,어린이책,2
9788936448523,고양이 해결사 깜냥,2,베스트셀러,2
9788936448523,고양이 해결사 깜냥,2,사랑,2
9788936448523,고양이 해결사 깜냥,2,김재희,2
9788936448523,고양이 해결사 깜냥,2,매력,2
9788936448523,고양이 해결사 깜냥,2,하품이,2
9788936448523,고양이 해결사 깜냥,2,국내창작동화,2
9788936448523,고양이 해결사 깜냥,2,마음,2
9788936448523,고양이 해결사 깜냥,2,홍민정,2
9788936448523,고양이 해결사 깜냥,2,집고양이,2
9788936448523,고양이 해결사 깜냥,2,동물,2
9788936448523,고양이 해결사 깜냥,2,발걸음,1
9788936448523,고양이 해결사 깜냥,2,명실상부,1
9788936448523,고양이 해결사 깜냥,2,발바닥,1
9788936448523,고양이 해결사 깜냥,2,비밀,1
9788936448523,고양이 해결사 깜냥,2,모험,1
9788936448523,고양이 해결사 깜냥,2,성공,1
9788936448523,고양이 해결사 깜냥,2,세상,1
9788936448523,고양이 해결사 깜냥,2,소중,1
9788936448523,고양이 해결사 깜냥,2,시리즈,1
9788936448523,고양이 해결사 깜냥,2,아기,1
9788936448523,고양이 해결사 깜냥,2,만능,1
9788936448523,고양이 해결사 깜냥,2,고루,1
9788936448523,고양이 해결사 깜냥,2,가게,1
9788936448523,고양이 해결사 깜냥,2,공간,1
9788936448523,고양이 해결사 깜냥,2,공모,1
9788936448523,고양이 해결사 깜냥,2,귀하,1
9788936448523,고양이 해결사 깜냥,2,6권,1
9788936448523,고양이 해결사 깜냥,2,노력,1
9788936448523,고양이 해결사 깜냥,2,눈썰매장,1
9788936448523,고양이 해결사 깜냥,2,독보적,1
9788936448523,고양이 해결사 깜냥,2,독자,1
9788936448523,고양이 해결사 깜냥,2,대상,1
9788936448523,고양이 해결사 깜냥,2,등장,1
9788936448523,고양이 해결사 깜냥,2,도장,1
9791191043754,세상의 마지막 기차역,2,세상의 마지막 기차역,9
9791191043754,세상의 마지막 기차역,2,사람,8
9791191043754,세상의 마지막 기차역,2,사고,6
9791191043754,세상의 마지막 기차역,2,사랑,5
9791191043754,세상의 마지막 기차역,2,시작,5
9791191043754,세상의 마지막 기차역,2,판타지,5
9791191043754,세상의 마지막 기차역,2,열차,4
9791191043754,세상의 마지막 기차역,2,유령,4
9791191043754,세상의 마지막 기차역,2,니시유이가하마,3
9791191043754,세상의 마지막 기차역,2,좋은 아침입니다,3
9791191043754,세상의 마지막 기차역,2,연인,3
9791191043754,세상의 마지막 기차역,2,마지막,3
9791191043754,세상의 마지막 기차역,2,유가족,3
9791191043754,세상의 마지막 기차역,2,킹 오브 콩트,3
9791191043754,세상의 마지막 기차역,2,틱톡,3
9791191043754,세상의 마지막 기차역,2,감동,3
9791191043754,세상의 마지막 기차역,2,소개,3
9791191043754,세상의 마지막 기차역,2,폭소 레드카펫,3
9791191043754,세상의 마지막 기차역,2,독자,3
9791191043754,세상의 마지막 기차역,2,중상자,2
9791191043754,세상의 마지막 기차역,2,처음,2
9791191043754,세상의 마지막 기차역,2,외국판타지 환상소설,2
9791191043754,세상의 마지막 기차역,2,무라세 다케시,2
9791191043754,세상의 마지막 기차역,2,바이포엠 스튜디오,2
9791191043754,세상의 마지막 기차역,2,아픔,2
9791191043754,세상의 마지막 기차역,2,절벽,2
9791191043754,세상의 마지막 기차역,2,탈선,2
9791191043754,세상의 마지막 기차역,2,대형,2
9791191043754,세상의 마지막 기차역,2,가면,2
9791191043754,세상의 마지막 기차역,2,입소문,2
9791191043754,세상의 마지막 기차역,2,가족,2
9791191043754,세상의 마지막 기차역,2,가지,2
9791191043754,세상의 마지막 기차역,2,소문,2
9791191043754,세상의 마지막 기차역,2,현실,2
9791191043754,세상의 마지막 기차역,2,규칙,2
9791191043754,세상의 마지막 기차역,2,급행열차,2
9791191043754,세상의 마지막 기차역,2,김지연,2
9791191043754,세상의 마지막 기차역,2,한국,2
9791191043754,세상의 마지막 기차역,2,일본,2
9791191043754,세상의 마지막 기차역,2,자신,2
9791191043754,세상의 마지막 기차역,2,3월,2
9791191043754,세상의 마지막 기차역,2,사이,2
9791191043754,세상의 마지막 기차역,2,대가,2
9791191043754,세상의 마지막 기차역,2,데뷔작,1
9791191043754,세상의 마지막 기차역,2,浅草は今日もにぎやかです,1
9791191043754,세상의 마지막 기차역,2,경고,1
9791191043754,세상의 마지막 기차역,2,휴머니즘,1
9791191043754,세상의 마지막 기차역,2,단숨,1
9791191043754,세상의 마지막 기차역,2,달쯤,1
9791191043754,세상의 마지막 기차역,2,돌기,1
9791139716146,행동하지 않으면 인생은 바뀌지 않는다 :위대한 변화를 이끌어내는 아주 작은 실행의 힘,2,성공,14
9791139716146,행동하지 않으면 인생은 바뀌지 않는다 :위대한 변화를 이끌어내는 아주 작은 실행의 힘,2,실행,14
9791139716146,행동하지 않으면 인생은 바뀌지 않는다 :위대한 변화를 이끌어내는 아주 작은 실행의 힘,2,프로젝트,12
9791139716146,행동하지 않으면 인생은 바뀌지 않는다 :위대한 변화를 이끌어내는 아주 작은 실행의 힘,2,행동,10
9791139716146,행동하지 않으면 인생은 바뀌지 않는다 :위대한 변화를 이끌어내는 아주 작은 실행의 힘,2,인생,9
9791139716146,행동하지 않으면 인생은 바뀌지 않는다 :위대한 변화를 이끌어내는 아주 작은 실행의 힘,2,동기부여,7
9791139716146,행동하지 않으면 인생은 바뀌지 않는다 :위대한 변화를 이끌어내는 아주 작은 실행의 힘,2,사람,7
9791139716146,행동하지 않으면 인생은 바뀌지 않는다 :위대한 변화를 이끌어내는 아주 작은 실행의 힘,2,목표,6
9791139716146,행동하지 않으면 인생은 바뀌지 않는다 :위대한 변화를 이끌어내는 아주 작은 실행의 힘,2,필요,4
9791139716146,행동하지 않으면 인생은 바뀌지 않는다 :위대한 변화를 이끌어내는 아주 작은 실행의 힘,2,브라이언,4
9791139716146,행동하지 않으면 인생은 바뀌지 않는다 :위대한 변화를 이끌어내는 아주 작은 실행의 힘,2,성장,4
9791139716146,행동하지 않으면 인생은 바뀌지 않는다 :위대한 변화를 이끌어내는 아주 작은 실행의 힘,2,트레이시,4
9791139716146,행동하지 않으면 인생은 바뀌지 않는다 :위대한 변화를 이끌어내는 아주 작은 실행의 힘,2,자아개념,4
9791139716146,행동하지 않으면 인생은 바뀌지 않는다 :위대한 변화를 이끌어내는 아주 작은 실행의 힘,2,메커니즘,4
9791139716146,행동하지 않으면 인생은 바뀌지 않는다 :위대한 변화를 이끌어내는 아주 작은 실행의 힘,2,방법,3
9791139716146,행동하지 않으면 인생은 바뀌지 않는다 :위대한 변화를 이끌어내는 아주 작은 실행의 힘,2,믿음,3
9791139716146,행동하지 않으면 인생은 바뀌지 않는다 :위대한 변화를 이끌어내는 아주 작은 실행의 힘,2,실패,3
9791139716146,행동하지 않으면 인생은 바뀌지 않는다 :위대한 변화를 이끌어내는 아주 작은 실행의 힘,2,웰씽킹,3
9791139716146,행동하지 않으면 인생은 바뀌지 않는다 :위대한 변화를 이끌어내는 아주 작은 실행의 힘,2,매일,3
9791139716146,행동하지 않으면 인생은 바뀌지 않는다 :위대한 변화를 이끌어내는 아주 작은 실행의 힘,2,아주,3
9791139716146,행동하지 않으면 인생은 바뀌지 않는다 :위대한 변화를 이끌어내는 아주 작은 실행의 힘,2,기업,3
9791139716146,행동하지 않으면 인생은 바뀌지 않는다 :위대한 변화를 이끌어내는 아주 작은 실행의 힘,2,리더,3
9791139716146,행동하지 않으면 인생은 바뀌지 않는다 :위대한 변화를 이끌어내는 아주 작은 실행의 힘,2,자기계발,3
9791139716146,행동하지 않으면 인생은 바뀌지 않는다 :위대한 변화를 이끌어내는 아주 작은 실행의 힘,2,결정,3
9791139716146,행동하지 않으면 인생은 바뀌지 않는다 :위대한 변화를 이끌어내는 아주 작은 실행의 힘,2,백만불짜리 습관,3
9791139716146,행동하지 않으면 인생은 바뀌지 않는다 :위대한 변화를 이끌어내는 아주 작은 실행의 힘,2,아침,3
9791139716146,행동하지 않으면 인생은 바뀌지 않는다 :위대한 변화를 이끌어내는 아주 작은 실행의 힘,2,출신,3
9791139716146,행동하지 않으면 인생은 바뀌지 않는다 :위대한 변화를 이끌어내는 아주 작은 실행의 힘,2,시간,3
9791139716146,행동하지 않으면 인생은 바뀌지 않는다 :위대한 변화를 이끌어내는 아주 작은 실행의 힘,2,세계적,3
9791139716146,행동하지 않으면 인생은 바뀌지 않는다 :위대한 변화를 이끌어내는 아주 작은 실행의 힘,2,잠재력,3
9791139716146,행동하지 않으면 인생은 바뀌지 않는다 :위대한 변화를 이끌어내는 아주 작은 실행의 힘,2,안주,3
9791139716146,행동하지 않으면 인생은 바뀌지 않는다 :위대한 변화를 이끌어내는 아주 작은 실행의 힘,2,실행 프로젝트,3
9791139716146,행동하지 않으면 인생은 바뀌지 않는다 :위대한 변화를 이끌어내는 아주 작은 실행의 힘,2,멀리,3
9791139716146,행동하지 않으면 인생은 바뀌지 않는다 :위대한 변화를 이끌어내는 아주 작은 실행의 힘,2,무기력,3
9791139716146,행동하지 않으면 인생은 바뀌지 않는다 :위대한 변화를 이끌어내는 아주 작은 실행의 힘,2,발견,2
9791139716146,행동하지 않으면 인생은 바뀌지 않는다 :위대한 변화를 이끌어내는 아주 작은 실행의 힘,2,공통점,2
9791139716146,행동하지 않으면 인생은 바뀌지 않는다 :위대한 변화를 이끌어내는 아주 작은 실행의 힘,2,마법,2
9791139716146,행동하지 않으면 인생은 바뀌지 않는다 :위대한 변화를 이끌어내는 아주 작은 실행의 힘,2,2장,2
9791139716146,행동하지 않으면 인생은 바뀌지 않는다 :위대한 변화를 이끌어내는 아주 작은 실행의 힘,2,모멘텀,2
9791139716146,행동하지 않으면 인생은 바뀌지 않는다 :위대한 변화를 이끌어내는 아주 작은 실행의 힘,2,2가지,2
9791139716146,행동하지 않으면 인생은 바뀌지 않는다 :위대한 변화를 이끌어내는 아주 작은 실행의 힘,2,공개,2
9791139716146,행동하지 않으면 인생은 바뀌지 않는다 :위대한 변화를 이끌어내는 아주 작은 실행의 힘,2,배경,2
9791139716146,행동하지 않으면 인생은 바뀌지 않는다 :위대한 변화를 이끌어내는 아주 작은 실행의 힘,2,버핏,2
9791139716146,행동하지 않으면 인생은 바뀌지 않는다 :위대한 변화를 이끌어내는 아주 작은 실행의 힘,2,브라이언 트레이시,2
9791139716146,행동하지 않으면 인생은 바뀌지 않는다 :위대한 변화를 이끌어내는 아주 작은 실행의 힘,2,생각,2
9791139716146,행동하지 않으면 인생은 바뀌지 않는다 :위대한 변화를 이끌어내는 아주 작은 실행의 힘,2,마인드셋,2
9791139716146,행동하지 않으면 인생은 바뀌지 않는다 :위대한 변화를 이끌어내는 아주 작은 실행의 힘,2,루틴,2
9791139716146,행동하지 않으면 인생은 바뀌지 않는다 :위대한 변화를 이끌어내는 아주 작은 실행의 힘,2,사분,2
9791139716146,행동하지 않으면 인생은 바뀌지 않는다 :위대한 변화를 이끌어내는 아주 작은 실행의 힘,2,40년간,2
9791139716146,행동하지 않으면 인생은 바뀌지 않는다 :위대한 변화를 이끌어내는 아주 작은 실행의 힘,2,CEO,2
9791170402688,(쇼펜하우어의) 고독한 행복,2,쇼펜하우어,22
9791170402688,(쇼펜하우어의) 고독한 행복,2,철학,11
9791170402688,(쇼펜하우어의) 고독한 행복,2,행복,11
9791170402688,(쇼펜하우어의) 고독한 행복,2,자신,10
9791170402688,(쇼펜하우어의) 고독한 행복,2,인간,9
9791170402688,(쇼펜하우어의) 고독한 행복,2,독일,8
9791170402688,(쇼펜하우어의) 고독한 행복,2,의지,8
9791170402688,(쇼펜하우어의) 고독한 행복,2,쇼펜하우어의 행복론과 인생론,6
9791170402688,(쇼펜하우어의) 고독한 행복,2,생각,6
9791170402688,(쇼펜하우어의) 고독한 행복,2,철학자,6
9791170402688,(쇼펜하우어의) 고독한 행복,2,의지와 표상으로서의 세계,6
9791170402688,(쇼펜하우어의) 고독한 행복,2,마음,5
9791170402688,(쇼펜하우어의) 고독한 행복,2,번역,4
9791170402688,(쇼펜하우어의) 고독한 행복,2,해주,4
9791170402688,(쇼펜하우어의) 고독한 행복,2,명성,4
9791170402688,(쇼펜하우어의) 고독한 행복,2,유명,4
9791170402688,(쇼펜하우어의) 고독한 행복,2,예술,4
9791170402688,(쇼펜하우어의) 고독한 행복,2,영향,4
9791170402688,(쇼펜하우어의) 고독한 행복,2,위로,4
9791170402688,(쇼펜하우어의) 고독한 행복,2,온정,4
9791170402688,(쇼펜하우어의) 고독한 행복,2,연민,4
9791170402688,(쇼펜하우어의) 고독한 행복,2,핵심,4
9791170402688,(쇼펜하우어의) 고독한 행복,2,홍성광,4
9791170402688,(쇼펜하우어의) 고독한 행복,2,아포리즘,4
9791170402688,(쇼펜하우어의) 고독한 행복,2,요구,3
9791170402688,(쇼펜하우어의) 고독한 행복,2,정수,3
9791170402688,(쇼펜하우어의) 고독한 행복,2,관계,3
9791170402688,(쇼펜하우어의) 고독한 행복,2,죽음,3
9791170402688,(쇼펜하우어의) 고독한 행복,2,고통,3
9791170402688,(쇼펜하우어의) 고독한 행복,2,충동,3
9791170402688,(쇼펜하우어의) 고독한 행복,2,7부,3
9791170402688,(쇼펜하우어의) 고독한 행복,2,가치,3
9791170402688,(쇼펜하우어의) 고독한 행복,2,사상가,3
9791170402688,(쇼펜하우어의) 고독한 행복,2,세계,3
9791170402688,(쇼펜하우어의) 고독한 행복,2,필요,3
9791170402688,(쇼펜하우어의) 고독한 행복,2,쇼펜하우어의 고독한 행복,3
9791170402688,(쇼펜하우어의) 고독한 행복,2,시리즈,3
9791170402688,(쇼펜하우어의) 고독한 행복,2,사이,2
9791170402688,(쇼펜하우어의) 고독한 행복,2,내적,2
9791170402688,(쇼펜하우어의) 고독한 행복,2,습득,2
9791170402688,(쇼펜하우어의) 고독한 행복,2,니체,2
9791170402688,(쇼펜하우어의) 고독한 행복,2,다수,2
9791170402688,(쇼펜하우어의) 고독한 행복,2,휴식,2
9791170402688,(쇼펜하우어의) 고독한 행복,2,불가능,2
9791170402688,(쇼펜하우어의) 고독한 행복,2,세계적,2
9791170402688,(쇼펜하우어의) 고독한 행복,2,2부,2
9791170402688,(쇼펜하우어의) 고독한 행복,2,수행자이,2
9791170402688,(쇼펜하우어의) 고독한 행복,2,소개,2
9791170402688,(쇼펜하우어의) 고독한 행복,2,소화,2
9791170402688,(쇼펜하우어의) 고독한 행복,2,건강,2
9791164131686,흔한남매,2,흔한남매,10
9791164131686,흔한남매,2,에이미,6
9791164131686,흔한남매,2,유튜브,6
9791164131686,흔한남매,2,크리에이터,6
9791164131686,흔한남매,2,웃음,5
9791164131686,흔한남매,2,에피소드,4
9791164131686,흔한남매,2,만화,4
9791164131686,흔한남매,2,숨은그림찾기,4
9791164131686,흔한남매,2,공감,3
9791164131686,흔한남매,2,미로 찾기,3
9791164131686,흔한남매,2,영상,3
9791164131686,흔한남매,2,흔한남매 1,3
9791164131686,흔한남매,2,남매,3
9791164131686,흔한남매,2,영어 난센스 퀴즈,3
9791164131686,흔한남매,2,회사,3
9791164131686,흔한남매,2,재미,3
9791164131686,흔한남매,2,다른 그림 찾기,3
9791164131686,흔한남매,2,다양,3
9791164131686,흔한남매,2,어린이,2
9791164131686,흔한남매,2,구독자,2
9791164131686,흔한남매,2,생태계,2
9791164131686,흔한남매,2,도티,2
9791164131686,흔한남매,2,놀이,2
9791164131686,흔한남매,2,성공적,2
9791164131686,흔한남매,2,유난희,2
9791164131686,흔한남매,2,대표,2
9791164131686,흔한남매,2,스토리,2
9791164131686,흔한남매,2,영어,2
9791164131686,흔한남매,2,디지털,2
9791164131686,흔한남매,2,영향력,2
9791164131686,흔한남매,2,엔터테인먼트,2
9791164131686,흔한남매,2,상상력,2
9791164131686,흔한남매,2,순간,2
9791164131686,흔한남매,2,아이돌,2
9791164131686,흔한남매,2,MCN,2
9791164131686,흔한남매,2,유쾌,2
9791164131686,흔한남매,2,분야,2
9791164131686,흔한남매,2,수록,2
9791164131686,흔한남매,2,미래엔,2
9791164131686,흔한남매,2,만화 일반,2
9791164131686,흔한남매,2,인기,2
9791164131686,흔한남매,2,콘텐츠,2
9791164131686,흔한남매,2,1화,1
9791164131686,흔한남매,2,5학년,1
9791164131686,흔한남매,2,5화,1
9791164131686,흔한남매,2,6화,1
9791164131686,흔한남매,2,게임,1
9791164131686,흔한남매,2,건전,1
9791164131686,흔한남매,2,구글,1
9791164131686,흔한남매,2,관찰,1
9791157686179,"인스타 브레인 =몰입을 빼앗긴 시대, 똑똑한 뇌 사용법 /Insta brain",2,휴대전화,8
9791157686179,"인스타 브레인 =몰입을 빼앗긴 시대, 똑똑한 뇌 사용법 /Insta brain",2,스마트폰,7
9791157686179,"인스타 브레인 =몰입을 빼앗긴 시대, 똑똑한 뇌 사용법 /Insta brain",2,스웨덴,6
9791157686179,"인스타 브레인 =몰입을 빼앗긴 시대, 똑똑한 뇌 사용법 /Insta brain",2,사용,6
9791157686179,"인스타 브레인 =몰입을 빼앗긴 시대, 똑똑한 뇌 사용법 /Insta brain",2,우울증,6
9791157686179,"인스타 브레인 =몰입을 빼앗긴 시대, 똑똑한 뇌 사용법 /Insta brain",2,디지털,6
9791157686179,"인스타 브레인 =몰입을 빼앗긴 시대, 똑똑한 뇌 사용법 /Insta brain",2,시간,6
9791157686179,"인스타 브레인 =몰입을 빼앗긴 시대, 똑똑한 뇌 사용법 /Insta brain",2,어워드,5
9791157686179,"인스타 브레인 =몰입을 빼앗긴 시대, 똑똑한 뇌 사용법 /Insta brain",2,수상작,5
9791157686179,"인스타 브레인 =몰입을 빼앗긴 시대, 똑똑한 뇌 사용법 /Insta brain",2,헬스,4
9791157686179,"인스타 브레인 =몰입을 빼앗긴 시대, 똑똑한 뇌 사용법 /Insta brain",2,사람,4
9791157686179,"인스타 브레인 =몰입을 빼앗긴 시대, 똑똑한 뇌 사용법 /Insta brain",2,보호,4
9791157686179,"인스타 브레인 =몰입을 빼앗긴 시대, 똑똑한 뇌 사용법 /Insta brain",2,프로그램,4
9791157686179,"인스타 브레인 =몰입을 빼앗긴 시대, 똑똑한 뇌 사용법 /Insta brain",2,2019년,4
9791157686179,"인스타 브레인 =몰입을 빼앗긴 시대, 똑똑한 뇌 사용법 /Insta brain",2,세상,4
9791157686179,"인스타 브레인 =몰입을 빼앗긴 시대, 똑똑한 뇌 사용법 /Insta brain",2,세계,4
9791157686179,"인스타 브레인 =몰입을 빼앗긴 시대, 똑똑한 뇌 사용법 /Insta brain",2,세계적,4
9791157686179,"인스타 브레인 =몰입을 빼앗긴 시대, 똑똑한 뇌 사용법 /Insta brain",2,영향,4
9791157686179,"인스타 브레인 =몰입을 빼앗긴 시대, 똑똑한 뇌 사용법 /Insta brain",2,집중력,4
9791157686179,"인스타 브레인 =몰입을 빼앗긴 시대, 똑똑한 뇌 사용법 /Insta brain",2,안데르스,4
9791157686179,"인스타 브레인 =몰입을 빼앗긴 시대, 똑똑한 뇌 사용법 /Insta brain",2,TV,4
9791157686179,"인스타 브레인 =몰입을 빼앗긴 시대, 똑똑한 뇌 사용법 /Insta brain",2,한센,4
9791157686179,"인스타 브레인 =몰입을 빼앗긴 시대, 똑똑한 뇌 사용법 /Insta brain",2,의사,4
9791157686179,"인스타 브레인 =몰입을 빼앗긴 시대, 똑똑한 뇌 사용법 /Insta brain",2,정신과,4
9791157686179,"인스타 브레인 =몰입을 빼앗긴 시대, 똑똑한 뇌 사용법 /Insta brain",2,머리말,4
9791157686179,"인스타 브레인 =몰입을 빼앗긴 시대, 똑똑한 뇌 사용법 /Insta brain",2,건강,4
9791157686179,"인스타 브레인 =몰입을 빼앗긴 시대, 똑똑한 뇌 사용법 /Insta brain",2,결과,4
9791157686179,"인스타 브레인 =몰입을 빼앗긴 시대, 똑똑한 뇌 사용법 /Insta brain",2,운동,4
9791157686179,"인스타 브레인 =몰입을 빼앗긴 시대, 똑똑한 뇌 사용법 /Insta brain",2,진화,4
9791157686179,"인스타 브레인 =몰입을 빼앗긴 시대, 똑똑한 뇌 사용법 /Insta brain",2,진행,3
9791157686179,"인스타 브레인 =몰입을 빼앗긴 시대, 똑똑한 뇌 사용법 /Insta brain",2,자기,3
9791157686179,"인스타 브레인 =몰입을 빼앗긴 시대, 똑똑한 뇌 사용법 /Insta brain",2,인기,3
9791157686179,"인스타 브레인 =몰입을 빼앗긴 시대, 똑똑한 뇌 사용법 /Insta brain",2,똑똑,3
9791157686179,"인스타 브레인 =몰입을 빼앗긴 시대, 똑똑한 뇌 사용법 /Insta brain",2,하루,3
9791157686179,"인스타 브레인 =몰입을 빼앗긴 시대, 똑똑한 뇌 사용법 /Insta brain",2,Summer in P1,3
9791157686179,"인스타 브레인 =몰입을 빼앗긴 시대, 똑똑한 뇌 사용법 /Insta brain",2,시대,3
9791157686179,"인스타 브레인 =몰입을 빼앗긴 시대, 똑똑한 뇌 사용법 /Insta brain",2,당신의 뇌 Dinhjarna,3
9791157686179,"인스타 브레인 =몰입을 빼앗긴 시대, 똑똑한 뇌 사용법 /Insta brain",2,뇌는 달리고 싶다,3
9791157686179,"인스타 브레인 =몰입을 빼앗긴 시대, 똑똑한 뇌 사용법 /Insta brain",2,수렵,3
9791157686179,"인스타 브레인 =몰입을 빼앗긴 시대, 똑똑한 뇌 사용법 /Insta brain",2,사용법,3
9791157686179,"인스타 브레인 =몰입을 빼앗긴 시대, 똑똑한 뇌 사용법 /Insta brain",2,정도,3
9791157686179,"인스타 브레인 =몰입을 빼앗긴 시대, 똑똑한 뇌 사용법 /Insta brain",2,당신의 뇌 Dinhjrna,3
9791157686179,"인스타 브레인 =몰입을 빼앗긴 시대, 똑똑한 뇌 사용법 /Insta brain",2,욕구,3
9791157686179,"인스타 브레인 =몰입을 빼앗긴 시대, 똑똑한 뇌 사용법 /Insta brain",2,문제,3
9791157686179,"인스타 브레인 =몰입을 빼앗긴 시대, 똑똑한 뇌 사용법 /Insta brain",2,톱핼사,3
9791157686179,"인스타 브레인 =몰입을 빼앗긴 시대, 똑똑한 뇌 사용법 /Insta brain",2,3장,2
9791157686179,"인스타 브레인 =몰입을 빼앗긴 시대, 똑똑한 뇌 사용법 /Insta brain",2,석학,2
9791157686179,"인스타 브레인 =몰입을 빼앗긴 시대, 똑똑한 뇌 사용법 /Insta brain",2,Award,2
9791157686179,"인스타 브레인 =몰입을 빼앗긴 시대, 똑똑한 뇌 사용법 /Insta brain",2,분석,2
9791157686179,"인스타 브레인 =몰입을 빼앗긴 시대, 똑똑한 뇌 사용법 /Insta brain",2,새폴스키,2
9788950983079,정재승의 인간 탐구 보고서,2,지구,20
9788950983079,정재승의 인간 탐구 보고서,2,외모,11
9788950983079,정재승의 인간 탐구 보고서,2,10월의 하늘,6
9788950983079,정재승의 인간 탐구 보고서,2,인간 탐구 보고서,6
9788950983079,정재승의 인간 탐구 보고서,2,사람,6
9788950983079,정재승의 인간 탐구 보고서,2,이해,6
9788950983079,정재승의 인간 탐구 보고서,2,차이,5
9788950983079,정재승의 인간 탐구 보고서,2,인간,5
9788950983079,정재승의 인간 탐구 보고서,2,기억,4
9788950983079,정재승의 인간 탐구 보고서,2,거주지,4
9788950983079,정재승의 인간 탐구 보고서,2,변신,4
9788950983079,정재승의 인간 탐구 보고서,2,작용,4
9788950983079,정재승의 인간 탐구 보고서,2,생각,4
9788950983079,정재승의 인간 탐구 보고서,2,외계인,3
9788950983079,정재승의 인간 탐구 보고서,2,청소년,3
9788950983079,정재승의 인간 탐구 보고서,2,정재승,3
9788950983079,정재승의 인간 탐구 보고서,2,교수,3
9788950983079,정재승의 인간 탐구 보고서,2,뇌과학,3
9788950983079,정재승의 인간 탐구 보고서,2,마음,3
9788950983079,정재승의 인간 탐구 보고서,2,모두우리,2
9788950983079,정재승의 인간 탐구 보고서,2,아우레,2
9788950983079,정재승의 인간 탐구 보고서,2,보고서3,2
9788950983079,정재승의 인간 탐구 보고서,2,문명,2
9788950983079,정재승의 인간 탐구 보고서,2,보고서2,2
9788950983079,정재승의 인간 탐구 보고서,2,보고서1,2
9788950983079,정재승의 인간 탐구 보고서,2,발견,2
9788950983079,정재승의 인간 탐구 보고서,2,아이들,2
9788950983079,정재승의 인간 탐구 보고서,2,의과대학,2
9788950983079,정재승의 인간 탐구 보고서,2,유행,2
9788950983079,정재승의 인간 탐구 보고서,2,미세,2
9788950983079,정재승의 인간 탐구 보고서,2,외형,2
9788950983079,정재승의 인간 탐구 보고서,2,시작,2
9788950983079,정재승의 인간 탐구 보고서,2,당연,2
9788950983079,정재승의 인간 탐구 보고서,2,능력,2
9788950983079,정재승의 인간 탐구 보고서,2,KAIST,2
9788950983079,정재승의 인간 탐구 보고서,2,증거,2
9788950983079,정재승의 인간 탐구 보고서,2,감시,2
9788950983079,정재승의 인간 탐구 보고서,2,호모,2
9788950983079,정재승의 인간 탐구 보고서,2,외계,2
9788950983079,정재승의 인간 탐구 보고서,2,정신과,2
9788950983079,정재승의 인간 탐구 보고서,2,정재은,2
9788950983079,정재승의 인간 탐구 보고서,2,결성,2
9788950983079,정재승의 인간 탐구 보고서,2,경이로움,2
9788950983079,정재승의 인간 탐구 보고서,2,선택,2
9788950983079,정재승의 인간 탐구 보고서,2,과학,2
9788950983079,정재승의 인간 탐구 보고서,2,우리 몸,2
9788950983079,정재승의 인간 탐구 보고서,2,굉장,2
9788950983079,정재승의 인간 탐구 보고서,2,김현민,2
9788950983079,정재승의 인간 탐구 보고서,2,주의,2
9788950983079,정재승의 인간 탐구 보고서,2,뇌구조,2
9791168120266,놓지 마 과학!,2,과학,23
9791168120266,놓지 마 과학!,2,노트,13
9791168120266,놓지 마 과학!,2,캠핑장,11
9791168120266,놓지 마 과학!,2,놓지 마 과학,9
9791168120266,놓지 마 과학!,2,날씨,6
9791168120266,놓지 마 과학!,2,정신,5
9791168120266,놓지 마 과학!,2,정신이가,4
9791168120266,놓지 마 과학!,2,만화,4
9791168120266,놓지 마 과학!,2,나침반,4
9791168120266,놓지 마 과학!,2,김캠핑,4
9791168120266,놓지 마 과학!,2,비가,4
9791168120266,놓지 마 과학!,2,태풍,4
9791168120266,놓지 마 과학!,2,이번,4
9791168120266,놓지 마 과학!,2,16권,4
9791168120266,놓지 마 과학!,2,연계표,3
9791168120266,놓지 마 과학!,2,교과,3
9791168120266,놓지 마 과학!,2,놓지 마 정신줄,3
9791168120266,놓지 마 과학!,2,사건,3
9791168120266,놓지 마 과학!,2,대표,3
9791168120266,놓지 마 과학!,2,대한민국,3
9791168120266,놓지 마 과학!,2,대회,3
9791168120266,놓지 마 과학!,2,돌파,3
9791168120266,놓지 마 과학!,2,캠핑,3
9791168120266,놓지 마 과학!,2,비법,3
9791168120266,놓지 마 과학!,2,범인,3
9791168120266,놓지 마 과학!,2,학습,3
9791168120266,놓지 마 과학!,2,사랑,3
9791168120266,놓지 마 과학!,2,서바이벌,3
9791168120266,놓지 마 과학!,2,그림자,3
9791168120266,놓지 마 과학!,2,웹툰,2
9791168120266,놓지 마 과학!,2,공격,2
9791168120266,놓지 마 과학!,2,인물,2
9791168120266,놓지 마 과학!,2,수상,2
9791168120266,놓지 마 과학!,2,시작,2
9791168120266,놓지 마 과학!,2,등장,2
9791168120266,놓지 마 과학!,2,마지막,2
9791168120266,놓지 마 과학!,2,안전,2
9791168120266,놓지 마 과학!,2,심상치,2
9791168120266,놓지 마 과학!,2,독자,2
9791168120266,놓지 마 과학!,2,자석,2
9791168120266,놓지 마 과학!,2,X-Files,2
9791168120266,놓지 마 과학!,2,나무,2
9791168120266,놓지 마 과학!,2,나승훈,2
9791168120266,놓지 마 과학!,2,나이,2
9791168120266,놓지 마 과학!,2,시리즈,2
9791168120266,놓지 마 과학!,2,여유,2
9791168120266,놓지 마 과학!,2,생물과 생명,2
9791168120266,놓지 마 과학!,2,생존,2
9791168120266,놓지 마 과학!,2,위즈덤하우스 미디어그룹,2
9791168120266,놓지 마 과학!,2,이름,2
9788932034812,여수의 사랑 :한강 소설집,2,여수의 사랑,12
9788932034812,여수의 사랑 :한강 소설집,2,한강,9
9788932034812,여수의 사랑 :한강 소설집,2,소설집,6
9788932034812,여수의 사랑 :한강 소설집,2,내 여자의 열매,6
9788932034812,여수의 사랑 :한강 소설집,2,야간열차,4
9788932034812,여수의 사랑 :한강 소설집,2,질주,4
9788932034812,여수의 사랑 :한강 소설집,2,그대의 차가운 손,3
9788932034812,여수의 사랑 :한강 소설집,2,존재,3
9788932034812,여수의 사랑 :한강 소설집,2,서랍에 저녁을 넣어 두었다,3
9788932034812,여수의 사랑 :한강 소설집,2,서울신문,3
9788932034812,여수의 사랑 :한강 소설집,2,죽음,3
9788932034812,여수의 사랑 :한강 소설집,2,서울의 겨울,3
9788932034812,여수의 사랑 :한강 소설집,2,붉은 닻,3
9788932034812,여수의 사랑 :한강 소설집,2,희랍어 시간,3
9788932034812,여수의 사랑 :한강 소설집,2,검은 사슴,3
9788932034812,여수의 사랑 :한강 소설집,2,노랑무늬영원,3
9788932034812,여수의 사랑 :한강 소설집,2,어둠의 사육제,3
9788932034812,여수의 사랑 :한강 소설집,2,문학과사회,3
9788932034812,여수의 사랑 :한강 소설집,2,동생,3
9788932034812,여수의 사랑 :한강 소설집,2,진달래 능선,3
9788932034812,여수의 사랑 :한강 소설집,2,소년이 온다,3
9788932034812,여수의 사랑 :한강 소설집,2,바람이 분다 가라,3
9788932034812,여수의 사랑 :한강 소설집,2,문학과지성사,3
9788932034812,여수의 사랑 :한강 소설집,2,채식주의자,3
9788932034812,여수의 사랑 :한강 소설집,2,단편,2
9788932034812,여수의 사랑 :한강 소설집,2,황순원문학상,2
9788932034812,여수의 사랑 :한강 소설집,2,오늘,2
9788932034812,여수의 사랑 :한강 소설집,2,동리문학상,2
9788932034812,여수의 사랑 :한강 소설집,2,김유정문학상,2
9788932034812,여수의 사랑 :한강 소설집,2,이상문학상,2
9788932034812,여수의 사랑 :한강 소설집,2,방황,2
9788932034812,여수의 사랑 :한강 소설집,2,섬세,2
9788932034812,여수의 사랑 :한강 소설집,2,문학상,2
9788932034812,여수의 사랑 :한강 소설집,2,고독,2
9788932034812,여수의 사랑 :한강 소설집,2,여수,2
9788932034812,여수의 사랑 :한강 소설집,2,고향,2
9788932034812,여수의 사랑 :한강 소설집,2,자신,2
9788932034812,여수의 사랑 :한강 소설집,2,1995년,2
9788932034812,여수의 사랑 :한강 소설집,2,1993년,2
9788932034812,여수의 사랑 :한강 소설집,2,말라파르테,2
9788932034812,여수의 사랑 :한강 소설집,2,2010년,1
9788932034812,여수의 사랑 :한강 소설집,2,마음,1
9788932034812,여수의 사랑 :한강 소설집,2,기적,1
9788932034812,여수의 사랑 :한강 소설집,2,가을,1
9788932034812,여수의 사랑 :한강 소설집,2,갈망,1
9788932034812,여수의 사랑 :한강 소설집,2,개정판,1
9788932034812,여수의 사랑 :한강 소설집,2,그린,1
9788932034812,여수의 사랑 :한강 소설집,2,근원,1
9788932034812,여수의 사랑 :한강 소설집,2,기쁨,1
9788932034812,여수의 사랑 :한강 소설집,2,기차,1
9788932020006,"바람이 분다, 가라 :한강 장편소설",2,인주,24
9788932020006,"바람이 분다, 가라 :한강 장편소설",2,바람이 분다 가라,18
9788932020006,"바람이 분다, 가라 :한강 장편소설",2,죽음,17
9788932020006,"바람이 분다, 가라 :한강 장편소설",2,한강,11
9788932020006,"바람이 분다, 가라 :한강 장편소설",2,이정희,11
9788932020006,"바람이 분다, 가라 :한강 장편소설",2,시간,9
9788932020006,"바람이 분다, 가라 :한강 장편소설",2,문학과사회,9
9788932020006,"바람이 분다, 가라 :한강 장편소설",2,외삼촌,8
9788932020006,"바람이 분다, 가라 :한강 장편소설",2,그림,8
9788932020006,"바람이 분다, 가라 :한강 장편소설",2,정희,7
9788932020006,"바람이 분다, 가라 :한강 장편소설",2,채식주의자,7
9788932020006,"바람이 분다, 가라 :한강 장편소설",2,진실,7
9788932020006,"바람이 분다, 가라 :한강 장편소설",2,기억,6
9788932020006,"바람이 분다, 가라 :한강 장편소설",2,바람,6
9788932020006,"바람이 분다, 가라 :한강 장편소설",2,경계,6
9788932020006,"바람이 분다, 가라 :한강 장편소설",2,미시령,6
9788932020006,"바람이 분다, 가라 :한강 장편소설",2,소년이 온다,6
9788932020006,"바람이 분다, 가라 :한강 장편소설",2,기원,5
9788932020006,"바람이 분다, 가라 :한강 장편소설",2,생의,5
9788932020006,"바람이 분다, 가라 :한강 장편소설",2,우주,5
9788932020006,"바람이 분다, 가라 :한강 장편소설",2,자신,5
9788932020006,"바람이 분다, 가라 :한강 장편소설",2,전개,5
9788932020006,"바람이 분다, 가라 :한강 장편소설",2,인물,5
9788932020006,"바람이 분다, 가라 :한강 장편소설",2,고개,5
9788932020006,"바람이 분다, 가라 :한강 장편소설",2,강렬,5
9788932020006,"바람이 분다, 가라 :한강 장편소설",2,폭설,4
9788932020006,"바람이 분다, 가라 :한강 장편소설",2,친구,4
9788932020006,"바람이 분다, 가라 :한강 장편소설",2,격렬,4
9788932020006,"바람이 분다, 가라 :한강 장편소설",2,여자,4
9788932020006,"바람이 분다, 가라 :한강 장편소설",2,사랑,4
9788932020006,"바람이 분다, 가라 :한강 장편소설",2,의지,4
9788932020006,"바람이 분다, 가라 :한강 장편소설",2,상처,4
9788932020006,"바람이 분다, 가라 :한강 장편소설",2,욕망,4
9788932020006,"바람이 분다, 가라 :한강 장편소설",2,가을,4
9788932020006,"바람이 분다, 가라 :한강 장편소설",2,서인,4
9788932020006,"바람이 분다, 가라 :한강 장편소설",2,아들,4
9788932020006,"바람이 분다, 가라 :한강 장편소설",2,새벽,4
9788932020006,"바람이 분다, 가라 :한강 장편소설",2,사람,4
9788932020006,"바람이 분다, 가라 :한강 장편소설",2,문학과지성사,3
9788932020006,"바람이 분다, 가라 :한강 장편소설",2,류인섭,3
9788932020006,"바람이 분다, 가라 :한강 장편소설",2,자동차,3
9788932020006,"바람이 분다, 가라 :한강 장편소설",2,붉은 닻,3
9788932020006,"바람이 분다, 가라 :한강 장편소설",2,희랍어 시간,3
9788932020006,"바람이 분다, 가라 :한강 장편소설",2,순간,3
9788932020006,"바람이 분다, 가라 :한강 장편소설",2,이번,3
9788932020006,"바람이 분다, 가라 :한강 장편소설",2,여수의 사랑,3
9788932020006,"바람이 분다, 가라 :한강 장편소설",2,돌연,3
9788932020006,"바람이 분다, 가라 :한강 장편소설",2,노랑무늬영원,3
9788932020006,"바람이 분다, 가라 :한강 장편소설",2,자살,3
9788932020006,"바람이 분다, 가라 :한강 장편소설",2,사고,3
9791130677774,웰씽킹 =부를 창조하는 생각의 뿌리 /Wealthinking,2,생각,20
9791130677774,웰씽킹 =부를 창조하는 생각의 뿌리 /Wealthinking,2,부자,18
9791130677774,웰씽킹 =부를 창조하는 생각의 뿌리 /Wealthinking,2,웰씽킹,11
9791130677774,웰씽킹 =부를 창조하는 생각의 뿌리 /Wealthinking,2,인생,10
9791130677774,웰씽킹 =부를 창조하는 생각의 뿌리 /Wealthinking,2,사람,9
9791130677774,웰씽킹 =부를 창조하는 생각의 뿌리 /Wealthinking,2,뿌리,7
9791130677774,웰씽킹 =부를 창조하는 생각의 뿌리 /Wealthinking,2,풍요,5
9791130677774,웰씽킹 =부를 창조하는 생각의 뿌리 /Wealthinking,2,누구,5
9791130677774,웰씽킹 =부를 창조하는 생각의 뿌리 /Wealthinking,2,가지,5
9791130677774,웰씽킹 =부를 창조하는 생각의 뿌리 /Wealthinking,2,성공,4
9791130677774,웰씽킹 =부를 창조하는 생각의 뿌리 /Wealthinking,2,공헌,4
9791130677774,웰씽킹 =부를 창조하는 생각의 뿌리 /Wealthinking,2,창조,4
9791130677774,웰씽킹 =부를 창조하는 생각의 뿌리 /Wealthinking,2,결핍,4
9791130677774,웰씽킹 =부를 창조하는 생각의 뿌리 /Wealthinking,2,자신,4
9791130677774,웰씽킹 =부를 창조하는 생각의 뿌리 /Wealthinking,2,방법,4
9791130677774,웰씽킹 =부를 창조하는 생각의 뿌리 /Wealthinking,2,성장,4
9791130677774,웰씽킹 =부를 창조하는 생각의 뿌리 /Wealthinking,2,고등학교,3
9791130677774,웰씽킹 =부를 창조하는 생각의 뿌리 /Wealthinking,2,비밀,3
9791130677774,웰씽킹 =부를 창조하는 생각의 뿌리 /Wealthinking,2,죽음,3
9791130677774,웰씽킹 =부를 창조하는 생각의 뿌리 /Wealthinking,2,선데이 타임스,3
9791130677774,웰씽킹 =부를 창조하는 생각의 뿌리 /Wealthinking,2,불씨,3
9791130677774,웰씽킹 =부를 창조하는 생각의 뿌리 /Wealthinking,2,바다,3
9791130677774,웰씽킹 =부를 창조하는 생각의 뿌리 /Wealthinking,2,부의,3
9791130677774,웰씽킹 =부를 창조하는 생각의 뿌리 /Wealthinking,2,믿음,3
9791130677774,웰씽킹 =부를 창조하는 생각의 뿌리 /Wealthinking,2,10억,3
9791130677774,웰씽킹 =부를 창조하는 생각의 뿌리 /Wealthinking,2,파리에서 도시락을 파는 여자,3
9791130677774,웰씽킹 =부를 창조하는 생각의 뿌리 /Wealthinking,2,세상,3
9791130677774,웰씽킹 =부를 창조하는 생각의 뿌리 /Wealthinking,2,초석,3
9791130677774,웰씽킹 =부를 창조하는 생각의 뿌리 /Wealthinking,2,1년에,2
9791130677774,웰씽킹 =부를 창조하는 생각의 뿌리 /Wealthinking,2,선언,2
9791130677774,웰씽킹 =부를 창조하는 생각의 뿌리 /Wealthinking,2,000억,2
9791130677774,웰씽킹 =부를 창조하는 생각의 뿌리 /Wealthinking,2,글로벌,2
9791130677774,웰씽킹 =부를 창조하는 생각의 뿌리 /Wealthinking,2,기업,2
9791130677774,웰씽킹 =부를 창조하는 생각의 뿌리 /Wealthinking,2,스승,2
9791130677774,웰씽킹 =부를 창조하는 생각의 뿌리 /Wealthinking,2,나이,2
9791130677774,웰씽킹 =부를 창조하는 생각의 뿌리 /Wealthinking,2,소녀공,2
9791130677774,웰씽킹 =부를 창조하는 생각의 뿌리 /Wealthinking,2,실천,2
9791130677774,웰씽킹 =부를 창조하는 생각의 뿌리 /Wealthinking,2,씨앗,2
9791130677774,웰씽킹 =부를 창조하는 생각의 뿌리 /Wealthinking,2,www,2
9791130677774,웰씽킹 =부를 창조하는 생각의 뿌리 /Wealthinking,2,소중,2
9791130677774,웰씽킹 =부를 창조하는 생각의 뿌리 /Wealthinking,2,시각화,2
9791130677774,웰씽킹 =부를 창조하는 생각의 뿌리 /Wealthinking,2,마중물,2
9791130677774,웰씽킹 =부를 창조하는 생각의 뿌리 /Wealthinking,2,아카데미,2
9791130677774,웰씽킹 =부를 창조하는 생각의 뿌리 /Wealthinking,2,야간,2
9791130677774,웰씽킹 =부를 창조하는 생각의 뿌리 /Wealthinking,2,여전,2
9791130677774,웰씽킹 =부를 창조하는 생각의 뿌리 /Wealthinking,2,얼마,2
9791130677774,웰씽킹 =부를 창조하는 생각의 뿌리 /Wealthinking,2,실패,2
9791130677774,웰씽킹 =부를 창조하는 생각의 뿌리 /Wealthinking,2,르상티망이,2
9791130677774,웰씽킹 =부를 창조하는 생각의 뿌리 /Wealthinking,2,멘토,2
9791130677774,웰씽킹 =부를 창조하는 생각의 뿌리 /Wealthinking,2,희망,2
9791130697529,거인의 노트 :인생에서 무엇을 보고 어떻게 기록할 것인가,2,기록,38
9791130697529,거인의 노트 :인생에서 무엇을 보고 어떻게 기록할 것인가,2,성장,17
9791130697529,거인의 노트 :인생에서 무엇을 보고 어떻게 기록할 것인가,2,인생,14
9791130697529,거인의 노트 :인생에서 무엇을 보고 어떻게 기록할 것인가,2,생각,7
9791130697529,거인의 노트 :인생에서 무엇을 보고 어떻게 기록할 것인가,2,김교수의 세 가지,6
9791130697529,거인의 노트 :인생에서 무엇을 보고 어떻게 기록할 것인가,2,대화,6
9791130697529,거인의 노트 :인생에서 무엇을 보고 어떻게 기록할 것인가,2,최고,5
9791130697529,거인의 노트 :인생에서 무엇을 보고 어떻게 기록할 것인가,2,기록학자,5
9791130697529,거인의 노트 :인생에서 무엇을 보고 어떻게 기록할 것인가,2,이유,5
9791130697529,거인의 노트 :인생에서 무엇을 보고 어떻게 기록할 것인가,2,지식,5
9791130697529,거인의 노트 :인생에서 무엇을 보고 어떻게 기록할 것인가,2,공부,5
9791130697529,거인의 노트 :인생에서 무엇을 보고 어떻게 기록할 것인가,2,인간,5
9791130697529,거인의 노트 :인생에서 무엇을 보고 어떻게 기록할 것인가,2,한계,5
9791130697529,거인의 노트 :인생에서 무엇을 보고 어떻게 기록할 것인가,2,과정,4
9791130697529,거인의 노트 :인생에서 무엇을 보고 어떻게 기록할 것인가,2,자유,4
9791130697529,거인의 노트 :인생에서 무엇을 보고 어떻게 기록할 것인가,2,대한민국,4
9791130697529,거인의 노트 :인생에서 무엇을 보고 어떻게 기록할 것인가,2,방향,4
9791130697529,거인의 노트 :인생에서 무엇을 보고 어떻게 기록할 것인가,2,방법,4
9791130697529,거인의 노트 :인생에서 무엇을 보고 어떻게 기록할 것인가,2,김익,4
9791130697529,거인의 노트 :인생에서 무엇을 보고 어떻게 기록할 것인가,2,고민,4
9791130697529,거인의 노트 :인생에서 무엇을 보고 어떻게 기록할 것인가,2,포기,4
9791130697529,거인의 노트 :인생에서 무엇을 보고 어떻게 기록할 것인가,2,연습,4
9791130697529,거인의 노트 :인생에서 무엇을 보고 어떻게 기록할 것인가,2,메모,3
9791130697529,거인의 노트 :인생에서 무엇을 보고 어떻게 기록할 것인가,2,기록형,3
9791130697529,거인의 노트 :인생에서 무엇을 보고 어떻게 기록할 것인가,2,교수,3
9791130697529,거인의 노트 :인생에서 무엇을 보고 어떻게 기록할 것인가,2,국내,3
9791130697529,거인의 노트 :인생에서 무엇을 보고 어떻게 기록할 것인가,2,최초,3
9791130697529,거인의 노트 :인생에서 무엇을 보고 어떻게 기록할 것인가,2,일상,3
9791130697529,거인의 노트 :인생에서 무엇을 보고 어떻게 기록할 것인가,2,회사,3
9791130697529,거인의 노트 :인생에서 무엇을 보고 어떻게 기록할 것인가,2,자신,3
9791130697529,거인의 노트 :인생에서 무엇을 보고 어떻게 기록할 것인가,2,3단계,3
9791130697529,거인의 노트 :인생에서 무엇을 보고 어떻게 기록할 것인가,2,확장,3
9791130697529,거인의 노트 :인생에서 무엇을 보고 어떻게 기록할 것인가,2,거인의 노트,3
9791130697529,거인의 노트 :인생에서 무엇을 보고 어떻게 기록할 것인가,2,성과,3
9791130697529,거인의 노트 :인생에서 무엇을 보고 어떻게 기록할 것인가,2,당장,2
9791130697529,거인의 노트 :인생에서 무엇을 보고 어떻게 기록할 것인가,2,명지대,2
9791130697529,거인의 노트 :인생에서 무엇을 보고 어떻게 기록할 것인가,2,매진,2
9791130697529,거인의 노트 :인생에서 무엇을 보고 어떻게 기록할 것인가,2,다이어리,2
9791130697529,거인의 노트 :인생에서 무엇을 보고 어떻게 기록할 것인가,2,무기,2
9791130697529,거인의 노트 :인생에서 무엇을 보고 어떻게 기록할 것인가,2,미래,2
9791130697529,거인의 노트 :인생에서 무엇을 보고 어떻게 기록할 것인가,2,다양,2
9791130697529,거인의 노트 :인생에서 무엇을 보고 어떻게 기록할 것인가,2,가능성,2
9791130697529,거인의 노트 :인생에서 무엇을 보고 어떻게 기록할 것인가,2,누리,2
9791130697529,거인의 노트 :인생에서 무엇을 보고 어떻게 기록할 것인가,2,본질,2
9791130697529,거인의 노트 :인생에서 무엇을 보고 어떻게 기록할 것인가,2,번쯤,2
9791130697529,거인의 노트 :인생에서 무엇을 보고 어떻게 기록할 것인가,2,1호,2
9791130697529,거인의 노트 :인생에서 무엇을 보고 어떻게 기록할 것인가,2,변화,2
9791130697529,거인의 노트 :인생에서 무엇을 보고 어떻게 기록할 것인가,2,거인,2
9791130697529,거인의 노트 :인생에서 무엇을 보고 어떻게 기록할 것인가,2,휘발,2
9791130697529,거인의 노트 :인생에서 무엇을 보고 어떻게 기록할 것인가,2,메커니즘,2
9788932022802,여수의 사랑,2,여수의 사랑,18
9788932022802,여수의 사랑,2,문학과지성 소설 명작선,9
9788932022802,여수의 사랑,2,한강,9
9788932022802,여수의 사랑,2,소설집,5
9788932022802,여수의 사랑,2,편의,5
9788932022802,여수의 사랑,2,바람이 분다 가라,3
9788932022802,여수의 사랑,2,소년이 온다,3
9788932022802,여수의 사랑,2,그대의 차가운 손,3
9788932022802,여수의 사랑,2,되삶,3
9788932022802,여수의 사랑,2,존재,3
9788932022802,여수의 사랑,2,해설,3
9788932022802,여수의 사랑,2,희랍어 시간,3
9788932022802,여수의 사랑,2,기억,3
9788932022802,여수의 사랑,2,노랑무늬영원,3
9788932022802,여수의 사랑,2,내 여자의 열매,3
9788932022802,여수의 사랑,2,서울의 겨울,3
9788932022802,여수의 사랑,2,검은 사슴,3
9788932022802,여수의 사랑,2,서랍에 저녁을 넣어 두었다,3
9788932022802,여수의 사랑,2,살아 있음,3
9788932022802,여수의 사랑,2,서울신문,3
9788932022802,여수의 사랑,2,문학과사회,3
9788932022802,여수의 사랑,2,채식주의자,3
9788932022802,여수의 사랑,2,초판,3
9788932022802,여수의 사랑,2,붉은 닻,3
9788932022802,여수의 사랑,2,장편소설,3
9788932022802,여수의 사랑,2,세상,2
9788932022802,여수의 사랑,2,문학상,2
9788932022802,여수의 사랑,2,문학과지성사,2
9788932022802,여수의 사랑,2,스물일곱번째,2
9788932022802,여수의 사랑,2,이상문학상,2
9788932022802,여수의 사랑,2,동리문학상,2
9788932022802,여수의 사랑,2,중견,2
9788932022802,여수의 사랑,2,말라파르테,2
9788932022802,여수의 사랑,2,등단,2
9788932022802,여수의 사랑,2,내면,2
9788932022802,여수의 사랑,2,19년,2
9788932022802,여수의 사랑,2,희망,2
9788932022802,여수의 사랑,2,신판,2
9788932022802,여수의 사랑,2,이십대,2
9788932022802,여수의 사랑,2,후기,2
9788932022802,여수의 사랑,2,개정판,2
9788932022802,여수의 사랑,2,자신,2
9788932022802,여수의 사랑,2,황순원문학상,2
9788932022802,여수의 사랑,2,경험,2
9788932022802,여수의 사랑,2,김병익,2
9788932022802,여수의 사랑,2,김유정문학상,2
9788932022802,여수의 사랑,2,생생,2
9788932022802,여수의 사랑,2,사적,2
9788932022802,여수의 사랑,2,강계숙,1
9788932022802,여수의 사랑,2,가을,1
9791193262122,일류의 조건,2,일류의 조건,24
9791193262122,일류의 조건,2,국내,6
9791193262122,일류의 조건,2,절판,6
9791193262122,일류의 조건,2,중고,4
9791193262122,일류의 조건,2,삼색 볼펜 정보 활용술,3
9791193262122,일류의 조건,2,자기계발,3
9791193262122,일류의 조건,2,분노하는 몸,3
9791193262122,일류의 조건,2,대학교,3
9791193262122,일류의 조건,2,일본,3
9791193262122,일류의 조건,2,독서력,3
9791193262122,일류의 조건,2,독자,3
9791193262122,일류의 조건,2,코멘트력,3
9791193262122,일류의 조건,2,커뮤니케이션 능력,3
9791193262122,일류의 조건,2,시간,3
9791193262122,일류의 조건,2,신체 감각을 되찾다,3
9791193262122,일류의 조건,2,욱하는 아이들,3
9791193262122,일류의 조건,2,베스트셀러,3
9791193262122,일류의 조건,2,재직,3
9791193262122,일류의 조건,2,요청,3
9791193262122,일류의 조건,2,질문력,3
9791193262122,일류의 조건,2,추진력,3
9791193262122,일류의 조건,2,조건,3
9791193262122,일류의 조건,2,저서,3
9791193262122,일류의 조건,2,소리 내어 읽고 싶은 일본어,3
9791193262122,일류의 조건,2,일하는 마음에 불을 지피다,3
9791193262122,일류의 조건,2,교수,3
9791193262122,일류의 조건,2,연애력,3
9791193262122,일류의 조건,2,가지,3
9791193262122,일류의 조건,2,18년,3
9791193262122,일류의 조건,2,기회 혁명,3
9791193262122,일류의 조건,2,전문가,3
9791193262122,일류의 조건,2,사람,2
9791193262122,일류의 조건,2,부수,2
9791193262122,일류의 조건,2,사이토,2
9791193262122,일류의 조건,2,사이토 다카시,2
9791193262122,일류의 조건,2,일류,2
9791193262122,일류의 조건,2,도서관,2
9791193262122,일류의 조건,2,2006년,2
9791193262122,일류의 조건,2,분야,2
9791193262122,일류의 조건,2,박사,2
9791193262122,일류의 조건,2,대표작,2
9791193262122,일류의 조건,2,누적,2
9791193262122,일류의 조건,2,대학원,2
9791193262122,일류의 조건,2,기록,2
9791193262122,일류의 조건,2,전하,2
9791193262122,일류의 조건,2,근본,2
9791193262122,일류의 조건,2,다카시,2
9791193262122,일류의 조건,2,시대,2
9791193262122,일류의 조건,2,박문호,2
9791193262122,일류의 조건,2,능력,2
9791158364120,꽁꽁꽁 캠핑 :윤정주 그림책,2,꽁꽁꽁,9
9791158364120,꽁꽁꽁 캠핑 :윤정주 그림책,2,갈매기,8
9791158364120,꽁꽁꽁 캠핑 :윤정주 그림책,2,알이조아,6
9791158364120,꽁꽁꽁 캠핑 :윤정주 그림책,2,바닷가,5
9791158364120,꽁꽁꽁 캠핑 :윤정주 그림책,2,대왕,4
9791158364120,꽁꽁꽁 캠핑 :윤정주 그림책,2,문어,4
9791158364120,꽁꽁꽁 캠핑 :윤정주 그림책,2,바다,4
9791158364120,꽁꽁꽁 캠핑 :윤정주 그림책,2,윤정주,4
9791158364120,꽁꽁꽁 캠핑 :윤정주 그림책,2,게들,4
9791158364120,꽁꽁꽁 캠핑 :윤정주 그림책,2,캠핑,3
9791158364120,꽁꽁꽁 캠핑 :윤정주 그림책,2,시간 가게,3
9791158364120,꽁꽁꽁 캠핑 :윤정주 그림책,2,시골집이 살아났어요,3
9791158364120,꽁꽁꽁 캠핑 :윤정주 그림책,2,아카시아 파마,3
9791158364120,꽁꽁꽁 캠핑 :윤정주 그림책,2,악몽 도둑,3
9791158364120,꽁꽁꽁 캠핑 :윤정주 그림책,2,연이네 서울 나들이,3
9791158364120,꽁꽁꽁 캠핑 :윤정주 그림책,2,연이네 설맞이,3
9791158364120,꽁꽁꽁 캠핑 :윤정주 그림책,2,헌터걸,3
9791158364120,꽁꽁꽁 캠핑 :윤정주 그림책,2,최승호 시인의 말놀이 동시집,3
9791158364120,꽁꽁꽁 캠핑 :윤정주 그림책,2,달래네 꽃놀이,3
9791158364120,꽁꽁꽁 캠핑 :윤정주 그림책,2,냠냠 빙수,3
9791158364120,꽁꽁꽁 캠핑 :윤정주 그림책,2,꽁꽁꽁 피자,3
9791158364120,꽁꽁꽁 캠핑 :윤정주 그림책,2,꽁꽁꽁 좀비,3
9791158364120,꽁꽁꽁 캠핑 :윤정주 그림책,2,꽁꽁꽁 아이스크림,3
9791158364120,꽁꽁꽁 캠핑 :윤정주 그림책,2,천하무적 조선 소방관,3
9791158364120,꽁꽁꽁 캠핑 :윤정주 그림책,2,가족,3
9791158364120,꽁꽁꽁 캠핑 :윤정주 그림책,2,튜브,2
9791158364120,꽁꽁꽁 캠핑 :윤정주 그림책,2,그림책,2
9791158364120,꽁꽁꽁 캠핑 :윤정주 그림책,2,모래성,2
9791158364120,꽁꽁꽁 캠핑 :윤정주 그림책,2,그림,2
9791158364120,꽁꽁꽁 캠핑 :윤정주 그림책,2,오리,2
9791158364120,꽁꽁꽁 캠핑 :윤정주 그림책,2,이번,2
9791158364120,꽁꽁꽁 캠핑 :윤정주 그림책,2,줄기,2
9791158364120,꽁꽁꽁 캠핑 :윤정주 그림책,2,집게발,2
9791158364120,꽁꽁꽁 캠핑 :윤정주 그림책,2,짤각대,2
9791158364120,꽁꽁꽁 캠핑 :윤정주 그림책,2,아이스박스,2
9791158364120,꽁꽁꽁 캠핑 :윤정주 그림책,2,타고,2
9791158364120,꽁꽁꽁 캠핑 :윤정주 그림책,2,시리즈,2
9791158364120,꽁꽁꽁 캠핑 :윤정주 그림책,2,먹이,2
9791158364120,꽁꽁꽁 캠핑 :윤정주 그림책,2,무사,2
9791158364120,꽁꽁꽁 캠핑 :윤정주 그림책,2,초콜릿,2
9791158364120,꽁꽁꽁 캠핑 :윤정주 그림책,2,한국 그림책,2
9791158364120,꽁꽁꽁 캠핑 :윤정주 그림책,2,미역,2
9791158364120,꽁꽁꽁 캠핑 :윤정주 그림책,2,책읽는곰,2
9791158364120,꽁꽁꽁 캠핑 :윤정주 그림책,2,탈출,2
9791158364120,꽁꽁꽁 캠핑 :윤정주 그림책,2,다행,2
9791158364120,꽁꽁꽁 캠핑 :윤정주 그림책,2,밤바,1
9791158364120,꽁꽁꽁 캠핑 :윤정주 그림책,2,배가,1
9791158364120,꽁꽁꽁 캠핑 :윤정주 그림책,2,물놀이,1
9791158364120,꽁꽁꽁 캠핑 :윤정주 그림책,2,보고,1
9791158364120,꽁꽁꽁 캠핑 :윤정주 그림책,2,사람,1
9791173471780,흔한남매의 흔한 호기심 :일상에서 만나는 과학 상식,2,흔한남매의 흔한 호기심,12
9791173471780,흔한남매의 흔한 호기심 :일상에서 만나는 과학 상식,2,만화,10
9791173471780,흔한남매의 흔한 호기심 :일상에서 만나는 과학 상식,2,퀴즈,10
9791173471780,흔한남매의 흔한 호기심 :일상에서 만나는 과학 상식,2,과학,10
9791173471780,흔한남매의 흔한 호기심 :일상에서 만나는 과학 상식,2,호기심,8
9791173471780,흔한남매의 흔한 호기심 :일상에서 만나는 과학 상식,2,흔한남매,7
9791173471780,흔한남매의 흔한 호기심 :일상에서 만나는 과학 상식,2,바다는 얼마나 깊을까,6
9791173471780,흔한남매의 흔한 호기심 :일상에서 만나는 과학 상식,2,특별 칭찬 상장,6
9791173471780,흔한남매의 흔한 호기심 :일상에서 만나는 과학 상식,2,정보,6
9791173471780,흔한남매의 흔한 호기심 :일상에서 만나는 과학 상식,2,바다,5
9791173471780,흔한남매의 흔한 호기심 :일상에서 만나는 과학 상식,2,자세,4
9791173471780,흔한남매의 흔한 호기심 :일상에서 만나는 과학 상식,2,몸풀기,4
9791173471780,흔한남매의 흔한 호기심 :일상에서 만나는 과학 상식,2,불편,4
9791173471780,흔한남매의 흔한 호기심 :일상에서 만나는 과학 상식,2,학습,4
9791173471780,흔한남매의 흔한 호기심 :일상에서 만나는 과학 상식,2,일상,4
9791173471780,흔한남매의 흔한 호기심 :일상에서 만나는 과학 상식,2,과학이 가르쳐 준 것들,3
9791173471780,흔한남매의 흔한 호기심 :일상에서 만나는 과학 상식,2,과학관으로 온 엉뚱한 질문들,3
9791173471780,흔한남매의 흔한 호기심 :일상에서 만나는 과학 상식,2,과학의 눈으로 세상을 봅니다,3
9791173471780,흔한남매의 흔한 호기심 :일상에서 만나는 과학 상식,2,마지막,3
9791173471780,흔한남매의 흔한 호기심 :일상에서 만나는 과학 상식,2,찬란한 멸종,3
9791173471780,흔한남매의 흔한 호기심 :일상에서 만나는 과학 상식,2,화살,3
9791173471780,흔한남매의 흔한 호기심 :일상에서 만나는 과학 상식,2,방법,3
9791173471780,흔한남매의 흔한 호기심 :일상에서 만나는 과학 상식,2,변화구,3
9791173471780,흔한남매의 흔한 호기심 :일상에서 만나는 과학 상식,2,상상해 봐 공룡,3
9791173471780,흔한남매의 흔한 호기심 :일상에서 만나는 과학 상식,2,얼마,3
9791173471780,흔한남매의 흔한 호기심 :일상에서 만나는 과학 상식,2,방향,3
9791173471780,흔한남매의 흔한 호기심 :일상에서 만나는 과학 상식,2,저도 과학은 어렵습니다만,3
9791173471780,흔한남매의 흔한 호기심 :일상에서 만나는 과학 상식,2,달력과 권력,3
9791173471780,흔한남매의 흔한 호기심 :일상에서 만나는 과학 상식,2,이유,3
9791173471780,흔한남매의 흔한 호기심 :일상에서 만나는 과학 상식,2,뭘까,3
9791173471780,흔한남매의 흔한 호기심 :일상에서 만나는 과학 상식,2,승부,2
9791173471780,흔한남매의 흔한 호기심 :일상에서 만나는 과학 상식,2,상상,2
9791173471780,흔한남매의 흔한 호기심 :일상에서 만나는 과학 상식,2,스포츠,2
9791173471780,흔한남매의 흔한 호기심 :일상에서 만나는 과학 상식,2,궁금,2
9791173471780,흔한남매의 흔한 호기심 :일상에서 만나는 과학 상식,2,성취감,2
9791173471780,흔한남매의 흔한 호기심 :일상에서 만나는 과학 상식,2,금물,2
9791173471780,흔한남매의 흔한 호기심 :일상에서 만나는 과학 상식,2,사용,2
9791173471780,흔한남매의 흔한 호기심 :일상에서 만나는 과학 상식,2,남자,2
9791173471780,흔한남매의 흔한 호기심 :일상에서 만나는 과학 상식,2,흔한컴퍼니  감수,2
9791173471780,흔한남매의 흔한 호기심 :일상에서 만나는 과학 상식,2,생물,2
9791173471780,흔한남매의 흔한 호기심 :일상에서 만나는 과학 상식,2,건조기,2
9791173471780,흔한남매의 흔한 호기심 :일상에서 만나는 과학 상식,2,배꼽,2
9791173471780,흔한남매의 흔한 호기심 :일상에서 만나는 과학 상식,2,신어,2
9791173471780,흔한남매의 흔한 호기심 :일상에서 만나는 과학 상식,2,과학 일반,2
9791173471780,흔한남매의 흔한 호기심 :일상에서 만나는 과학 상식,2,3화,2
9791173471780,흔한남매의 흔한 호기심 :일상에서 만나는 과학 상식,2,2화,2
9791173471780,흔한남매의 흔한 호기심 :일상에서 만나는 과학 상식,2,공룡,2
9791173471780,흔한남매의 흔한 호기심 :일상에서 만나는 과학 상식,2,1화,2
9791173471780,흔한남매의 흔한 호기심 :일상에서 만나는 과학 상식,2,생각,2
9791173471780,흔한남매의 흔한 호기심 :일상에서 만나는 과학 상식,2,말랑말랑,2
9788954680004,이토록 평범한 미래 :김연수 소설,2,김연수,9
9788954680004,이토록 평범한 미래 :김연수 소설,2,사월의 미 칠월의 솔,9
9788954680004,이토록 평범한 미래 :김연수 소설,2,소설집,8
9788954680004,이토록 평범한 미래 :김연수 소설,2,이토록 평범한 미래,6
9788954680004,이토록 평범한 미래 :김연수 소설,2,어텐션 북,6
9788954680004,이토록 평범한 미래 :김연수 소설,2,변화,5
9788954680004,이토록 평범한 미래 :김연수 소설,2,시간,5
9788954680004,이토록 평범한 미래 :김연수 소설,2,미래,4
9788954680004,이토록 평범한 미래 :김연수 소설,2,욕구,4
9788954680004,이토록 평범한 미래 :김연수 소설,2,일들,4
9788954680004,이토록 평범한 미래 :김연수 소설,2,내적,4
9788954680004,이토록 평범한 미래 :김연수 소설,2,나는 유령작가입니다,3
9788954680004,이토록 평범한 미래 :김연수 소설,2,꾿빠이 이상,3
9788954680004,이토록 평범한 미래 :김연수 소설,2,여행할 권리,3
9788954680004,이토록 평범한 미래 :김연수 소설,2,내가 아직 아이였을 때,3
9788954680004,이토록 평범한 미래 :김연수 소설,2,네가 누구든 얼마나 외롭든,3
9788954680004,이토록 평범한 미래 :김연수 소설,2,일곱 해의 마지막,3
9788954680004,이토록 평범한 미래 :김연수 소설,2,작가세계,3
9788954680004,이토록 평범한 미래 :김연수 소설,2,특별,3
9788954680004,이토록 평범한 미래 :김연수 소설,2,파도가 바다의 일이라면,3
9788954680004,이토록 평범한 미래 :김연수 소설,2,대책 없이 해피엔딩,3
9788954680004,이토록 평범한 미래 :김연수 소설,2,스무 살,3
9788954680004,이토록 평범한 미래 :김연수 소설,2,언젠가 아마도,3
9788954680004,이토록 평범한 미래 :김연수 소설,2,세계의 끝 여자친구,3
9788954680004,이토록 평범한 미래 :김연수 소설,2,7번국도  Revisited,3
9788954680004,이토록 평범한 미래 :김연수 소설,2,사랑,3
9788954680004,이토록 평범한 미래 :김연수 소설,2,사월,3
9788954680004,이토록 평범한 미래 :김연수 소설,2,원더보이,3
9788954680004,이토록 평범한 미래 :김연수 소설,2,밤은 노래한다,3
9788954680004,이토록 평범한 미래 :김연수 소설,2,시절일기,3
9788954680004,이토록 평범한 미래 :김연수 소설,2,청춘의 문장들,3
9788954680004,이토록 평범한 미래 :김연수 소설,2,9년,3
9788954680004,이토록 평범한 미래 :김연수 소설,2,사랑이라니 선영아,3
9788954680004,이토록 평범한 미래 :김연수 소설,2,가면을 가리키며 걷기,3
9788954680004,이토록 평범한 미래 :김연수 소설,2,칠월,3
9788954680004,이토록 평범한 미래 :김연수 소설,2,소설가의 일,3
9788954680004,이토록 평범한 미래 :김연수 소설,2,지지 않는다는 말,3
9788954680004,이토록 평범한 미래 :김연수 소설,2,우리가 보낸 순간,3
9788954680004,이토록 평범한 미래 :김연수 소설,2,신중,2
9788954680004,이토록 평범한 미래 :김연수 소설,2,몰두,2
9788954680004,이토록 평범한 미래 :김연수 소설,2,안팎,2
9788954680004,이토록 평범한 미래 :김연수 소설,2,2000년대 이후 한국소설,2
9788954680004,이토록 평범한 미래 :김연수 소설,2,신작,2
9788954680004,이토록 평범한 미래 :김연수 소설,2,동인문학상,2
9788954680004,이토록 평범한 미래 :김연수 소설,2,그전,2
9788954680004,이토록 평범한 미래 :김연수 소설,2,4년,2
9788954680004,이토록 평범한 미래 :김연수 소설,2,여섯번째,2
9788954680004,이토록 평범한 미래 :김연수 소설,2,9년은,2
9788954680004,이토록 평범한 미래 :김연수 소설,2,글쓰기,2
9788954680004,이토록 평범한 미래 :김연수 소설,2,문학동네,2
9791130633619,부자의 그릇 :돈을 다루는 능력을 키우는 법,2,부자의 그릇,18
9791130633619,부자의 그릇 :돈을 다루는 능력을 키우는 법,2,부자,14
9791130633619,부자의 그릇 :돈을 다루는 능력을 키우는 법,2,최고,9
9791130633619,부자의 그릇 :돈을 다루는 능력을 키우는 법,2,교양,6
9791130633619,부자의 그릇 :돈을 다루는 능력을 키우는 법,2,부자학,6
9791130633619,부자의 그릇 :돈을 다루는 능력을 키우는 법,2,입문서,6
9791130633619,부자의 그릇 :돈을 다루는 능력을 키우는 법,2,배우,6
9791130633619,부자의 그릇 :돈을 다루는 능력을 키우는 법,2,일본,5
9791130633619,부자의 그릇 :돈을 다루는 능력을 키우는 법,2,그릇,5
9791130633619,부자의 그릇 :돈을 다루는 능력을 키우는 법,2,독자,5
9791130633619,부자의 그릇 :돈을 다루는 능력을 키우는 법,2,누구,5
9791130633619,부자의 그릇 :돈을 다루는 능력을 키우는 법,2,능력,5
9791130633619,부자의 그릇 :돈을 다루는 능력을 키우는 법,2,교육,5
9791130633619,부자의 그릇 :돈을 다루는 능력을 키우는 법,2,경제금융,4
9791130633619,부자의 그릇 :돈을 다루는 능력을 키우는 법,2,대표,4
9791130633619,부자의 그릇 :돈을 다루는 능력을 키우는 법,2,사람,4
9791130633619,부자의 그릇 :돈을 다루는 능력을 키우는 법,2,양장,3
9791130633619,부자의 그릇 :돈을 다루는 능력을 키우는 법,2,우아한형제,3
9791130633619,부자의 그릇 :돈을 다루는 능력을 키우는 법,2,스테디셀러,3
9791130633619,부자의 그릇 :돈을 다루는 능력을 키우는 법,2,김봉진,3
9791130633619,부자의 그릇 :돈을 다루는 능력을 키우는 법,2,의장,3
9791130633619,부자의 그릇 :돈을 다루는 능력을 키우는 법,2,청울림,3
9791130633619,부자의 그릇 :돈을 다루는 능력을 키우는 법,2,전문가,3
9791130633619,부자의 그릇 :돈을 다루는 능력을 키우는 법,2,경제경영,3
9791130633619,부자의 그릇 :돈을 다루는 능력을 키우는 법,2,2015년,3
9791130633619,부자의 그릇 :돈을 다루는 능력을 키우는 법,2,하정우,3
9791130633619,부자의 그릇 :돈을 다루는 능력을 키우는 법,2,유대열,3
9791130633619,부자의 그릇 :돈을 다루는 능력을 키우는 법,2,개정판,3
9791130633619,부자의 그릇 :돈을 다루는 능력을 키우는 법,2,형식,3
9791130633619,부자의 그릇 :돈을 다루는 능력을 키우는 법,2,유언,2
9791130633619,부자의 그릇 :돈을 다루는 능력을 키우는 법,2,나빴던,2
9791130633619,부자의 그릇 :돈을 다루는 능력을 키우는 법,2,노인,2
9791130633619,부자의 그릇 :돈을 다루는 능력을 키우는 법,2,순식간,2
9791130633619,부자의 그릇 :돈을 다루는 능력을 키우는 법,2,눈앞,2
9791130633619,부자의 그릇 :돈을 다루는 능력을 키우는 법,2,사업가,2
9791130633619,부자의 그릇 :돈을 다루는 능력을 키우는 법,2,다산북스,2
9791130633619,부자의 그릇 :돈을 다루는 능력을 키우는 법,2,1장,2
9791130633619,부자의 그릇 :돈을 다루는 능력을 키우는 법,2,당첨,2
9791130633619,부자의 그릇 :돈을 다루는 능력을 키우는 법,2,시간,2
9791130633619,부자의 그릇 :돈을 다루는 능력을 키우는 법,2,브랜드,2
9791130633619,부자의 그릇 :돈을 다루는 능력을 키우는 법,2,김윤수,2
9791130633619,부자의 그릇 :돈을 다루는 능력을 키우는 법,2,영원,2
9791130633619,부자의 그릇 :돈을 다루는 능력을 키우는 법,2,고백,2
9791130633619,부자의 그릇 :돈을 다루는 능력을 키우는 법,2,신용,2
9791130633619,부자의 그릇 :돈을 다루는 능력을 키우는 법,2,가치냐,2
9791130633619,부자의 그릇 :돈을 다루는 능력을 키우는 법,2,가지,2
9791130633619,부자의 그릇 :돈을 다루는 능력을 키우는 법,2,소개,2
9791130633619,부자의 그릇 :돈을 다루는 능력을 키우는 법,2,사랑,2
9791130633619,부자의 그릇 :돈을 다루는 능력을 키우는 법,2,2장,2
9791130633619,부자의 그릇 :돈을 다루는 능력을 키우는 법,2,대체,2
9788947549158,브레인포그 :내 삶의 몰입과 집중을 되찾는 10가지 방법,2,브레인포그,7
9788947549158,브레인포그 :내 삶의 몰입과 집중을 되찾는 10가지 방법,2,머릿속,6
9788947549158,브레인포그 :내 삶의 몰입과 집중을 되찾는 10가지 방법,2,스트레스,6
9788947549158,브레인포그 :내 삶의 몰입과 집중을 되찾는 10가지 방법,2,안개,6
9788947549158,브레인포그 :내 삶의 몰입과 집중을 되찾는 10가지 방법,2,생각,5
9788947549158,브레인포그 :내 삶의 몰입과 집중을 되찾는 10가지 방법,2,감정,4
9788947549158,브레인포그 :내 삶의 몰입과 집중을 되찾는 10가지 방법,2,몰입,4
9788947549158,브레인포그 :내 삶의 몰입과 집중을 되찾는 10가지 방법,2,인간관계,4
9788947549158,브레인포그 :내 삶의 몰입과 집중을 되찾는 10가지 방법,2,자기돌봄,4
9788947549158,브레인포그 :내 삶의 몰입과 집중을 되찾는 10가지 방법,2,집중,4
9788947549158,브레인포그 :내 삶의 몰입과 집중을 되찾는 10가지 방법,2,세상,4
9788947549158,브레인포그 :내 삶의 몰입과 집중을 되찾는 10가지 방법,2,속도,3
9788947549158,브레인포그 :내 삶의 몰입과 집중을 되찾는 10가지 방법,2,상담,3
9788947549158,브레인포그 :내 삶의 몰입과 집중을 되찾는 10가지 방법,2,증상,3
9788947549158,브레인포그 :내 삶의 몰입과 집중을 되찾는 10가지 방법,2,처방 브레인포그,3
9788947549158,브레인포그 :내 삶의 몰입과 집중을 되찾는 10가지 방법,2,통제,3
9788947549158,브레인포그 :내 삶의 몰입과 집중을 되찾는 10가지 방법,2,10가지,3
9788947549158,브레인포그 :내 삶의 몰입과 집중을 되찾는 10가지 방법,2,현상,3
9788947549158,브레인포그 :내 삶의 몰입과 집중을 되찾는 10가지 방법,2,차분하라 Be Calm,3
9788947549158,브레인포그 :내 삶의 몰입과 집중을 되찾는 10가지 방법,2,구명조끼,2
9788947549158,브레인포그 :내 삶의 몰입과 집중을 되찾는 10가지 방법,2,사람,2
9788947549158,브레인포그 :내 삶의 몰입과 집중을 되찾는 10가지 방법,2,요구,2
9788947549158,브레인포그 :내 삶의 몰입과 집중을 되찾는 10가지 방법,2,다양,2
9788947549158,브레인포그 :내 삶의 몰입과 집중을 되찾는 10가지 방법,2,영역,2
9788947549158,브레인포그 :내 삶의 몰입과 집중을 되찾는 10가지 방법,2,당장,2
9788947549158,브레인포그 :내 삶의 몰입과 집중을 되찾는 10가지 방법,2,문제,2
9788947549158,브레인포그 :내 삶의 몰입과 집중을 되찾는 10가지 방법,2,루틴,2
9788947549158,브레인포그 :내 삶의 몰입과 집중을 되찾는 10가지 방법,2,마음,2
9788947549158,브레인포그 :내 삶의 몰입과 집중을 되찾는 10가지 방법,2,마음에,2
9788947549158,브레인포그 :내 삶의 몰입과 집중을 되찾는 10가지 방법,2,머리,2
9788947549158,브레인포그 :내 삶의 몰입과 집중을 되찾는 10가지 방법,2,매일,2
9788947549158,브레인포그 :내 삶의 몰입과 집중을 되찾는 10가지 방법,2,날개,2
9788947549158,브레인포그 :내 삶의 몰입과 집중을 되찾는 10가지 방법,2,교수,2
9788947549158,브레인포그 :내 삶의 몰입과 집중을 되찾는 10가지 방법,2,의지,2
9788947549158,브레인포그 :내 삶의 몰입과 집중을 되찾는 10가지 방법,2,거짓,2
9788947549158,브레인포그 :내 삶의 몰입과 집중을 되찾는 10가지 방법,2,요인,2
9788947549158,브레인포그 :내 삶의 몰입과 집중을 되찾는 10가지 방법,2,심리학,2
9788947549158,브레인포그 :내 삶의 몰입과 집중을 되찾는 10가지 방법,2,스트레스성,2
9788947549158,브레인포그 :내 삶의 몰입과 집중을 되찾는 10가지 방법,2,유행,2
9788947549158,브레인포그 :내 삶의 몰입과 집중을 되찾는 10가지 방법,2,아홉,2
9788947549158,브레인포그 :내 삶의 몰입과 집중을 되찾는 10가지 방법,2,구체적,2
9788947549158,브레인포그 :내 삶의 몰입과 집중을 되찾는 10가지 방법,2,국내외,2
9788947549158,브레인포그 :내 삶의 몰입과 집중을 되찾는 10가지 방법,2,기후변화,2
9788947549158,브레인포그 :내 삶의 몰입과 집중을 되찾는 10가지 방법,2,의욕,2
9788947549158,브레인포그 :내 삶의 몰입과 집중을 되찾는 10가지 방법,2,기온,2
9788947549158,브레인포그 :내 삶의 몰입과 집중을 되찾는 10가지 방법,2,워싱턴,2
9788947549158,브레인포그 :내 삶의 몰입과 집중을 되찾는 10가지 방법,2,긍정,2
9788947549158,브레인포그 :내 삶의 몰입과 집중을 되찾는 10가지 방법,2,급변,2
9788947549158,브레인포그 :내 삶의 몰입과 집중을 되찾는 10가지 방법,2,금융시장,2
9788947549158,브레인포그 :내 삶의 몰입과 집중을 되찾는 10가지 방법,2,아득,2
9788932023533,노랑무늬영원 :한강 소설집,2,노랑무늬영원,21
9788932023533,노랑무늬영원 :한강 소설집,2,채식주의자,10
9788932023533,노랑무늬영원 :한강 소설집,2,한강,9
9788932023533,노랑무늬영원 :한강 소설집,2,고통,8
9788932023533,노랑무늬영원 :한강 소설집,2,에우로파,8
9788932023533,노랑무늬영원 :한강 소설집,2,소설집,7
9788932023533,노랑무늬영원 :한강 소설집,2,훈자,7
9788932023533,노랑무늬영원 :한강 소설집,2,바람이 분다 가라,6
9788932023533,노랑무늬영원 :한강 소설집,2,소년이 온다,6
9788932023533,노랑무늬영원 :한강 소설집,2,내 여자의 열매,6
9788932023533,노랑무늬영원 :한강 소설집,2,희랍어 시간,6
9788932023533,노랑무늬영원 :한강 소설집,2,그대의 차가운 손,6
9788932023533,노랑무늬영원 :한강 소설집,2,근원,5
9788932023533,노랑무늬영원 :한강 소설집,2,중편,4
9788932023533,노랑무늬영원 :한강 소설집,2,인간,4
9788932023533,노랑무늬영원 :한강 소설집,2,질문,4
9788932023533,노랑무늬영원 :한강 소설집,2,여름,4
9788932023533,노랑무늬영원 :한강 소설집,2,고독,3
9788932023533,노랑무늬영원 :한강 소설집,2,자리,3
9788932023533,노랑무늬영원 :한강 소설집,2,문학과사회,3
9788932023533,노랑무늬영원 :한강 소설집,2,파란 돌,3
9788932023533,노랑무늬영원 :한강 소설집,2,회복하는 인간,3
9788932023533,노랑무늬영원 :한강 소설집,2,붉은 닻,3
9788932023533,노랑무늬영원 :한강 소설집,2,바람,3
9788932023533,노랑무늬영원 :한강 소설집,2,서랍에 저녁을 넣어 두었다,3
9788932023533,노랑무늬영원 :한강 소설집,2,실재,3
9788932023533,노랑무늬영원 :한강 소설집,2,여수의 사랑,3
9788932023533,노랑무늬영원 :한강 소설집,2,세번째,3
9788932023533,노랑무늬영원 :한강 소설집,2,단단,3
9788932023533,노랑무늬영원 :한강 소설집,2,싶어진다,3
9788932023533,노랑무늬영원 :한강 소설집,2,왼손,3
9788932023533,노랑무늬영원 :한강 소설집,2,태양,3
9788932023533,노랑무늬영원 :한강 소설집,2,문학과지성사,3
9788932023533,노랑무늬영원 :한강 소설집,2,검은 사슴,3
9788932023533,노랑무늬영원 :한강 소설집,2,1993년,3
9788932023533,노랑무늬영원 :한강 소설집,2,발표,3
9788932023533,노랑무늬영원 :한강 소설집,2,세계,3
9788932023533,노랑무늬영원 :한강 소설집,2,의지,3
9788932023533,노랑무늬영원 :한강 소설집,2,장편소설,3
9788932023533,노랑무늬영원 :한강 소설집,2,기억,2
9788932023533,노랑무늬영원 :한강 소설집,2,2002년,2
9788932023533,노랑무늬영원 :한강 소설집,2,긴밀,2
9788932023533,노랑무늬영원 :한강 소설집,2,본연,2
9788932023533,노랑무늬영원 :한강 소설집,2,시간,2
9788932023533,노랑무늬영원 :한강 소설집,2,감각,2
9788932023533,노랑무늬영원 :한강 소설집,2,감정,2
9788932023533,노랑무늬영원 :한강 소설집,2,시정,2
9788932023533,노랑무늬영원 :한강 소설집,2,결국,2
9788932023533,노랑무늬영원 :한강 소설집,2,경계,2
9788932023533,노랑무늬영원 :한강 소설집,2,계절,2
9788957365793,(EBS 다큐프라임) 자본주의,2,자본주의,47
9788957365793,(EBS 다큐프라임) 자본주의,2,금융,14
9788957365793,(EBS 다큐프라임) 자본주의,2,경제,13
9788957365793,(EBS 다큐프라임) 자본주의,2,EBS,12
9788957365793,(EBS 다큐프라임) 자본주의,2,방송,10
9788957365793,(EBS 다큐프라임) 자본주의,2,은행,9
9788957365793,(EBS 다큐프라임) 자본주의,2,국부론,9
9788957365793,(EBS 다큐프라임) 자본주의,2,사회,9
9788957365793,(EBS 다큐프라임) 자본주의,2,사람,9
9788957365793,(EBS 다큐프라임) 자본주의,2,경제학,8
9788957365793,(EBS 다큐프라임) 자본주의,2,미국,8
9788957365793,(EBS 다큐프라임) 자본주의,2,다큐프라,7
9788957365793,(EBS 다큐프라임) 자본주의,2,사실,7
9788957365793,(EBS 다큐프라임) 자본주의,2,5부작,6
9788957365793,(EBS 다큐프라임) 자본주의,2,위기,6
9788957365793,(EBS 다큐프라임) 자본주의,2,토토 수학 놀이터 시리즈,6
9788957365793,(EBS 다큐프라임) 자본주의,2,생각,6
9788957365793,(EBS 다큐프라임) 자본주의,2,교수,6
9788957365793,(EBS 다큐프라임) 자본주의,2,세계,5
9788957365793,(EBS 다큐프라임) 자본주의,2,스미스,5
9788957365793,(EBS 다큐프라임) 자본주의,2,진실,5
9788957365793,(EBS 다큐프라임) 자본주의,2,자장면,5
9788957365793,(EBS 다큐프라임) 자본주의,2,물가,5
9788957365793,(EBS 다큐프라임) 자본주의,2,과학,5
9788957365793,(EBS 다큐프라임) 자본주의,2,설명,5
9788957365793,(EBS 다큐프라임) 자본주의,2,아이들,4
9788957365793,(EBS 다큐프라임) 자본주의,2,PD,4
9788957365793,(EBS 다큐프라임) 자본주의,2,세상,4
9788957365793,(EBS 다큐프라임) 자본주의,2,사태,4
9788957365793,(EBS 다큐프라임) 자본주의,2,학교,4
9788957365793,(EBS 다큐프라임) 자본주의,2,전공,4
9788957365793,(EBS 다큐프라임) 자본주의,2,영국,4
9788957365793,(EBS 다큐프라임) 자본주의,2,시장,4
9788957365793,(EBS 다큐프라임) 자본주의,2,부모,4
9788957365793,(EBS 다큐프라임) 자본주의,2,최고,4
9788957365793,(EBS 다큐프라임) 자본주의,2,지속적,4
9788957365793,(EBS 다큐프라임) 자본주의,2,원리,4
9788957365793,(EBS 다큐프라임) 자본주의,2,내용,3
9788957365793,(EBS 다큐프라임) 자본주의,2,석학,3
9788957365793,(EBS 다큐프라임) 자본주의,2,교육,3
9788957365793,(EBS 다큐프라임) 자본주의,2,가면,3
9788957365793,(EBS 다큐프라임) 자본주의,2,가격,3
9788957365793,(EBS 다큐프라임) 자본주의,2,관해,3
9788957365793,(EBS 다큐프라임) 자본주의,2,아담,3
9788957365793,(EBS 다큐프라임) 자본주의,2,2012년,3
9788957365793,(EBS 다큐프라임) 자본주의,2,논쟁,3
9788957365793,(EBS 다큐프라임) 자본주의,2,관심,3
9788957365793,(EBS 다큐프라임) 자본주의,2,상품,3
9788957365793,(EBS 다큐프라임) 자본주의,2,소비,3
9788957365793,(EBS 다큐프라임) 자본주의,2,수업,3
9791197578410,채사장의 지대넓얕 :지적 대화를 위한 넓고 얕은 지식,2,인문학,8
9791197578410,채사장의 지대넓얕 :지적 대화를 위한 넓고 얕은 지식,2,지식,6
9791197578410,채사장의 지대넓얕 :지적 대화를 위한 넓고 얕은 지식,2,대화,6
9791197578410,채사장의 지대넓얕 :지적 대화를 위한 넓고 얕은 지식,2,지대넓얕,6
9791197578410,채사장의 지대넓얕 :지적 대화를 위한 넓고 얕은 지식,2,채사장의 지대넓얕,6
9791197578410,채사장의 지대넓얕 :지적 대화를 위한 넓고 얕은 지식,2,스토리,4
9791197578410,채사장의 지대넓얕 :지적 대화를 위한 넓고 얕은 지식,2,국내,4
9791197578410,채사장의 지대넓얕 :지적 대화를 위한 넓고 얕은 지식,2,팟캐스트,4
9791197578410,채사장의 지대넓얕 :지적 대화를 위한 넓고 얕은 지식,2,핵심,4
9791197578410,채사장의 지대넓얕 :지적 대화를 위한 넓고 얕은 지식,2,지적,4
9791197578410,채사장의 지대넓얕 :지적 대화를 위한 넓고 얕은 지식,2,주제,4
9791197578410,채사장의 지대넓얕 :지적 대화를 위한 넓고 얕은 지식,2,우리는 언젠가 만난다,3
9791197578410,채사장의 지대넓얕 :지적 대화를 위한 넓고 얕은 지식,2,어린이,3
9791197578410,채사장의 지대넓얕 :지적 대화를 위한 넓고 얕은 지식,2,열한 계단,3
9791197578410,채사장의 지대넓얕 :지적 대화를 위한 넓고 얕은 지식,2,1위를,3
9791197578410,채사장의 지대넓얕 :지적 대화를 위한 넓고 얕은 지식,2,사회,3
9791197578410,채사장의 지대넓얕 :지적 대화를 위한 넓고 얕은 지식,2,밀리언셀러,3
9791197578410,채사장의 지대넓얕 :지적 대화를 위한 넓고 얕은 지식,2,분야,3
9791197578410,채사장의 지대넓얕 :지적 대화를 위한 넓고 얕은 지식,2,시민의 교양,3
9791197578410,채사장의 지대넓얕 :지적 대화를 위한 넓고 얕은 지식,2,재미,2
9791197578410,채사장의 지대넓얕 :지적 대화를 위한 넓고 얕은 지식,2,습득,2
9791197578410,채사장의 지대넓얕 :지적 대화를 위한 넓고 얕은 지식,2,시리즈,2
9791197578410,채사장의 지대넓얕 :지적 대화를 위한 넓고 얕은 지식,2,역사,2
9791197578410,채사장의 지대넓얕 :지적 대화를 위한 넓고 얕은 지식,2,만화,2
9791197578410,채사장의 지대넓얕 :지적 대화를 위한 넓고 얕은 지식,2,트리플,2
9791197578410,채사장의 지대넓얕 :지적 대화를 위한 넓고 얕은 지식,2,인문교양,2
9791197578410,채사장의 지대넓얕 :지적 대화를 위한 넓고 얕은 지식,2,단순,2
9791197578410,채사장의 지대넓얕 :지적 대화를 위한 넓고 얕은 지식,2,최초,2
9791197578410,채사장의 지대넓얕 :지적 대화를 위한 넓고 얕은 지식,2,다양,2
9791197578410,채사장의 지대넓얕 :지적 대화를 위한 넓고 얕은 지식,2,정용환,2
9791197578410,채사장의 지대넓얕 :지적 대화를 위한 넓고 얕은 지식,2,인문학적,2
9791197578410,채사장의 지대넓얕 :지적 대화를 위한 넓고 얕은 지식,2,세상,2
9791197578410,채사장의 지대넓얕 :지적 대화를 위한 넓고 얕은 지식,2,세계사,2
9791197578410,채사장의 지대넓얕 :지적 대화를 위한 넓고 얕은 지식,2,현실,2
9791197578410,채사장의 지대넓얕 :지적 대화를 위한 넓고 얕은 지식,2,사람,2
9791197578410,채사장의 지대넓얕 :지적 대화를 위한 넓고 얕은 지식,2,Dolphin Books 돌핀북,2
9791197578410,채사장의 지대넓얕 :지적 대화를 위한 넓고 얕은 지식,2,이해,2
9791197578410,채사장의 지대넓얕 :지적 대화를 위한 넓고 얕은 지식,2,채사장,2
9791197578410,채사장의 지대넓얕 :지적 대화를 위한 넓고 얕은 지식,2,강렬,2
9791197578410,채사장의 지대넓얕 :지적 대화를 위한 넓고 얕은 지식,2,아이들,2
9791197578410,채사장의 지대넓얕 :지적 대화를 위한 넓고 얕은 지식,2,정보,2
9791197578410,채사장의 지대넓얕 :지적 대화를 위한 넓고 얕은 지식,2,중이,2
9791197578410,채사장의 지대넓얕 :지적 대화를 위한 넓고 얕은 지식,2,기록,2
9791197578410,채사장의 지대넓얕 :지적 대화를 위한 넓고 얕은 지식,2,근대,2
9791197578410,채사장의 지대넓얕 :지적 대화를 위한 넓고 얕은 지식,2,2015년,2
9791197578410,채사장의 지대넓얕 :지적 대화를 위한 넓고 얕은 지식,2,국민,2
9791197578410,채사장의 지대넓얕 :지적 대화를 위한 넓고 얕은 지식,2,인간,2
9791197578410,채사장의 지대넓얕 :지적 대화를 위한 넓고 얕은 지식,2,흐름,1
9791197578410,채사장의 지대넓얕 :지적 대화를 위한 넓고 얕은 지식,2,글쓰기,1
9791197578410,채사장의 지대넓얕 :지적 대화를 위한 넓고 얕은 지식,2,거의,1
9791191114225,작별인사 :김영하 장편소설,2,작별인사,15
9791191114225,작별인사 :김영하 장편소설,2,살인자의 기억법,9
9791191114225,작별인사 :김영하 장편소설,2,김영하,8
9791191114225,작별인사 :김영하 장편소설,2,여정,4
9791191114225,작별인사 :김영하 장편소설,2,수용소,4
9791191114225,작별인사 :김영하 장편소설,2,질문,3
9791191114225,작별인사 :김영하 장편소설,2,보다,3
9791191114225,작별인사 :김영하 장편소설,2,장편소설,3
9791191114225,작별인사 :김영하 장편소설,2,오래 준비해온 대답,3
9791191114225,작별인사 :김영하 장편소설,2,읽다,3
9791191114225,작별인사 :김영하 장편소설,2,검은 꽃,3
9791191114225,작별인사 :김영하 장편소설,2,정체성,3
9791191114225,작별인사 :김영하 장편소설,2,리뷰,3
9791191114225,작별인사 :김영하 장편소설,2,퀴즈쇼,3
9791191114225,작별인사 :김영하 장편소설,2,말하다,3
9791191114225,작별인사 :김영하 장편소설,2,배경,3
9791191114225,작별인사 :김영하 장편소설,2,아랑은 왜,3
9791191114225,작별인사 :김영하 장편소설,2,탈출,3
9791191114225,작별인사 :김영하 장편소설,2,죽음,3
9791191114225,작별인사 :김영하 장편소설,2,여행의 이유,3
9791191114225,작별인사 :김영하 장편소설,2,너의 목소리가 들려,3
9791191114225,작별인사 :김영하 장편소설,2,빛의 제국,3
9791191114225,작별인사 :김영하 장편소설,2,위대한 개츠비,3
9791191114225,작별인사 :김영하 장편소설,2,호출,3
9791191114225,작별인사 :김영하 장편소설,2,거울에 대한 명상,3
9791191114225,작별인사 :김영하 장편소설,2,오빠가 돌아왔다,3
9791191114225,작별인사 :김영하 장편소설,2,2004년,3
9791191114225,작별인사 :김영하 장편소설,2,생생,2
9791191114225,작별인사 :김영하 장편소설,2,아버지,2
9791191114225,작별인사 :김영하 장편소설,2,기업,2
9791191114225,작별인사 :김영하 장편소설,2,소속감,2
9791191114225,작별인사 :김영하 장편소설,2,우정,2
9791191114225,작별인사 :김영하 장편소설,2,김유정문학상,2
9791191114225,작별인사 :김영하 장편소설,2,세계,2
9791191114225,작별인사 :김영하 장편소설,2,복복서가,2
9791191114225,작별인사 :김영하 장편소설,2,문제,2
9791191114225,작별인사 :김영하 장편소설,2,미래,2
9791191114225,작별인사 :김영하 장편소설,2,사회,2
9791191114225,작별인사 :김영하 장편소설,2,2000년대 이후 한국소설,2
9791191114225,작별인사 :김영하 장편소설,2,위기,2
9791191114225,작별인사 :김영하 장편소설,2,인간,2
9791191114225,작별인사 :김영하 장편소설,2,자신,2
9791191114225,작별인사 :김영하 장편소설,2,황순원문학상,2
9791191114225,작별인사 :김영하 장편소설,2,소년,2
9791191114225,작별인사 :김영하 장편소설,2,신체적,2
9791191114225,작별인사 :김영하 장편소설,2,오영수문학상,2
9791191114225,작별인사 :김영하 장편소설,2,이상문학상,2
9791191114225,작별인사 :김영하 장편소설,2,유명,2
9791191114225,작별인사 :김영하 장편소설,2,자들,2
9791191114225,작별인사 :김영하 장편소설,2,IT,2
9788959897179,트렌드 코리아 2024 :청룡을 타고 비상하는 2024를 기원하며!,2,트렌드,5
9788959897179,트렌드 코리아 2024 :청룡을 타고 비상하는 2024를 기원하며!,2,김난도,4
9788959897179,트렌드 코리아 2024 :청룡을 타고 비상하는 2024를 기원하며!,2,김난도의 트렌드 플러스,3
9788959897179,트렌드 코리아 2024 :청룡을 타고 비상하는 2024를 기원하며!,2,트렌드 코리아,3
9788959897179,트렌드 코리아 2024 :청룡을 타고 비상하는 2024를 기원하며!,2,더현대 서울 인사이트,3
9788959897179,트렌드 코리아 2024 :청룡을 타고 비상하는 2024를 기원하며!,2,럭셔리 코리아,3
9788959897179,트렌드 코리아 2024 :청룡을 타고 비상하는 2024를 기원하며!,2,마켓컬리 인사이트,3
9788959897179,트렌드 코리아 2024 :청룡을 타고 비상하는 2024를 기원하며!,2,명견만리,3
9788959897179,트렌드 코리아 2024 :청룡을 타고 비상하는 2024를 기원하며!,2,미래의창,3
9788959897179,트렌드 코리아 2024 :청룡을 타고 비상하는 2024를 기원하며!,2,소비자와 시장,3
9788959897179,트렌드 코리아 2024 :청룡을 타고 비상하는 2024를 기원하며!,2,트렌드 차이나,3
9788959897179,트렌드 코리아 2024 :청룡을 타고 비상하는 2024를 기원하며!,2,디자인의 시대 트렌드의 시대,3
9788959897179,트렌드 코리아 2024 :청룡을 타고 비상하는 2024를 기원하며!,2,소비자,3
9788959897179,트렌드 코리아 2024 :청룡을 타고 비상하는 2024를 기원하며!,2,최지혜,2
9788959897179,트렌드 코리아 2024 :청룡을 타고 비상하는 2024를 기원하며!,2,시대,2
9788959897179,트렌드 코리아 2024 :청룡을 타고 비상하는 2024를 기원하며!,2,KBS,2
9788959897179,트렌드 코리아 2024 :청룡을 타고 비상하는 2024를 기원하며!,2,대한민국,2
9788959897179,트렌드 코리아 2024 :청룡을 타고 비상하는 2024를 기원하며!,2,소개,2
9788959897179,트렌드 코리아 2024 :청룡을 타고 비상하는 2024를 기원하며!,2,한다혜,2
9788959897179,트렌드 코리아 2024 :청룡을 타고 비상하는 2024를 기원하며!,2,로드,2
9788959897179,트렌드 코리아 2024 :청룡을 타고 비상하는 2024를 기원하며!,2,트렌드 미래전망 일반,2
9788959897179,트렌드 코리아 2024 :청룡을 타고 비상하는 2024를 기원하며!,2,청룡,2
9788959897179,트렌드 코리아 2024 :청룡을 타고 비상하는 2024를 기원하며!,2,시리즈,2
9788959897179,트렌드 코리아 2024 :청룡을 타고 비상하는 2024를 기원하며!,2,이수진,2
9788959897179,트렌드 코리아 2024 :청룡을 타고 비상하는 2024를 기원하며!,2,출판사,2
9788959897179,트렌드 코리아 2024 :청룡을 타고 비상하는 2024를 기원하며!,2,이혜원,2
9788959897179,트렌드 코리아 2024 :청룡을 타고 비상하는 2024를 기원하며!,2,추예린,2
9788959897179,트렌드 코리아 2024 :청룡을 타고 비상하는 2024를 기원하며!,2,공저,2
9788959897179,트렌드 코리아 2024 :청룡을 타고 비상하는 2024를 기원하며!,2,이향은,2
9788959897179,트렌드 코리아 2024 :청룡을 타고 비상하는 2024를 기원하며!,2,전다현,2
9788959897179,트렌드 코리아 2024 :청룡을 타고 비상하는 2024를 기원하며!,2,이준영,2
9788959897179,트렌드 코리아 2024 :청룡을 타고 비상하는 2024를 기원하며!,2,교수,2
9788959897179,트렌드 코리아 2024 :청룡을 타고 비상하는 2024를 기원하며!,2,권정윤,2
9788959897179,트렌드 코리아 2024 :청룡을 타고 비상하는 2024를 기원하며!,2,전미영,2
9788959897179,트렌드 코리아 2024 :청룡을 타고 비상하는 2024를 기원하며!,2,FM,1
9788959897179,트렌드 코리아 2024 :청룡을 타고 비상하는 2024를 기원하며!,2,현명,1
9788959897179,트렌드 코리아 2024 :청룡을 타고 비상하는 2024를 기원하며!,2,선택,1
9788959897179,트렌드 코리아 2024 :청룡을 타고 비상하는 2024를 기원하며!,2,소비지도,1
9788959897179,트렌드 코리아 2024 :청룡을 타고 비상하는 2024를 기원하며!,2,2008년,1
9788959897179,트렌드 코리아 2024 :청룡을 타고 비상하는 2024를 기원하며!,2,소비자학과,1
9788959897179,트렌드 코리아 2024 :청룡을 타고 비상하는 2024를 기원하며!,2,강좌,1
9788959897179,트렌드 코리아 2024 :청룡을 타고 비상하는 2024를 기원하며!,2,논문,1
9788959897179,트렌드 코리아 2024 :청룡을 타고 비상하는 2024를 기원하며!,2,다수,1
9788959897179,트렌드 코리아 2024 :청룡을 타고 비상하는 2024를 기원하며!,2,도전,1
9788959897179,트렌드 코리아 2024 :청룡을 타고 비상하는 2024를 기원하며!,2,디자인,1
9788959897179,트렌드 코리아 2024 :청룡을 타고 비상하는 2024를 기원하며!,2,뉴욕,1
9788959897179,트렌드 코리아 2024 :청룡을 타고 비상하는 2024를 기원하며!,2,공개강좌,1
9788959897179,트렌드 코리아 2024 :청룡을 타고 비상하는 2024를 기원하며!,2,고물가,1
9788959897179,트렌드 코리아 2024 :청룡을 타고 비상하는 2024를 기원하며!,2,경쟁,1
9788959897179,트렌드 코리아 2024 :청룡을 타고 비상하는 2024를 기원하며!,2,격변,1
