출발책,출발ISBN,출발KDC,출발대분류,도착책,도착ISBN,도착KDC,도착대분류,엣지종류,순위,교차,도착이씨앗,상호
백앤아 :교양이 층층 쌓이는 점프 맵,9791192504230,0,총류,백앤아 1 : 미스터리 100층 감옥 - 교양이 층층 쌓이는 점프 맵,9791192504216,,미상,함께대출,1,False,False,False
백앤아 :교양이 층층 쌓이는 점프 맵,9791192504230,0,총류,흔한남매,9791164138197,8,문학,함께대출,6,True,False,False
백앤아 :교양이 층층 쌓이는 점프 맵,9791192504230,0,총류,흔한남매,9791168411685,8,문학,함께대출,7,True,False,False
백앤아 :교양이 층층 쌓이는 점프 맵,9791192504230,0,총류,흔한남매,9791168415232,8,문학,함께대출,8,True,False,False
백앤아 :교양이 층층 쌓이는 점프 맵,9791192504230,0,총류,흔한남매,9791168412477,8,문학,함께대출,9,True,False,False
백앤아 :교양이 층층 쌓이는 점프 맵,9791192504230,0,총류,흔한남매,9791164139897,8,문학,함께대출,10,True,False,False
백앤아 :교양이 층층 쌓이는 점프 맵,9791192504230,0,총류,백앤아 1 : 미스터리 100층 감옥 - 교양이 층층 쌓이는 점프 맵,9791192504216,,미상,마니아,2,False,False,False
백앤아 :교양이 층층 쌓이는 점프 맵,9791192504230,0,총류,(백앤아) 고 고 캐치 고 바니몽,9791192504315,1,철학,마니아,10,True,False,False
백앤아 :교양이 층층 쌓이는 점프 맵,9791192504230,0,총류,백앤아 1 : 미스터리 100층 감옥 - 교양이 층층 쌓이는 점프 맵,9791192504216,,미상,다독자,1,False,False,False
백앤아 :교양이 층층 쌓이는 점프 맵,9791192504230,0,총류,흔한남매,9791168418011,8,문학,다독자,9,True,False,False
백앤아 :교양이 층층 쌓이는 점프 맵,9791192504230,0,총류,흔한남매,9791168416369,8,문학,다독자,10,True,False,False
채사장의 지대넓얕 :지적 대화를 위한 넓고 얕은 지식,9791197578410,0,총류,정재승의 인간 탐구 보고서,9788950983079,5,기술과학,함께대출,10,True,True,False
나는 어떻게 삶의 해답을 찾는가 :고명환의 독서 내공,9791189686826,0,총류,"이 책은 돈 버는 법에 관한 이야기 :서민갑부 고명환의 생각법, 독서법, 장사법",9791189686536,3,사회과학,함께대출,1,True,False,False
나는 어떻게 삶의 해답을 찾는가 :고명환의 독서 내공,9791189686826,0,총류,고전이 답했다 :마땅히 살아야 할 삶에 대하여,9791193939130,1,철학,함께대출,2,True,False,False
나는 어떻게 삶의 해답을 찾는가 :고명환의 독서 내공,9791189686826,0,총류,퓨처 셀프 :현재와 미래가 달라지는 놀라운 혁명,9791192389325,3,사회과학,함께대출,3,True,True,False
나는 어떻게 삶의 해답을 찾는가 :고명환의 독서 내공,9791189686826,0,총류,돈의 속성 :최상위 부자가 말하는 돈에 대한 모든 것,9791188331796,3,사회과학,함께대출,4,True,True,False
나는 어떻게 삶의 해답을 찾는가 :고명환의 독서 내공,9791189686826,0,총류,책 읽고 매출의 신이 되다,9788947542623,3,사회과학,함께대출,5,True,False,False
나는 어떻게 삶의 해답을 찾는가 :고명환의 독서 내공,9791189686826,0,총류,역행자 :돈·시간·운명으로부터 완전한 자유를 얻는 7단계 인생 공략집,9788901260716,3,사회과학,함께대출,6,True,True,False
나는 어떻게 삶의 해답을 찾는가 :고명환의 독서 내공,9791189686826,0,총류,세이노의 가르침 :피보다 진하게 살아라,9791168473690,3,사회과학,함께대출,7,True,True,False
나는 어떻게 삶의 해답을 찾는가 :고명환의 독서 내공,9791189686826,0,총류,고전이 답했다 :being better through the classics,9791193939314,3,사회과학,함께대출,8,True,False,False
나는 어떻게 삶의 해답을 찾는가 :고명환의 독서 내공,9791189686826,0,총류,거인의 노트 :인생에서 무엇을 보고 어떻게 기록할 것인가,9791130697529,3,사회과학,함께대출,9,True,False,False
나는 어떻게 삶의 해답을 찾는가 :고명환의 독서 내공,9791189686826,0,총류,원씽 :복잡한 세상을 이기는 단순함의 힘,9788997575169,3,사회과학,함께대출,10,True,False,False
나는 어떻게 삶의 해답을 찾는가 :고명환의 독서 내공,9791189686826,0,총류,책 읽고 매출의 신이 되다,9788947542623,3,사회과학,마니아,1,True,False,False
나는 어떻게 삶의 해답을 찾는가 :고명환의 독서 내공,9791189686826,0,총류,책 읽고 매출의 신이 되다 :고명환의 장사 내공,9791189686932,3,사회과학,마니아,2,True,False,False
나는 어떻게 삶의 해답을 찾는가 :고명환의 독서 내공,9791189686826,0,총류,가짜 팔로 하는 포옹 :김중혁 소설,9788954637107,8,문학,마니아,3,True,False,False
나는 어떻게 삶의 해답을 찾는가 :고명환의 독서 내공,9791189686826,0,총류,"이 책은 돈 버는 법에 관한 이야기 :서민갑부 고명환의 생각법, 독서법, 장사법",9791189686536,3,사회과학,마니아,4,True,False,False
나는 어떻게 삶의 해답을 찾는가 :고명환의 독서 내공,9791189686826,0,총류,그로잉 업 =LG생활건강 멈춤 없는 성장의 원리 /Growing up,9791187289630,3,사회과학,마니아,5,True,False,False
나는 어떻게 삶의 해답을 찾는가 :고명환의 독서 내공,9791189686826,0,총류,가재미 :문태준 시집,9788932017136,8,문학,마니아,6,True,False,False
나는 어떻게 삶의 해답을 찾는가 :고명환의 독서 내공,9791189686826,0,총류,인간이 그리는 무늬 :욕망하는 인문적 통찰의 힘,9788971390849,0,총류,마니아,7,False,False,False
나는 어떻게 삶의 해답을 찾는가 :고명환의 독서 내공,9791189686826,0,총류,이 진리가 당신에게 닿기를 :전 세계를 울린 영혼의 치유자가 전하는 다섯 가지 삶의 지혜,9791190977906,1,철학,마니아,8,True,False,False
나는 어떻게 삶의 해답을 찾는가 :고명환의 독서 내공,9791189686826,0,총류,배짱으로 삽시다,9791185186054,1,철학,마니아,9,True,False,False
나는 어떻게 삶의 해답을 찾는가 :고명환의 독서 내공,9791189686826,0,총류,이카루스 이야기 :생각을 깨우는 변화의 힘,9788947529457,3,사회과학,마니아,10,True,False,False
나는 어떻게 삶의 해답을 찾는가 :고명환의 독서 내공,9791189686826,0,총류,고전이 답했다 :마땅히 살아야 할 삶에 대하여,9791193939130,1,철학,다독자,1,True,False,False
나는 어떻게 삶의 해답을 찾는가 :고명환의 독서 내공,9791189686826,0,총류,"이 책은 돈 버는 법에 관한 이야기 :서민갑부 고명환의 생각법, 독서법, 장사법",9791189686536,3,사회과학,다독자,2,True,False,False
나는 어떻게 삶의 해답을 찾는가 :고명환의 독서 내공,9791189686826,0,총류,고전이 답했다 :being better through the classics,9791193939314,3,사회과학,다독자,3,True,False,False
나는 어떻게 삶의 해답을 찾는가 :고명환의 독서 내공,9791189686826,0,총류,퓨처 셀프 :현재와 미래가 달라지는 놀라운 혁명,9791192389325,3,사회과학,다독자,4,True,True,False
나는 어떻게 삶의 해답을 찾는가 :고명환의 독서 내공,9791189686826,0,총류,돈의 속성 :최상위 부자가 말하는 돈에 대한 모든 것,9791188331796,3,사회과학,다독자,5,True,True,False
나는 어떻게 삶의 해답을 찾는가 :고명환의 독서 내공,9791189686826,0,총류,책 읽고 매출의 신이 되다,9788947542623,3,사회과학,다독자,6,True,False,False
나는 어떻게 삶의 해답을 찾는가 :고명환의 독서 내공,9791189686826,0,총류,단 한 번의 삶,9791191114768,8,문학,다독자,7,True,False,False
나는 어떻게 삶의 해답을 찾는가 :고명환의 독서 내공,9791189686826,0,총류,"밤과 나침반 :목표는 크게, 실행은 작게",9791199489509,3,사회과학,다독자,8,True,False,False
나는 어떻게 삶의 해답을 찾는가 :고명환의 독서 내공,9791189686826,0,총류,역행자 :돈·시간·운명으로부터 완전한 자유를 얻는 7단계 인생 공략집,9788901260716,3,사회과학,다독자,9,True,True,False
나는 어떻게 삶의 해답을 찾는가 :고명환의 독서 내공,9791189686826,0,총류,세이노의 가르침 :피보다 진하게 살아라,9791168473690,3,사회과학,다독자,10,True,True,False
(읽으면서 바로 써먹는) 어린이 퀴즈,9791158681609,0,총류,(읽으면서 바로 써먹는) 어린이 수수께끼,9791158681746,3,사회과학,함께대출,1,True,False,False
(읽으면서 바로 써먹는) 어린이 퀴즈,9791158681609,0,총류,(읽으면서 바로 써먹는) 어린이 맞춤법,9791158681647,7,언어,함께대출,2,True,True,True
(읽으면서 바로 써먹는) 어린이 퀴즈,9791158681609,0,총류,(읽으면서 바로 써먹는) 어린이 속담,9791158681258,3,사회과학,함께대출,3,True,False,False
(읽으면서 바로 써먹는) 어린이 퀴즈,9791158681609,0,총류,(읽으면서 바로 써먹는) 어린이 고사성어,9791158681531,7,언어,함께대출,4,True,True,True
(읽으면서 바로 써먹는) 어린이 퀴즈,9791158681609,0,총류,(읽으면서 바로 써먹는) 어린이 관용구,9791158681487,7,언어,함께대출,5,True,True,True
(읽으면서 바로 써먹는) 어린이 퀴즈,9791158681609,0,총류,(읽으면서 바로 써먹는) 어린이 신체 관용구,9791158681999,7,언어,함께대출,6,True,True,False
(읽으면서 바로 써먹는) 어린이 퀴즈,9791158681609,0,총류,(읽으면서 바로 써먹는) 어린이 명심보감,9791158681791,1,철학,함께대출,7,True,False,False
(읽으면서 바로 써먹는) 어린이 퀴즈,9791158681609,0,총류,(읽으면서 바로 써먹는) 어린이 맞춤법 행성,9791158682538,7,언어,함께대출,8,True,True,False
(읽으면서 바로 써먹는) 어린이 퀴즈,9791158681609,0,총류,(읽으면서 바로 써먹는) 어린이 속담,9791158681883,3,사회과학,함께대출,9,True,False,False
(읽으면서 바로 써먹는) 어린이 퀴즈,9791158681609,0,총류,(읽으면서 바로 써먹는) 어린이 영단어,9791158681722,7,언어,함께대출,10,True,False,False
(읽으면서 바로 써먹는) 어린이 퀴즈,9791158681609,0,총류,(읽으면서 바로 써먹는) 어린이 수수께끼,9791158681746,3,사회과학,마니아,1,True,False,False
(읽으면서 바로 써먹는) 어린이 퀴즈,9791158681609,0,총류,(읽으면서 바로 써먹는) 어린이 영단어,9791158681722,7,언어,마니아,2,True,False,False
(읽으면서 바로 써먹는) 어린이 퀴즈,9791158681609,0,총류,(읽으면서 바로 써먹는) 어린이 관용구,9791158681487,7,언어,마니아,3,True,True,True
(읽으면서 바로 써먹는) 어린이 퀴즈,9791158681609,0,총류,(읽으면서 바로 써먹는) 어린이 맞춤법,9791158681647,7,언어,마니아,4,True,True,True
(읽으면서 바로 써먹는) 어린이 퀴즈,9791158681609,0,총류,(읽으면서 바로 써먹는) 어린이 명심보감,9791158681791,1,철학,마니아,5,True,False,False
(읽으면서 바로 써먹는) 어린이 퀴즈,9791158681609,0,총류,(읽으면서 바로 해 보는) 어린이 게임,9791158681395,6,예술,마니아,6,True,True,True
(읽으면서 바로 써먹는) 어린이 퀴즈,9791158681609,0,총류,(읽으면서 바로 써먹는) 어린이 고사성어,9791158681531,7,언어,마니아,7,True,True,True
(읽으면서 바로 써먹는) 어린이 퀴즈,9791158681609,0,총류,(읽으면서 바로 써먹는) 어린이 속담,9791158681258,3,사회과학,마니아,8,True,False,False
(읽으면서 바로 써먹는) 어린이 퀴즈,9791158681609,0,총류,(읽으면서 바로 써먹는) 어린이 사자소학,9791158681630,1,철학,마니아,9,True,False,False
(읽으면서 바로 써먹는) 어린이 퀴즈,9791158681609,0,총류,(읽으면서 바로 써먹는) 어린이 속담,9791158681883,3,사회과학,마니아,10,True,False,False
(읽으면서 바로 써먹는) 어린이 퀴즈,9791158681609,0,총류,(읽으면서 바로 써먹는) 어린이 감정 표현,9791158682842,1,철학,다독자,1,True,False,False
(읽으면서 바로 써먹는) 어린이 퀴즈,9791158681609,0,총류,(읽으면서 바로 써먹는) 어린이 맞춤법 행성,9791158682538,7,언어,다독자,2,True,True,False
(읽으면서 바로 써먹는) 어린이 퀴즈,9791158681609,0,총류,(읽으면서 바로 써먹는) 어린이 세계 여행,9791158682798,9,역사,다독자,3,True,True,False
(읽으면서 바로 써먹는) 어린이 퀴즈,9791158681609,0,총류,(읽으면서 바로 써먹는) 어린이 세계사 퀴즈,9791158682637,9,역사,다독자,4,True,False,False
(읽으면서 바로 써먹는) 어린이 퀴즈,9791158681609,0,총류,(읽으면서 바로 써먹는) 어린이 OX 퀴즈,9791158682934,0,총류,다독자,5,False,False,False
(읽으면서 바로 써먹는) 어린이 퀴즈,9791158681609,0,총류,(읽으면서 바로 써먹는) 어린이 세계사 퀴즈,9791158682712,9,역사,다독자,6,True,False,False
(읽으면서 바로 써먹는) 어린이 퀴즈,9791158681609,0,총류,(읽으면서 바로 써먹는) 어린이 수수께끼 :공포 특급,9791158682446,3,사회과학,다독자,7,True,False,False
(읽으면서 바로 써먹는) 어린이 퀴즈,9791158681609,0,총류,(읽으면서 바로 써먹는) 어린이 초등 교과 어휘,9791158682965,7,언어,다독자,8,True,False,False
(읽으면서 바로 써먹는) 어린이 퀴즈,9791158681609,0,총류,(읽으면서 바로 써먹는) 어린이 수수께끼,9791158681746,3,사회과학,다독자,9,True,False,False
(읽으면서 바로 써먹는) 어린이 퀴즈,9791158681609,0,총류,(읽으면서 바로 써먹는) 어린이 신체 관용구,9791158681999,7,언어,다독자,10,True,True,False
타키포오 얼렁뚱땅 상식스쿨,9791171241675,0,총류,타키 포오의 코믹 어드벤처 2 - 캐릭온TV 오리지널 코믹스,9791169794886,,미상,함께대출,5,False,False,False
타키포오 얼렁뚱땅 상식스쿨,9791171241675,0,총류,타키포오 코믹 어드벤처,9791169794893,8,문학,함께대출,6,True,False,False
타키포오 얼렁뚱땅 상식스쿨,9791171241675,0,총류,(타키·포오의) 이세계 여행사,9791170626633,8,문학,함께대출,7,True,False,False
타키포오 얼렁뚱땅 상식스쿨,9791171241675,0,총류,타키포오 코믹 어드벤처,9791169794879,8,문학,함께대출,8,True,False,False
타키포오 얼렁뚱땅 상식스쿨,9791171241675,0,총류,(타키·포오의) 이세계 여행사,9791170621270,8,문학,함께대출,9,True,False,False
타키포오 얼렁뚱땅 상식스쿨,9791171241675,0,총류,(타키·포오의) 이세계 여행사,9791169794183,8,문학,함께대출,10,True,False,False
타키포오 얼렁뚱땅 상식스쿨,9791171241675,0,총류,타키 포오의 코믹 어드벤처 6 - 캐릭온TV 오리지널 코믹스,9791171249480,,미상,마니아,8,False,False,False
타키포오 얼렁뚱땅 상식스쿨,9791171241675,0,총류,타키·포오 탐정사무소,9791172456597,9,역사,마니아,9,True,False,False
타키포오 얼렁뚱땅 상식스쿨,9791171241675,0,총류,(허징의 수상한) 만물상점,9791172458577,8,문학,마니아,10,True,False,False
타키포오 얼렁뚱땅 상식스쿨,9791171241675,0,총류,타키·포오 탐정사무소,9791172456597,9,역사,다독자,7,True,False,False
타키포오 얼렁뚱땅 상식스쿨,9791171241675,0,총류,타키포오 코믹 어드벤처,9791169794893,8,문학,다독자,8,True,False,False
타키포오 얼렁뚱땅 상식스쿨,9791171241675,0,총류,타키포오 코믹 어드벤처,9791171249466,8,문학,다독자,9,True,False,False
타키포오 얼렁뚱땅 상식스쿨,9791171241675,0,총류,타키 포오의 코믹 어드벤처 2 - 캐릭온TV 오리지널 코믹스,9791169794886,,미상,다독자,10,False,False,False
세상은 이야기로 만들어졌다 :신화·거짓말·유토피아,9791192953151,0,총류,나는 메트로폴리탄 미술관의 경비원입니다 :가장 경이로운 세계 속으로 숨어버린 한 남자의 이야기,9788901276533,8,문학,함께대출,1,True,False,False
세상은 이야기로 만들어졌다 :신화·거짓말·유토피아,9791192953151,0,총류,트러스트 :에르난 디아스 장편소설,9788954691673,8,문학,함께대출,2,True,False,False
세상은 이야기로 만들어졌다 :신화·거짓말·유토피아,9791192953151,0,총류,맡겨진 소녀 :클레어 키건 소설,9791130698199,8,문학,함께대출,3,True,False,False
세상은 이야기로 만들어졌다 :신화·거짓말·유토피아,9791192953151,0,총류,아주 희미한 빛으로도 :최은영 소설,9788954695053,8,문학,함께대출,4,True,False,False
세상은 이야기로 만들어졌다 :신화·거짓말·유토피아,9791192953151,0,총류,이주하는 인류 :인구 대이동과 그들이 써내려간 역동의 세계사,9791192519135,3,사회과학,함께대출,5,True,False,False
세상은 이야기로 만들어졌다 :신화·거짓말·유토피아,9791192953151,0,총류,이처럼 사소한 것들 :클레어 키건 소설,9791130646381,8,문학,함께대출,6,True,True,False
세상은 이야기로 만들어졌다 :신화·거짓말·유토피아,9791192953151,0,총류,철학은 날씨를 바꾼다 :삶을 쓰다듬는 위안의 책,9788934971351,1,철학,함께대출,7,True,False,False
세상은 이야기로 만들어졌다 :신화·거짓말·유토피아,9791192953151,0,총류,"물고기는 존재하지 않는다 :상실, 사랑 그리고 숨어 있는 삶의 질서에 관한 이야기",9791189327156,4,자연과학,함께대출,8,True,True,False
세상은 이야기로 만들어졌다 :신화·거짓말·유토피아,9791192953151,0,총류,두 사람의 인터내셔널 :김기태 소설,9788954697941,8,문학,함께대출,9,True,False,False
세상은 이야기로 만들어졌다 :신화·거짓말·유토피아,9791192953151,0,총류,"도둑맞은 집중력 :집중력 위기의 시대, 삶의 주도권을 되찾는 법",9791167740984,1,철학,함께대출,10,True,True,False
세상은 이야기로 만들어졌다 :신화·거짓말·유토피아,9791192953151,0,총류,이주하는 인류 :인구 대이동과 그들이 써내려간 역동의 세계사,9791192519135,3,사회과학,마니아,1,True,False,False
세상은 이야기로 만들어졌다 :신화·거짓말·유토피아,9791192953151,0,총류,우리가 작별 인사를 할 때마다,9788932475011,8,문학,마니아,2,True,False,False
세상은 이야기로 만들어졌다 :신화·거짓말·유토피아,9791192953151,0,총류,부처스 크로싱,9791187886921,8,문학,마니아,3,True,False,False
세상은 이야기로 만들어졌다 :신화·거짓말·유토피아,9791192953151,0,총류,컬트 :세상을 경악시킨 집단 광기의 역사,9788932475066,3,사회과학,마니아,4,True,False,False
세상은 이야기로 만들어졌다 :신화·거짓말·유토피아,9791192953151,0,총류,컬처 :하버드대 마틴 푸크너의 인류 문화 오디세이,9791167741370,9,역사,마니아,5,True,False,False
세상은 이야기로 만들어졌다 :신화·거짓말·유토피아,9791192953151,0,총류,페이머스 :왜 그들만 유명할까,9788947549967,3,사회과학,마니아,6,True,False,False
세상은 이야기로 만들어졌다 :신화·거짓말·유토피아,9791192953151,0,총류,세계를 움직인 열 가지 프레임 :현대 문명의 본질과 허상을 단숨에 꿰뚫는 세계사,9791164052547,9,역사,마니아,7,True,False,False
세상은 이야기로 만들어졌다 :신화·거짓말·유토피아,9791192953151,0,총류,"센세이셔널 :우리가 보고, 듣고, 느끼는 모든 것",9791192389530,5,기술과학,마니아,8,True,False,False
세상은 이야기로 만들어졌다 :신화·거짓말·유토피아,9791192953151,0,총류,페이크와 팩트 :왜 합리적 인류는 때때로 멍청해지는가,9791193591147,1,철학,마니아,9,True,False,False
세상은 이야기로 만들어졌다 :신화·거짓말·유토피아,9791192953151,0,총류,철학은 날씨를 바꾼다 :삶을 쓰다듬는 위안의 책,9788934971351,1,철학,마니아,10,True,False,False
세상은 이야기로 만들어졌다 :신화·거짓말·유토피아,9791192953151,0,총류,나는 메트로폴리탄 미술관의 경비원입니다 :가장 경이로운 세계 속으로 숨어버린 한 남자의 이야기,9788901276533,8,문학,다독자,1,True,False,False
세상은 이야기로 만들어졌다 :신화·거짓말·유토피아,9791192953151,0,총류,트러스트 :에르난 디아스 장편소설,9788954691673,8,문학,다독자,2,True,False,False
세상은 이야기로 만들어졌다 :신화·거짓말·유토피아,9791192953151,0,총류,맡겨진 소녀 :클레어 키건 소설,9791130698199,8,문학,다독자,3,True,False,False
세상은 이야기로 만들어졌다 :신화·거짓말·유토피아,9791192953151,0,총류,두 사람의 인터내셔널 :김기태 소설,9788954697941,8,문학,다독자,4,True,False,False
세상은 이야기로 만들어졌다 :신화·거짓말·유토피아,9791192953151,0,총류,아주 희미한 빛으로도 :최은영 소설,9788954695053,8,문학,다독자,5,True,False,False
세상은 이야기로 만들어졌다 :신화·거짓말·유토피아,9791192953151,0,총류,철학은 날씨를 바꾼다 :삶을 쓰다듬는 위안의 책,9788934971351,1,철학,다독자,6,True,False,False
세상은 이야기로 만들어졌다 :신화·거짓말·유토피아,9791192953151,0,총류,이처럼 사소한 것들 :클레어 키건 소설,9791130646381,8,문학,다독자,7,True,True,False
세상은 이야기로 만들어졌다 :신화·거짓말·유토피아,9791192953151,0,총류,이주하는 인류 :인구 대이동과 그들이 써내려간 역동의 세계사,9791192519135,3,사회과학,다독자,8,True,False,False
세상은 이야기로 만들어졌다 :신화·거짓말·유토피아,9791192953151,0,총류,대온실 수리 보고서 :김금희 장편소설,9788936439651,8,문학,다독자,9,True,False,False
세상은 이야기로 만들어졌다 :신화·거짓말·유토피아,9791192953151,0,총류,"경험의 멸종 :기술이 경험을 대체하는 시대, 인간은 계속 인간일 수 있을까",9791167742063,3,사회과학,다독자,10,True,False,False
지적 대화를 위한 넓고 얕은 지식 :한 권으로 현실 세계를 통달하는 지식 여행서,9791190313186,0,총류,지적 대화를 위한 넓고 얕은 지식 0 :지혜를 찾아 138억 년을 달리는 시간 여행서,9791190313131,0,총류,함께대출,2,False,False,False
지적 대화를 위한 넓고 얕은 지식 :한 권으로 현실 세계를 통달하는 지식 여행서,9791190313186,0,총류,불편한 편의점 :김호연 장편소설,9791161571188,8,문학,함께대출,4,True,True,False
지적 대화를 위한 넓고 얕은 지식 :한 권으로 현실 세계를 통달하는 지식 여행서,9791190313186,0,총류,"물고기는 존재하지 않는다 :상실, 사랑 그리고 숨어 있는 삶의 질서에 관한 이야기",9791189327156,4,자연과학,함께대출,6,True,True,False
지적 대화를 위한 넓고 얕은 지식 :한 권으로 현실 세계를 통달하는 지식 여행서,9791190313186,0,총류,소년이 온다 :한강 장편소설,9788936434120,8,문학,함께대출,7,True,True,False
지적 대화를 위한 넓고 얕은 지식 :한 권으로 현실 세계를 통달하는 지식 여행서,9791190313186,0,총류,지적 대화를 위한 넓고 얕은 지식 ∞ :지식과 지혜를 실천으로 이끄는 마음 여행서,9791192097978,0,총류,함께대출,8,False,False,False
지적 대화를 위한 넓고 얕은 지식 :한 권으로 현실 세계를 통달하는 지식 여행서,9791190313186,0,총류,모순 :양귀자 장편소설,9788998441012,8,문학,함께대출,9,True,False,False
지적 대화를 위한 넓고 얕은 지식 :한 권으로 현실 세계를 통달하는 지식 여행서,9791190313186,0,총류,세이노의 가르침 :피보다 진하게 살아라,9791168473690,3,사회과학,함께대출,10,True,True,False
지적 대화를 위한 넓고 얕은 지식 :한 권으로 현실 세계를 통달하는 지식 여행서,9791190313186,0,총류,지적 대화를 위한 넓고 얕은 지식 0 :지혜를 찾아 138억 년을 달리는 시간 여행서,9791190313131,0,총류,마니아,2,False,False,False
지적 대화를 위한 넓고 얕은 지식 :한 권으로 현실 세계를 통달하는 지식 여행서,9791190313186,0,총류,"시민의 교양 :지금, 여기, 보통 사람들을 위한 현실 인문학",9791195677108,0,총류,마니아,4,False,False,False
지적 대화를 위한 넓고 얕은 지식 :한 권으로 현실 세계를 통달하는 지식 여행서,9791190313186,0,총류,지적 대화를 위한 넓고 얕은 지식 ∞ :지식과 지혜를 실천으로 이끄는 마음 여행서,9791192097978,0,총류,마니아,5,False,False,False
지적 대화를 위한 넓고 얕은 지식 :한 권으로 현실 세계를 통달하는 지식 여행서,9791190313186,0,총류,"우리는 언젠가 만난다 :나, 타인, 세계를 이어주는 40가지 눈부신 이야기",9791188248124,0,총류,마니아,6,False,False,False
지적 대화를 위한 넓고 얕은 지식 :한 권으로 현실 세계를 통달하는 지식 여행서,9791190313186,0,총류,열한 계단 :나를 흔들어 키운 불편한 지식들,9791195677153,0,총류,마니아,7,False,False,False
지적 대화를 위한 넓고 얕은 지식 :한 권으로 현실 세계를 통달하는 지식 여행서,9791190313186,0,총류,"(1일 1페이지, 세상에서 가장 짧은) 교양 수업 365",9791190305679,9,역사,마니아,9,True,False,False
지적 대화를 위한 넓고 얕은 지식 :한 권으로 현실 세계를 통달하는 지식 여행서,9791190313186,0,총류,(지적인 현대인을 위한) 지식 편의점,9788965963851,0,총류,마니아,10,False,False,False
지적 대화를 위한 넓고 얕은 지식 :한 권으로 현실 세계를 통달하는 지식 여행서,9791190313186,0,총류,지적 대화를 위한 넓고 얕은 지식 0 :지혜를 찾아 138억 년을 달리는 시간 여행서,9791190313131,0,총류,다독자,2,False,False,False
지적 대화를 위한 넓고 얕은 지식 :한 권으로 현실 세계를 통달하는 지식 여행서,9791190313186,0,총류,지적 대화를 위한 넓고 얕은 지식 ∞ :지식과 지혜를 실천으로 이끄는 마음 여행서,9791192097978,0,총류,다독자,3,False,False,False
지적 대화를 위한 넓고 얕은 지식 :한 권으로 현실 세계를 통달하는 지식 여행서,9791190313186,0,총류,"도둑맞은 집중력 :집중력 위기의 시대, 삶의 주도권을 되찾는 법",9791167740984,1,철학,다독자,4,True,True,False
지적 대화를 위한 넓고 얕은 지식 :한 권으로 현실 세계를 통달하는 지식 여행서,9791190313186,0,총류,세이노의 가르침 :피보다 진하게 살아라,9791168473690,3,사회과학,다독자,6,True,True,False
지적 대화를 위한 넓고 얕은 지식 :한 권으로 현실 세계를 통달하는 지식 여행서,9791190313186,0,총류,"물고기는 존재하지 않는다 :상실, 사랑 그리고 숨어 있는 삶의 질서에 관한 이야기",9791189327156,4,자연과학,다독자,7,True,True,False
지적 대화를 위한 넓고 얕은 지식 :한 권으로 현실 세계를 통달하는 지식 여행서,9791190313186,0,총류,불편한 편의점 :김호연 장편소설,9791161571188,8,문학,다독자,8,True,True,False
지적 대화를 위한 넓고 얕은 지식 :한 권으로 현실 세계를 통달하는 지식 여행서,9791190313186,0,총류,마흔에 읽는 쇼펜하우어 :마음의 위기를 다스리는 철학 수업,9791192300818,1,철학,다독자,9,True,True,False
지적 대화를 위한 넓고 얕은 지식 :한 권으로 현실 세계를 통달하는 지식 여행서,9791190313186,0,총류,불편한 편의점 :김호연 장편소설,9791161571379,8,문학,다독자,10,True,False,False
팩토피아 :꼬리에 꼬리를 무는 400가지 사실들,9791169254069,0,총류,흔한남매 이상한 나라의 고전 읽기,9791168413955,8,문학,함께대출,8,True,False,False
팩토피아 :꼬리에 꼬리를 무는 400가지 사실들,9791169254069,0,총류,흔한남매 이상한 나라의 고전 읽기,9791168415034,8,문학,함께대출,9,True,False,False
팩토피아 :꼬리에 꼬리를 무는 400가지 사실들,9791169254069,0,총류,채사장의 지대넓얕 :지적 대화를 위한 넓고 얕은 지식,9791197578410,0,총류,함께대출,10,False,True,False
팩토피아 :꼬리에 꼬리를 무는 400가지 사실들,9791169254069,0,총류,(초등학생이 알아야 할) 세상의 비밀 100가지,9791190896979,0,총류,마니아,8,False,False,False
팩토피아 :꼬리에 꼬리를 무는 400가지 사실들,9791169254069,0,총류,"생각의 탄생 :생각이 번쩍, 미래가 반짝!",9788950942762,0,총류,마니아,9,False,False,False
팩토피아 :꼬리에 꼬리를 무는 400가지 사실들,9791169254069,0,총류,팜 :기발한 상상력이 가득한 판타지 코딩과학동화,9791160509441,0,총류,마니아,10,False,False,False
팩토피아 :꼬리에 꼬리를 무는 400가지 사실들,9791169254069,0,총류,흔한남매 이상한 나라의 고전 읽기,9791168415034,8,문학,다독자,8,True,False,False
팩토피아 :꼬리에 꼬리를 무는 400가지 사실들,9791169254069,0,총류,물리박사 김상욱의 수상한 연구실 :어린이를 위한 세상의 모든 과학,9791171171019,4,자연과학,다독자,9,True,True,False
팩토피아 :꼬리에 꼬리를 무는 400가지 사실들,9791169254069,0,총류,흔한남매 이상한 나라의 고전 읽기,9791168416314,8,문학,다독자,10,True,False,False
공부머리 독서법 :실현 가능하고 지속 가능한 독서교육의 모든 것,9791196316808,0,총류,"다시, 공부머리 독서법",9791196316860,0,총류,함께대출,1,False,False,False
공부머리 독서법 :실현 가능하고 지속 가능한 독서교육의 모든 것,9791196316808,0,총류,수학 잘하는 아이는 이렇게 공부합니다 :수학이 어려운 엄마를 위한 전략적 학습 로드맵,9791196848194,4,자연과학,함께대출,2,True,False,False
공부머리 독서법 :실현 가능하고 지속 가능한 독서교육의 모든 것,9791196316808,0,총류,불편한 편의점 :김호연 장편소설,9791161571188,8,문학,함께대출,3,True,True,False
공부머리 독서법 :실현 가능하고 지속 가능한 독서교육의 모든 것,9791196316808,0,총류,고양이 해결사 깜냥,9788936447694,8,문학,함께대출,4,True,True,False
공부머리 독서법 :실현 가능하고 지속 가능한 독서교육의 모든 것,9791196316808,0,총류,국어 잘하는 아이가 이깁니다 :'갓민애' 교수의 초등 국어 달인 만들기,9788934965404,3,사회과학,함께대출,5,True,False,False
공부머리 독서법 :실현 가능하고 지속 가능한 독서교육의 모든 것,9791196316808,0,총류,똥볶이 할멈 :K-히어로 판타지,9791190409124,8,문학,함께대출,6,True,False,False
공부머리 독서법 :실현 가능하고 지속 가능한 독서교육의 모든 것,9791196316808,0,총류,긴긴밤,9788954677158,8,문학,함께대출,7,True,False,False
공부머리 독서법 :실현 가능하고 지속 가능한 독서교육의 모든 것,9791196316808,0,총류,만복이네 떡집,9788949161341,8,문학,함께대출,8,True,False,False
공부머리 독서법 :실현 가능하고 지속 가능한 독서교육의 모든 것,9791196316808,0,총류,고양이 해결사 깜냥,9788936447861,8,문학,함께대출,9,True,False,False
공부머리 독서법 :실현 가능하고 지속 가능한 독서교육의 모든 것,9791196316808,0,총류,장군이네 떡집,9788949162041,8,문학,함께대출,10,True,False,False
공부머리 독서법 :실현 가능하고 지속 가능한 독서교육의 모든 것,9791196316808,0,총류,"다시, 공부머리 독서법",9791196316860,0,총류,마니아,1,False,False,False
공부머리 독서법 :실현 가능하고 지속 가능한 독서교육의 모든 것,9791196316808,0,총류,완전학습 바이블 =배운 것을 100% 이해하는 후천적 공부머리의 비밀 /Mastery learning bible,9791130631134,3,사회과학,마니아,2,True,False,False
공부머리 독서법 :실현 가능하고 지속 가능한 독서교육의 모든 것,9791196316808,0,총류,외딴 집 외딴 다락방에서,9788984143265,8,문학,마니아,3,True,False,False
공부머리 독서법 :실현 가능하고 지속 가능한 독서교육의 모든 것,9791196316808,0,총류,초등 매일 독서의 힘 :'읽는 중학생'을 만드는 초등의 책 읽기,9791190846318,0,총류,마니아,4,False,False,False
공부머리 독서법 :실현 가능하고 지속 가능한 독서교육의 모든 것,9791196316808,0,총류,외딴 집 외딴 다락방에서,9788984140776,8,문학,마니아,5,True,False,False
공부머리 독서법 :실현 가능하고 지속 가능한 독서교육의 모든 것,9791196316808,0,총류,아홉 살 독서 수업 :부모가 알아야 할 초등 저학년 독서의 모든 것,9791190030137,0,총류,마니아,6,False,False,False
공부머리 독서법 :실현 가능하고 지속 가능한 독서교육의 모든 것,9791196316808,0,총류,결과가 증명하는 20년 책육아의 기적 :몸마음머리 독서법,9788947546591,5,기술과학,마니아,7,True,False,False
공부머리 독서법 :실현 가능하고 지속 가능한 독서교육의 모든 것,9791196316808,0,총류,(상위 1% 아이가 하고 있는) 서울대 아빠식 문해력 독서법 :독서법부터 다른 영재원 과학고 아이들의 비밀,9791157844876,0,총류,마니아,8,False,False,False
공부머리 독서법 :실현 가능하고 지속 가능한 독서교육의 모든 것,9791196316808,0,총류,그 집 아들 독서법 :사교육 중심지 대치동에서 '독서'로 살아남은 브릭 독서의 비밀,9791196848101,0,총류,마니아,9,False,False,False
공부머리 독서법 :실현 가능하고 지속 가능한 독서교육의 모든 것,9791196316808,0,총류,"(초등 3, 4학년에 시작하는) 하루 20분 초등 고전 읽기 :공부머리, 사고머리를 키우는 진짜 독서 습관",9791158463489,0,총류,마니아,10,False,False,False
공부머리 독서법 :실현 가능하고 지속 가능한 독서교육의 모든 것,9791196316808,0,총류,"다시, 공부머리 독서법",9791196316860,0,총류,다독자,1,False,False,False
공부머리 독서법 :실현 가능하고 지속 가능한 독서교육의 모든 것,9791196316808,0,총류,국어 잘하는 아이가 이깁니다 :'갓민애' 교수의 초등 국어 달인 만들기,9788934965404,3,사회과학,다독자,2,True,False,False
공부머리 독서법 :실현 가능하고 지속 가능한 독서교육의 모든 것,9791196316808,0,총류,"(성적 초격차를 만드는) 독서력 수업 :읽고, 쓰고, 생각하는 공부머리, 초등에서 완성하라",9791194033585,0,총류,다독자,3,False,False,False
공부머리 독서법 :실현 가능하고 지속 가능한 독서교육의 모든 것,9791196316808,0,총류,나는 다정한 관찰자가 되기로 했다 :불안에 휘둘리지 않는 단단한 태도에 관하여,9791198752406,5,기술과학,다독자,4,True,True,False
공부머리 독서법 :실현 가능하고 지속 가능한 독서교육의 모든 것,9791196316808,0,총류,고양이 해결사 깜냥,9788936448370,8,문학,다독자,5,True,False,False
공부머리 독서법 :실현 가능하고 지속 가능한 독서교육의 모든 것,9791196316808,0,총류,수학 잘하는 아이는 이렇게 공부합니다 :수학이 어려운 엄마를 위한 전략적 학습 로드맵,9791196848194,4,자연과학,다독자,6,True,False,False
공부머리 독서법 :실현 가능하고 지속 가능한 독서교육의 모든 것,9791196316808,0,총류,고양이 해결사 깜냥,9788936448523,8,문학,다독자,7,True,False,False
공부머리 독서법 :실현 가능하고 지속 가능한 독서교육의 모든 것,9791196316808,0,총류,고양이 해결사 깜냥,9788936448752,8,문학,다독자,8,True,False,False
공부머리 독서법 :실현 가능하고 지속 가능한 독서교육의 모든 것,9791196316808,0,총류,꽁꽁꽁 캠핑 :윤정주 그림책,9791158364120,8,문학,다독자,9,True,False,False
공부머리 독서법 :실현 가능하고 지속 가능한 독서교육의 모든 것,9791196316808,0,총류,불편한 편의점 :김호연 장편소설,9791161571188,8,문학,다독자,10,True,True,False
(아이들도 잘 모르고 어른들은 더 모르는) 신기한 현상 사전,9788934951278,0,총류,(애매한 것을 속 시원하게 알려 주는) 알쏭달쏭 상담소,9791191426090,5,기술과학,함께대출,1,True,False,False
(아이들도 잘 모르고 어른들은 더 모르는) 신기한 현상 사전,9788934951278,0,총류,흔한남매,9791164138197,8,문학,함께대출,2,True,False,False
(아이들도 잘 모르고 어른들은 더 모르는) 신기한 현상 사전,9788934951278,0,총류,흔한남매,9791164136261,8,문학,함께대출,3,True,False,False
(아이들도 잘 모르고 어른들은 더 모르는) 신기한 현상 사전,9788934951278,0,총류,흔한남매,9791164137527,8,문학,함께대출,4,True,False,False
(아이들도 잘 모르고 어른들은 더 모르는) 신기한 현상 사전,9788934951278,0,총류,흔한남매,9791168414471,8,문학,함께대출,5,True,False,False
(아이들도 잘 모르고 어른들은 더 모르는) 신기한 현상 사전,9788934951278,0,총류,흔한남매,9791164139897,8,문학,함께대출,6,True,False,False
(아이들도 잘 모르고 어른들은 더 모르는) 신기한 현상 사전,9788934951278,0,총류,흔한남매,9791164135592,8,문학,함께대출,7,True,False,False
(아이들도 잘 모르고 어른들은 더 모르는) 신기한 현상 사전,9788934951278,0,총류,흔한남매,9791168411685,8,문학,함께대출,8,True,False,False
(아이들도 잘 모르고 어른들은 더 모르는) 신기한 현상 사전,9788934951278,0,총류,흔한남매,9791168412477,8,문학,함께대출,9,True,False,False
(아이들도 잘 모르고 어른들은 더 모르는) 신기한 현상 사전,9788934951278,0,총류,흔한남매,9791168415232,8,문학,함께대출,10,True,False,False
(아이들도 잘 모르고 어른들은 더 모르는) 신기한 현상 사전,9788934951278,0,총류,(애매한 것을 속 시원하게 알려 주는) 알쏭달쏭 상담소,9791191426090,5,기술과학,마니아,1,True,False,False
(아이들도 잘 모르고 어른들은 더 모르는) 신기한 현상 사전,9788934951278,0,총류,멋지다!,9788966351176,8,문학,마니아,2,True,False,False
(아이들도 잘 모르고 어른들은 더 모르는) 신기한 현상 사전,9788934951278,0,총류,만약의 세계,9788934992622,8,문학,마니아,3,True,False,False
(아이들도 잘 모르고 어른들은 더 모르는) 신기한 현상 사전,9788934951278,0,총류,과학의 관점 :나만의 '의문'을 찾아내자!,9791188364268,4,자연과학,마니아,4,True,False,False
(아이들도 잘 모르고 어른들은 더 모르는) 신기한 현상 사전,9788934951278,0,총류,"선생님, 있잖아요",9788934921325,8,문학,마니아,5,True,False,False
(아이들도 잘 모르고 어른들은 더 모르는) 신기한 현상 사전,9788934951278,0,총류,개가 말하는 친구 사용법,9788962479171,8,문학,마니아,6,True,False,False
(아이들도 잘 모르고 어른들은 더 모르는) 신기한 현상 사전,9788934951278,0,총류,팩토피아 :꼬리에 꼬리를 무는 400가지 사실들,9791169254069,0,총류,마니아,7,False,True,False
(아이들도 잘 모르고 어른들은 더 모르는) 신기한 현상 사전,9788934951278,0,총류,팩토피아 :꼬리에 꼬리를 무는 400가지 사실들,9791169254120,0,총류,마니아,8,False,False,False
(아이들도 잘 모르고 어른들은 더 모르는) 신기한 현상 사전,9788934951278,0,총류,팩토피아 :꼬리에 꼬리를 무는 400가지 사실들,9791169254113,0,총류,마니아,9,False,False,False
(아이들도 잘 모르고 어른들은 더 모르는) 신기한 현상 사전,9788934951278,0,총류,머리는 이렇게 부스스해도,9788934942566,8,문학,마니아,10,True,False,False
(아이들도 잘 모르고 어른들은 더 모르는) 신기한 현상 사전,9788934951278,0,총류,별별 직업 상담소,9791173320927,3,사회과학,다독자,1,True,False,False
(아이들도 잘 모르고 어른들은 더 모르는) 신기한 현상 사전,9788934951278,0,총류,메멘과 모리,9788934920991,8,문학,다독자,2,True,False,False
(아이들도 잘 모르고 어른들은 더 모르는) 신기한 현상 사전,9788934951278,0,총류,(애매한 것을 속 시원하게 알려 주는) 알쏭달쏭 상담소,9791191426090,5,기술과학,다독자,3,True,False,False
(아이들도 잘 모르고 어른들은 더 모르는) 신기한 현상 사전,9788934951278,0,총류,(읽으면서 바로 써먹는) 어린이 감정 표현,9791158682842,1,철학,다독자,4,True,False,False
(아이들도 잘 모르고 어른들은 더 모르는) 신기한 현상 사전,9788934951278,0,총류,흔한남매,9791168415232,8,문학,다독자,5,True,False,False
(아이들도 잘 모르고 어른들은 더 모르는) 신기한 현상 사전,9788934951278,0,총류,(읽으면서 바로 써먹는) 어린이 세계 여행,9791158682798,9,역사,다독자,6,True,True,False
(아이들도 잘 모르고 어른들은 더 모르는) 신기한 현상 사전,9788934951278,0,총류,흔한남매,9791168417199,8,문학,다독자,7,True,False,False
(아이들도 잘 모르고 어른들은 더 모르는) 신기한 현상 사전,9788934951278,0,총류,흔한남매 이상한 나라의 고전 읽기,9791168415034,8,문학,다독자,8,True,False,False
(아이들도 잘 모르고 어른들은 더 모르는) 신기한 현상 사전,9788934951278,0,총류,흔한남매,9791168418011,8,문학,다독자,9,True,False,False
(아이들도 잘 모르고 어른들은 더 모르는) 신기한 현상 사전,9788934951278,0,총류,흔한남매,9791168414471,8,문학,다독자,10,True,False,False
"도둑맞은 집중력 :집중력 위기의 시대, 삶의 주도권을 되찾는 법",9791167740984,1,철학,세이노의 가르침 :피보다 진하게 살아라,9791168473690,3,사회과학,함께대출,1,True,True,True
"도둑맞은 집중력 :집중력 위기의 시대, 삶의 주도권을 되찾는 법",9791167740984,1,철학,아버지의 해방일지 :정지아 장편소설,9788936438838,8,문학,함께대출,2,True,True,False
"도둑맞은 집중력 :집중력 위기의 시대, 삶의 주도권을 되찾는 법",9791167740984,1,철학,"물고기는 존재하지 않는다 :상실, 사랑 그리고 숨어 있는 삶의 질서에 관한 이야기",9791189327156,4,자연과학,함께대출,3,True,True,False
"도둑맞은 집중력 :집중력 위기의 시대, 삶의 주도권을 되찾는 법",9791167740984,1,철학,이처럼 사소한 것들 :클레어 키건 소설,9791130646381,8,문학,함께대출,4,True,True,False
"도둑맞은 집중력 :집중력 위기의 시대, 삶의 주도권을 되찾는 법",9791167740984,1,철학,불편한 편의점 :김호연 장편소설,9791161571188,8,문학,함께대출,5,True,True,False
"도둑맞은 집중력 :집중력 위기의 시대, 삶의 주도권을 되찾는 법",9791167740984,1,철학,마흔에 읽는 쇼펜하우어 :마음의 위기를 다스리는 철학 수업,9791192300818,1,철학,함께대출,6,False,True,True
"도둑맞은 집중력 :집중력 위기의 시대, 삶의 주도권을 되찾는 법",9791167740984,1,철학,나는 메트로폴리탄 미술관의 경비원입니다 :가장 경이로운 세계 속으로 숨어버린 한 남자의 이야기,9788901276533,8,문학,함께대출,7,True,False,False
"도둑맞은 집중력 :집중력 위기의 시대, 삶의 주도권을 되찾는 법",9791167740984,1,철학,작별하지 않는다 :한강 장편소설,9788954682152,8,문학,함께대출,8,True,True,False
"도둑맞은 집중력 :집중력 위기의 시대, 삶의 주도권을 되찾는 법",9791167740984,1,철학,퓨처 셀프 :현재와 미래가 달라지는 놀라운 혁명,9791192389325,3,사회과학,함께대출,9,True,True,True
"도둑맞은 집중력 :집중력 위기의 시대, 삶의 주도권을 되찾는 법",9791167740984,1,철학,불편한 편의점 :김호연 장편소설,9791161571379,8,문학,함께대출,10,True,False,False
"도둑맞은 집중력 :집중력 위기의 시대, 삶의 주도권을 되찾는 법",9791167740984,1,철학,벌거벗은 정신력,9791165348755,5,기술과학,마니아,1,True,False,False
"도둑맞은 집중력 :집중력 위기의 시대, 삶의 주도권을 되찾는 법",9791167740984,1,철학,도파민네이션 :쾌락 과잉 시대에서 균형 찾기,9788965965046,1,철학,마니아,2,False,True,True
"도둑맞은 집중력 :집중력 위기의 시대, 삶의 주도권을 되찾는 법",9791167740984,1,철학,불안 세대 :디지털 세계는 우리 아이들을 어떻게 병들게 하는가,9788901285894,3,사회과학,마니아,3,True,False,False
"도둑맞은 집중력 :집중력 위기의 시대, 삶의 주도권을 되찾는 법",9791167740984,1,철학,히든 포텐셜 :성공을 이루는 숨은 잠재력의 과학,9788947549363,1,철학,마니아,4,False,False,False
"도둑맞은 집중력 :집중력 위기의 시대, 삶의 주도권을 되찾는 법",9791167740984,1,철학,브레인포그 :내 삶의 몰입과 집중을 되찾는 10가지 방법,9788947549158,1,철학,마니아,5,False,False,False
"도둑맞은 집중력 :집중력 위기의 시대, 삶의 주도권을 되찾는 법",9791167740984,1,철학,불변의 법칙 :절대 변하지 않는 것들에 대한 23가지 이야기,9791198517425,3,사회과학,마니아,6,True,True,True
"도둑맞은 집중력 :집중력 위기의 시대, 삶의 주도권을 되찾는 법",9791167740984,1,철학,시대예보 :핵개인의 시대 =Forecast of the times : era of nuclear individuals,9791170610359,3,사회과학,마니아,7,True,True,True
"도둑맞은 집중력 :집중력 위기의 시대, 삶의 주도권을 되찾는 법",9791167740984,1,철학,나는 메트로폴리탄 미술관의 경비원입니다 :가장 경이로운 세계 속으로 숨어버린 한 남자의 이야기,9788901276533,8,문학,마니아,8,True,False,False
"도둑맞은 집중력 :집중력 위기의 시대, 삶의 주도권을 되찾는 법",9791167740984,1,철학,가짜 노동 :스스로 만드는 번아웃의 세계,9788954448413,3,사회과학,마니아,9,True,False,False
"도둑맞은 집중력 :집중력 위기의 시대, 삶의 주도권을 되찾는 법",9791167740984,1,철학,트렌드 코리아 2024 :청룡을 타고 비상하는 2024를 기원하며!,9788959897179,3,사회과학,마니아,10,True,False,False
"도둑맞은 집중력 :집중력 위기의 시대, 삶의 주도권을 되찾는 법",9791167740984,1,철학,이처럼 사소한 것들 :클레어 키건 소설,9791130646381,8,문학,다독자,1,True,True,False
"도둑맞은 집중력 :집중력 위기의 시대, 삶의 주도권을 되찾는 법",9791167740984,1,철학,혼모노 :성해나 소설집,9788936439743,8,문학,다독자,2,True,False,False
"도둑맞은 집중력 :집중력 위기의 시대, 삶의 주도권을 되찾는 법",9791167740984,1,철학,안녕이라 그랬어 :김애란 소설,9791141602376,8,문학,다독자,3,True,False,False
"도둑맞은 집중력 :집중력 위기의 시대, 삶의 주도권을 되찾는 법",9791167740984,1,철학,나는 메트로폴리탄 미술관의 경비원입니다 :가장 경이로운 세계 속으로 숨어버린 한 남자의 이야기,9788901276533,8,문학,다독자,4,True,False,False
"도둑맞은 집중력 :집중력 위기의 시대, 삶의 주도권을 되찾는 법",9791167740984,1,철학,단 한 번의 삶,9791191114768,8,문학,다독자,5,True,False,False
"도둑맞은 집중력 :집중력 위기의 시대, 삶의 주도권을 되찾는 법",9791167740984,1,철학,세이노의 가르침 :피보다 진하게 살아라,9791168473690,3,사회과학,다독자,6,True,True,True
"도둑맞은 집중력 :집중력 위기의 시대, 삶의 주도권을 되찾는 법",9791167740984,1,철학,아버지의 해방일지 :정지아 장편소설,9788936438838,8,문학,다독자,7,True,True,False
"도둑맞은 집중력 :집중력 위기의 시대, 삶의 주도권을 되찾는 법",9791167740984,1,철학,마흔에 읽는 쇼펜하우어 :마음의 위기를 다스리는 철학 수업,9791192300818,1,철학,다독자,8,False,True,True
"도둑맞은 집중력 :집중력 위기의 시대, 삶의 주도권을 되찾는 법",9791167740984,1,철학,이중 하나는 거짓말 :김애란 장편소설,9791141601300,8,문학,다독자,9,True,False,False
"도둑맞은 집중력 :집중력 위기의 시대, 삶의 주도권을 되찾는 법",9791167740984,1,철학,불변의 법칙 :절대 변하지 않는 것들에 대한 23가지 이야기,9791198517425,3,사회과학,다독자,10,True,True,True
마흔에 읽는 쇼펜하우어 :마음의 위기를 다스리는 철학 수업,9791192300818,1,철학,불편한 편의점 :김호연 장편소설,9791161571188,8,문학,함께대출,1,True,True,False
마흔에 읽는 쇼펜하우어 :마음의 위기를 다스리는 철학 수업,9791192300818,1,철학,마흔에 읽는 니체 =지금 이순간을 살기 위한 철학 수업 /Nietzsche,9791192300245,1,철학,함께대출,2,False,True,True
마흔에 읽는 쇼펜하우어 :마음의 위기를 다스리는 철학 수업,9791192300818,1,철학,세이노의 가르침 :피보다 진하게 살아라,9791168473690,3,사회과학,함께대출,3,True,True,True
마흔에 읽는 쇼펜하우어 :마음의 위기를 다스리는 철학 수업,9791192300818,1,철학,불편한 편의점 :김호연 장편소설,9791161571379,8,문학,함께대출,4,True,False,False
마흔에 읽는 쇼펜하우어 :마음의 위기를 다스리는 철학 수업,9791192300818,1,철학,소년이 온다 :한강 장편소설,9788936434120,8,문학,함께대출,5,True,True,False
마흔에 읽는 쇼펜하우어 :마음의 위기를 다스리는 철학 수업,9791192300818,1,철학,작별하지 않는다 :한강 장편소설,9788954682152,8,문학,함께대출,6,True,True,False
마흔에 읽는 쇼펜하우어 :마음의 위기를 다스리는 철학 수업,9791192300818,1,철학,"도둑맞은 집중력 :집중력 위기의 시대, 삶의 주도권을 되찾는 법",9791167740984,1,철학,함께대출,7,False,True,True
마흔에 읽는 쇼펜하우어 :마음의 위기를 다스리는 철학 수업,9791192300818,1,철학,이처럼 사소한 것들 :클레어 키건 소설,9791130646381,8,문학,함께대출,8,True,True,False
마흔에 읽는 쇼펜하우어 :마음의 위기를 다스리는 철학 수업,9791192300818,1,철학,아버지의 해방일지 :정지아 장편소설,9788936438838,8,문학,함께대출,9,True,True,False
마흔에 읽는 쇼펜하우어 :마음의 위기를 다스리는 철학 수업,9791192300818,1,철학,메리골드 마음 세탁소 =윤정은 장편소설 /Marigold mind laundry,9791191891287,8,문학,함께대출,10,True,True,False
마흔에 읽는 쇼펜하우어 :마음의 위기를 다스리는 철학 수업,9791192300818,1,철학,남에게 보여주려고 인생을 낭비하지 마라 :쇼펜하우어 소품집,9791169850445,1,철학,마니아,1,False,True,True
마흔에 읽는 쇼펜하우어 :마음의 위기를 다스리는 철학 수업,9791192300818,1,철학,어차피 남들은 나에게 관심 없다 :쇼펜하우어의 인간관계 철학,9791198621405,1,철학,마니아,2,False,False,False
마흔에 읽는 쇼펜하우어 :마음의 위기를 다스리는 철학 수업,9791192300818,1,철학,쇼펜하우어 인생수업 :한 번뿐인 삶 이렇게 살아라,9791193282045,1,철학,마니아,3,False,False,False
마흔에 읽는 쇼펜하우어 :마음의 위기를 다스리는 철학 수업,9791192300818,1,철학,(잠들기 전에 읽는) 쇼펜하우어,9791189922450,1,철학,마니아,4,False,False,False
마흔에 읽는 쇼펜하우어 :마음의 위기를 다스리는 철학 수업,9791192300818,1,철학,쇼펜하우어의 인생 수업 :살아갈 힘을 주는 쇼펜하우어 아포리즘,9791160024166,1,철학,마니아,5,False,False,False
마흔에 읽는 쇼펜하우어 :마음의 위기를 다스리는 철학 수업,9791192300818,1,철학,마흔에 읽는 니체 =지금 이순간을 살기 위한 철학 수업 /Nietzsche,9791192300245,1,철학,마니아,6,False,True,True
마흔에 읽는 쇼펜하우어 :마음의 위기를 다스리는 철학 수업,9791192300818,1,철학,당신의 인생이 왜 힘들지 않아야 한다고 생각하십니까 :쇼펜하우어 아포리즘,9791192625553,1,철학,마니아,7,False,True,True
마흔에 읽는 쇼펜하우어 :마음의 위기를 다스리는 철학 수업,9791192300818,1,철학,니체 인생수업 :니체가 세상에 남긴 66가지 인생지혜,9791193282069,1,철학,마니아,8,False,False,False
마흔에 읽는 쇼펜하우어 :마음의 위기를 다스리는 철학 수업,9791192300818,1,철학,나를 소모하지 않는 현명한 태도에 관하여,9791198682505,1,철학,마니아,9,False,True,True
마흔에 읽는 쇼펜하우어 :마음의 위기를 다스리는 철학 수업,9791192300818,1,철학,(2500년 동안 사랑받은) 초역 부처의 말 :행복으로 가는 길은 없다 행복이 곧 길이다,9791193506516,2,종교,마니아,10,True,False,False
마흔에 읽는 쇼펜하우어 :마음의 위기를 다스리는 철학 수업,9791192300818,1,철학,어른의 행복은 조용하다,9791169851053,8,문학,다독자,1,True,False,False
마흔에 읽는 쇼펜하우어 :마음의 위기를 다스리는 철학 수업,9791192300818,1,철학,불편한 편의점 :김호연 장편소설,9791161571188,8,문학,다독자,2,True,True,False
마흔에 읽는 쇼펜하우어 :마음의 위기를 다스리는 철학 수업,9791192300818,1,철학,단 한 번의 삶,9791191114768,8,문학,다독자,3,True,False,False
마흔에 읽는 쇼펜하우어 :마음의 위기를 다스리는 철학 수업,9791192300818,1,철학,마흔에 읽는 니체 =지금 이순간을 살기 위한 철학 수업 /Nietzsche,9791192300245,1,철학,다독자,4,False,True,True
마흔에 읽는 쇼펜하우어 :마음의 위기를 다스리는 철학 수업,9791192300818,1,철학,안녕이라 그랬어 :김애란 소설,9791141602376,8,문학,다독자,5,True,False,False
마흔에 읽는 쇼펜하우어 :마음의 위기를 다스리는 철학 수업,9791192300818,1,철학,세이노의 가르침 :피보다 진하게 살아라,9791168473690,3,사회과학,다독자,6,True,True,True
마흔에 읽는 쇼펜하우어 :마음의 위기를 다스리는 철학 수업,9791192300818,1,철학,불편한 편의점 :김호연 장편소설,9791161571379,8,문학,다독자,7,True,False,False
마흔에 읽는 쇼펜하우어 :마음의 위기를 다스리는 철학 수업,9791192300818,1,철학,(2500년 동안 사랑받은) 초역 부처의 말 :행복으로 가는 길은 없다 행복이 곧 길이다,9791193506516,2,종교,다독자,8,True,False,False
마흔에 읽는 쇼펜하우어 :마음의 위기를 다스리는 철학 수업,9791192300818,1,철학,혼모노 :성해나 소설집,9788936439743,8,문학,다독자,9,True,False,False
마흔에 읽는 쇼펜하우어 :마음의 위기를 다스리는 철학 수업,9791192300818,1,철학,소년이 온다 :한강 장편소설,9788936434120,8,문학,다독자,10,True,True,False
아주 작은 습관의 힘 :최고의 변화는 어떻게 만들어지는가,9791162540640,1,철학,원씽 :복잡한 세상을 이기는 단순함의 힘,9788997575169,3,사회과학,함께대출,1,True,False,False
아주 작은 습관의 힘 :최고의 변화는 어떻게 만들어지는가,9791162540640,1,철학,타이탄의 도구들 :1만 시간의 법칙을 깬 거인들의 61가지 전략,9791158510619,3,사회과학,함께대출,2,True,True,True
아주 작은 습관의 힘 :최고의 변화는 어떻게 만들어지는가,9791162540640,1,철학,돈의 속성 :최상위 부자가 말하는 돈에 대한 모든 것,9791188331796,3,사회과학,함께대출,3,True,True,True
아주 작은 습관의 힘 :최고의 변화는 어떻게 만들어지는가,9791162540640,1,철학,역행자 :돈·시간·운명으로부터 완전한 자유를 얻는 7단계 인생 공략집,9788901260716,3,사회과학,함께대출,4,True,True,False
아주 작은 습관의 힘 :최고의 변화는 어떻게 만들어지는가,9791162540640,1,철학,돈의 심리학 :당신은 왜 부자가 되지 못했는가,9791191056372,3,사회과학,함께대출,5,True,True,True
아주 작은 습관의 힘 :최고의 변화는 어떻게 만들어지는가,9791162540640,1,철학,세이노의 가르침 :피보다 진하게 살아라,9791168473690,3,사회과학,함께대출,6,True,True,False
아주 작은 습관의 힘 :최고의 변화는 어떻게 만들어지는가,9791162540640,1,철학,퓨처 셀프 :현재와 미래가 달라지는 놀라운 혁명,9791192389325,3,사회과학,함께대출,7,True,True,True
아주 작은 습관의 힘 :최고의 변화는 어떻게 만들어지는가,9791162540640,1,철학,"도둑맞은 집중력 :집중력 위기의 시대, 삶의 주도권을 되찾는 법",9791167740984,1,철학,함께대출,8,False,True,False
아주 작은 습관의 힘 :최고의 변화는 어떻게 만들어지는가,9791162540640,1,철학,불편한 편의점 :김호연 장편소설,9791161571188,8,문학,함께대출,9,True,True,False
아주 작은 습관의 힘 :최고의 변화는 어떻게 만들어지는가,9791162540640,1,철학,"그릿 :IQ, 재능, 환경을 뛰어넘는 열정적 끈기의 힘",9791186805398,3,사회과학,함께대출,10,True,False,False
아주 작은 습관의 힘 :최고의 변화는 어떻게 만들어지는가,9791162540640,1,철학,습관의 재발견 :기적 같은 변화를 불러오는 작은 습관의 힘,9788997575336,1,철학,마니아,1,False,False,False
아주 작은 습관의 힘 :최고의 변화는 어떻게 만들어지는가,9791162540640,1,철학,습관의 힘 :반복되는 행동이 만드는 극적인 변화,9788901150598,1,철학,마니아,2,False,False,False
아주 작은 습관의 힘 :최고의 변화는 어떻게 만들어지는가,9791162540640,1,철학,(끝까지 계속하게 만드는) 아주 작은 반복의 힘 :UCLA 의과대학에서 수행한 22년 연구성과물,9791187165002,3,사회과학,마니아,3,True,False,False
아주 작은 습관의 힘 :최고의 변화는 어떻게 만들어지는가,9791162540640,1,철학,"딥 워크 :강력한 몰입, 최고의 성과",9788937434082,3,사회과학,마니아,4,True,False,False
아주 작은 습관의 힘 :최고의 변화는 어떻게 만들어지는가,9791162540640,1,철학,해빗 =내 안의 충동을 이겨내는 습관 설계의 법칙 /Habit,9791130627595,1,철학,마니아,5,False,False,False
아주 작은 습관의 힘 :최고의 변화는 어떻게 만들어지는가,9791162540640,1,철학,시작의 기술 :침대에 누워서 걱정만 하는 게으른 완벽주의자를 위한 7가지 무기,9788901230658,1,철학,마니아,6,False,False,False
아주 작은 습관의 힘 :최고의 변화는 어떻게 만들어지는가,9791162540640,1,철학,습관의 디테일 :위대한 변화를 만드는 사소한 행동 설계,9788965964049,1,철학,마니아,7,False,False,False
아주 작은 습관의 힘 :최고의 변화는 어떻게 만들어지는가,9791162540640,1,철학,5초의 법칙 :당신을 시작하게 만드는 빠른 결정의 힘,9791157842049,3,사회과학,마니아,8,True,False,False
아주 작은 습관의 힘 :최고의 변화는 어떻게 만들어지는가,9791162540640,1,철학,원씽 :복잡한 세상을 이기는 단순함의 힘,9788997575169,3,사회과학,마니아,9,True,False,False
아주 작은 습관의 힘 :최고의 변화는 어떻게 만들어지는가,9791162540640,1,철학,웰씽킹 =부를 창조하는 생각의 뿌리 /Wealthinking,9791130677774,3,사회과학,마니아,10,True,False,False
아주 작은 습관의 힘 :최고의 변화는 어떻게 만들어지는가,9791162540640,1,철학,퓨처 셀프 :현재와 미래가 달라지는 놀라운 혁명,9791192389325,3,사회과학,다독자,1,True,True,True
아주 작은 습관의 힘 :최고의 변화는 어떻게 만들어지는가,9791162540640,1,철학,세이노의 가르침 :피보다 진하게 살아라,9791168473690,3,사회과학,다독자,2,True,True,False
아주 작은 습관의 힘 :최고의 변화는 어떻게 만들어지는가,9791162540640,1,철학,"도둑맞은 집중력 :집중력 위기의 시대, 삶의 주도권을 되찾는 법",9791167740984,1,철학,다독자,3,False,True,False
아주 작은 습관의 힘 :최고의 변화는 어떻게 만들어지는가,9791162540640,1,철학,역행자 :돈·시간·운명으로부터 완전한 자유를 얻는 7단계 인생 공략집,9788901260716,3,사회과학,다독자,4,True,True,False
아주 작은 습관의 힘 :최고의 변화는 어떻게 만들어지는가,9791162540640,1,철학,렛뎀 이론 :인생이 '나'로 충만해지는 내버려두기의 기술,9791162544327,1,철학,다독자,5,False,False,False
아주 작은 습관의 힘 :최고의 변화는 어떻게 만들어지는가,9791162540640,1,철학,행동하지 않으면 인생은 바뀌지 않는다 :위대한 변화를 이끌어내는 아주 작은 실행의 힘,9791139716146,3,사회과학,다독자,6,True,False,False
아주 작은 습관의 힘 :최고의 변화는 어떻게 만들어지는가,9791162540640,1,철학,불변의 법칙 :절대 변하지 않는 것들에 대한 23가지 이야기,9791198517425,3,사회과학,다독자,7,True,True,False
아주 작은 습관의 힘 :최고의 변화는 어떻게 만들어지는가,9791162540640,1,철학,고전이 답했다 :마땅히 살아야 할 삶에 대하여,9791193939130,1,철학,다독자,8,False,False,False
아주 작은 습관의 힘 :최고의 변화는 어떻게 만들어지는가,9791162540640,1,철학,마흔에 읽는 쇼펜하우어 :마음의 위기를 다스리는 철학 수업,9791192300818,1,철학,다독자,9,False,True,False
아주 작은 습관의 힘 :최고의 변화는 어떻게 만들어지는가,9791162540640,1,철학,"위버멘쉬 :누구의 시선도 아닌, 내 의지대로 살겠다는 선언",9791192372730,1,철학,다독자,10,False,False,False
당신의 인생이 왜 힘들지 않아야 한다고 생각하십니까 :쇼펜하우어 아포리즘,9791192625553,1,철학,남에게 보여주려고 인생을 낭비하지 마라 :쇼펜하우어 소품집,9791169850445,1,철학,함께대출,1,False,True,True
당신의 인생이 왜 힘들지 않아야 한다고 생각하십니까 :쇼펜하우어 아포리즘,9791192625553,1,철학,마흔에 읽는 쇼펜하우어 :마음의 위기를 다스리는 철학 수업,9791192300818,1,철학,함께대출,2,False,True,True
당신의 인생이 왜 힘들지 않아야 한다고 생각하십니까 :쇼펜하우어 아포리즘,9791192625553,1,철학,"도둑맞은 집중력 :집중력 위기의 시대, 삶의 주도권을 되찾는 법",9791167740984,1,철학,함께대출,3,False,True,False
당신의 인생이 왜 힘들지 않아야 한다고 생각하십니까 :쇼펜하우어 아포리즘,9791192625553,1,철학,마흔에 읽는 니체 =지금 이순간을 살기 위한 철학 수업 /Nietzsche,9791192300245,1,철학,함께대출,4,False,True,True
당신의 인생이 왜 힘들지 않아야 한다고 생각하십니까 :쇼펜하우어 아포리즘,9791192625553,1,철학,세이노의 가르침 :피보다 진하게 살아라,9791168473690,3,사회과학,함께대출,5,True,True,False
당신의 인생이 왜 힘들지 않아야 한다고 생각하십니까 :쇼펜하우어 아포리즘,9791192625553,1,철학,아버지의 해방일지 :정지아 장편소설,9788936438838,8,문학,함께대출,6,True,True,False
당신의 인생이 왜 힘들지 않아야 한다고 생각하십니까 :쇼펜하우어 아포리즘,9791192625553,1,철학,불편한 편의점 :김호연 장편소설,9791161571188,8,문학,함께대출,7,True,True,False
당신의 인생이 왜 힘들지 않아야 한다고 생각하십니까 :쇼펜하우어 아포리즘,9791192625553,1,철학,작별하지 않는다 :한강 장편소설,9788954682152,8,문학,함께대출,8,True,True,False
당신의 인생이 왜 힘들지 않아야 한다고 생각하십니까 :쇼펜하우어 아포리즘,9791192625553,1,철학,이처럼 사소한 것들 :클레어 키건 소설,9791130646381,8,문학,함께대출,9,True,True,False
당신의 인생이 왜 힘들지 않아야 한다고 생각하십니까 :쇼펜하우어 아포리즘,9791192625553,1,철학,나를 소모하지 않는 현명한 태도에 관하여,9791198682505,1,철학,함께대출,10,False,True,False
당신의 인생이 왜 힘들지 않아야 한다고 생각하십니까 :쇼펜하우어 아포리즘,9791192625553,1,철학,남에게 보여주려고 인생을 낭비하지 마라 :쇼펜하우어 소품집,9791169850445,1,철학,마니아,1,False,True,True
당신의 인생이 왜 힘들지 않아야 한다고 생각하십니까 :쇼펜하우어 아포리즘,9791192625553,1,철학,결코 나의 운명을 원망하지 않으리라 :쇼펜하우어의 인생에 대한 조언(1851),9791192372655,1,철학,마니아,2,False,False,False
당신의 인생이 왜 힘들지 않아야 한다고 생각하십니까 :쇼펜하우어 아포리즘,9791192625553,1,철학,사랑은 없다 - 쇼펜하우어 인생론 에세이,9788962261288,,미상,마니아,3,False,False,False
당신의 인생이 왜 힘들지 않아야 한다고 생각하십니까 :쇼펜하우어 아포리즘,9791192625553,1,철학,"사는 게 고통일 때, 쇼펜하우어 :욕망과 권태 사이에서 당신을 구할 철학 수업",9788950995485,1,철학,마니아,4,False,False,False
당신의 인생이 왜 힘들지 않아야 한다고 생각하십니까 :쇼펜하우어 아포리즘,9791192625553,1,철학,"쇼펜하우어 지금, 이 순간을 즐겨라",9791167090119,,미상,마니아,5,False,False,False
당신의 인생이 왜 힘들지 않아야 한다고 생각하십니까 :쇼펜하우어 아포리즘,9791192625553,1,철학,지극히 인간적인 삶에 대하여 :쇼펜하우어 《인생론》으로 되찾는 삶의 의미,9788972977322,1,철학,마니아,6,False,False,False
당신의 인생이 왜 힘들지 않아야 한다고 생각하십니까 :쇼펜하우어 아포리즘,9791192625553,1,철학,머리맡에 쇼펜하우어 - 삶을 깨우는 쇼펜하우어의 말,9791185584515,,미상,마니아,7,False,False,False
당신의 인생이 왜 힘들지 않아야 한다고 생각하십니까 :쇼펜하우어 아포리즘,9791192625553,1,철학,삶이라는 지옥을 건너는 70가지 방법 :어제의 불행이 오늘의 행복이 되는 쇼펜하우어의 지혜,9791155402306,1,철학,마니아,8,False,False,False
당신의 인생이 왜 힘들지 않아야 한다고 생각하십니까 :쇼펜하우어 아포리즘,9791192625553,1,철학,(쇼펜하우어의) 고독한 행복,9791170402688,1,철학,마니아,9,False,False,False
당신의 인생이 왜 힘들지 않아야 한다고 생각하십니까 :쇼펜하우어 아포리즘,9791192625553,1,철학,어차피 남들은 나에게 관심 없다 :쇼펜하우어의 인간관계 철학,9791198621405,1,철학,마니아,10,False,False,False
당신의 인생이 왜 힘들지 않아야 한다고 생각하십니까 :쇼펜하우어 아포리즘,9791192625553,1,철학,남에게 보여주려고 인생을 낭비하지 마라 :쇼펜하우어 소품집,9791169850445,1,철학,다독자,1,False,True,True
당신의 인생이 왜 힘들지 않아야 한다고 생각하십니까 :쇼펜하우어 아포리즘,9791192625553,1,철학,마흔에 읽는 쇼펜하우어 :마음의 위기를 다스리는 철학 수업,9791192300818,1,철학,다독자,2,False,True,True
당신의 인생이 왜 힘들지 않아야 한다고 생각하십니까 :쇼펜하우어 아포리즘,9791192625553,1,철학,단 한 번의 삶,9791191114768,8,문학,다독자,3,True,False,False
당신의 인생이 왜 힘들지 않아야 한다고 생각하십니까 :쇼펜하우어 아포리즘,9791192625553,1,철학,(2500년 동안 사랑받은) 초역 부처의 말 :행복으로 가는 길은 없다 행복이 곧 길이다,9791193506516,2,종교,다독자,4,True,False,False
당신의 인생이 왜 힘들지 않아야 한다고 생각하십니까 :쇼펜하우어 아포리즘,9791192625553,1,철학,어른의 행복은 조용하다,9791169851053,8,문학,다독자,5,True,False,False
당신의 인생이 왜 힘들지 않아야 한다고 생각하십니까 :쇼펜하우어 아포리즘,9791192625553,1,철학,나를 소모하지 않는 현명한 태도에 관하여,9791198682505,1,철학,다독자,6,False,True,False
당신의 인생이 왜 힘들지 않아야 한다고 생각하십니까 :쇼펜하우어 아포리즘,9791192625553,1,철학,이처럼 사소한 것들 :클레어 키건 소설,9791130646381,8,문학,다독자,7,True,True,False
당신의 인생이 왜 힘들지 않아야 한다고 생각하십니까 :쇼펜하우어 아포리즘,9791192625553,1,철학,"도둑맞은 집중력 :집중력 위기의 시대, 삶의 주도권을 되찾는 법",9791167740984,1,철학,다독자,8,False,True,False
당신의 인생이 왜 힘들지 않아야 한다고 생각하십니까 :쇼펜하우어 아포리즘,9791192625553,1,철학,마흔에 읽는 니체 =지금 이순간을 살기 위한 철학 수업 /Nietzsche,9791192300245,1,철학,다독자,9,False,True,True
당신의 인생이 왜 힘들지 않아야 한다고 생각하십니까 :쇼펜하우어 아포리즘,9791192625553,1,철학,"위버멘쉬 :누구의 시선도 아닌, 내 의지대로 살겠다는 선언",9791192372730,1,철학,다독자,10,False,False,False
남에게 보여주려고 인생을 낭비하지 마라 :쇼펜하우어 소품집,9791169850445,1,철학,마흔에 읽는 쇼펜하우어 :마음의 위기를 다스리는 철학 수업,9791192300818,1,철학,함께대출,1,False,True,True
남에게 보여주려고 인생을 낭비하지 마라 :쇼펜하우어 소품집,9791169850445,1,철학,당신의 인생이 왜 힘들지 않아야 한다고 생각하십니까 :쇼펜하우어 아포리즘,9791192625553,1,철학,함께대출,2,False,True,True
남에게 보여주려고 인생을 낭비하지 마라 :쇼펜하우어 소품집,9791169850445,1,철학,세이노의 가르침 :피보다 진하게 살아라,9791168473690,3,사회과학,함께대출,3,True,True,False
남에게 보여주려고 인생을 낭비하지 마라 :쇼펜하우어 소품집,9791169850445,1,철학,나를 소모하지 않는 현명한 태도에 관하여,9791198682505,1,철학,함께대출,4,False,True,False
남에게 보여주려고 인생을 낭비하지 마라 :쇼펜하우어 소품집,9791169850445,1,철학,"도둑맞은 집중력 :집중력 위기의 시대, 삶의 주도권을 되찾는 법",9791167740984,1,철학,함께대출,5,False,True,False
남에게 보여주려고 인생을 낭비하지 마라 :쇼펜하우어 소품집,9791169850445,1,철학,퓨처 셀프 :현재와 미래가 달라지는 놀라운 혁명,9791192389325,3,사회과학,함께대출,6,True,True,False
남에게 보여주려고 인생을 낭비하지 마라 :쇼펜하우어 소품집,9791169850445,1,철학,마흔에 읽는 니체 =지금 이순간을 살기 위한 철학 수업 /Nietzsche,9791192300245,1,철학,함께대출,7,False,True,False
남에게 보여주려고 인생을 낭비하지 마라 :쇼펜하우어 소품집,9791169850445,1,철학,이처럼 사소한 것들 :클레어 키건 소설,9791130646381,8,문학,함께대출,8,True,True,False
남에게 보여주려고 인생을 낭비하지 마라 :쇼펜하우어 소품집,9791169850445,1,철학,불편한 편의점 :김호연 장편소설,9791161571188,8,문학,함께대출,9,True,True,False
남에게 보여주려고 인생을 낭비하지 마라 :쇼펜하우어 소품집,9791169850445,1,철학,작별하지 않는다 :한강 장편소설,9788954682152,8,문학,함께대출,10,True,True,False
남에게 보여주려고 인생을 낭비하지 마라 :쇼펜하우어 소품집,9791169850445,1,철학,당신의 인생이 왜 힘들지 않아야 한다고 생각하십니까 :쇼펜하우어 아포리즘,9791192625553,1,철학,마니아,1,False,True,True
남에게 보여주려고 인생을 낭비하지 마라 :쇼펜하우어 소품집,9791169850445,1,철학,삶이라는 지옥을 건너는 70가지 방법 :어제의 불행이 오늘의 행복이 되는 쇼펜하우어의 지혜,9791155402306,1,철학,마니아,2,False,False,False
남에게 보여주려고 인생을 낭비하지 마라 :쇼펜하우어 소품집,9791169850445,1,철학,결코 나의 운명을 원망하지 않으리라 :쇼펜하우어의 인생에 대한 조언(1851),9791192372655,1,철학,마니아,3,False,False,False
남에게 보여주려고 인생을 낭비하지 마라 :쇼펜하우어 소품집,9791169850445,1,철학,"쇼펜하우어 지금, 이 순간을 즐겨라",9791167090119,,미상,마니아,4,False,False,False
남에게 보여주려고 인생을 낭비하지 마라 :쇼펜하우어 소품집,9791169850445,1,철학,어차피 남들은 나에게 관심 없다 :쇼펜하우어의 인간관계 철학,9791198621405,1,철학,마니아,5,False,False,False
남에게 보여주려고 인생을 낭비하지 마라 :쇼펜하우어 소품집,9791169850445,1,철학,깨진 틈이 있어야 그 사이로 빛이 들어온다 :차라투스트라는 이렇게 말했다,9791169850681,1,철학,마니아,6,False,False,False
남에게 보여주려고 인생을 낭비하지 마라 :쇼펜하우어 소품집,9791169850445,1,철학,혼자일 수 없다면 나아갈 수 없다 :프리드리히 니체 아포리즘,9791193506387,1,철학,마니아,7,False,False,False
남에게 보여주려고 인생을 낭비하지 마라 :쇼펜하우어 소품집,9791169850445,1,철학,(쇼펜하우어의) 고독한 행복,9791170402688,1,철학,마니아,8,False,False,False
남에게 보여주려고 인생을 낭비하지 마라 :쇼펜하우어 소품집,9791169850445,1,철학,"쇼펜하우어의 말 - 인생을 살아내기 위한 철학, 에센셜판",9791193128831,,미상,마니아,9,False,False,False
남에게 보여주려고 인생을 낭비하지 마라 :쇼펜하우어 소품집,9791169850445,1,철학,지극히 인간적인 삶에 대하여 :쇼펜하우어 《인생론》으로 되찾는 삶의 의미,9788972977322,1,철학,마니아,10,False,False,False
남에게 보여주려고 인생을 낭비하지 마라 :쇼펜하우어 소품집,9791169850445,1,철학,마흔에 읽는 쇼펜하우어 :마음의 위기를 다스리는 철학 수업,9791192300818,1,철학,다독자,1,False,True,True
남에게 보여주려고 인생을 낭비하지 마라 :쇼펜하우어 소품집,9791169850445,1,철학,당신의 인생이 왜 힘들지 않아야 한다고 생각하십니까 :쇼펜하우어 아포리즘,9791192625553,1,철학,다독자,2,False,True,True
남에게 보여주려고 인생을 낭비하지 마라 :쇼펜하우어 소품집,9791169850445,1,철학,나를 소모하지 않는 현명한 태도에 관하여,9791198682505,1,철학,다독자,3,False,True,False
남에게 보여주려고 인생을 낭비하지 마라 :쇼펜하우어 소품집,9791169850445,1,철학,어른의 행복은 조용하다,9791169851053,8,문학,다독자,4,True,False,False
남에게 보여주려고 인생을 낭비하지 마라 :쇼펜하우어 소품집,9791169850445,1,철학,단 한 번의 삶,9791191114768,8,문학,다독자,5,True,False,False
남에게 보여주려고 인생을 낭비하지 마라 :쇼펜하우어 소품집,9791169850445,1,철학,세이노의 가르침 :피보다 진하게 살아라,9791168473690,3,사회과학,다독자,6,True,True,False
남에게 보여주려고 인생을 낭비하지 마라 :쇼펜하우어 소품집,9791169850445,1,철학,(2500년 동안 사랑받은) 초역 부처의 말 :행복으로 가는 길은 없다 행복이 곧 길이다,9791193506516,2,종교,다독자,7,True,False,False
남에게 보여주려고 인생을 낭비하지 마라 :쇼펜하우어 소품집,9791169850445,1,철학,"위버멘쉬 :누구의 시선도 아닌, 내 의지대로 살겠다는 선언",9791192372730,1,철학,다독자,8,False,False,False
남에게 보여주려고 인생을 낭비하지 마라 :쇼펜하우어 소품집,9791169850445,1,철학,"도둑맞은 집중력 :집중력 위기의 시대, 삶의 주도권을 되찾는 법",9791167740984,1,철학,다독자,9,False,True,False
남에게 보여주려고 인생을 낭비하지 마라 :쇼펜하우어 소품집,9791169850445,1,철학,퓨처 셀프 :현재와 미래가 달라지는 놀라운 혁명,9791192389325,3,사회과학,다독자,10,True,True,False
아홉 살 마음 사전,9788936447014,1,철학,아홉 살 느낌 사전,9788936447397,1,철학,함께대출,1,False,False,False
아홉 살 마음 사전,9788936447014,1,철학,아홉 살 함께 사전,9788936447212,1,철학,함께대출,2,False,False,False
아홉 살 마음 사전,9788936447014,1,철학,고양이 해결사 깜냥,9788936447694,8,문학,함께대출,3,True,True,False
아홉 살 마음 사전,9788936447014,1,철학,만복이네 떡집,9788949161341,8,문학,함께대출,4,True,False,False
아홉 살 마음 사전,9788936447014,1,철학,고양이 해결사 깜냥,9788936447861,8,문학,함께대출,5,True,False,False
아홉 살 마음 사전,9788936447014,1,철학,고양이 해결사 깜냥,9788936448011,8,문학,함께대출,6,True,False,False
아홉 살 마음 사전,9788936447014,1,철학,소원 떡집,9788949162058,8,문학,함께대출,7,True,False,False
아홉 살 마음 사전,9788936447014,1,철학,흔한남매,9791164131686,8,문학,함께대출,8,True,False,False
아홉 살 마음 사전,9788936447014,1,철학,고양이 해결사 깜냥,9788936448134,8,문학,함께대출,9,True,False,False
아홉 살 마음 사전,9788936447014,1,철학,"용기를 내, 비닐장갑! :유설화 그림책",9791158362249,8,문학,함께대출,10,True,False,False
아홉 살 마음 사전,9788936447014,1,철학,아홉 살 느낌 사전,9788936447397,1,철학,마니아,1,False,False,False
아홉 살 마음 사전,9788936447014,1,철학,아홉 살 내 사전 :나만의 사전 만들기,9788936447403,1,철학,마니아,2,False,False,False
아홉 살 마음 사전,9788936447014,1,철학,아홉 살 함께 사전,9788936447212,1,철학,마니아,3,False,False,False
아홉 살 마음 사전,9788936447014,1,철학,알아서 해가 떴습니다 :정연철 동시집,9791160943481,8,문학,마니아,4,True,False,False
아홉 살 마음 사전,9788936447014,1,철학,아기 토끼와 채송화 꽃 :권정생 동화집,9788936451349,8,문학,마니아,5,True,False,False
아홉 살 마음 사전,9788936447014,1,철학,뜨고 지고!,9788955820843,7,언어,마니아,6,True,False,False
아홉 살 마음 사전,9788936447014,1,철학,참 좋은 짝:손동연동시집,9788957980248,8,문학,마니아,7,True,False,False
아홉 살 마음 사전,9788936447014,1,철학,나무들이 재잘거리는 숲 이야기 =(The) forest story of chattering trees,9788983895264,4,자연과학,마니아,8,True,False,False
아홉 살 마음 사전,9788936447014,1,철학,누구를 보낼까요?,9791190499460,8,문학,마니아,9,True,False,False
아홉 살 마음 사전,9788936447014,1,철학,께롱께롱 놀이 노래 :아침부터 잠잘때까지 부르는 전래동요 50곡,9788984285392,8,문학,마니아,10,True,False,False
아홉 살 마음 사전,9788936447014,1,철학,아홉 살 느낌 사전,9788936447397,1,철학,다독자,1,False,False,False
아홉 살 마음 사전,9788936447014,1,철학,흔한남매,9791168418844,8,문학,다독자,2,True,False,False
아홉 살 마음 사전,9788936447014,1,철학,흔한남매,9791168417199,8,문학,다독자,3,True,False,False
아홉 살 마음 사전,9788936447014,1,철학,고양이 해결사 깜냥,9788936448370,8,문학,다독자,4,True,False,False
아홉 살 마음 사전,9788936447014,1,철학,흔한남매,9791168418011,8,문학,다독자,5,True,False,False
아홉 살 마음 사전,9788936447014,1,철학,흔한남매,9791168416369,8,문학,다독자,6,True,False,False
아홉 살 마음 사전,9788936447014,1,철학,흔한남매,9791168415232,8,문학,다독자,7,True,False,False
아홉 살 마음 사전,9788936447014,1,철학,고양이 해결사 깜냥,9788936448523,8,문학,다독자,8,True,False,False
아홉 살 마음 사전,9788936447014,1,철학,흔한남매,9791173473968,8,문학,다독자,9,True,False,False
아홉 살 마음 사전,9788936447014,1,철학,벚꽃 수영장,9791168341753,8,문학,다독자,10,True,False,False
나를 소모하지 않는 현명한 태도에 관하여,9791198682505,1,철학,마흔에 읽는 쇼펜하우어 :마음의 위기를 다스리는 철학 수업,9791192300818,1,철학,함께대출,1,False,True,True
나를 소모하지 않는 현명한 태도에 관하여,9791198682505,1,철학,이처럼 사소한 것들 :클레어 키건 소설,9791130646381,8,문학,함께대출,2,True,True,False
나를 소모하지 않는 현명한 태도에 관하여,9791198682505,1,철학,세이노의 가르침 :피보다 진하게 살아라,9791168473690,3,사회과학,함께대출,3,True,True,False
나를 소모하지 않는 현명한 태도에 관하여,9791198682505,1,철학,"도둑맞은 집중력 :집중력 위기의 시대, 삶의 주도권을 되찾는 법",9791167740984,1,철학,함께대출,4,False,True,False
나를 소모하지 않는 현명한 태도에 관하여,9791198682505,1,철학,어른의 행복은 조용하다,9791169851053,8,문학,함께대출,5,True,False,False
나를 소모하지 않는 현명한 태도에 관하여,9791198682505,1,철학,불변의 법칙 :절대 변하지 않는 것들에 대한 23가지 이야기,9791198517425,3,사회과학,함께대출,6,True,True,True
나를 소모하지 않는 현명한 태도에 관하여,9791198682505,1,철학,퓨처 셀프 :현재와 미래가 달라지는 놀라운 혁명,9791192389325,3,사회과학,함께대출,7,True,True,False
나를 소모하지 않는 현명한 태도에 관하여,9791198682505,1,철학,나는 메트로폴리탄 미술관의 경비원입니다 :가장 경이로운 세계 속으로 숨어버린 한 남자의 이야기,9788901276533,8,문학,함께대출,8,True,False,False
나를 소모하지 않는 현명한 태도에 관하여,9791198682505,1,철학,(2500년 동안 사랑받은) 초역 부처의 말 :행복으로 가는 길은 없다 행복이 곧 길이다,9791193506516,2,종교,함께대출,9,True,False,False
나를 소모하지 않는 현명한 태도에 관하여,9791198682505,1,철학,작별하지 않는다 :한강 장편소설,9788954682152,8,문학,함께대출,10,True,True,False
나를 소모하지 않는 현명한 태도에 관하여,9791198682505,1,철학,무엇이 나를 행복하게 만드는가,9791198530356,1,철학,마니아,1,False,False,False
나를 소모하지 않는 현명한 태도에 관하여,9791198682505,1,철학,"침묵을 배우는 시간 :말이 넘쳐나는 세상 속, 더욱 빛을 발하는 침묵의 품격",9791198752444,3,사회과학,마니아,2,True,False,False
나를 소모하지 않는 현명한 태도에 관하여,9791198682505,1,철학,감정의 이해,9791193506455,1,철학,마니아,3,False,False,False
나를 소모하지 않는 현명한 태도에 관하여,9791198682505,1,철학,"꽃길이 따로 있나, 내 삶이 꽃인 것을",9791193506394,8,문학,마니아,4,True,False,False
나를 소모하지 않는 현명한 태도에 관하여,9791198682505,1,철학,만일 나에게 단 한 번의 아침이 남아 있다면 :오늘이 끝나기 전 반드시 깨달아야 할 것들,9791193937112,3,사회과학,마니아,5,True,False,False
나를 소모하지 않는 현명한 태도에 관하여,9791198682505,1,철학,혼자일 수 없다면 나아갈 수 없다 :프리드리히 니체 아포리즘,9791193506387,1,철학,마니아,6,False,False,False
나를 소모하지 않는 현명한 태도에 관하여,9791198682505,1,철학,"나를 위해 살지 않으면 남을 위해 살게 된다 :지혜에 관한 작은 책, 엥케이리디온",9791169850889,1,철학,마니아,7,False,False,False
나를 소모하지 않는 현명한 태도에 관하여,9791198682505,1,철학,아주 세속적인 지혜 :400년 동안 사랑받은 인생의 고전,9791169850179,1,철학,마니아,8,False,False,False
나를 소모하지 않는 현명한 태도에 관하여,9791198682505,1,철학,왜 당신은 다른 사람을 위해 살고 있는가 =Why do you sacrifice your life for others?,9791191369540,1,철학,마니아,9,False,False,False
나를 소모하지 않는 현명한 태도에 관하여,9791198682505,1,철학,깨진 틈이 있어야 그 사이로 빛이 들어온다 :차라투스트라는 이렇게 말했다,9791169850681,1,철학,마니아,10,False,False,False
나를 소모하지 않는 현명한 태도에 관하여,9791198682505,1,철학,어른의 행복은 조용하다,9791169851053,8,문학,다독자,1,True,False,False
나를 소모하지 않는 현명한 태도에 관하여,9791198682505,1,철학,마흔에 읽는 쇼펜하우어 :마음의 위기를 다스리는 철학 수업,9791192300818,1,철학,다독자,2,False,True,True
나를 소모하지 않는 현명한 태도에 관하여,9791198682505,1,철학,단 한 번의 삶,9791191114768,8,문학,다독자,3,True,False,False
나를 소모하지 않는 현명한 태도에 관하여,9791198682505,1,철학,이처럼 사소한 것들 :클레어 키건 소설,9791130646381,8,문학,다독자,4,True,True,False
나를 소모하지 않는 현명한 태도에 관하여,9791198682505,1,철학,세이노의 가르침 :피보다 진하게 살아라,9791168473690,3,사회과학,다독자,5,True,True,False
나를 소모하지 않는 현명한 태도에 관하여,9791198682505,1,철학,(2500년 동안 사랑받은) 초역 부처의 말 :행복으로 가는 길은 없다 행복이 곧 길이다,9791193506516,2,종교,다독자,6,True,False,False
나를 소모하지 않는 현명한 태도에 관하여,9791198682505,1,철학,"도둑맞은 집중력 :집중력 위기의 시대, 삶의 주도권을 되찾는 법",9791167740984,1,철학,다독자,7,False,True,False
나를 소모하지 않는 현명한 태도에 관하여,9791198682505,1,철학,불변의 법칙 :절대 변하지 않는 것들에 대한 23가지 이야기,9791198517425,3,사회과학,다독자,8,True,True,True
나를 소모하지 않는 현명한 태도에 관하여,9791198682505,1,철학,퓨처 셀프 :현재와 미래가 달라지는 놀라운 혁명,9791192389325,3,사회과학,다독자,9,True,True,False
나를 소모하지 않는 현명한 태도에 관하여,9791198682505,1,철학,나는 메트로폴리탄 미술관의 경비원입니다 :가장 경이로운 세계 속으로 숨어버린 한 남자의 이야기,9788901276533,8,문학,다독자,10,True,False,False
마흔에 읽는 니체 =지금 이순간을 살기 위한 철학 수업 /Nietzsche,9791192300245,1,철학,마흔에 읽는 쇼펜하우어 :마음의 위기를 다스리는 철학 수업,9791192300818,1,철학,함께대출,1,False,True,True
마흔에 읽는 니체 =지금 이순간을 살기 위한 철학 수업 /Nietzsche,9791192300245,1,철학,불편한 편의점 :김호연 장편소설,9791161571188,8,문학,함께대출,2,True,True,False
마흔에 읽는 니체 =지금 이순간을 살기 위한 철학 수업 /Nietzsche,9791192300245,1,철학,아버지의 해방일지 :정지아 장편소설,9788936438838,8,문학,함께대출,3,True,True,False
마흔에 읽는 니체 =지금 이순간을 살기 위한 철학 수업 /Nietzsche,9791192300245,1,철학,세이노의 가르침 :피보다 진하게 살아라,9791168473690,3,사회과학,함께대출,4,True,True,False
마흔에 읽는 니체 =지금 이순간을 살기 위한 철학 수업 /Nietzsche,9791192300245,1,철학,불편한 편의점 :김호연 장편소설,9791161571379,8,문학,함께대출,5,True,False,False
마흔에 읽는 니체 =지금 이순간을 살기 위한 철학 수업 /Nietzsche,9791192300245,1,철학,만일 내가 인생을 다시 산다면 :벌써 마흔이 된 당신에게 해 주고 싶은 말들 42,9791190538510,1,철학,함께대출,6,False,True,False
마흔에 읽는 니체 =지금 이순간을 살기 위한 철학 수업 /Nietzsche,9791192300245,1,철학,(이미 늦었다고 생각하는 당신을 위한) 김미경의 마흔 수업,9791198013026,3,사회과학,함께대출,7,True,True,False
마흔에 읽는 니체 =지금 이순간을 살기 위한 철학 수업 /Nietzsche,9791192300245,1,철학,"도둑맞은 집중력 :집중력 위기의 시대, 삶의 주도권을 되찾는 법",9791167740984,1,철학,함께대출,8,False,True,False
마흔에 읽는 니체 =지금 이순간을 살기 위한 철학 수업 /Nietzsche,9791192300245,1,철학,역행자 :돈·시간·운명으로부터 완전한 자유를 얻는 7단계 인생 공략집,9788901260716,3,사회과학,함께대출,9,True,True,False
마흔에 읽는 니체 =지금 이순간을 살기 위한 철학 수업 /Nietzsche,9791192300245,1,철학,당신의 인생이 왜 힘들지 않아야 한다고 생각하십니까 :쇼펜하우어 아포리즘,9791192625553,1,철학,함께대출,10,False,True,True
마흔에 읽는 니체 =지금 이순간을 살기 위한 철학 수업 /Nietzsche,9791192300245,1,철학,곁에 두고 읽는 니체 :내 인생에 힘이 되어준 니체의 말,9788970654768,1,철학,마니아,1,False,False,False
마흔에 읽는 니체 =지금 이순간을 살기 위한 철학 수업 /Nietzsche,9791192300245,1,철학,마흔에 읽는 그리스 로마 신화 :지금 이 순간을 살기 위한 신화 수업,9791192300382,2,종교,마니아,2,True,False,False
마흔에 읽는 니체 =지금 이순간을 살기 위한 철학 수업 /Nietzsche,9791192300245,1,철학,"니체의 인생 강의 :낙타, 사자, 어린아이로 사는 변신의 삶",9788958628705,1,철학,마니아,3,False,False,False
마흔에 읽는 니체 =지금 이순간을 살기 위한 철학 수업 /Nietzsche,9791192300245,1,철학,니체의 인생 상담소 :인생의 본질에 대한 니체의 12가지 통찰과 조언!,9788970673592,1,철학,마니아,4,False,False,False
마흔에 읽는 니체 =지금 이순간을 살기 위한 철학 수업 /Nietzsche,9791192300245,1,철학,니체와 함께 산책을 :세상의 속도에 휩쓸리지 않고 나를 여행하는 법,9791130641188,1,철학,마니아,5,False,False,False
마흔에 읽는 니체 =지금 이순간을 살기 위한 철학 수업 /Nietzsche,9791192300245,1,철학,"니체의 인간학 =약함, 비열함, 선량함과 싸우는 까칠한 철학자 /The anthropology of friedrich Nietzsche",9791130609508,1,철학,마니아,6,False,False,False
마흔에 읽는 니체 =지금 이순간을 살기 위한 철학 수업 /Nietzsche,9791192300245,1,철학,어느 날 니체가 내 삶을 흔들었다 :니체와 함께하는 철학 산책,9788970755205,1,철학,마니아,7,False,False,False
마흔에 읽는 니체 =지금 이순간을 살기 위한 철학 수업 /Nietzsche,9791192300245,1,철학,사는 게 힘드냐고 니체가 물었다 :피할 수 없는 내 운명을 사랑하는 법,9788950978518,1,철학,마니아,8,False,False,False
마흔에 읽는 니체 =지금 이순간을 살기 위한 철학 수업 /Nietzsche,9791192300245,1,철학,마흔에 읽는 비트겐슈타인 - 20세기 천재 철학자의 인생 수업,9791171831029,,미상,마니아,9,False,False,False
마흔에 읽는 니체 =지금 이순간을 살기 위한 철학 수업 /Nietzsche,9791192300245,1,철학,니체의 자존감 수업 :니체에게서 배우는 나를 사랑하고 긍정하는 기술,9791139717891,1,철학,마니아,10,False,False,False
마흔에 읽는 니체 =지금 이순간을 살기 위한 철학 수업 /Nietzsche,9791192300245,1,철학,마흔에 읽는 쇼펜하우어 :마음의 위기를 다스리는 철학 수업,9791192300818,1,철학,다독자,1,False,True,True
마흔에 읽는 니체 =지금 이순간을 살기 위한 철학 수업 /Nietzsche,9791192300245,1,철학,단 한 번의 삶,9791191114768,8,문학,다독자,2,True,False,False
마흔에 읽는 니체 =지금 이순간을 살기 위한 철학 수업 /Nietzsche,9791192300245,1,철학,"위버멘쉬 :누구의 시선도 아닌, 내 의지대로 살겠다는 선언",9791192372730,1,철학,다독자,3,False,False,False
마흔에 읽는 니체 =지금 이순간을 살기 위한 철학 수업 /Nietzsche,9791192300245,1,철학,어른의 행복은 조용하다,9791169851053,8,문학,다독자,4,True,False,False
마흔에 읽는 니체 =지금 이순간을 살기 위한 철학 수업 /Nietzsche,9791192300245,1,철학,세이노의 가르침 :피보다 진하게 살아라,9791168473690,3,사회과학,다독자,5,True,True,False
마흔에 읽는 니체 =지금 이순간을 살기 위한 철학 수업 /Nietzsche,9791192300245,1,철학,불편한 편의점 :김호연 장편소설,9791161571188,8,문학,다독자,6,True,True,False
마흔에 읽는 니체 =지금 이순간을 살기 위한 철학 수업 /Nietzsche,9791192300245,1,철학,당신의 인생이 왜 힘들지 않아야 한다고 생각하십니까 :쇼펜하우어 아포리즘,9791192625553,1,철학,다독자,7,False,True,True
마흔에 읽는 니체 =지금 이순간을 살기 위한 철학 수업 /Nietzsche,9791192300245,1,철학,(2500년 동안 사랑받은) 초역 부처의 말 :행복으로 가는 길은 없다 행복이 곧 길이다,9791193506516,2,종교,다독자,8,True,False,False
마흔에 읽는 니체 =지금 이순간을 살기 위한 철학 수업 /Nietzsche,9791192300245,1,철학,"도둑맞은 집중력 :집중력 위기의 시대, 삶의 주도권을 되찾는 법",9791167740984,1,철학,다독자,9,False,True,False
마흔에 읽는 니체 =지금 이순간을 살기 위한 철학 수업 /Nietzsche,9791192300245,1,철학,아버지의 해방일지 :정지아 장편소설,9788936438838,8,문학,다독자,10,True,True,False
만일 내가 인생을 다시 산다면 :벌써 마흔이 된 당신에게 해 주고 싶은 말들 42,9791190538510,1,철학,아버지의 해방일지 :정지아 장편소설,9788936438838,8,문학,함께대출,1,True,True,False
만일 내가 인생을 다시 산다면 :벌써 마흔이 된 당신에게 해 주고 싶은 말들 42,9791190538510,1,철학,불편한 편의점 :김호연 장편소설,9791161571188,8,문학,함께대출,2,True,True,False
만일 내가 인생을 다시 산다면 :벌써 마흔이 된 당신에게 해 주고 싶은 말들 42,9791190538510,1,철학,불편한 편의점 :김호연 장편소설,9791161571379,8,문학,함께대출,3,True,False,False
만일 내가 인생을 다시 산다면 :벌써 마흔이 된 당신에게 해 주고 싶은 말들 42,9791190538510,1,철학,(이미 늦었다고 생각하는 당신을 위한) 김미경의 마흔 수업,9791198013026,3,사회과학,함께대출,4,True,True,True
만일 내가 인생을 다시 산다면 :벌써 마흔이 된 당신에게 해 주고 싶은 말들 42,9791190538510,1,철학,메리골드 마음 세탁소 =윤정은 장편소설 /Marigold mind laundry,9791191891287,8,문학,함께대출,5,True,True,False
만일 내가 인생을 다시 산다면 :벌써 마흔이 된 당신에게 해 주고 싶은 말들 42,9791190538510,1,철학,세이노의 가르침 :피보다 진하게 살아라,9791168473690,3,사회과학,함께대출,6,True,True,False
만일 내가 인생을 다시 산다면 :벌써 마흔이 된 당신에게 해 주고 싶은 말들 42,9791190538510,1,철학,"어서오세요, 휴남동 서점입니다 :황보름 장편소설",9791197377143,8,문학,함께대출,7,True,False,False
만일 내가 인생을 다시 산다면 :벌써 마흔이 된 당신에게 해 주고 싶은 말들 42,9791190538510,1,철학,마흔에 읽는 쇼펜하우어 :마음의 위기를 다스리는 철학 수업,9791192300818,1,철학,함께대출,8,False,True,False
만일 내가 인생을 다시 산다면 :벌써 마흔이 된 당신에게 해 주고 싶은 말들 42,9791190538510,1,철학,작별하지 않는다 :한강 장편소설,9788954682152,8,문학,함께대출,9,True,True,False
만일 내가 인생을 다시 산다면 :벌써 마흔이 된 당신에게 해 주고 싶은 말들 42,9791190538510,1,철학,역행자 :돈·시간·운명으로부터 완전한 자유를 얻는 7단계 인생 공략집,9788901260716,3,사회과학,함께대출,10,True,True,False
만일 내가 인생을 다시 산다면 :벌써 마흔이 된 당신에게 해 주고 싶은 말들 42,9791190538510,1,철학,"어른이 되면 괜찮을 줄 알았다 :심리학, 어른의 안부를 묻다",9788965708131,1,철학,마니아,1,False,False,False
만일 내가 인생을 다시 산다면 :벌써 마흔이 된 당신에게 해 주고 싶은 말들 42,9791190538510,1,철학,오늘을 산다는 것 :김혜남의 그림편지,9788957369265,8,문학,마니아,2,True,False,False
만일 내가 인생을 다시 산다면 :벌써 마흔이 된 당신에게 해 주고 싶은 말들 42,9791190538510,1,철학,당신과 나 사이 :너무 멀어서 외롭지 않고 너무 가까워서 상처 입지 않는 거리를 찾는 법,9791196067632,1,철학,마니아,3,False,False,False
만일 내가 인생을 다시 산다면 :벌써 마흔이 된 당신에게 해 주고 싶은 말들 42,9791190538510,1,철학,보이지 않는 것에 의미가 있다 :영화가 묻고 심리학이 답하다,9791191393460,1,철학,마니아,4,False,False,False
만일 내가 인생을 다시 산다면 :벌써 마흔이 된 당신에게 해 주고 싶은 말들 42,9791190538510,1,철학,서른 살이 심리학에게 묻다 :대한민국 30대를 위한 심리치유카페,9788901078588,1,철학,마니아,5,False,False,False
만일 내가 인생을 다시 산다면 :벌써 마흔이 된 당신에게 해 주고 싶은 말들 42,9791190538510,1,철학,오늘 내가 사는 게 재미있는 이유,9788901203287,8,문학,마니아,6,True,False,False
만일 내가 인생을 다시 산다면 :벌써 마흔이 된 당신에게 해 주고 싶은 말들 42,9791190538510,1,철학,생각이 너무 많은 어른들을 위한 심리학 :후회 없는 삶을 살고 싶은 당신에게 해 주고 싶은 말들,9791190538602,1,철학,마니아,7,False,False,False
만일 내가 인생을 다시 산다면 :벌써 마흔이 된 당신에게 해 주고 싶은 말들 42,9791190538510,1,철학,인생에서 가장 후회되는 게 뭐냐고 묻는다면,9791191891331,1,철학,마니아,8,False,False,False
만일 내가 인생을 다시 산다면 :벌써 마흔이 된 당신에게 해 주고 싶은 말들 42,9791190538510,1,철학,생에 감사해,9791190382915,8,문학,마니아,9,True,False,False
만일 내가 인생을 다시 산다면 :벌써 마흔이 된 당신에게 해 주고 싶은 말들 42,9791190538510,1,철학,(이미 늦었다고 생각하는 당신을 위한) 김미경의 마흔 수업,9791198013026,3,사회과학,마니아,10,True,True,True
만일 내가 인생을 다시 산다면 :벌써 마흔이 된 당신에게 해 주고 싶은 말들 42,9791190538510,1,철학,아버지의 해방일지 :정지아 장편소설,9788936438838,8,문학,다독자,1,True,True,False
만일 내가 인생을 다시 산다면 :벌써 마흔이 된 당신에게 해 주고 싶은 말들 42,9791190538510,1,철학,어른의 행복은 조용하다,9791169851053,8,문학,다독자,2,True,False,False
만일 내가 인생을 다시 산다면 :벌써 마흔이 된 당신에게 해 주고 싶은 말들 42,9791190538510,1,철학,불편한 편의점 :김호연 장편소설,9791161571188,8,문학,다독자,3,True,True,False
만일 내가 인생을 다시 산다면 :벌써 마흔이 된 당신에게 해 주고 싶은 말들 42,9791190538510,1,철학,불편한 편의점 :김호연 장편소설,9791161571379,8,문학,다독자,4,True,False,False
만일 내가 인생을 다시 산다면 :벌써 마흔이 된 당신에게 해 주고 싶은 말들 42,9791190538510,1,철학,단 한 번의 삶,9791191114768,8,문학,다독자,5,True,False,False
만일 내가 인생을 다시 산다면 :벌써 마흔이 된 당신에게 해 주고 싶은 말들 42,9791190538510,1,철학,(이미 늦었다고 생각하는 당신을 위한) 김미경의 마흔 수업,9791198013026,3,사회과학,다독자,6,True,True,True
만일 내가 인생을 다시 산다면 :벌써 마흔이 된 당신에게 해 주고 싶은 말들 42,9791190538510,1,철학,메리골드 마음 세탁소 =윤정은 장편소설 /Marigold mind laundry,9791191891287,8,문학,다독자,7,True,True,False
만일 내가 인생을 다시 산다면 :벌써 마흔이 된 당신에게 해 주고 싶은 말들 42,9791190538510,1,철학,마흔에 읽는 쇼펜하우어 :마음의 위기를 다스리는 철학 수업,9791192300818,1,철학,다독자,8,False,True,False
만일 내가 인생을 다시 산다면 :벌써 마흔이 된 당신에게 해 주고 싶은 말들 42,9791190538510,1,철학,안녕이라 그랬어 :김애란 소설,9791141602376,8,문학,다독자,9,True,False,False
만일 내가 인생을 다시 산다면 :벌써 마흔이 된 당신에게 해 주고 싶은 말들 42,9791190538510,1,철학,세이노의 가르침 :피보다 진하게 살아라,9791168473690,3,사회과학,다독자,10,True,True,False
도파민네이션 :쾌락 과잉 시대에서 균형 찾기,9788965965046,1,철학,"도둑맞은 집중력 :집중력 위기의 시대, 삶의 주도권을 되찾는 법",9791167740984,1,철학,함께대출,1,False,True,True
도파민네이션 :쾌락 과잉 시대에서 균형 찾기,9788965965046,1,철학,"물고기는 존재하지 않는다 :상실, 사랑 그리고 숨어 있는 삶의 질서에 관한 이야기",9791189327156,4,자연과학,함께대출,2,True,True,False
도파민네이션 :쾌락 과잉 시대에서 균형 찾기,9788965965046,1,철학,세이노의 가르침 :피보다 진하게 살아라,9791168473690,3,사회과학,함께대출,3,True,True,False
도파민네이션 :쾌락 과잉 시대에서 균형 찾기,9788965965046,1,철학,아주 작은 습관의 힘 :최고의 변화는 어떻게 만들어지는가,9791162540640,1,철학,함께대출,4,False,True,False
도파민네이션 :쾌락 과잉 시대에서 균형 찾기,9788965965046,1,철학,역행자 :돈·시간·운명으로부터 완전한 자유를 얻는 7단계 인생 공략집,9788901260716,3,사회과학,함께대출,5,True,True,False
도파민네이션 :쾌락 과잉 시대에서 균형 찾기,9788965965046,1,철학,아버지의 해방일지 :정지아 장편소설,9788936438838,8,문학,함께대출,6,True,True,False
도파민네이션 :쾌락 과잉 시대에서 균형 찾기,9788965965046,1,철학,원씽 :복잡한 세상을 이기는 단순함의 힘,9788997575169,3,사회과학,함께대출,7,True,False,False
도파민네이션 :쾌락 과잉 시대에서 균형 찾기,9788965965046,1,철학,돈의 심리학 :당신은 왜 부자가 되지 못했는가,9791191056372,3,사회과학,함께대출,8,True,True,False
도파민네이션 :쾌락 과잉 시대에서 균형 찾기,9788965965046,1,철학,불편한 편의점 :김호연 장편소설,9791161571188,8,문학,함께대출,9,True,True,False
도파민네이션 :쾌락 과잉 시대에서 균형 찾기,9788965965046,1,철학,모순 :양귀자 장편소설,9788998441012,8,문학,함께대출,10,True,False,False
도파민네이션 :쾌락 과잉 시대에서 균형 찾기,9788965965046,1,철학,도파민 디톡스 :쾌락과 고통에 지배당한 뇌를 되돌려라,9788965966647,1,철학,마니아,1,False,False,False
도파민네이션 :쾌락 과잉 시대에서 균형 찾기,9788965965046,1,철학,"최선의 고통 :고통과 쾌락, 그 최적의 지점에서",9788925578347,1,철학,마니아,2,False,False,False
도파민네이션 :쾌락 과잉 시대에서 균형 찾기,9788965965046,1,철학,(천재인가 미치광이인가) 도파민형 인간,9788965708636,5,기술과학,마니아,3,True,False,False
도파민네이션 :쾌락 과잉 시대에서 균형 찾기,9788965965046,1,철학,초집중 :집중력을 지배하고 원하는 인생을 사는 비결,9791135485121,1,철학,마니아,4,False,False,False
도파민네이션 :쾌락 과잉 시대에서 균형 찾기,9788965965046,1,철학,"울트라러닝, 세계 0.1%가 지식을 얻는 비밀 :짧은 시간에 가장 완벽한 지식을 얻는 9단계 초학습법",9791162541289,3,사회과학,마니아,5,True,False,False
도파민네이션 :쾌락 과잉 시대에서 균형 찾기,9788965965046,1,철학,운동의 뇌과학 :불안장애에 시달린 뇌과학자가 발견한 7가지 운동의 힘,9791139716009,5,기술과학,마니아,6,True,False,False
도파민네이션 :쾌락 과잉 시대에서 균형 찾기,9788965965046,1,철학,탤런트 코드 :재능을 지배하는 세 가지 법칙,9788901248974,1,철학,마니아,7,False,False,False
도파민네이션 :쾌락 과잉 시대에서 균형 찾기,9788965965046,1,철학,"인스타 브레인 =몰입을 빼앗긴 시대, 똑똑한 뇌 사용법 /Insta brain",9791157686179,5,기술과학,마니아,8,True,False,False
도파민네이션 :쾌락 과잉 시대에서 균형 찾기,9788965965046,1,철학,습관의 알고리즘 :인간의 뇌는 어떻게 행동을 설계하는가,9791162542644,1,철학,마니아,9,False,False,False
도파민네이션 :쾌락 과잉 시대에서 균형 찾기,9788965965046,1,철학,브레인포그 :내 삶의 몰입과 집중을 되찾는 10가지 방법,9788947549158,1,철학,마니아,10,False,False,False
도파민네이션 :쾌락 과잉 시대에서 균형 찾기,9788965965046,1,철학,"도둑맞은 집중력 :집중력 위기의 시대, 삶의 주도권을 되찾는 법",9791167740984,1,철학,다독자,1,False,True,True
도파민네이션 :쾌락 과잉 시대에서 균형 찾기,9788965965046,1,철학,불변의 법칙 :절대 변하지 않는 것들에 대한 23가지 이야기,9791198517425,3,사회과학,다독자,2,True,True,False
도파민네이션 :쾌락 과잉 시대에서 균형 찾기,9788965965046,1,철학,"편안함의 습격 :편리와 효율, 멸균과 풍족의 시대가 우리에게서 앗아간 것들에 관하여",9791193238691,5,기술과학,다독자,3,True,False,False
도파민네이션 :쾌락 과잉 시대에서 균형 찾기,9788965965046,1,철학,세이노의 가르침 :피보다 진하게 살아라,9791168473690,3,사회과학,다독자,4,True,True,False
도파민네이션 :쾌락 과잉 시대에서 균형 찾기,9788965965046,1,철학,"경험의 멸종 :기술이 경험을 대체하는 시대, 인간은 계속 인간일 수 있을까",9791167742063,3,사회과학,다독자,5,True,False,False
도파민네이션 :쾌락 과잉 시대에서 균형 찾기,9788965965046,1,철학,이처럼 사소한 것들 :클레어 키건 소설,9791130646381,8,문학,다독자,6,True,True,False
도파민네이션 :쾌락 과잉 시대에서 균형 찾기,9788965965046,1,철학,퓨처 셀프 :현재와 미래가 달라지는 놀라운 혁명,9791192389325,3,사회과학,다독자,7,True,True,False
도파민네이션 :쾌락 과잉 시대에서 균형 찾기,9788965965046,1,철학,나는 메트로폴리탄 미술관의 경비원입니다 :가장 경이로운 세계 속으로 숨어버린 한 남자의 이야기,9788901276533,8,문학,다독자,8,True,False,False
도파민네이션 :쾌락 과잉 시대에서 균형 찾기,9788965965046,1,철학,렛뎀 이론 :인생이 '나'로 충만해지는 내버려두기의 기술,9791162544327,1,철학,다독자,9,False,False,False
도파민네이션 :쾌락 과잉 시대에서 균형 찾기,9788965965046,1,철학,"물고기는 존재하지 않는다 :상실, 사랑 그리고 숨어 있는 삶의 질서에 관한 이야기",9791189327156,4,자연과학,다독자,10,True,True,False
(설민석의) 그리스 로마 신화 대모험,9791191496949,2,종교,설민석의 한국사 대모험,9791198179913,9,역사,함께대출,10,True,False,False
내가 틀릴 수도 있습니다 =숲속의 현자가 전하는 마지막 인생수업 /I may be wrong,9791130689890,2,종교,아버지의 해방일지 :정지아 장편소설,9788936438838,8,문학,함께대출,1,True,True,False
내가 틀릴 수도 있습니다 =숲속의 현자가 전하는 마지막 인생수업 /I may be wrong,9791130689890,2,종교,"물고기는 존재하지 않는다 :상실, 사랑 그리고 숨어 있는 삶의 질서에 관한 이야기",9791189327156,4,자연과학,함께대출,2,True,True,False
내가 틀릴 수도 있습니다 =숲속의 현자가 전하는 마지막 인생수업 /I may be wrong,9791130689890,2,종교,이처럼 사소한 것들 :클레어 키건 소설,9791130646381,8,문학,함께대출,3,True,True,False
내가 틀릴 수도 있습니다 =숲속의 현자가 전하는 마지막 인생수업 /I may be wrong,9791130689890,2,종교,작별하지 않는다 :한강 장편소설,9788954682152,8,문학,함께대출,4,True,True,False
내가 틀릴 수도 있습니다 =숲속의 현자가 전하는 마지막 인생수업 /I may be wrong,9791130689890,2,종교,불편한 편의점 :김호연 장편소설,9791161571188,8,문학,함께대출,5,True,True,False
내가 틀릴 수도 있습니다 =숲속의 현자가 전하는 마지막 인생수업 /I may be wrong,9791130689890,2,종교,"도둑맞은 집중력 :집중력 위기의 시대, 삶의 주도권을 되찾는 법",9791167740984,1,철학,함께대출,6,True,True,False
내가 틀릴 수도 있습니다 =숲속의 현자가 전하는 마지막 인생수업 /I may be wrong,9791130689890,2,종교,밝은 밤 :최은영 장편소설,9788954681179,8,문학,함께대출,7,True,True,False
내가 틀릴 수도 있습니다 =숲속의 현자가 전하는 마지막 인생수업 /I may be wrong,9791130689890,2,종교,모순 :양귀자 장편소설,9788998441012,8,문학,함께대출,8,True,False,False
내가 틀릴 수도 있습니다 =숲속의 현자가 전하는 마지막 인생수업 /I may be wrong,9791130689890,2,종교,나는 메트로폴리탄 미술관의 경비원입니다 :가장 경이로운 세계 속으로 숨어버린 한 남자의 이야기,9788901276533,8,문학,함께대출,9,True,False,False
내가 틀릴 수도 있습니다 =숲속의 현자가 전하는 마지막 인생수업 /I may be wrong,9791130689890,2,종교,만일 내가 인생을 다시 산다면 :벌써 마흔이 된 당신에게 해 주고 싶은 말들 42,9791190538510,1,철학,함께대출,10,True,True,False
내가 틀릴 수도 있습니다 =숲속의 현자가 전하는 마지막 인생수업 /I may be wrong,9791130689890,2,종교,술 취한 코끼리 길들이기 :마음속 108마리 코끼리 이야기,9791195026135,2,종교,마니아,1,False,False,False
내가 틀릴 수도 있습니다 =숲속의 현자가 전하는 마지막 인생수업 /I may be wrong,9791130689890,2,종교,모든 삶은 흐른다 :삶의 지표가 필요한 당신에게 바다가 건네는 말,9791190299770,1,철학,마니아,2,True,False,False
내가 틀릴 수도 있습니다 =숲속의 현자가 전하는 마지막 인생수업 /I may be wrong,9791130689890,2,종교,평범하여 찬란한 삶을 향한 찬사 :완벽하지 않아 완전한 삶에 대하여,9791193866030,1,철학,마니아,3,True,False,False
내가 틀릴 수도 있습니다 =숲속의 현자가 전하는 마지막 인생수업 /I may be wrong,9791130689890,2,종교,당신이 생각하는 모든 것을 믿지 말라,9791198517401,3,사회과학,마니아,5,True,False,False
내가 틀릴 수도 있습니다 =숲속의 현자가 전하는 마지막 인생수업 /I may be wrong,9791130689890,2,종교,아직 오지 않은 날들을 위하여 :세계적 지성이 전하는 나이듦의 새로운 태도,9791168340039,1,철학,마니아,6,True,False,False
내가 틀릴 수도 있습니다 =숲속의 현자가 전하는 마지막 인생수업 /I may be wrong,9791130689890,2,종교,만일 나에게 단 한 번의 아침이 남아 있다면 :오늘이 끝나기 전 반드시 깨달아야 할 것들,9791193937112,3,사회과학,마니아,7,True,False,False
내가 틀릴 수도 있습니다 =숲속의 현자가 전하는 마지막 인생수업 /I may be wrong,9791130689890,2,종교,인생의 태도 :행복한 이기주의자로 평생 살아보니 알게 된 것들,9791165211653,1,철학,마니아,8,True,False,False
내가 틀릴 수도 있습니다 =숲속의 현자가 전하는 마지막 인생수업 /I may be wrong,9791130689890,2,종교,우리는 왜 잠을 자야 할까 :수면과 꿈의 과학,9788932919584,5,기술과학,마니아,9,True,False,False
내가 틀릴 수도 있습니다 =숲속의 현자가 전하는 마지막 인생수업 /I may be wrong,9791130689890,2,종교,"무엇이 옳은가 :궁극의 질문들, 우리의 방향이 되다",9788933871805,1,철학,마니아,10,True,False,False
내가 틀릴 수도 있습니다 =숲속의 현자가 전하는 마지막 인생수업 /I may be wrong,9791130689890,2,종교,단 한 번의 삶,9791191114768,8,문학,다독자,1,True,False,False
내가 틀릴 수도 있습니다 =숲속의 현자가 전하는 마지막 인생수업 /I may be wrong,9791130689890,2,종교,안녕이라 그랬어 :김애란 소설,9791141602376,8,문학,다독자,2,True,False,False
내가 틀릴 수도 있습니다 =숲속의 현자가 전하는 마지막 인생수업 /I may be wrong,9791130689890,2,종교,이처럼 사소한 것들 :클레어 키건 소설,9791130646381,8,문학,다독자,3,True,True,False
내가 틀릴 수도 있습니다 =숲속의 현자가 전하는 마지막 인생수업 /I may be wrong,9791130689890,2,종교,어른의 행복은 조용하다,9791169851053,8,문학,다독자,4,True,False,False
내가 틀릴 수도 있습니다 =숲속의 현자가 전하는 마지막 인생수업 /I may be wrong,9791130689890,2,종교,혼모노 :성해나 소설집,9788936439743,8,문학,다독자,5,True,False,False
내가 틀릴 수도 있습니다 =숲속의 현자가 전하는 마지막 인생수업 /I may be wrong,9791130689890,2,종교,나는 메트로폴리탄 미술관의 경비원입니다 :가장 경이로운 세계 속으로 숨어버린 한 남자의 이야기,9788901276533,8,문학,다독자,6,True,False,False
내가 틀릴 수도 있습니다 =숲속의 현자가 전하는 마지막 인생수업 /I may be wrong,9791130689890,2,종교,아버지의 해방일지 :정지아 장편소설,9788936438838,8,문학,다독자,7,True,True,False
내가 틀릴 수도 있습니다 =숲속의 현자가 전하는 마지막 인생수업 /I may be wrong,9791130689890,2,종교,이중 하나는 거짓말 :김애란 장편소설,9791141601300,8,문학,다독자,8,True,False,False
내가 틀릴 수도 있습니다 =숲속의 현자가 전하는 마지막 인생수업 /I may be wrong,9791130689890,2,종교,절창 :구병모 장편소설,9791141602451,8,문학,다독자,9,True,False,False
내가 틀릴 수도 있습니다 =숲속의 현자가 전하는 마지막 인생수업 /I may be wrong,9791130689890,2,종교,"도둑맞은 집중력 :집중력 위기의 시대, 삶의 주도권을 되찾는 법",9791167740984,1,철학,다독자,10,True,True,False
만화 한국 신화 :어린이를 위한 우리 인문학,9791130696614,2,종교,(설민석의) 그리스 로마 신화 대모험,9791191496949,2,종교,함께대출,7,False,True,False
만화 한국 신화 :어린이를 위한 우리 인문학,9791130696614,2,종교,(설민석의) 그리스 로마 신화 대모험,9791198179982,2,종교,함께대출,8,False,False,False
만화 한국 신화 :어린이를 위한 우리 인문학,9791130696614,2,종교,(설민석의) 그리스 로마 신화 대모험,9791191496628,2,종교,함께대출,9,False,False,False
만화 한국 신화 :어린이를 위한 우리 인문학,9791130696614,2,종교,(설민석의) 그리스 로마 신화 대모험,9791193031209,2,종교,함께대출,10,False,False,False
만화 한국 신화 :어린이를 위한 우리 인문학,9791130696614,2,종교,만화 한국 신화 8 : 특급 저승사자 강림,9791130666303,,미상,마니아,7,False,False,False
만화 한국 신화 :어린이를 위한 우리 인문학,9791130696614,2,종교,"만화 한국 신화 9 : 우리 집 수호신, 성주신과 조왕신",9791130670393,,미상,마니아,8,False,False,False
만화 한국 신화 :어린이를 위한 우리 인문학,9791130696614,2,종교,(곽재식의) 한국사 괴물 수사대,9788934946779,9,역사,마니아,9,True,False,False
만화 한국 신화 :어린이를 위한 우리 인문학,9791130696614,2,종교,김영하의 세계문학 원정대,9788934911302,8,문학,마니아,10,True,False,False
만화 한국 신화 :어린이를 위한 우리 인문학,9791130696614,2,종교,만화 한국 신화 8 : 특급 저승사자 강림,9791130666303,,미상,다독자,7,False,False,False
만화 한국 신화 :어린이를 위한 우리 인문학,9791130696614,2,종교,"만화 한국 신화 9 : 우리 집 수호신, 성주신과 조왕신",9791130670393,,미상,다독자,8,False,False,False
만화 한국 신화 :어린이를 위한 우리 인문학,9791130696614,2,종교,(설민석의) 그리스 로마 신화 대모험,9791194616054,2,종교,다독자,9,False,False,False
만화 한국 신화 :어린이를 위한 우리 인문학,9791130696614,2,종교,(설민석의) 그리스 로마 신화 대모험,9791193031711,2,종교,다독자,10,False,False,False
세이노의 가르침 :피보다 진하게 살아라,9791168473690,3,사회과학,역행자 :돈·시간·운명으로부터 완전한 자유를 얻는 7단계 인생 공략집,9788901260716,3,사회과학,함께대출,1,False,True,True
세이노의 가르침 :피보다 진하게 살아라,9791168473690,3,사회과학,불편한 편의점 :김호연 장편소설,9791161571188,8,문학,함께대출,2,True,True,False
세이노의 가르침 :피보다 진하게 살아라,9791168473690,3,사회과학,불편한 편의점 :김호연 장편소설,9791161571379,8,문학,함께대출,3,True,False,False
세이노의 가르침 :피보다 진하게 살아라,9791168473690,3,사회과학,돈의 속성 :최상위 부자가 말하는 돈에 대한 모든 것,9791188331796,3,사회과학,함께대출,4,False,True,True
세이노의 가르침 :피보다 진하게 살아라,9791168473690,3,사회과학,아버지의 해방일지 :정지아 장편소설,9788936438838,8,문학,함께대출,5,True,True,False
세이노의 가르침 :피보다 진하게 살아라,9791168473690,3,사회과학,"도둑맞은 집중력 :집중력 위기의 시대, 삶의 주도권을 되찾는 법",9791167740984,1,철학,함께대출,6,True,True,True
세이노의 가르침 :피보다 진하게 살아라,9791168473690,3,사회과학,마흔에 읽는 쇼펜하우어 :마음의 위기를 다스리는 철학 수업,9791192300818,1,철학,함께대출,7,True,True,True
세이노의 가르침 :피보다 진하게 살아라,9791168473690,3,사회과학,원씽 :복잡한 세상을 이기는 단순함의 힘,9788997575169,3,사회과학,함께대출,8,False,False,False
세이노의 가르침 :피보다 진하게 살아라,9791168473690,3,사회과학,메리골드 마음 세탁소 =윤정은 장편소설 /Marigold mind laundry,9791191891287,8,문학,함께대출,9,True,True,False
세이노의 가르침 :피보다 진하게 살아라,9791168473690,3,사회과학,퓨처 셀프 :현재와 미래가 달라지는 놀라운 혁명,9791192389325,3,사회과학,함께대출,10,False,True,True
세이노의 가르침 :피보다 진하게 살아라,9791168473690,3,사회과학,공자가 죽어야 나라가 산다,9791166891533,3,사회과학,마니아,1,False,False,False
세이노의 가르침 :피보다 진하게 살아라,9791168473690,3,사회과학,이웃집 백만장자 :푼돈이 모여 어마어마한 재산이 되는 생생한 비법,9788972773627,3,사회과학,마니아,2,False,False,False
세이노의 가르침 :피보다 진하게 살아라,9791168473690,3,사회과학,(허브 코헨의) 협상의 기술,9788934989738,3,사회과학,마니아,3,False,False,False
세이노의 가르침 :피보다 진하게 살아라,9791168473690,3,사회과학,이웃집 백만장자 변하지 않는 부의 법칙 :흔들리지 않는 부는 어떻게 축적되는가,9791162541197,3,사회과학,마니아,4,False,False,False
세이노의 가르침 :피보다 진하게 살아라,9791168473690,3,사회과학,역행자 :돈·시간·운명으로부터 완전한 자유를 얻는 7단계 인생 공략집,9788901260716,3,사회과학,마니아,5,False,True,True
세이노의 가르침 :피보다 진하게 살아라,9791168473690,3,사회과학,원씽 :복잡한 세상을 이기는 단순함의 힘,9788997575169,3,사회과학,마니아,6,False,False,False
세이노의 가르침 :피보다 진하게 살아라,9791168473690,3,사회과학,역행자 :확장판,9788901272580,3,사회과학,마니아,7,False,False,False
세이노의 가르침 :피보다 진하게 살아라,9791168473690,3,사회과학,트렌드 코리아 2024 :청룡을 타고 비상하는 2024를 기원하며!,9788959897179,3,사회과학,마니아,8,False,False,False
세이노의 가르침 :피보다 진하게 살아라,9791168473690,3,사회과학,부자의 언어 (양장 리커버 골드씨드 에디션) - 어떻게 살아야 부자가 되는지 묻는 아들에게,9791155815915,,미상,마니아,9,False,False,False
세이노의 가르침 :피보다 진하게 살아라,9791168473690,3,사회과학,불변의 법칙 :절대 변하지 않는 것들에 대한 23가지 이야기,9791198517425,3,사회과학,마니아,10,False,True,True
세이노의 가르침 :피보다 진하게 살아라,9791168473690,3,사회과학,역행자 :돈·시간·운명으로부터 완전한 자유를 얻는 7단계 인생 공략집,9788901260716,3,사회과학,다독자,1,False,True,True
세이노의 가르침 :피보다 진하게 살아라,9791168473690,3,사회과학,마흔에 읽는 쇼펜하우어 :마음의 위기를 다스리는 철학 수업,9791192300818,1,철학,다독자,2,True,True,True
세이노의 가르침 :피보다 진하게 살아라,9791168473690,3,사회과학,불편한 편의점 :김호연 장편소설,9791161571188,8,문학,다독자,3,True,True,False
세이노의 가르침 :피보다 진하게 살아라,9791168473690,3,사회과학,불편한 편의점 :김호연 장편소설,9791161571379,8,문학,다독자,4,True,False,False
세이노의 가르침 :피보다 진하게 살아라,9791168473690,3,사회과학,돈의 속성 :최상위 부자가 말하는 돈에 대한 모든 것,9791188331796,3,사회과학,다독자,5,False,True,True
세이노의 가르침 :피보다 진하게 살아라,9791168473690,3,사회과학,"도둑맞은 집중력 :집중력 위기의 시대, 삶의 주도권을 되찾는 법",9791167740984,1,철학,다독자,6,True,True,True
세이노의 가르침 :피보다 진하게 살아라,9791168473690,3,사회과학,퓨처 셀프 :현재와 미래가 달라지는 놀라운 혁명,9791192389325,3,사회과학,다독자,7,False,True,True
세이노의 가르침 :피보다 진하게 살아라,9791168473690,3,사회과학,단 한 번의 삶,9791191114768,8,문학,다독자,8,True,False,False
세이노의 가르침 :피보다 진하게 살아라,9791168473690,3,사회과학,아버지의 해방일지 :정지아 장편소설,9788936438838,8,문학,다독자,9,True,True,False
세이노의 가르침 :피보다 진하게 살아라,9791168473690,3,사회과학,메리골드 마음 세탁소 =윤정은 장편소설 /Marigold mind laundry,9791191891287,8,문학,다독자,10,True,True,False
퓨처 셀프 :현재와 미래가 달라지는 놀라운 혁명,9791192389325,3,사회과학,세이노의 가르침 :피보다 진하게 살아라,9791168473690,3,사회과학,함께대출,1,False,True,True
퓨처 셀프 :현재와 미래가 달라지는 놀라운 혁명,9791192389325,3,사회과학,역행자 :돈·시간·운명으로부터 완전한 자유를 얻는 7단계 인생 공략집,9788901260716,3,사회과학,함께대출,2,False,True,True
퓨처 셀프 :현재와 미래가 달라지는 놀라운 혁명,9791192389325,3,사회과학,"도둑맞은 집중력 :집중력 위기의 시대, 삶의 주도권을 되찾는 법",9791167740984,1,철학,함께대출,3,True,True,True
퓨처 셀프 :현재와 미래가 달라지는 놀라운 혁명,9791192389325,3,사회과학,원씽 :복잡한 세상을 이기는 단순함의 힘,9788997575169,3,사회과학,함께대출,4,False,False,False
퓨처 셀프 :현재와 미래가 달라지는 놀라운 혁명,9791192389325,3,사회과학,돈의 속성 :최상위 부자가 말하는 돈에 대한 모든 것,9791188331796,3,사회과학,함께대출,5,False,True,True
퓨처 셀프 :현재와 미래가 달라지는 놀라운 혁명,9791192389325,3,사회과학,마흔에 읽는 쇼펜하우어 :마음의 위기를 다스리는 철학 수업,9791192300818,1,철학,함께대출,6,True,True,False
퓨처 셀프 :현재와 미래가 달라지는 놀라운 혁명,9791192389325,3,사회과학,돈의 심리학 :당신은 왜 부자가 되지 못했는가,9791191056372,3,사회과학,함께대출,7,False,True,True
퓨처 셀프 :현재와 미래가 달라지는 놀라운 혁명,9791192389325,3,사회과학,불변의 법칙 :절대 변하지 않는 것들에 대한 23가지 이야기,9791198517425,3,사회과학,함께대출,8,False,True,True
퓨처 셀프 :현재와 미래가 달라지는 놀라운 혁명,9791192389325,3,사회과학,타이탄의 도구들 :1만 시간의 법칙을 깬 거인들의 61가지 전략,9791158510619,3,사회과학,함께대출,9,False,True,True
퓨처 셀프 :현재와 미래가 달라지는 놀라운 혁명,9791192389325,3,사회과학,아주 작은 습관의 힘 :최고의 변화는 어떻게 만들어지는가,9791162540640,1,철학,함께대출,10,True,True,True
퓨처 셀프 :현재와 미래가 달라지는 놀라운 혁명,9791192389325,3,사회과학,놀라움의 힘 :내 삶을 바꾸는 놀라움의 비밀,9791192389516,3,사회과학,마니아,1,False,False,False
퓨처 셀프 :현재와 미래가 달라지는 놀라운 혁명,9791192389325,3,사회과학,의학의 대가들 :심장병부터 출산까지 인류의 가장 위험한 적과 싸운 의사들의 이야기,9791192389400,5,기술과학,마니아,2,True,False,False
퓨처 셀프 :현재와 미래가 달라지는 놀라운 혁명,9791192389325,3,사회과학,강인함의 힘 :회복탄력성을 능가하는 강인함의 비밀,9791192389776,3,사회과학,마니아,3,False,False,False
퓨처 셀프 :현재와 미래가 달라지는 놀라운 혁명,9791192389325,3,사회과학,미래의 나를 만난 후 오늘이 달라졌다 :5년 뒤 나를 바꾸는 퓨처 셀프의 비밀,9791162543726,1,철학,마니아,4,True,False,False
퓨처 셀프 :현재와 미래가 달라지는 놀라운 혁명,9791192389325,3,사회과학,10배 마인드셋 :10배가 2배보다 쉽다,9791192005447,3,사회과학,마니아,5,False,False,False
퓨처 셀프 :현재와 미래가 달라지는 놀라운 혁명,9791192389325,3,사회과학,최고의 변화는 어떻게 만들어지는가 :쉽고 단순하게 나를 바꾸는 사람들의 비밀,9791162542200,3,사회과학,마니아,6,False,False,False
퓨처 셀프 :현재와 미래가 달라지는 놀라운 혁명,9791192389325,3,사회과학,유연함의 힘 :유연함으로 쓰는 새로운 성장 공식,9791192389073,3,사회과학,마니아,7,False,False,False
퓨처 셀프 :현재와 미래가 달라지는 놀라운 혁명,9791192389325,3,사회과학,최고의 변화는 어디서 시작되는가 :노력만 하는 독종은 모르는 성공의 법칙,9791162540237,3,사회과학,마니아,8,False,False,False
퓨처 셀프 :현재와 미래가 달라지는 놀라운 혁명,9791192389325,3,사회과학,더 마인드 =무의식이 이끄는 부의 해답 /The mind,9788901276571,3,사회과학,마니아,9,False,False,False
퓨처 셀프 :현재와 미래가 달라지는 놀라운 혁명,9791192389325,3,사회과학,일류의 조건,9791193262122,3,사회과학,마니아,10,False,False,False
퓨처 셀프 :현재와 미래가 달라지는 놀라운 혁명,9791192389325,3,사회과학,세이노의 가르침 :피보다 진하게 살아라,9791168473690,3,사회과학,다독자,1,False,True,True
퓨처 셀프 :현재와 미래가 달라지는 놀라운 혁명,9791192389325,3,사회과학,불변의 법칙 :절대 변하지 않는 것들에 대한 23가지 이야기,9791198517425,3,사회과학,다독자,2,False,True,True
퓨처 셀프 :현재와 미래가 달라지는 놀라운 혁명,9791192389325,3,사회과학,역행자 :돈·시간·운명으로부터 완전한 자유를 얻는 7단계 인생 공략집,9788901260716,3,사회과학,다독자,3,False,True,True
퓨처 셀프 :현재와 미래가 달라지는 놀라운 혁명,9791192389325,3,사회과학,"도둑맞은 집중력 :집중력 위기의 시대, 삶의 주도권을 되찾는 법",9791167740984,1,철학,다독자,4,True,True,True
퓨처 셀프 :현재와 미래가 달라지는 놀라운 혁명,9791192389325,3,사회과학,원씽 :복잡한 세상을 이기는 단순함의 힘,9788997575169,3,사회과학,다독자,5,False,False,False
퓨처 셀프 :현재와 미래가 달라지는 놀라운 혁명,9791192389325,3,사회과학,고전이 답했다 :마땅히 살아야 할 삶에 대하여,9791193939130,1,철학,다독자,6,True,False,False
퓨처 셀프 :현재와 미래가 달라지는 놀라운 혁명,9791192389325,3,사회과학,듀얼 브레인 =AI 시대의 실용적 생존 가이드 /Dual brain,9791194368175,3,사회과학,다독자,7,False,False,False
퓨처 셀프 :현재와 미래가 달라지는 놀라운 혁명,9791192389325,3,사회과학,돈의 속성 :최상위 부자가 말하는 돈에 대한 모든 것,9791188331796,3,사회과학,다독자,8,False,True,True
퓨처 셀프 :현재와 미래가 달라지는 놀라운 혁명,9791192389325,3,사회과학,마흔에 읽는 쇼펜하우어 :마음의 위기를 다스리는 철학 수업,9791192300818,1,철학,다독자,9,True,True,False
퓨처 셀프 :현재와 미래가 달라지는 놀라운 혁명,9791192389325,3,사회과학,돈의 심리학 :당신은 왜 부자가 되지 못했는가,9791191056372,3,사회과학,다독자,10,False,True,True
돈의 속성 :최상위 부자가 말하는 돈에 대한 모든 것,9791188331796,3,사회과학,돈의 심리학 :당신은 왜 부자가 되지 못했는가,9791191056372,3,사회과학,함께대출,1,False,True,True
돈의 속성 :최상위 부자가 말하는 돈에 대한 모든 것,9791188331796,3,사회과학,역행자 :돈·시간·운명으로부터 완전한 자유를 얻는 7단계 인생 공략집,9788901260716,3,사회과학,함께대출,2,False,True,True
돈의 속성 :최상위 부자가 말하는 돈에 대한 모든 것,9791188331796,3,사회과학,부자 아빠 가난한 아빠 :20주년 특별 기념판,9791158883591,3,사회과학,함께대출,3,False,False,False
돈의 속성 :최상위 부자가 말하는 돈에 대한 모든 것,9791188331796,3,사회과학,세이노의 가르침 :피보다 진하게 살아라,9791168473690,3,사회과학,함께대출,4,False,True,True
돈의 속성 :최상위 부자가 말하는 돈에 대한 모든 것,9791188331796,3,사회과학,원씽 :복잡한 세상을 이기는 단순함의 힘,9788997575169,3,사회과학,함께대출,5,False,False,False
돈의 속성 :최상위 부자가 말하는 돈에 대한 모든 것,9791188331796,3,사회과학,타이탄의 도구들 :1만 시간의 법칙을 깬 거인들의 61가지 전략,9791158510619,3,사회과학,함께대출,6,False,True,True
돈의 속성 :최상위 부자가 말하는 돈에 대한 모든 것,9791188331796,3,사회과학,아주 작은 습관의 힘 :최고의 변화는 어떻게 만들어지는가,9791162540640,1,철학,함께대출,7,True,True,True
돈의 속성 :최상위 부자가 말하는 돈에 대한 모든 것,9791188331796,3,사회과학,불편한 편의점 :김호연 장편소설,9791161571188,8,문학,함께대출,8,True,True,False
돈의 속성 :최상위 부자가 말하는 돈에 대한 모든 것,9791188331796,3,사회과학,(EBS 다큐프라임) 자본주의,9788957365793,3,사회과학,함께대출,9,False,False,False
돈의 속성 :최상위 부자가 말하는 돈에 대한 모든 것,9791188331796,3,사회과학,부의 추월차선 :부자들이 말해 주지 않는 진정한 부를 얻는 방법,9788994702346,3,사회과학,함께대출,10,False,False,False
돈의 속성 :최상위 부자가 말하는 돈에 대한 모든 것,9791188331796,3,사회과학,알면서도 알지 못하는 것들 :가장 기본적인 소망에 대하여,9791195963300,1,철학,마니아,1,True,False,False
돈의 속성 :최상위 부자가 말하는 돈에 대한 모든 것,9791188331796,3,사회과학,"생각의 비밀 =김밥 파는 CEO, 부자의 탄생을 말하다 /Thoughts become things",9788997287093,3,사회과학,마니아,2,False,False,False
돈의 속성 :최상위 부자가 말하는 돈에 대한 모든 것,9791188331796,3,사회과학,사장학개론,9791188331888,3,사회과학,마니아,3,False,False,False
돈의 속성 :최상위 부자가 말하는 돈에 대한 모든 것,9791188331796,3,사회과학,(흔들리지 않는) 돈의 법칙,9788925563305,3,사회과학,마니아,4,False,False,False
돈의 속성 :최상위 부자가 말하는 돈에 대한 모든 것,9791188331796,3,사회과학,부의 추월차선 :부자들이 말해 주지 않는 진정한 부를 얻는 방법,9788994702346,3,사회과학,마니아,5,False,False,False
돈의 속성 :최상위 부자가 말하는 돈에 대한 모든 것,9791188331796,3,사회과학,레버리지 :자본주의 속에 숨겨진 부의 비밀,9791130612249,3,사회과학,마니아,6,False,False,False
돈의 속성 :최상위 부자가 말하는 돈에 대한 모든 것,9791188331796,3,사회과학,부의 추월차선 :부자들이 말해 주지 않는 진정한 부를 얻는 방법,9791187444725,3,사회과학,마니아,7,False,False,False
돈의 속성 :최상위 부자가 말하는 돈에 대한 모든 것,9791188331796,3,사회과학,부자의 그릇 :돈을 다루는 능력을 키우는 법,9791130633619,3,사회과학,마니아,8,False,False,False
돈의 속성 :최상위 부자가 말하는 돈에 대한 모든 것,9791188331796,3,사회과학,부의 인문학 :슈퍼리치의 서재에서 찾아낸 부자의 길,9788995563502,3,사회과학,마니아,9,False,False,False
돈의 속성 :최상위 부자가 말하는 돈에 대한 모든 것,9791188331796,3,사회과학,부의 본능 :슈퍼리치가 되는 9가지 방법,9791187444282,3,사회과학,마니아,10,False,False,False
돈의 속성 :최상위 부자가 말하는 돈에 대한 모든 것,9791188331796,3,사회과학,세이노의 가르침 :피보다 진하게 살아라,9791168473690,3,사회과학,다독자,1,False,True,True
돈의 속성 :최상위 부자가 말하는 돈에 대한 모든 것,9791188331796,3,사회과학,역행자 :돈·시간·운명으로부터 완전한 자유를 얻는 7단계 인생 공략집,9788901260716,3,사회과학,다독자,2,False,True,True
돈의 속성 :최상위 부자가 말하는 돈에 대한 모든 것,9791188331796,3,사회과학,불변의 법칙 :절대 변하지 않는 것들에 대한 23가지 이야기,9791198517425,3,사회과학,다독자,3,False,True,True
돈의 속성 :최상위 부자가 말하는 돈에 대한 모든 것,9791188331796,3,사회과학,돈의 심리학 :당신은 왜 부자가 되지 못했는가,9791191056372,3,사회과학,다독자,4,False,True,True
돈의 속성 :최상위 부자가 말하는 돈에 대한 모든 것,9791188331796,3,사회과학,퓨처 셀프 :현재와 미래가 달라지는 놀라운 혁명,9791192389325,3,사회과학,다독자,5,False,True,True
돈의 속성 :최상위 부자가 말하는 돈에 대한 모든 것,9791188331796,3,사회과학,박곰희 연금 부자 수업 :4개의 통장으로 월 300만원 만들기,9791168342941,3,사회과학,다독자,6,False,False,False
돈의 속성 :최상위 부자가 말하는 돈에 대한 모든 것,9791188331796,3,사회과학,"돈의 방정식 :돈을 지위와 성공의 기준, 그 이상으로 다루기 위한 21가지 이야기",9791193904671,3,사회과학,다독자,7,False,False,False
돈의 속성 :최상위 부자가 말하는 돈에 대한 모든 것,9791188331796,3,사회과학,고전이 답했다 :마땅히 살아야 할 삶에 대하여,9791193939130,1,철학,다독자,8,True,False,False
돈의 속성 :최상위 부자가 말하는 돈에 대한 모든 것,9791188331796,3,사회과학,사장학개론,9791188331888,3,사회과학,다독자,9,False,False,False
돈의 속성 :최상위 부자가 말하는 돈에 대한 모든 것,9791188331796,3,사회과학,마흔에 읽는 쇼펜하우어 :마음의 위기를 다스리는 철학 수업,9791192300818,1,철학,다독자,10,True,True,False
(흔한남매) 수수께끼 어드벤처 :수수께끼로 배우는 교과 지식,9791168413078,3,사회과학,흔한남매,9791168412477,8,문학,함께대출,4,True,False,False
(흔한남매) 수수께끼 어드벤처 :수수께끼로 배우는 교과 지식,9791168413078,3,사회과학,흔한남매,9791168411685,8,문학,함께대출,5,True,False,False
(흔한남매) 수수께끼 어드벤처 :수수께끼로 배우는 교과 지식,9791168413078,3,사회과학,흔한남매의 흔한 호기심 :일상에서 만나는 과학 상식,9791168413931,4,자연과학,함께대출,6,True,False,False
(흔한남매) 수수께끼 어드벤처 :수수께끼로 배우는 교과 지식,9791168413078,3,사회과학,흔한남매,9791164138197,8,문학,함께대출,7,True,False,False
(흔한남매) 수수께끼 어드벤처 :수수께끼로 배우는 교과 지식,9791168413078,3,사회과학,흔한남매,9791168414471,8,문학,함께대출,8,True,False,False
(흔한남매) 수수께끼 어드벤처 :수수께끼로 배우는 교과 지식,9791168413078,3,사회과학,흔한남매,9791164139897,8,문학,함께대출,9,True,False,False
(흔한남매) 수수께끼 어드벤처 :수수께끼로 배우는 교과 지식,9791168413078,3,사회과학,흔한남매,9791164137527,8,문학,함께대출,10,True,False,False
(흔한남매) 수수께끼 어드벤처 :수수께끼로 배우는 교과 지식,9791168413078,3,사회과학,(흔한남매) 별난 세계 여행,9791168415355,9,역사,마니아,5,True,True,False
(흔한남매) 수수께끼 어드벤처 :수수께끼로 배우는 교과 지식,9791168413078,3,사회과학,(흔한남매) 흔한 게임,9791168418905,8,문학,마니아,6,True,False,False
(흔한남매) 수수께끼 어드벤처 :수수께끼로 배우는 교과 지식,9791168413078,3,사회과학,(흔한남매) 별난 세계 여행,9791168416628,9,역사,마니아,7,True,False,False
(흔한남매) 수수께끼 어드벤처 :수수께끼로 배우는 교과 지식,9791168413078,3,사회과학,(흔한남매) 별난 세계 여행,9791168418424,9,역사,마니아,8,True,False,False
(흔한남매) 수수께끼 어드벤처 :수수께끼로 배우는 교과 지식,9791168413078,3,사회과학,(흔한남매) 흔한 게임,9791173470660,8,문학,마니아,9,True,False,False
(흔한남매) 수수께끼 어드벤처 :수수께끼로 배우는 교과 지식,9791168413078,3,사회과학,(흔한남매) 별난 방탈출 :탈출 미션 스토리북,9791168411692,6,예술,마니아,10,True,False,False
(흔한남매) 수수께끼 어드벤처 :수수께끼로 배우는 교과 지식,9791168413078,3,사회과학,흔한남매,9791168416369,8,문학,다독자,4,True,False,False
(흔한남매) 수수께끼 어드벤처 :수수께끼로 배우는 교과 지식,9791168413078,3,사회과학,흔한남매,9791168417199,8,문학,다독자,5,True,False,False
(흔한남매) 수수께끼 어드벤처 :수수께끼로 배우는 교과 지식,9791168413078,3,사회과학,흔한남매,9791168415232,8,문학,다독자,6,True,False,False
(흔한남매) 수수께끼 어드벤처 :수수께끼로 배우는 교과 지식,9791168413078,3,사회과학,흔한남매,9791168418011,8,문학,다독자,7,True,False,False
(흔한남매) 수수께끼 어드벤처 :수수께끼로 배우는 교과 지식,9791168413078,3,사회과학,흔한남매의 흔한 호기심 :일상에서 만나는 과학 상식,9791168415409,4,자연과학,다독자,8,True,False,False
(흔한남매) 수수께끼 어드벤처 :수수께끼로 배우는 교과 지식,9791168413078,3,사회과학,흔한남매,9791168418844,8,문학,다독자,9,True,False,False
(흔한남매) 수수께끼 어드벤처 :수수께끼로 배우는 교과 지식,9791168413078,3,사회과학,흔한남매의 흔한 호기심 :일상에서 만나는 과학 상식,9791168416598,4,자연과학,다독자,10,True,False,False
돈의 심리학 :당신은 왜 부자가 되지 못했는가,9791191056372,3,사회과학,돈의 속성 :최상위 부자가 말하는 돈에 대한 모든 것,9791188331796,3,사회과학,함께대출,1,False,True,True
돈의 심리학 :당신은 왜 부자가 되지 못했는가,9791191056372,3,사회과학,불변의 법칙 :절대 변하지 않는 것들에 대한 23가지 이야기,9791198517425,3,사회과학,함께대출,2,False,True,True
돈의 심리학 :당신은 왜 부자가 되지 못했는가,9791191056372,3,사회과학,세이노의 가르침 :피보다 진하게 살아라,9791168473690,3,사회과학,함께대출,3,False,True,False
돈의 심리학 :당신은 왜 부자가 되지 못했는가,9791191056372,3,사회과학,부자 아빠 가난한 아빠 :20주년 특별 기념판,9791158883591,3,사회과학,함께대출,4,False,False,False
돈의 심리학 :당신은 왜 부자가 되지 못했는가,9791191056372,3,사회과학,아주 작은 습관의 힘 :최고의 변화는 어떻게 만들어지는가,9791162540640,1,철학,함께대출,5,True,True,True
돈의 심리학 :당신은 왜 부자가 되지 못했는가,9791191056372,3,사회과학,퓨처 셀프 :현재와 미래가 달라지는 놀라운 혁명,9791192389325,3,사회과학,함께대출,6,False,True,True
돈의 심리학 :당신은 왜 부자가 되지 못했는가,9791191056372,3,사회과학,원씽 :복잡한 세상을 이기는 단순함의 힘,9788997575169,3,사회과학,함께대출,7,False,False,False
돈의 심리학 :당신은 왜 부자가 되지 못했는가,9791191056372,3,사회과학,역행자 :돈·시간·운명으로부터 완전한 자유를 얻는 7단계 인생 공략집,9788901260716,3,사회과학,함께대출,8,False,True,False
돈의 심리학 :당신은 왜 부자가 되지 못했는가,9791191056372,3,사회과학,"도둑맞은 집중력 :집중력 위기의 시대, 삶의 주도권을 되찾는 법",9791167740984,1,철학,함께대출,9,True,True,False
돈의 심리학 :당신은 왜 부자가 되지 못했는가,9791191056372,3,사회과학,(EBS 다큐프라임) 자본주의,9788957365793,3,사회과학,함께대출,10,False,False,False
돈의 심리학 :당신은 왜 부자가 되지 못했는가,9791191056372,3,사회과학,불변의 법칙 :절대 변하지 않는 것들에 대한 23가지 이야기,9791198517425,3,사회과학,마니아,1,False,True,True
돈의 심리학 :당신은 왜 부자가 되지 못했는가,9791191056372,3,사회과학,"돈의 방정식 :돈을 지위와 성공의 기준, 그 이상으로 다루기 위한 21가지 이야기",9791193904671,3,사회과학,마니아,2,False,False,False
돈의 심리학 :당신은 왜 부자가 되지 못했는가,9791191056372,3,사회과학,저스트. 킵. 바잉. :당신을 부자로 만들어줄 3개의 단어,9791165345471,3,사회과학,마니아,3,False,False,False
돈의 심리학 :당신은 왜 부자가 되지 못했는가,9791191056372,3,사회과학,행운에 속지 마라 :불확실한 시대에 살아남는 투자 생존법,9788927808121,3,사회과학,마니아,4,False,False,False
돈의 심리학 :당신은 왜 부자가 되지 못했는가,9791191056372,3,사회과학,부에 이르는 가장 단순한 길 :경제적 독립과 자유를 위한 콜린스의 3원칙,9791193904664,3,사회과학,마니아,5,False,False,False
돈의 심리학 :당신은 왜 부자가 되지 못했는가,9791191056372,3,사회과학,부자의 언어 :어떻게 살아야 부자가 되는지 묻는 아들에게,9791155812594,3,사회과학,마니아,6,False,False,False
돈의 심리학 :당신은 왜 부자가 되지 못했는가,9791191056372,3,사회과학,모든 주식을 소유하라 :시장과 시간이 검증한 투자의 원칙,9791188096923,3,사회과학,마니아,7,False,False,False
돈의 심리학 :당신은 왜 부자가 되지 못했는가,9791191056372,3,사회과학,"부의 심리학 :돈, 관계, 인생을 컨트롤하는 힘",9791189279912,3,사회과학,마니아,8,False,False,False
돈의 심리학 :당신은 왜 부자가 되지 못했는가,9791191056372,3,사회과학,주식시장의 17가지 미신 :왜 대다수의 투자자는 시장에서 돈을 잃는가,9791190977173,3,사회과학,마니아,9,False,False,False
돈의 심리학 :당신은 왜 부자가 되지 못했는가,9791191056372,3,사회과학,"돈, 뜨겁게 사랑하고 차갑게 다루어라",9791192519883,,미상,마니아,10,False,False,False
돈의 심리학 :당신은 왜 부자가 되지 못했는가,9791191056372,3,사회과학,불변의 법칙 :절대 변하지 않는 것들에 대한 23가지 이야기,9791198517425,3,사회과학,다독자,1,False,True,True
돈의 심리학 :당신은 왜 부자가 되지 못했는가,9791191056372,3,사회과학,"돈의 방정식 :돈을 지위와 성공의 기준, 그 이상으로 다루기 위한 21가지 이야기",9791193904671,3,사회과학,다독자,2,False,False,False
돈의 심리학 :당신은 왜 부자가 되지 못했는가,9791191056372,3,사회과학,박곰희 연금 부자 수업 :4개의 통장으로 월 300만원 만들기,9791168342941,3,사회과학,다독자,3,False,False,False
돈의 심리학 :당신은 왜 부자가 되지 못했는가,9791191056372,3,사회과학,돈의 속성 :최상위 부자가 말하는 돈에 대한 모든 것,9791188331796,3,사회과학,다독자,4,False,True,True
돈의 심리학 :당신은 왜 부자가 되지 못했는가,9791191056372,3,사회과학,퓨처 셀프 :현재와 미래가 달라지는 놀라운 혁명,9791192389325,3,사회과학,다독자,5,False,True,True
돈의 심리학 :당신은 왜 부자가 되지 못했는가,9791191056372,3,사회과학,세이노의 가르침 :피보다 진하게 살아라,9791168473690,3,사회과학,다독자,6,False,True,False
돈의 심리학 :당신은 왜 부자가 되지 못했는가,9791191056372,3,사회과학,단 한 번의 삶,9791191114768,8,문학,다독자,7,True,False,False
돈의 심리학 :당신은 왜 부자가 되지 못했는가,9791191056372,3,사회과학,"도둑맞은 집중력 :집중력 위기의 시대, 삶의 주도권을 되찾는 법",9791167740984,1,철학,다독자,8,True,True,False
돈의 심리학 :당신은 왜 부자가 되지 못했는가,9791191056372,3,사회과학,마흔에 읽는 쇼펜하우어 :마음의 위기를 다스리는 철학 수업,9791192300818,1,철학,다독자,9,True,True,False
돈의 심리학 :당신은 왜 부자가 되지 못했는가,9791191056372,3,사회과학,렛뎀 이론 :인생이 '나'로 충만해지는 내버려두기의 기술,9791162544327,1,철학,다독자,10,True,False,False
역행자 :돈·시간·운명으로부터 완전한 자유를 얻는 7단계 인생 공략집,9788901260716,3,사회과학,세이노의 가르침 :피보다 진하게 살아라,9791168473690,3,사회과학,함께대출,1,False,True,True
역행자 :돈·시간·운명으로부터 완전한 자유를 얻는 7단계 인생 공략집,9788901260716,3,사회과학,돈의 속성 :최상위 부자가 말하는 돈에 대한 모든 것,9791188331796,3,사회과학,함께대출,2,False,True,True
역행자 :돈·시간·운명으로부터 완전한 자유를 얻는 7단계 인생 공략집,9788901260716,3,사회과학,원씽 :복잡한 세상을 이기는 단순함의 힘,9788997575169,3,사회과학,함께대출,3,False,False,False
역행자 :돈·시간·운명으로부터 완전한 자유를 얻는 7단계 인생 공략집,9788901260716,3,사회과학,타이탄의 도구들 :1만 시간의 법칙을 깬 거인들의 61가지 전략,9791158510619,3,사회과학,함께대출,4,False,True,True
역행자 :돈·시간·운명으로부터 완전한 자유를 얻는 7단계 인생 공략집,9788901260716,3,사회과학,불편한 편의점 :김호연 장편소설,9791161571188,8,문학,함께대출,5,True,True,False
역행자 :돈·시간·운명으로부터 완전한 자유를 얻는 7단계 인생 공략집,9788901260716,3,사회과학,불편한 편의점 :김호연 장편소설,9791161571379,8,문학,함께대출,6,True,False,False
역행자 :돈·시간·운명으로부터 완전한 자유를 얻는 7단계 인생 공략집,9788901260716,3,사회과학,아버지의 해방일지 :정지아 장편소설,9788936438838,8,문학,함께대출,7,True,True,False
역행자 :돈·시간·운명으로부터 완전한 자유를 얻는 7단계 인생 공략집,9788901260716,3,사회과학,퓨처 셀프 :현재와 미래가 달라지는 놀라운 혁명,9791192389325,3,사회과학,함께대출,8,False,True,True
역행자 :돈·시간·운명으로부터 완전한 자유를 얻는 7단계 인생 공략집,9788901260716,3,사회과학,"도둑맞은 집중력 :집중력 위기의 시대, 삶의 주도권을 되찾는 법",9791167740984,1,철학,함께대출,9,True,True,False
역행자 :돈·시간·운명으로부터 완전한 자유를 얻는 7단계 인생 공략집,9788901260716,3,사회과학,(이미 늦었다고 생각하는 당신을 위한) 김미경의 마흔 수업,9791198013026,3,사회과학,함께대출,10,False,True,True
역행자 :돈·시간·운명으로부터 완전한 자유를 얻는 7단계 인생 공략집,9788901260716,3,사회과학,클루지 :생각의 역사를 뒤집는 기막힌 발견,9788901090184,1,철학,마니아,1,True,False,False
역행자 :돈·시간·운명으로부터 완전한 자유를 얻는 7단계 인생 공략집,9788901260716,3,사회과학,클루지 :생각의 역사를 뒤집는 기막힌 발견,9788901272085,1,철학,마니아,2,True,False,False
역행자 :돈·시간·운명으로부터 완전한 자유를 얻는 7단계 인생 공략집,9788901260716,3,사회과학,장사의 神,9788965700890,3,사회과학,마니아,3,False,False,False
역행자 :돈·시간·운명으로부터 완전한 자유를 얻는 7단계 인생 공략집,9788901260716,3,사회과학,나는 4시간만 일한다 :디지털 노마드 시대 완전히 새로운 삶의 방식,9791185584454,3,사회과학,마니아,4,False,False,False
역행자 :돈·시간·운명으로부터 완전한 자유를 얻는 7단계 인생 공략집,9788901260716,3,사회과학,장사의 神 :블랙에디션,9791165346652,3,사회과학,마니아,5,False,False,False
역행자 :돈·시간·운명으로부터 완전한 자유를 얻는 7단계 인생 공략집,9788901260716,3,사회과학,부자의 그릇 :남을 위해 돈 쓰는 능력을 키우는 법,9791130604787,3,사회과학,마니아,6,False,False,False
역행자 :돈·시간·운명으로부터 완전한 자유를 얻는 7단계 인생 공략집,9788901260716,3,사회과학,"미치지 않고서야 :일본 천재 편집자가 들려주는 새로운 시대, 일하기 혁명",9788950981839,0,총류,마니아,7,True,False,False
역행자 :돈·시간·운명으로부터 완전한 자유를 얻는 7단계 인생 공략집,9788901260716,3,사회과학,부자의 그릇 :돈을 다루는 능력을 키우는 법,9791130633619,3,사회과학,마니아,8,False,False,False
역행자 :돈·시간·운명으로부터 완전한 자유를 얻는 7단계 인생 공략집,9788901260716,3,사회과학,최강의 인생 :세상의 뻔한 공식을 깨부순 게임 체인저들의 44가지 법칙,9791162540909,3,사회과학,마니아,9,False,False,False
역행자 :돈·시간·운명으로부터 완전한 자유를 얻는 7단계 인생 공략집,9788901260716,3,사회과학,"인스타 브레인 =몰입을 빼앗긴 시대, 똑똑한 뇌 사용법 /Insta brain",9791157686179,5,기술과학,마니아,10,True,False,False
역행자 :돈·시간·운명으로부터 완전한 자유를 얻는 7단계 인생 공략집,9788901260716,3,사회과학,세이노의 가르침 :피보다 진하게 살아라,9791168473690,3,사회과학,다독자,1,False,True,True
역행자 :돈·시간·운명으로부터 완전한 자유를 얻는 7단계 인생 공략집,9788901260716,3,사회과학,돈의 속성 :최상위 부자가 말하는 돈에 대한 모든 것,9791188331796,3,사회과학,다독자,2,False,True,True
역행자 :돈·시간·운명으로부터 완전한 자유를 얻는 7단계 인생 공략집,9788901260716,3,사회과학,퓨처 셀프 :현재와 미래가 달라지는 놀라운 혁명,9791192389325,3,사회과학,다독자,3,False,True,True
역행자 :돈·시간·운명으로부터 완전한 자유를 얻는 7단계 인생 공략집,9788901260716,3,사회과학,원씽 :복잡한 세상을 이기는 단순함의 힘,9788997575169,3,사회과학,다독자,4,False,False,False
역행자 :돈·시간·운명으로부터 완전한 자유를 얻는 7단계 인생 공략집,9788901260716,3,사회과학,타이탄의 도구들 :1만 시간의 법칙을 깬 거인들의 61가지 전략,9791158510619,3,사회과학,다독자,5,False,True,True
역행자 :돈·시간·운명으로부터 완전한 자유를 얻는 7단계 인생 공략집,9788901260716,3,사회과학,"도둑맞은 집중력 :집중력 위기의 시대, 삶의 주도권을 되찾는 법",9791167740984,1,철학,다독자,6,True,True,False
역행자 :돈·시간·운명으로부터 완전한 자유를 얻는 7단계 인생 공략집,9788901260716,3,사회과학,불편한 편의점 :김호연 장편소설,9791161571188,8,문학,다독자,7,True,True,False
역행자 :돈·시간·운명으로부터 완전한 자유를 얻는 7단계 인생 공략집,9788901260716,3,사회과학,불편한 편의점 :김호연 장편소설,9791161571379,8,문학,다독자,8,True,False,False
역행자 :돈·시간·운명으로부터 완전한 자유를 얻는 7단계 인생 공략집,9788901260716,3,사회과학,아버지의 해방일지 :정지아 장편소설,9788936438838,8,문학,다독자,9,True,True,False
역행자 :돈·시간·운명으로부터 완전한 자유를 얻는 7단계 인생 공략집,9788901260716,3,사회과학,(이미 늦었다고 생각하는 당신을 위한) 김미경의 마흔 수업,9791198013026,3,사회과학,다독자,10,False,True,True
시대예보 :핵개인의 시대 =Forecast of the times : era of nuclear individuals,9791170610359,3,사회과학,"도둑맞은 집중력 :집중력 위기의 시대, 삶의 주도권을 되찾는 법",9791167740984,1,철학,함께대출,2,True,True,True
시대예보 :핵개인의 시대 =Forecast of the times : era of nuclear individuals,9791170610359,3,사회과학,그냥 하지 말라 :당신의 모든 것이 메시지다 =Don't just do it! : your every move is the message,9791191211467,3,사회과학,함께대출,3,False,False,False
시대예보 :핵개인의 시대 =Forecast of the times : era of nuclear individuals,9791170610359,3,사회과학,아버지의 해방일지 :정지아 장편소설,9788936438838,8,문학,함께대출,4,True,True,False
시대예보 :핵개인의 시대 =Forecast of the times : era of nuclear individuals,9791170610359,3,사회과학,불변의 법칙 :절대 변하지 않는 것들에 대한 23가지 이야기,9791198517425,3,사회과학,함께대출,5,False,True,False
시대예보 :핵개인의 시대 =Forecast of the times : era of nuclear individuals,9791170610359,3,사회과학,퓨처 셀프 :현재와 미래가 달라지는 놀라운 혁명,9791192389325,3,사회과학,함께대출,6,False,True,False
시대예보 :핵개인의 시대 =Forecast of the times : era of nuclear individuals,9791170610359,3,사회과학,세이노의 가르침 :피보다 진하게 살아라,9791168473690,3,사회과학,함께대출,8,False,True,False
시대예보 :핵개인의 시대 =Forecast of the times : era of nuclear individuals,9791170610359,3,사회과학,이처럼 사소한 것들 :클레어 키건 소설,9791130646381,8,문학,함께대출,9,True,True,False
시대예보 :핵개인의 시대 =Forecast of the times : era of nuclear individuals,9791170610359,3,사회과학,나는 메트로폴리탄 미술관의 경비원입니다 :가장 경이로운 세계 속으로 숨어버린 한 남자의 이야기,9788901276533,8,문학,함께대출,10,True,False,False
시대예보 :핵개인의 시대 =Forecast of the times : era of nuclear individuals,9791170610359,3,사회과학,그냥 하지 말라 :당신의 모든 것이 메시지다 =Don't just do it! : your every move is the message,9791191211467,3,사회과학,마니아,3,False,False,False
시대예보 :핵개인의 시대 =Forecast of the times : era of nuclear individuals,9791170610359,3,사회과학,상상하지 말라 :그들이 말하지 않는 진짜 욕망을 보는 법,9791187289616,3,사회과학,마니아,4,False,False,False
시대예보 :핵개인의 시대 =Forecast of the times : era of nuclear individuals,9791170610359,3,사회과학,상상하지 말라 :그들이 말하지 않는 진짜 욕망을 보는 법,9791195463800,3,사회과학,마니아,5,False,False,False
시대예보 :핵개인의 시대 =Forecast of the times : era of nuclear individuals,9791170610359,3,사회과학,라이프 트렌드 2025 :조용한 사람들 =Life trend : quiet & silent,9791193528365,3,사회과학,마니아,6,False,False,False
시대예보 :핵개인의 시대 =Forecast of the times : era of nuclear individuals,9791170610359,3,사회과학,의미의 시대 :세스 고딘이 제시하는 일과 일터의 새로운 돌파구,9788925575889,3,사회과학,마니아,7,False,False,False
시대예보 :핵개인의 시대 =Forecast of the times : era of nuclear individuals,9791170610359,3,사회과학,일의 감각 =Work and sense,9791193383193,3,사회과학,마니아,8,False,False,False
시대예보 :핵개인의 시대 =Forecast of the times : era of nuclear individuals,9791170610359,3,사회과학,"정영진의 시대유감 :나는 고발한다, 당신의 뻔한 생각을",9791171179565,3,사회과학,마니아,9,False,False,False
시대예보 :핵개인의 시대 =Forecast of the times : era of nuclear individuals,9791170610359,3,사회과학,숙론 =어떻게 마주 앉아 대화할 것인가 /Discourse,9788934950196,8,문학,마니아,10,True,False,False
시대예보 :핵개인의 시대 =Forecast of the times : era of nuclear individuals,9791170610359,3,사회과학,단 한 번의 삶,9791191114768,8,문학,다독자,3,True,False,False
시대예보 :핵개인의 시대 =Forecast of the times : era of nuclear individuals,9791170610359,3,사회과학,"도둑맞은 집중력 :집중력 위기의 시대, 삶의 주도권을 되찾는 법",9791167740984,1,철학,다독자,4,True,True,True
시대예보 :핵개인의 시대 =Forecast of the times : era of nuclear individuals,9791170610359,3,사회과학,불변의 법칙 :절대 변하지 않는 것들에 대한 23가지 이야기,9791198517425,3,사회과학,다독자,5,False,True,False
시대예보 :핵개인의 시대 =Forecast of the times : era of nuclear individuals,9791170610359,3,사회과학,그냥 하지 말라 :당신의 모든 것이 메시지다 =Don't just do it! : your every move is the message,9791191211467,3,사회과학,다독자,6,False,False,False
시대예보 :핵개인의 시대 =Forecast of the times : era of nuclear individuals,9791170610359,3,사회과학,안녕이라 그랬어 :김애란 소설,9791141602376,8,문학,다독자,7,True,False,False
시대예보 :핵개인의 시대 =Forecast of the times : era of nuclear individuals,9791170610359,3,사회과학,"경험의 멸종 :기술이 경험을 대체하는 시대, 인간은 계속 인간일 수 있을까",9791167742063,3,사회과학,다독자,8,False,False,False
시대예보 :핵개인의 시대 =Forecast of the times : era of nuclear individuals,9791170610359,3,사회과학,아버지의 해방일지 :정지아 장편소설,9788936438838,8,문학,다독자,9,True,True,False
시대예보 :핵개인의 시대 =Forecast of the times : era of nuclear individuals,9791170610359,3,사회과학,혼모노 :성해나 소설집,9788936439743,8,문학,다독자,10,True,False,False
타이탄의 도구들 :1만 시간의 법칙을 깬 거인들의 61가지 전략,9791158510619,3,사회과학,역행자 :돈·시간·운명으로부터 완전한 자유를 얻는 7단계 인생 공략집,9788901260716,3,사회과학,함께대출,1,False,True,True
타이탄의 도구들 :1만 시간의 법칙을 깬 거인들의 61가지 전략,9791158510619,3,사회과학,원씽 :복잡한 세상을 이기는 단순함의 힘,9788997575169,3,사회과학,함께대출,2,False,False,False
타이탄의 도구들 :1만 시간의 법칙을 깬 거인들의 61가지 전략,9791158510619,3,사회과학,아주 작은 습관의 힘 :최고의 변화는 어떻게 만들어지는가,9791162540640,1,철학,함께대출,3,True,True,True
타이탄의 도구들 :1만 시간의 법칙을 깬 거인들의 61가지 전략,9791158510619,3,사회과학,돈의 속성 :최상위 부자가 말하는 돈에 대한 모든 것,9791188331796,3,사회과학,함께대출,4,False,True,True
타이탄의 도구들 :1만 시간의 법칙을 깬 거인들의 61가지 전략,9791158510619,3,사회과학,세이노의 가르침 :피보다 진하게 살아라,9791168473690,3,사회과학,함께대출,5,False,True,False
타이탄의 도구들 :1만 시간의 법칙을 깬 거인들의 61가지 전략,9791158510619,3,사회과학,퓨처 셀프 :현재와 미래가 달라지는 놀라운 혁명,9791192389325,3,사회과학,함께대출,6,False,True,True
타이탄의 도구들 :1만 시간의 법칙을 깬 거인들의 61가지 전략,9791158510619,3,사회과학,돈의 심리학 :당신은 왜 부자가 되지 못했는가,9791191056372,3,사회과학,함께대출,7,False,True,False
타이탄의 도구들 :1만 시간의 법칙을 깬 거인들의 61가지 전략,9791158510619,3,사회과학,"도둑맞은 집중력 :집중력 위기의 시대, 삶의 주도권을 되찾는 법",9791167740984,1,철학,함께대출,8,True,True,False
타이탄의 도구들 :1만 시간의 법칙을 깬 거인들의 61가지 전략,9791158510619,3,사회과학,부자 아빠 가난한 아빠 :20주년 특별 기념판,9791158883591,3,사회과학,함께대출,9,False,False,False
타이탄의 도구들 :1만 시간의 법칙을 깬 거인들의 61가지 전략,9791158510619,3,사회과학,당신은 결국 무엇이든 해내는 사람 :김상현 에세이,9791188469994,8,문학,함께대출,10,True,False,False
타이탄의 도구들 :1만 시간의 법칙을 깬 거인들의 61가지 전략,9791158510619,3,사회과학,상상하지 말라 :그들이 말하지 않는 진짜 욕망을 보는 법,9791195463800,3,사회과학,마니아,1,False,False,False
타이탄의 도구들 :1만 시간의 법칙을 깬 거인들의 61가지 전략,9791158510619,3,사회과학,"타이탄의 지혜들 :세계 최고의 CEO, 혁신가, 게임 체인저들의 성공 비밀",9791158512095,3,사회과학,마니아,2,False,False,False
타이탄의 도구들 :1만 시간의 법칙을 깬 거인들의 61가지 전략,9791158510619,3,사회과학,마흔이 되기 전에,9791158511081,3,사회과학,마니아,3,False,False,False
타이탄의 도구들 :1만 시간의 법칙을 깬 거인들의 61가지 전략,9791158510619,3,사회과학,나는 4시간만 일한다 :디지털 노마드 시대 완전히 새로운 삶의 방식,9791185584454,3,사회과학,마니아,4,False,False,False
타이탄의 도구들 :1만 시간의 법칙을 깬 거인들의 61가지 전략,9791158510619,3,사회과학,상상하지 말라 :그들이 말하지 않는 진짜 욕망을 보는 법,9791187289616,3,사회과학,마니아,5,False,False,False
타이탄의 도구들 :1만 시간의 법칙을 깬 거인들의 61가지 전략,9791158510619,3,사회과학,지금 하지 않으면 언제 하겠는가 :세계 최고 멘토들의 인생 수업,9791158510978,1,철학,마니아,6,True,False,False
타이탄의 도구들 :1만 시간의 법칙을 깬 거인들의 61가지 전략,9791158510619,3,사회과학,10배의 법칙 :성공과 실패를 가르는 유일한 차이,9791185446349,3,사회과학,마니아,7,False,False,False
타이탄의 도구들 :1만 시간의 법칙을 깬 거인들의 61가지 전략,9791158510619,3,사회과학,웰씽킹 =부를 창조하는 생각의 뿌리 /Wealthinking,9791130677774,3,사회과학,마니아,8,False,False,False
타이탄의 도구들 :1만 시간의 법칙을 깬 거인들의 61가지 전략,9791158510619,3,사회과학,트리거 :행동의 방아쇠를 당기는 힘,9791130609386,3,사회과학,마니아,9,False,False,False
타이탄의 도구들 :1만 시간의 법칙을 깬 거인들의 61가지 전략,9791158510619,3,사회과학,클루지 :생각의 역사를 뒤집는 기막힌 발견,9788901090184,1,철학,마니아,10,True,False,False
타이탄의 도구들 :1만 시간의 법칙을 깬 거인들의 61가지 전략,9791158510619,3,사회과학,역행자 :돈·시간·운명으로부터 완전한 자유를 얻는 7단계 인생 공략집,9788901260716,3,사회과학,다독자,1,False,True,True
타이탄의 도구들 :1만 시간의 법칙을 깬 거인들의 61가지 전략,9791158510619,3,사회과학,퓨처 셀프 :현재와 미래가 달라지는 놀라운 혁명,9791192389325,3,사회과학,다독자,2,False,True,True
타이탄의 도구들 :1만 시간의 법칙을 깬 거인들의 61가지 전략,9791158510619,3,사회과학,세이노의 가르침 :피보다 진하게 살아라,9791168473690,3,사회과학,다독자,3,False,True,False
타이탄의 도구들 :1만 시간의 법칙을 깬 거인들의 61가지 전략,9791158510619,3,사회과학,"도둑맞은 집중력 :집중력 위기의 시대, 삶의 주도권을 되찾는 법",9791167740984,1,철학,다독자,4,True,True,False
타이탄의 도구들 :1만 시간의 법칙을 깬 거인들의 61가지 전략,9791158510619,3,사회과학,불변의 법칙 :절대 변하지 않는 것들에 대한 23가지 이야기,9791198517425,3,사회과학,다독자,5,False,True,False
타이탄의 도구들 :1만 시간의 법칙을 깬 거인들의 61가지 전략,9791158510619,3,사회과학,고전이 답했다 :마땅히 살아야 할 삶에 대하여,9791193939130,1,철학,다독자,6,True,False,False
타이탄의 도구들 :1만 시간의 법칙을 깬 거인들의 61가지 전략,9791158510619,3,사회과학,마흔에 읽는 쇼펜하우어 :마음의 위기를 다스리는 철학 수업,9791192300818,1,철학,다독자,7,True,True,False
타이탄의 도구들 :1만 시간의 법칙을 깬 거인들의 61가지 전략,9791158510619,3,사회과학,거인의 노트 :인생에서 무엇을 보고 어떻게 기록할 것인가,9791130697529,3,사회과학,다독자,8,False,False,False
타이탄의 도구들 :1만 시간의 법칙을 깬 거인들의 61가지 전략,9791158510619,3,사회과학,돈의 속성 :최상위 부자가 말하는 돈에 대한 모든 것,9791188331796,3,사회과학,다독자,9,False,True,True
타이탄의 도구들 :1만 시간의 법칙을 깬 거인들의 61가지 전략,9791158510619,3,사회과학,행동하지 않으면 인생은 바뀌지 않는다 :위대한 변화를 이끌어내는 아주 작은 실행의 힘,9791139716146,3,사회과학,다독자,10,False,False,False
불변의 법칙 :절대 변하지 않는 것들에 대한 23가지 이야기,9791198517425,3,사회과학,돈의 심리학 :당신은 왜 부자가 되지 못했는가,9791191056372,3,사회과학,함께대출,1,False,True,True
불변의 법칙 :절대 변하지 않는 것들에 대한 23가지 이야기,9791198517425,3,사회과학,퓨처 셀프 :현재와 미래가 달라지는 놀라운 혁명,9791192389325,3,사회과학,함께대출,2,False,True,True
불변의 법칙 :절대 변하지 않는 것들에 대한 23가지 이야기,9791198517425,3,사회과학,"도둑맞은 집중력 :집중력 위기의 시대, 삶의 주도권을 되찾는 법",9791167740984,1,철학,함께대출,3,True,True,True
불변의 법칙 :절대 변하지 않는 것들에 대한 23가지 이야기,9791198517425,3,사회과학,세이노의 가르침 :피보다 진하게 살아라,9791168473690,3,사회과학,함께대출,4,False,True,True
불변의 법칙 :절대 변하지 않는 것들에 대한 23가지 이야기,9791198517425,3,사회과학,돈의 속성 :최상위 부자가 말하는 돈에 대한 모든 것,9791188331796,3,사회과학,함께대출,5,False,True,True
불변의 법칙 :절대 변하지 않는 것들에 대한 23가지 이야기,9791198517425,3,사회과학,마흔에 읽는 쇼펜하우어 :마음의 위기를 다스리는 철학 수업,9791192300818,1,철학,함께대출,6,True,True,False
불변의 법칙 :절대 변하지 않는 것들에 대한 23가지 이야기,9791198517425,3,사회과학,이처럼 사소한 것들 :클레어 키건 소설,9791130646381,8,문학,함께대출,7,True,True,False
불변의 법칙 :절대 변하지 않는 것들에 대한 23가지 이야기,9791198517425,3,사회과학,원씽 :복잡한 세상을 이기는 단순함의 힘,9788997575169,3,사회과학,함께대출,8,False,False,False
불변의 법칙 :절대 변하지 않는 것들에 대한 23가지 이야기,9791198517425,3,사회과학,나는 메트로폴리탄 미술관의 경비원입니다 :가장 경이로운 세계 속으로 숨어버린 한 남자의 이야기,9788901276533,8,문학,함께대출,9,True,False,False
불변의 법칙 :절대 변하지 않는 것들에 대한 23가지 이야기,9791198517425,3,사회과학,나를 소모하지 않는 현명한 태도에 관하여,9791198682505,1,철학,함께대출,10,True,True,True
불변의 법칙 :절대 변하지 않는 것들에 대한 23가지 이야기,9791198517425,3,사회과학,"돈의 방정식 :돈을 지위와 성공의 기준, 그 이상으로 다루기 위한 21가지 이야기",9791193904671,3,사회과학,마니아,1,False,False,False
불변의 법칙 :절대 변하지 않는 것들에 대한 23가지 이야기,9791198517425,3,사회과학,부에 이르는 가장 단순한 길 :경제적 독립과 자유를 위한 콜린스의 3원칙,9791193904664,3,사회과학,마니아,2,False,False,False
불변의 법칙 :절대 변하지 않는 것들에 대한 23가지 이야기,9791198517425,3,사회과학,존 보글 부의 마인드,9791189217426,3,사회과학,마니아,3,False,False,False
불변의 법칙 :절대 변하지 않는 것들에 대한 23가지 이야기,9791198517425,3,사회과학,"가난한 찰리의 연감 :버크셔 해서웨이의 전설, 찰리 멍거의 모든 것",9788934911388,3,사회과학,마니아,4,False,False,False
불변의 법칙 :절대 변하지 않는 것들에 대한 23가지 이야기,9791198517425,3,사회과학,부자의 마지막 가르침 :삶의 자유를 위한 부의 알고리즘,9791193937068,3,사회과학,마니아,5,False,False,False
불변의 법칙 :절대 변하지 않는 것들에 대한 23가지 이야기,9791198517425,3,사회과학,돈의 심리학 :당신은 왜 부자가 되지 못했는가,9791191056372,3,사회과학,마니아,6,False,True,True
불변의 법칙 :절대 변하지 않는 것들에 대한 23가지 이야기,9791198517425,3,사회과학,일류의 조건,9791193262122,3,사회과학,마니아,7,False,False,False
불변의 법칙 :절대 변하지 않는 것들에 대한 23가지 이야기,9791198517425,3,사회과학,빅 사이클,9791157848119,3,사회과학,마니아,8,False,False,False
불변의 법칙 :절대 변하지 않는 것들에 대한 23가지 이야기,9791198517425,3,사회과학,행운에 속지 마라 :불확실한 시대에 살아남는 투자 생존법,9788927808121,3,사회과학,마니아,9,False,False,False
불변의 법칙 :절대 변하지 않는 것들에 대한 23가지 이야기,9791198517425,3,사회과학,100배 주식 불변의 법칙,9791188754984,3,사회과학,마니아,10,False,False,False
불변의 법칙 :절대 변하지 않는 것들에 대한 23가지 이야기,9791198517425,3,사회과학,돈의 심리학 :당신은 왜 부자가 되지 못했는가,9791191056372,3,사회과학,다독자,1,False,True,True
불변의 법칙 :절대 변하지 않는 것들에 대한 23가지 이야기,9791198517425,3,사회과학,"돈의 방정식 :돈을 지위와 성공의 기준, 그 이상으로 다루기 위한 21가지 이야기",9791193904671,3,사회과학,다독자,2,False,False,False
불변의 법칙 :절대 변하지 않는 것들에 대한 23가지 이야기,9791198517425,3,사회과학,퓨처 셀프 :현재와 미래가 달라지는 놀라운 혁명,9791192389325,3,사회과학,다독자,3,False,True,True
불변의 법칙 :절대 변하지 않는 것들에 대한 23가지 이야기,9791198517425,3,사회과학,"도둑맞은 집중력 :집중력 위기의 시대, 삶의 주도권을 되찾는 법",9791167740984,1,철학,다독자,4,True,True,True
불변의 법칙 :절대 변하지 않는 것들에 대한 23가지 이야기,9791198517425,3,사회과학,세이노의 가르침 :피보다 진하게 살아라,9791168473690,3,사회과학,다독자,5,False,True,True
불변의 법칙 :절대 변하지 않는 것들에 대한 23가지 이야기,9791198517425,3,사회과학,돈의 속성 :최상위 부자가 말하는 돈에 대한 모든 것,9791188331796,3,사회과학,다독자,6,False,True,True
불변의 법칙 :절대 변하지 않는 것들에 대한 23가지 이야기,9791198517425,3,사회과학,마흔에 읽는 쇼펜하우어 :마음의 위기를 다스리는 철학 수업,9791192300818,1,철학,다독자,7,True,True,False
불변의 법칙 :절대 변하지 않는 것들에 대한 23가지 이야기,9791198517425,3,사회과학,"넥서스 :석기시대부터 AI까지, 정보 네트워크로 보는 인류 역사",9791194330424,3,사회과학,다독자,8,False,False,False
불변의 법칙 :절대 변하지 않는 것들에 대한 23가지 이야기,9791198517425,3,사회과학,단 한 번의 삶,9791191114768,8,문학,다독자,9,True,False,False
불변의 법칙 :절대 변하지 않는 것들에 대한 23가지 이야기,9791198517425,3,사회과학,이처럼 사소한 것들 :클레어 키건 소설,9791130646381,8,문학,다독자,10,True,True,False
(이미 늦었다고 생각하는 당신을 위한) 김미경의 마흔 수업,9791198013026,3,사회과학,불편한 편의점 :김호연 장편소설,9791161571188,8,문학,함께대출,1,True,True,False
(이미 늦었다고 생각하는 당신을 위한) 김미경의 마흔 수업,9791198013026,3,사회과학,불편한 편의점 :김호연 장편소설,9791161571379,8,문학,함께대출,2,True,False,False
(이미 늦었다고 생각하는 당신을 위한) 김미경의 마흔 수업,9791198013026,3,사회과학,세이노의 가르침 :피보다 진하게 살아라,9791168473690,3,사회과학,함께대출,3,False,True,False
(이미 늦었다고 생각하는 당신을 위한) 김미경의 마흔 수업,9791198013026,3,사회과학,아버지의 해방일지 :정지아 장편소설,9788936438838,8,문학,함께대출,4,True,True,False
(이미 늦었다고 생각하는 당신을 위한) 김미경의 마흔 수업,9791198013026,3,사회과학,만일 내가 인생을 다시 산다면 :벌써 마흔이 된 당신에게 해 주고 싶은 말들 42,9791190538510,1,철학,함께대출,5,True,True,True
(이미 늦었다고 생각하는 당신을 위한) 김미경의 마흔 수업,9791198013026,3,사회과학,역행자 :돈·시간·운명으로부터 완전한 자유를 얻는 7단계 인생 공략집,9788901260716,3,사회과학,함께대출,6,False,True,True
(이미 늦었다고 생각하는 당신을 위한) 김미경의 마흔 수업,9791198013026,3,사회과학,메리골드 마음 세탁소 =윤정은 장편소설 /Marigold mind laundry,9791191891287,8,문학,함께대출,7,True,True,False
(이미 늦었다고 생각하는 당신을 위한) 김미경의 마흔 수업,9791198013026,3,사회과학,마흔에 읽는 쇼펜하우어 :마음의 위기를 다스리는 철학 수업,9791192300818,1,철학,함께대출,8,True,True,False
(이미 늦었다고 생각하는 당신을 위한) 김미경의 마흔 수업,9791198013026,3,사회과학,원씽 :복잡한 세상을 이기는 단순함의 힘,9788997575169,3,사회과학,함께대출,9,False,False,False
(이미 늦었다고 생각하는 당신을 위한) 김미경의 마흔 수업,9791198013026,3,사회과학,"도둑맞은 집중력 :집중력 위기의 시대, 삶의 주도권을 되찾는 법",9791167740984,1,철학,함께대출,10,True,True,False
(이미 늦었다고 생각하는 당신을 위한) 김미경의 마흔 수업,9791198013026,3,사회과학,김미경의 리부트 :코로나로 멈춘 나를 다시 일으켜 세우는 법,9788901243665,3,사회과학,마니아,1,False,False,False
(이미 늦었다고 생각하는 당신을 위한) 김미경의 마흔 수업,9791198013026,3,사회과학,오늘부터 다시 스무 살입니다 - 공부하고 도전하고 꿈꾸는 나를 만나는 시간,9791197509605,,미상,마니아,2,False,False,False
(이미 늦었다고 생각하는 당신을 위한) 김미경의 마흔 수업,9791198013026,3,사회과학,이 한마디가 나를 살렸다 :100번 넘어져도 101번 일으켜 세워준 김미경의 말,9788950986919,3,사회과학,마니아,3,False,False,False
(이미 늦었다고 생각하는 당신을 위한) 김미경의 마흔 수업,9791198013026,3,사회과학,(열심히 살아봤지만 허무함에 지친 당신을 위한) 김미경의 딥마인드,9791198013088,3,사회과학,마니아,4,False,False,False
(이미 늦었다고 생각하는 당신을 위한) 김미경의 마흔 수업,9791198013026,3,사회과학,김미경의 인생미답 :살다 보면 누구나 마주하는 작고 소소한 질문들,9788947540926,1,철학,마니아,5,True,False,False
(이미 늦었다고 생각하는 당신을 위한) 김미경의 마흔 수업,9791198013026,3,사회과학,엄마의 자존감 공부 :천 번을 미안해도 나는 엄마다,9788950972226,3,사회과학,마니아,6,False,False,False
(이미 늦었다고 생각하는 당신을 위한) 김미경의 마흔 수업,9791198013026,3,사회과학,웹 3.0 넥스트 이코노미 :불황 속 당신의 돈과 삶을 완전히 바꿀 생존경제,9791198013002,3,사회과학,마니아,7,False,False,False
(이미 늦었다고 생각하는 당신을 위한) 김미경의 마흔 수업,9791198013026,3,사회과학,세븐 테크 =3년 후 당신의 미래를 바꿀 7가지 기술 /Seven tech,9788901255712,3,사회과학,마니아,8,False,False,False
(이미 늦었다고 생각하는 당신을 위한) 김미경의 마흔 수업,9791198013026,3,사회과학,지금까지 산 것처럼 앞으로도 살 건가요? :내 인생의 판을 바꿀 질문,9791196588502,3,사회과학,마니아,9,False,False,False
(이미 늦었다고 생각하는 당신을 위한) 김미경의 마흔 수업,9791198013026,3,사회과학,만일 내가 인생을 다시 산다면 :벌써 마흔이 된 당신에게 해 주고 싶은 말들 42,9791190538510,1,철학,마니아,10,True,True,True
(이미 늦었다고 생각하는 당신을 위한) 김미경의 마흔 수업,9791198013026,3,사회과학,불편한 편의점 :김호연 장편소설,9791161571188,8,문학,다독자,1,True,True,False
(이미 늦었다고 생각하는 당신을 위한) 김미경의 마흔 수업,9791198013026,3,사회과학,불편한 편의점 :김호연 장편소설,9791161571379,8,문학,다독자,2,True,False,False
(이미 늦었다고 생각하는 당신을 위한) 김미경의 마흔 수업,9791198013026,3,사회과학,마흔에 읽는 쇼펜하우어 :마음의 위기를 다스리는 철학 수업,9791192300818,1,철학,다독자,3,True,True,False
(이미 늦었다고 생각하는 당신을 위한) 김미경의 마흔 수업,9791198013026,3,사회과학,세이노의 가르침 :피보다 진하게 살아라,9791168473690,3,사회과학,다독자,4,False,True,False
(이미 늦었다고 생각하는 당신을 위한) 김미경의 마흔 수업,9791198013026,3,사회과학,아버지의 해방일지 :정지아 장편소설,9788936438838,8,문학,다독자,5,True,True,False
(이미 늦었다고 생각하는 당신을 위한) 김미경의 마흔 수업,9791198013026,3,사회과학,만일 내가 인생을 다시 산다면 :벌써 마흔이 된 당신에게 해 주고 싶은 말들 42,9791190538510,1,철학,다독자,6,True,True,True
(이미 늦었다고 생각하는 당신을 위한) 김미경의 마흔 수업,9791198013026,3,사회과학,역행자 :돈·시간·운명으로부터 완전한 자유를 얻는 7단계 인생 공략집,9788901260716,3,사회과학,다독자,7,False,True,True
(이미 늦었다고 생각하는 당신을 위한) 김미경의 마흔 수업,9791198013026,3,사회과학,메리골드 마음 세탁소 =윤정은 장편소설 /Marigold mind laundry,9791191891287,8,문학,다독자,8,True,True,False
(이미 늦었다고 생각하는 당신을 위한) 김미경의 마흔 수업,9791198013026,3,사회과학,어른의 행복은 조용하다,9791169851053,8,문학,다독자,9,True,False,False
(이미 늦었다고 생각하는 당신을 위한) 김미경의 마흔 수업,9791198013026,3,사회과학,원씽 :복잡한 세상을 이기는 단순함의 힘,9788997575169,3,사회과학,다독자,10,False,False,False
흔한남매의 흔한 호기심 :일상에서 만나는 과학 상식,9791164137121,4,자연과학,흔한남매,9791164137527,8,문학,함께대출,9,True,False,False
흔한남매의 흔한 호기심 :일상에서 만나는 과학 상식,9791164137121,4,자연과학,흔한남매,9791168411685,8,문학,함께대출,10,True,False,False
"물고기는 존재하지 않는다 :상실, 사랑 그리고 숨어 있는 삶의 질서에 관한 이야기",9791189327156,4,자연과학,아버지의 해방일지 :정지아 장편소설,9788936438838,8,문학,함께대출,1,True,True,False
"물고기는 존재하지 않는다 :상실, 사랑 그리고 숨어 있는 삶의 질서에 관한 이야기",9791189327156,4,자연과학,모순 :양귀자 장편소설,9788998441012,8,문학,함께대출,2,True,False,False
"물고기는 존재하지 않는다 :상실, 사랑 그리고 숨어 있는 삶의 질서에 관한 이야기",9791189327156,4,자연과학,홍학의 자리 :정해연 장편소설,9788954681155,8,문학,함께대출,3,True,False,False
"물고기는 존재하지 않는다 :상실, 사랑 그리고 숨어 있는 삶의 질서에 관한 이야기",9791189327156,4,자연과학,지구 끝의 온실 :김초엽 장편소설,9791191824001,8,문학,함께대출,4,True,False,False
"물고기는 존재하지 않는다 :상실, 사랑 그리고 숨어 있는 삶의 질서에 관한 이야기",9791189327156,4,자연과학,밝은 밤 :최은영 장편소설,9788954681179,8,문학,함께대출,5,True,True,False
"물고기는 존재하지 않는다 :상실, 사랑 그리고 숨어 있는 삶의 질서에 관한 이야기",9791189327156,4,자연과학,작별하지 않는다 :한강 장편소설,9788954682152,8,문학,함께대출,6,True,True,False
"물고기는 존재하지 않는다 :상실, 사랑 그리고 숨어 있는 삶의 질서에 관한 이야기",9791189327156,4,자연과학,불편한 편의점 :김호연 장편소설,9791161571188,8,문학,함께대출,7,True,True,False
"물고기는 존재하지 않는다 :상실, 사랑 그리고 숨어 있는 삶의 질서에 관한 이야기",9791189327156,4,자연과학,이처럼 사소한 것들 :클레어 키건 소설,9791130646381,8,문학,함께대출,8,True,True,False
"물고기는 존재하지 않는다 :상실, 사랑 그리고 숨어 있는 삶의 질서에 관한 이야기",9791189327156,4,자연과학,소년이 온다 :한강 장편소설,9788936434120,8,문학,함께대출,9,True,True,False
"물고기는 존재하지 않는다 :상실, 사랑 그리고 숨어 있는 삶의 질서에 관한 이야기",9791189327156,4,자연과학,천 개의 파랑 :천선란 장편소설,9791190090261,8,문학,함께대출,10,True,False,False
"물고기는 존재하지 않는다 :상실, 사랑 그리고 숨어 있는 삶의 질서에 관한 이야기",9791189327156,4,자연과학,자연에 이름 붙이기 :보이지 않던 세계가 보이기 시작할 때,9791155816462,4,자연과학,마니아,1,False,False,False
"물고기는 존재하지 않는다 :상실, 사랑 그리고 숨어 있는 삶의 질서에 관한 이야기",9791189327156,4,자연과학,우리가 작별 인사를 할 때마다,9788932475011,8,문학,마니아,2,True,False,False
"물고기는 존재하지 않는다 :상실, 사랑 그리고 숨어 있는 삶의 질서에 관한 이야기",9791189327156,4,자연과학,"칵테일, 러브, 좀비",9791190174756,8,문학,마니아,3,True,False,False
"물고기는 존재하지 않는다 :상실, 사랑 그리고 숨어 있는 삶의 질서에 관한 이야기",9791189327156,4,자연과학,다정한 것이 살아남는다,9791197413025,1,철학,마니아,4,True,False,False
"물고기는 존재하지 않는다 :상실, 사랑 그리고 숨어 있는 삶의 질서에 관한 이야기",9791189327156,4,자연과학,부처스 크로싱,9791187886921,8,문학,마니아,5,True,False,False
"물고기는 존재하지 않는다 :상실, 사랑 그리고 숨어 있는 삶의 질서에 관한 이야기",9791189327156,4,자연과학,트러스트 :에르난 디아스 장편소설,9788954691673,8,문학,마니아,6,True,False,False
"물고기는 존재하지 않는다 :상실, 사랑 그리고 숨어 있는 삶의 질서에 관한 이야기",9791189327156,4,자연과학,나는 메트로폴리탄 미술관의 경비원입니다 :가장 경이로운 세계 속으로 숨어버린 한 남자의 이야기,9788901276533,8,문학,마니아,7,True,False,False
"물고기는 존재하지 않는다 :상실, 사랑 그리고 숨어 있는 삶의 질서에 관한 이야기",9791189327156,4,자연과학,이토록 평범한 미래 :김연수 소설,9788954680004,8,문학,마니아,8,True,False,False
"물고기는 존재하지 않는다 :상실, 사랑 그리고 숨어 있는 삶의 질서에 관한 이야기",9791189327156,4,자연과학,철학은 날씨를 바꾼다 :삶을 쓰다듬는 위안의 책,9788934971351,1,철학,마니아,9,True,False,False
"물고기는 존재하지 않는다 :상실, 사랑 그리고 숨어 있는 삶의 질서에 관한 이야기",9791189327156,4,자연과학,나는 소망한다 내게 금지된 것을 :양귀자 장편소설,9788998441074,8,문학,마니아,10,True,False,False
"물고기는 존재하지 않는다 :상실, 사랑 그리고 숨어 있는 삶의 질서에 관한 이야기",9791189327156,4,자연과학,이처럼 사소한 것들 :클레어 키건 소설,9791130646381,8,문학,다독자,1,True,True,False
"물고기는 존재하지 않는다 :상실, 사랑 그리고 숨어 있는 삶의 질서에 관한 이야기",9791189327156,4,자연과학,혼모노 :성해나 소설집,9788936439743,8,문학,다독자,2,True,False,False
"물고기는 존재하지 않는다 :상실, 사랑 그리고 숨어 있는 삶의 질서에 관한 이야기",9791189327156,4,자연과학,안녕이라 그랬어 :김애란 소설,9791141602376,8,문학,다독자,3,True,False,False
"물고기는 존재하지 않는다 :상실, 사랑 그리고 숨어 있는 삶의 질서에 관한 이야기",9791189327156,4,자연과학,절창 :구병모 장편소설,9791141602451,8,문학,다독자,4,True,False,False
"물고기는 존재하지 않는다 :상실, 사랑 그리고 숨어 있는 삶의 질서에 관한 이야기",9791189327156,4,자연과학,이중 하나는 거짓말 :김애란 장편소설,9791141601300,8,문학,다독자,5,True,False,False
"물고기는 존재하지 않는다 :상실, 사랑 그리고 숨어 있는 삶의 질서에 관한 이야기",9791189327156,4,자연과학,아버지의 해방일지 :정지아 장편소설,9788936438838,8,문학,다독자,6,True,True,False
"물고기는 존재하지 않는다 :상실, 사랑 그리고 숨어 있는 삶의 질서에 관한 이야기",9791189327156,4,자연과학,나는 메트로폴리탄 미술관의 경비원입니다 :가장 경이로운 세계 속으로 숨어버린 한 남자의 이야기,9788901276533,8,문학,다독자,7,True,False,False
"물고기는 존재하지 않는다 :상실, 사랑 그리고 숨어 있는 삶의 질서에 관한 이야기",9791189327156,4,자연과학,아주 희미한 빛으로도 :최은영 소설,9788954695053,8,문학,다독자,8,True,False,False
"물고기는 존재하지 않는다 :상실, 사랑 그리고 숨어 있는 삶의 질서에 관한 이야기",9791189327156,4,자연과학,대온실 수리 보고서 :김금희 장편소설,9788936439651,8,문학,다독자,9,True,False,False
"물고기는 존재하지 않는다 :상실, 사랑 그리고 숨어 있는 삶의 질서에 관한 이야기",9791189327156,4,자연과학,단 한 번의 삶,9791191114768,8,문학,다독자,10,True,False,False
흔한남매 과학 탐험대,9788934980254,4,자연과학,흔한남매 과학 탐험대 3 : 인체,9788934983439,,미상,함께대출,2,False,False,False
흔한남매 과학 탐험대,9788934980254,4,자연과학,흔한남매 과학 탐험대 4 : 물질,9788934930549,,미상,함께대출,3,False,False,False
흔한남매 과학 탐험대,9788934980254,4,자연과학,흔한남매 과학 탐험대 5 : 물리 1,9788934940753,,미상,함께대출,4,False,False,False
흔한남매 과학 탐험대,9788934980254,4,자연과학,흔한남매 과학 탐험대 6 : 물리 2,9788934946793,,미상,함께대출,5,False,False,False
흔한남매 과학 탐험대,9788934980254,4,자연과학,흔한남매의 흔한 호기심 :일상에서 만나는 과학 상식,9791164136032,4,자연과학,함께대출,8,False,False,False
흔한남매 과학 탐험대,9788934980254,4,자연과학,흔한남매의 흔한 호기심 :일상에서 만나는 과학 상식,9791164137121,4,자연과학,함께대출,9,False,True,False
흔한남매 과학 탐험대,9788934980254,4,자연과학,흔한남매의 흔한 호기심 :일상에서 만나는 과학 상식,9791164137923,4,자연과학,함께대출,10,False,False,False
흔한남매 과학 탐험대,9788934980254,4,자연과학,흔한남매 과학 탐험대 3 : 인체,9788934983439,,미상,마니아,2,False,False,False
흔한남매 과학 탐험대,9788934980254,4,자연과학,흔한남매 과학 탐험대 4 : 물질,9788934930549,,미상,마니아,3,False,False,False
흔한남매 과학 탐험대,9788934980254,4,자연과학,흔한남매 과학 탐험대 5 : 물리 1,9788934940753,,미상,마니아,4,False,False,False
흔한남매 과학 탐험대,9788934980254,4,자연과학,흔한남매 과학 탐험대 6 : 물리 2,9788934946793,,미상,마니아,6,False,False,False
흔한남매 과학 탐험대,9788934980254,4,자연과학,흔한남매 과학 탐험대 3 : 인체,9788934983439,,미상,다독자,2,False,False,False
흔한남매 과학 탐험대,9788934980254,4,자연과학,흔한남매 과학 탐험대 4 : 물질,9788934930549,,미상,다독자,3,False,False,False
흔한남매 과학 탐험대,9788934980254,4,자연과학,흔한남매 과학 탐험대 5 : 물리 1,9788934940753,,미상,다독자,4,False,False,False
흔한남매 과학 탐험대,9788934980254,4,자연과학,흔한남매 과학 탐험대 6 : 물리 2,9788934946793,,미상,다독자,7,False,False,False
놓지 마 과학!,9791168122369,4,자연과학,놓지 마 과학! 7 - 정신이 모험에 정신 놓다,9791162205624,4,자연과학,함께대출,10,False,False,False
문과 남자의 과학 공부 :나는 무엇이고 왜 존재하며 어디로 가는가?,9791192836188,4,자연과학,아버지의 해방일지 :정지아 장편소설,9788936438838,8,문학,함께대출,1,True,True,False
문과 남자의 과학 공부 :나는 무엇이고 왜 존재하며 어디로 가는가?,9791192836188,4,자연과학,작별하지 않는다 :한강 장편소설,9788954682152,8,문학,함께대출,2,True,True,False
문과 남자의 과학 공부 :나는 무엇이고 왜 존재하며 어디로 가는가?,9791192836188,4,자연과학,그의 운명에 대한 아주 개인적인 생각,9788965138068,3,사회과학,함께대출,3,True,False,False
문과 남자의 과학 공부 :나는 무엇이고 왜 존재하며 어디로 가는가?,9791192836188,4,자연과학,하늘과 바람과 별과 인간 :원자에서 인간까지,9791166891496,4,자연과학,함께대출,4,False,False,False
문과 남자의 과학 공부 :나는 무엇이고 왜 존재하며 어디로 가는가?,9791192836188,4,자연과학,"도둑맞은 집중력 :집중력 위기의 시대, 삶의 주도권을 되찾는 법",9791167740984,1,철학,함께대출,5,True,True,False
문과 남자의 과학 공부 :나는 무엇이고 왜 존재하며 어디로 가는가?,9791192836188,4,자연과학,거꾸로 읽는 세계사,9791191438406,9,역사,함께대출,6,True,False,False
문과 남자의 과학 공부 :나는 무엇이고 왜 존재하며 어디로 가는가?,9791192836188,4,자연과학,소년이 온다 :한강 장편소설,9788936434120,8,문학,함께대출,7,True,True,False
문과 남자의 과학 공부 :나는 무엇이고 왜 존재하며 어디로 가는가?,9791192836188,4,자연과학,불편한 편의점 :김호연 장편소설,9791161571188,8,문학,함께대출,8,True,True,False
문과 남자의 과학 공부 :나는 무엇이고 왜 존재하며 어디로 가는가?,9791192836188,4,자연과학,나는 메트로폴리탄 미술관의 경비원입니다 :가장 경이로운 세계 속으로 숨어버린 한 남자의 이야기,9788901276533,8,문학,함께대출,9,True,False,False
문과 남자의 과학 공부 :나는 무엇이고 왜 존재하며 어디로 가는가?,9791192836188,4,자연과학,"물고기는 존재하지 않는다 :상실, 사랑 그리고 숨어 있는 삶의 질서에 관한 이야기",9791189327156,4,자연과학,함께대출,10,False,True,False
문과 남자의 과학 공부 :나는 무엇이고 왜 존재하며 어디로 가는가?,9791192836188,4,자연과학,원더풀 사이언스 :아름다운 기초과학 산책,9788959090532,4,자연과학,마니아,1,False,False,False
문과 남자의 과학 공부 :나는 무엇이고 왜 존재하며 어디로 가는가?,9791192836188,4,자연과학,그의 운명에 대한 아주 개인적인 생각,9788965138068,3,사회과학,마니아,2,True,False,False
문과 남자의 과학 공부 :나는 무엇이고 왜 존재하며 어디로 가는가?,9791192836188,4,자연과학,디케의 눈물 :대한검국에 맞선 조국의 호소,9791130645469,3,사회과학,마니아,3,True,False,False
문과 남자의 과학 공부 :나는 무엇이고 왜 존재하며 어디로 가는가?,9791192836188,4,자연과학,역사의 역사 =History of writing history,9788971998557,9,역사,마니아,4,True,False,False
문과 남자의 과학 공부 :나는 무엇이고 왜 존재하며 어디로 가는가?,9791192836188,4,자연과학,공감필법,9788936480271,8,문학,마니아,5,True,False,False
문과 남자의 과학 공부 :나는 무엇이고 왜 존재하며 어디로 가는가?,9791192836188,4,자연과학,유시민의 공감필법,9788936472979,0,총류,마니아,6,True,False,False
문과 남자의 과학 공부 :나는 무엇이고 왜 존재하며 어디로 가는가?,9791192836188,4,자연과학,사는 게 정답이 있으려나? :당신과 나누는 이야기 대화의 희열,9791191393156,1,철학,마니아,7,True,False,False
문과 남자의 과학 공부 :나는 무엇이고 왜 존재하며 어디로 가는가?,9791192836188,4,자연과학,미스터 프레지던트 =국가 기념식과 대통령 행사 이야기 /Mr. president,9791157062805,3,사회과학,마니아,8,True,False,False
문과 남자의 과학 공부 :나는 무엇이고 왜 존재하며 어디로 가는가?,9791192836188,4,자연과학,하늘과 바람과 별과 인간 :원자에서 인간까지,9791166891496,4,자연과학,마니아,9,False,False,False
문과 남자의 과학 공부 :나는 무엇이고 왜 존재하며 어디로 가는가?,9791192836188,4,자연과학,이로운 보수 의로운 진보 :최강형제가 들려주는 최소한의 정치 교양,9791172132477,3,사회과학,마니아,10,True,False,False
문과 남자의 과학 공부 :나는 무엇이고 왜 존재하며 어디로 가는가?,9791192836188,4,자연과학,그의 운명에 대한 아주 개인적인 생각,9788965138068,3,사회과학,다독자,1,True,False,False
문과 남자의 과학 공부 :나는 무엇이고 왜 존재하며 어디로 가는가?,9791192836188,4,자연과학,청춘의 독서 :세상을 바꾼 위험하고 위대한 생각들,9788901294742,0,총류,다독자,2,True,False,False
문과 남자의 과학 공부 :나는 무엇이고 왜 존재하며 어디로 가는가?,9791192836188,4,자연과학,아버지의 해방일지 :정지아 장편소설,9788936438838,8,문학,다독자,3,True,True,False
문과 남자의 과학 공부 :나는 무엇이고 왜 존재하며 어디로 가는가?,9791192836188,4,자연과학,단 한 번의 삶,9791191114768,8,문학,다독자,4,True,False,False
문과 남자의 과학 공부 :나는 무엇이고 왜 존재하며 어디로 가는가?,9791192836188,4,자연과학,작별하지 않는다 :한강 장편소설,9788954682152,8,문학,다독자,5,True,True,False
문과 남자의 과학 공부 :나는 무엇이고 왜 존재하며 어디로 가는가?,9791192836188,4,자연과학,하늘과 바람과 별과 인간 :원자에서 인간까지,9791166891496,4,자연과학,다독자,6,False,False,False
문과 남자의 과학 공부 :나는 무엇이고 왜 존재하며 어디로 가는가?,9791192836188,4,자연과학,안녕이라 그랬어 :김애란 소설,9791141602376,8,문학,다독자,7,True,False,False
문과 남자의 과학 공부 :나는 무엇이고 왜 존재하며 어디로 가는가?,9791192836188,4,자연과학,"도둑맞은 집중력 :집중력 위기의 시대, 삶의 주도권을 되찾는 법",9791167740984,1,철학,다독자,8,True,True,False
문과 남자의 과학 공부 :나는 무엇이고 왜 존재하며 어디로 가는가?,9791192836188,4,자연과학,나는 메트로폴리탄 미술관의 경비원입니다 :가장 경이로운 세계 속으로 숨어버린 한 남자의 이야기,9788901276533,8,문학,다독자,9,True,False,False
문과 남자의 과학 공부 :나는 무엇이고 왜 존재하며 어디로 가는가?,9791192836188,4,자연과학,이처럼 사소한 것들 :클레어 키건 소설,9791130646381,8,문학,다독자,10,True,True,False
슈뻘맨의 숨은 과학 찾기 :엉뚱 도전 속에 숨은 과학 상식,9791168415171,4,자연과학,흔한남매,9791164138197,8,문학,함께대출,5,True,False,False
슈뻘맨의 숨은 과학 찾기 :엉뚱 도전 속에 숨은 과학 상식,9791168415171,4,자연과학,흔한남매,9791168412477,8,문학,함께대출,6,True,False,False
슈뻘맨의 숨은 과학 찾기 :엉뚱 도전 속에 숨은 과학 상식,9791168415171,4,자연과학,흔한남매,9791168414471,8,문학,함께대출,7,True,False,False
슈뻘맨의 숨은 과학 찾기 :엉뚱 도전 속에 숨은 과학 상식,9791168415171,4,자연과학,흔한남매,9791168411685,8,문학,함께대출,8,True,False,False
슈뻘맨의 숨은 과학 찾기 :엉뚱 도전 속에 숨은 과학 상식,9791168415171,4,자연과학,흔한남매의 흔한 호기심 :일상에서 만나는 과학 상식,9791168413931,4,자연과학,함께대출,9,False,False,False
슈뻘맨의 숨은 과학 찾기 :엉뚱 도전 속에 숨은 과학 상식,9791168415171,4,자연과학,흔한남매,9791164139897,8,문학,함께대출,10,True,False,False
슈뻘맨의 숨은 과학 찾기 :엉뚱 도전 속에 숨은 과학 상식,9791168415171,4,자연과학,슈뻘맨의 숨은 생물 찾기 :관찰하며 배우는 생물 지식,9791173471148,4,자연과학,마니아,7,False,False,False
슈뻘맨의 숨은 과학 찾기 :엉뚱 도전 속에 숨은 과학 상식,9791168415171,4,자연과학,슈뻘맨의 슈퍼 상식 월드컵,9788934911289,0,총류,마니아,8,True,False,False
슈뻘맨의 숨은 과학 찾기 :엉뚱 도전 속에 숨은 과학 상식,9791168415171,4,자연과학,슈뻘맨의 숨은 생물 찾기 :관찰하며 배우는 생물 지식,9791173477683,4,자연과학,마니아,9,False,False,False
슈뻘맨의 숨은 과학 찾기 :엉뚱 도전 속에 숨은 과학 상식,9791168415171,4,자연과학,슈뻘맨의 숨은 국어 찾기 :슈뻘맨과 함께 국어 완전 정복!,9791173114168,7,언어,마니아,10,True,False,False
슈뻘맨의 숨은 과학 찾기 :엉뚱 도전 속에 숨은 과학 상식,9791168415171,4,자연과학,흔한남매,9791173473968,8,문학,다독자,6,True,False,False
슈뻘맨의 숨은 과학 찾기 :엉뚱 도전 속에 숨은 과학 상식,9791168415171,4,자연과학,흔한남매,9791168418844,8,문학,다독자,7,True,False,False
슈뻘맨의 숨은 과학 찾기 :엉뚱 도전 속에 숨은 과학 상식,9791168415171,4,자연과학,슈뻘맨의 숨은 생물 찾기 :관찰하며 배우는 생물 지식,9791173471148,4,자연과학,다독자,8,False,False,False
슈뻘맨의 숨은 과학 찾기 :엉뚱 도전 속에 숨은 과학 상식,9791168415171,4,자연과학,흔한남매,9791168418011,8,문학,다독자,9,True,False,False
슈뻘맨의 숨은 과학 찾기 :엉뚱 도전 속에 숨은 과학 상식,9791168415171,4,자연과학,흔한남매의 흔한 호기심 :일상에서 만나는 과학 상식,9791173471780,4,자연과학,다독자,10,False,False,False
물리박사 김상욱의 수상한 연구실 :어린이를 위한 세상의 모든 과학,9791171171019,4,자연과학,흔한남매 이상한 나라의 고전 읽기,9791168413955,8,문학,함께대출,6,True,False,False
물리박사 김상욱의 수상한 연구실 :어린이를 위한 세상의 모든 과학,9791171171019,4,자연과학,흔한남매 이상한 나라의 고전 읽기,9791168416314,8,문학,함께대출,7,True,False,False
물리박사 김상욱의 수상한 연구실 :어린이를 위한 세상의 모든 과학,9791171171019,4,자연과학,정재승의 인간 탐구 보고서,9788950983079,5,기술과학,함께대출,8,True,True,False
물리박사 김상욱의 수상한 연구실 :어린이를 위한 세상의 모든 과학,9791171171019,4,자연과학,흔한남매 이상한 나라의 고전 읽기,9791168415034,8,문학,함께대출,9,True,False,False
물리박사 김상욱의 수상한 연구실 :어린이를 위한 세상의 모든 과학,9791171171019,4,자연과학,정재승의 인류 탐험 보고서,9788950996505,4,자연과학,함께대출,10,False,False,False
물리박사 김상욱의 수상한 연구실 :어린이를 위한 세상의 모든 과학,9791171171019,4,자연과학,(김민형 교수의) 수학 추리 탐험대 :초등학생을 위한 이야기 수학,9791168342118,4,자연과학,마니아,8,False,False,False
물리박사 김상욱의 수상한 연구실 :어린이를 위한 세상의 모든 과학,9791171171019,4,자연과학,(김민형 교수의) 수학 추리 탐험대 :초등학생을 위한 이야기 수학,9791168342125,4,자연과학,마니아,9,False,False,False
물리박사 김상욱의 수상한 연구실 :어린이를 위한 세상의 모든 과학,9791171171019,4,자연과학,(최재천의) 동물대탐험 :지구를 사랑하는 어린이를 위한 생물학 동화,9791130647173,4,자연과학,마니아,10,False,False,False
물리박사 김상욱의 수상한 연구실 :어린이를 위한 세상의 모든 과학,9791171171019,4,자연과학,정재승의 인간 탐구 보고서,9788950969301,5,기술과학,다독자,8,True,False,False
물리박사 김상욱의 수상한 연구실 :어린이를 위한 세상의 모든 과학,9791171171019,4,자연과학,정재승의 인간 탐구 보고서,9788950983499,5,기술과학,다독자,9,True,False,False
물리박사 김상욱의 수상한 연구실 :어린이를 위한 세상의 모든 과학,9791171171019,4,자연과학,흔한남매 이상한 나라의 고전 읽기,9791168413955,8,문학,다독자,10,True,False,False
에그박사의 채집 일기 :스티커로 채집하는 자연 생물 관찰 만화,9791164137800,4,자연과학,에그박사 :Egg&bugs,9791164136438,4,자연과학,함께대출,3,False,False,False
에그박사의 채집 일기 :스티커로 채집하는 자연 생물 관찰 만화,9791164137800,4,자연과학,에그박사 :Egg&bugs,9791168411029,4,자연과학,함께대출,4,False,False,False
에그박사의 채집 일기 :스티커로 채집하는 자연 생물 관찰 만화,9791164137800,4,자연과학,에그박사 :Egg&bugs,9791164137435,4,자연과학,함께대출,5,False,False,False
에그박사의 채집 일기 :스티커로 채집하는 자연 생물 관찰 만화,9791164137800,4,자연과학,에그박사 :Egg&bugs,9791164139750,4,자연과학,함께대출,6,False,False,False
에그박사의 채집 일기 :스티커로 채집하는 자연 생물 관찰 만화,9791164137800,4,자연과학,에그박사 :Egg&bugs,9791168412279,4,자연과학,함께대출,7,False,False,False
에그박사의 채집 일기 :스티커로 채집하는 자연 생물 관찰 만화,9791164137800,4,자연과학,에그박사 :Egg&bugs,9791164138425,4,자연과학,함께대출,8,False,False,False
에그박사의 채집 일기 :스티커로 채집하는 자연 생물 관찰 만화,9791164137800,4,자연과학,에그박사 :Egg&bugs,9791164135738,4,자연과학,함께대출,10,False,False,False
에그박사의 채집 일기 :스티커로 채집하는 자연 생물 관찰 만화,9791164137800,4,자연과학,에그박사의 이건 누구 똥?!,9791168412705,4,자연과학,마니아,6,False,False,False
에그박사의 채집 일기 :스티커로 채집하는 자연 생물 관찰 만화,9791164137800,4,자연과학,에그박사의 이건 누구 똥?!,9791168415324,4,자연과학,마니아,7,False,False,False
에그박사의 채집 일기 :스티커로 채집하는 자연 생물 관찰 만화,9791164137800,4,자연과학,에그박사의 이건 누구 똥?!,9791168417939,4,자연과학,마니아,8,False,False,False
에그박사의 채집 일기 :스티커로 채집하는 자연 생물 관찰 만화,9791164137800,4,자연과학,에그박사의 이건 누구 똥?!,9791168415454,4,자연과학,마니아,9,False,False,False
에그박사의 채집 일기 :스티커로 채집하는 자연 생물 관찰 만화,9791164137800,4,자연과학,에그박사의 닮은꼴 사파리 :전격비교관찰 생물도감,9788927747581,4,자연과학,마니아,10,False,False,False
에그박사의 채집 일기 :스티커로 채집하는 자연 생물 관찰 만화,9791164137800,4,자연과학,에그박사 :Egg&bugs,9791168415539,4,자연과학,다독자,4,False,True,False
에그박사의 채집 일기 :스티커로 채집하는 자연 생물 관찰 만화,9791164137800,4,자연과학,에그박사 :Egg&bugs,9791168415157,4,자연과학,다독자,6,False,False,False
에그박사의 채집 일기 :스티커로 채집하는 자연 생물 관찰 만화,9791164137800,4,자연과학,에그박사 :Egg&bugs,9791168414075,4,자연과학,다독자,7,False,False,False
에그박사의 채집 일기 :스티커로 채집하는 자연 생물 관찰 만화,9791164137800,4,자연과학,에그박사 :Egg&bugs,9791168416840,4,자연과학,다독자,8,False,False,False
에그박사의 채집 일기 :스티커로 채집하는 자연 생물 관찰 만화,9791164137800,4,자연과학,에그박사 :Egg&bugs,9791168412279,4,자연과학,다독자,9,False,False,False
에그박사의 채집 일기 :스티커로 채집하는 자연 생물 관찰 만화,9791164137800,4,자연과학,에그박사 :Egg&bugs,9791168417984,4,자연과학,다독자,10,False,False,False
"최민준의 아들코칭 백과 :기질 파악부터 말공부, 사회성, 감정코칭까지",9791168127531,5,기술과학,나는 오늘도 너에게 화를 냈다 :엄마들의 고민을 명쾌하게 풀어낸 아홉 가지 현실 육아 솔루션,9788952242433,5,기술과학,함께대출,1,False,False,False
"최민준의 아들코칭 백과 :기질 파악부터 말공부, 사회성, 감정코칭까지",9791168127531,5,기술과학,아들 때문에 미쳐버릴 것 같은 엄마들에게 :큰 소리 내지 않고 아이를 키우는 법,9788952234650,5,기술과학,함께대출,2,False,False,False
"최민준의 아들코칭 백과 :기질 파악부터 말공부, 사회성, 감정코칭까지",9791168127531,5,기술과학,조선미의 현실 육아 상담소,9791164052035,5,기술과학,함께대출,3,False,False,False
"최민준의 아들코칭 백과 :기질 파악부터 말공부, 사회성, 감정코칭까지",9791168127531,5,기술과학,아들의 뇌 =딸로 태어난 엄마들을 위한 아들 사용 설명서 /Son's brain,9791191347456,5,기술과학,함께대출,4,False,False,False
"최민준의 아들코칭 백과 :기질 파악부터 말공부, 사회성, 감정코칭까지",9791168127531,5,기술과학,불편한 편의점 :김호연 장편소설,9791161571188,8,문학,함께대출,5,True,True,False
"최민준의 아들코칭 백과 :기질 파악부터 말공부, 사회성, 감정코칭까지",9791168127531,5,기술과학,"(세상에서 가장 쉬운) 본질육아 :삶의 근본을 보여주는 부모, 삶을 스스로 개척하는 아이",9788950941819,5,기술과학,함께대출,6,False,False,False
"최민준의 아들코칭 백과 :기질 파악부터 말공부, 사회성, 감정코칭까지",9791168127531,5,기술과학,(좌절내구력 강한 아이로 키우는) 조선미의 초등생활 상담소,9791164052356,5,기술과학,함께대출,7,False,False,False
"최민준의 아들코칭 백과 :기질 파악부터 말공부, 사회성, 감정코칭까지",9791168127531,5,기술과학,고양이 해결사 깜냥,9788936447694,8,문학,함께대출,8,True,True,False
"최민준의 아들코칭 백과 :기질 파악부터 말공부, 사회성, 감정코칭까지",9791168127531,5,기술과학,국어 잘하는 아이가 이깁니다 :'갓민애' 교수의 초등 국어 달인 만들기,9788934965404,3,사회과학,함께대출,9,True,False,False
"최민준의 아들코칭 백과 :기질 파악부터 말공부, 사회성, 감정코칭까지",9791168127531,5,기술과학,꽁꽁꽁 캠핑 :윤정주 그림책,9791158364120,8,문학,함께대출,10,True,False,False
"최민준의 아들코칭 백과 :기질 파악부터 말공부, 사회성, 감정코칭까지",9791168127531,5,기술과학,아들 때문에 미쳐버릴 것 같은 엄마들에게 :큰 소리 내지 않고 아이를 키우는 법,9788952234650,5,기술과학,마니아,1,False,False,False
"최민준의 아들코칭 백과 :기질 파악부터 말공부, 사회성, 감정코칭까지",9791168127531,5,기술과학,나는 오늘도 너에게 화를 냈다 :엄마들의 고민을 명쾌하게 풀어낸 아홉 가지 현실 육아 솔루션,9788952242433,5,기술과학,마니아,2,False,False,False
"최민준의 아들코칭 백과 :기질 파악부터 말공부, 사회성, 감정코칭까지",9791168127531,5,기술과학,아들 엄마의 말 연습 :아들의 평생 습관과 공부력을 결정하는 엄마 말의 힘,9791191013764,5,기술과학,마니아,3,False,False,False
"최민준의 아들코칭 백과 :기질 파악부터 말공부, 사회성, 감정코칭까지",9791168127531,5,기술과학,아들을 잘 키우는 말은 따로 있습니다 :아들 내면의 숨겨진 가능성을 깨우는 부모의 말 50가지,9791192097916,5,기술과학,마니아,4,False,False,False
"최민준의 아들코칭 백과 :기질 파악부터 말공부, 사회성, 감정코칭까지",9791168127531,5,기술과학,"남자아이 대백과 :한 권으로 끝내는 아들의 유년기, 학교생활, 사춘기 양육 기술",9791191104677,5,기술과학,마니아,5,False,False,False
"최민준의 아들코칭 백과 :기질 파악부터 말공부, 사회성, 감정코칭까지",9791168127531,5,기술과학,아들의 뇌 =딸로 태어난 엄마들을 위한 아들 사용 설명서 /Son's brain,9791191347456,5,기술과학,마니아,6,False,False,False
"최민준의 아들코칭 백과 :기질 파악부터 말공부, 사회성, 감정코칭까지",9791168127531,5,기술과학,아들과의 대화법 :완벽한 엄마가 될 수 없다면 대화하는 엄마가 되세요,9791165214814,5,기술과학,마니아,7,False,False,False
"최민준의 아들코칭 백과 :기질 파악부터 말공부, 사회성, 감정코칭까지",9791168127531,5,기술과학,(좌절내구력 강한 아이로 키우는) 조선미의 초등생활 상담소,9791164052356,5,기술과학,마니아,8,False,False,False
"최민준의 아들코칭 백과 :기질 파악부터 말공부, 사회성, 감정코칭까지",9791168127531,5,기술과학,조선미의 현실 육아 상담소,9791164052035,5,기술과학,마니아,9,False,False,False
"최민준의 아들코칭 백과 :기질 파악부터 말공부, 사회성, 감정코칭까지",9791168127531,5,기술과학,5~10세 아들 육아는 책읽기가 전부다 :아들의 약점은 채우고 강점을 키우는 기적의 책육아 로드맵,9791168270695,0,총류,마니아,10,True,False,False
"최민준의 아들코칭 백과 :기질 파악부터 말공부, 사회성, 감정코칭까지",9791168127531,5,기술과학,나는 오늘도 너에게 화를 냈다 :엄마들의 고민을 명쾌하게 풀어낸 아홉 가지 현실 육아 솔루션,9788952242433,5,기술과학,다독자,1,False,False,False
"최민준의 아들코칭 백과 :기질 파악부터 말공부, 사회성, 감정코칭까지",9791168127531,5,기술과학,아들 때문에 미쳐버릴 것 같은 엄마들에게 :큰 소리 내지 않고 아이를 키우는 법,9788952234650,5,기술과학,다독자,2,False,False,False
"최민준의 아들코칭 백과 :기질 파악부터 말공부, 사회성, 감정코칭까지",9791168127531,5,기술과학,조선미의 현실 육아 상담소,9791164052035,5,기술과학,다독자,3,False,False,False
"최민준의 아들코칭 백과 :기질 파악부터 말공부, 사회성, 감정코칭까지",9791168127531,5,기술과학,나는 다정한 관찰자가 되기로 했다 :불안에 휘둘리지 않는 단단한 태도에 관하여,9791198752406,5,기술과학,다독자,4,False,True,False
"최민준의 아들코칭 백과 :기질 파악부터 말공부, 사회성, 감정코칭까지",9791168127531,5,기술과학,부모의 어휘력 :정확히 말할수록 아이의 세상이 커지는 필수 어휘 126,9791168271999,5,기술과학,다독자,5,False,False,False
"최민준의 아들코칭 백과 :기질 파악부터 말공부, 사회성, 감정코칭까지",9791168127531,5,기술과학,국어 잘하는 아이가 이깁니다 :'갓민애' 교수의 초등 국어 달인 만들기,9788934965404,3,사회과학,다독자,6,True,False,False
"최민준의 아들코칭 백과 :기질 파악부터 말공부, 사회성, 감정코칭까지",9791168127531,5,기술과학,(좌절내구력 강한 아이로 키우는) 조선미의 초등생활 상담소,9791164052356,5,기술과학,다독자,7,False,False,False
"최민준의 아들코칭 백과 :기질 파악부터 말공부, 사회성, 감정코칭까지",9791168127531,5,기술과학,아이의 뇌 =뇌과학에서 찾아낸 4가지 양육 원칙 /A child's brain,9791193506981,5,기술과학,다독자,8,False,False,False
"최민준의 아들코칭 백과 :기질 파악부터 말공부, 사회성, 감정코칭까지",9791168127531,5,기술과학,아들의 뇌 =딸로 태어난 엄마들을 위한 아들 사용 설명서 /Son's brain,9791191347456,5,기술과학,다독자,9,False,False,False
"최민준의 아들코칭 백과 :기질 파악부터 말공부, 사회성, 감정코칭까지",9791168127531,5,기술과학,불편한 편의점 :김호연 장편소설,9791161571188,8,문학,다독자,10,True,True,False
의사 어벤저스 :어린이 의학 동화,9788957361900,5,기술과학,어린 왕자,9788957361955,8,문학,함께대출,1,True,False,False
의사 어벤저스 :어린이 의학 동화,9788957361900,5,기술과학,어린 왕자,9788957361955,8,문학,마니아,2,True,False,False
의사 어벤저스 :어린이 의학 동화,9788957361900,5,기술과학,어린 왕자,9788957361955,8,문학,다독자,1,True,False,False
느리게 나이 드는 습관 :노년내과 의사가 알려주는 감속노화 실천법,9791193080146,5,기술과학,당신도 느리게 나이 들 수 있습니다 :나이가 들어도 몸의 시간을 젊게,9791140702589,5,기술과학,함께대출,1,False,True,True
느리게 나이 드는 습관 :노년내과 의사가 알려주는 감속노화 실천법,9791193080146,5,기술과학,저속노화 식사법 :노년내과 의사가 알려주는 기적의 식단 혁명,9791141606862,5,기술과학,함께대출,2,False,False,False
느리게 나이 드는 습관 :노년내과 의사가 알려주는 감속노화 실천법,9791193080146,5,기술과학,내 몸 혁명 :뱃살과 질병 없이 살려면 숫자보다 몸을 바꿔라,9791198553317,5,기술과학,함께대출,3,False,True,True
느리게 나이 드는 습관 :노년내과 의사가 알려주는 감속노화 실천법,9791193080146,5,기술과학,"도둑맞은 집중력 :집중력 위기의 시대, 삶의 주도권을 되찾는 법",9791167740984,1,철학,함께대출,4,True,True,False
느리게 나이 드는 습관 :노년내과 의사가 알려주는 감속노화 실천법,9791193080146,5,기술과학,마흔에 읽는 쇼펜하우어 :마음의 위기를 다스리는 철학 수업,9791192300818,1,철학,함께대출,5,True,True,False
느리게 나이 드는 습관 :노년내과 의사가 알려주는 감속노화 실천법,9791193080146,5,기술과학,아버지의 해방일지 :정지아 장편소설,9788936438838,8,문학,함께대출,6,True,True,False
느리게 나이 드는 습관 :노년내과 의사가 알려주는 감속노화 실천법,9791193080146,5,기술과학,세이노의 가르침 :피보다 진하게 살아라,9791168473690,3,사회과학,함께대출,7,True,True,False
느리게 나이 드는 습관 :노년내과 의사가 알려주는 감속노화 실천법,9791193080146,5,기술과학,작별하지 않는다 :한강 장편소설,9788954682152,8,문학,함께대출,8,True,True,False
느리게 나이 드는 습관 :노년내과 의사가 알려주는 감속노화 실천법,9791193080146,5,기술과학,퓨처 셀프 :현재와 미래가 달라지는 놀라운 혁명,9791192389325,3,사회과학,함께대출,9,True,True,False
느리게 나이 드는 습관 :노년내과 의사가 알려주는 감속노화 실천법,9791193080146,5,기술과학,나는 메트로폴리탄 미술관의 경비원입니다 :가장 경이로운 세계 속으로 숨어버린 한 남자의 이야기,9788901276533,8,문학,함께대출,10,True,False,False
느리게 나이 드는 습관 :노년내과 의사가 알려주는 감속노화 실천법,9791193080146,5,기술과학,"지속가능한 나이듦 :노화와 질병, 거스를 수 없다면 미리 준비하라",9791188719204,5,기술과학,마니아,1,False,False,False
느리게 나이 드는 습관 :노년내과 의사가 알려주는 감속노화 실천법,9791193080146,5,기술과학,"지속가능한 나이듦 :노년의 질병, 어떻게 대비할 것인가",9791188719167,5,기술과학,마니아,2,False,False,False
느리게 나이 드는 습관 :노년내과 의사가 알려주는 감속노화 실천법,9791193080146,5,기술과학,당신도 느리게 나이 들 수 있습니다 :나이가 들어도 몸의 시간을 젊게,9791140702589,5,기술과학,마니아,3,False,True,True
느리게 나이 드는 습관 :노년내과 의사가 알려주는 감속노화 실천법,9791193080146,5,기술과학,저속노화 식사법 :노년내과 의사가 알려주는 기적의 식단 혁명,9791141606862,5,기술과학,마니아,4,False,False,False
느리게 나이 드는 습관 :노년내과 의사가 알려주는 감속노화 실천법,9791193080146,5,기술과학,왜 우리는 매일 거대도시로 향하는가 :교통지옥에 갇힌 도시생활자의 기쁨과 슬픔,9788934935001,3,사회과학,마니아,5,True,False,False
느리게 나이 드는 습관 :노년내과 의사가 알려주는 감속노화 실천법,9791193080146,5,기술과학,"저속노화 마인드셋 :노년내과 의사가 알려주는, 내 몸의 주도권을 되찾고 무너진 삶을 회복하는 법",9791194627074,5,기술과학,마니아,6,False,False,False
느리게 나이 드는 습관 :노년내과 의사가 알려주는 감속노화 실천법,9791193080146,5,기술과학,80에도 뇌가 늙지 않는 사람은 이렇게 합니다 :뇌과학자가 알려주는 최강의 두뇌 건강 비법,9791168127876,5,기술과학,마니아,7,False,False,False
느리게 나이 드는 습관 :노년내과 의사가 알려주는 감속노화 실천법,9791193080146,5,기술과학,"최고의 노후 :질병 없이 건강하게, 행복한 노년을 만드는 비밀",9791197376696,5,기술과학,마니아,8,False,False,False
느리게 나이 드는 습관 :노년내과 의사가 알려주는 감속노화 실천법,9791193080146,5,기술과학,100세 시대 두 발 혁명 :정형외과 족부전문의가 알려주는 발 건강 바이블,9791158464134,5,기술과학,마니아,9,False,False,False
느리게 나이 드는 습관 :노년내과 의사가 알려주는 감속노화 실천법,9791193080146,5,기술과학,완전 소화 :아프지 않고 오래 사는 최고의 식사법,9791130651415,5,기술과학,마니아,10,False,False,False
느리게 나이 드는 습관 :노년내과 의사가 알려주는 감속노화 실천법,9791193080146,5,기술과학,당신도 느리게 나이 들 수 있습니다 :나이가 들어도 몸의 시간을 젊게,9791140702589,5,기술과학,다독자,1,False,True,True
느리게 나이 드는 습관 :노년내과 의사가 알려주는 감속노화 실천법,9791193080146,5,기술과학,저속노화 식사법 :노년내과 의사가 알려주는 기적의 식단 혁명,9791141606862,5,기술과학,다독자,2,False,False,False
느리게 나이 드는 습관 :노년내과 의사가 알려주는 감속노화 실천법,9791193080146,5,기술과학,"저속노화 마인드셋 :노년내과 의사가 알려주는, 내 몸의 주도권을 되찾고 무너진 삶을 회복하는 법",9791194627074,5,기술과학,다독자,3,False,False,False
느리게 나이 드는 습관 :노년내과 의사가 알려주는 감속노화 실천법,9791193080146,5,기술과학,내 몸 혁명 :뱃살과 질병 없이 살려면 숫자보다 몸을 바꿔라,9791198553317,5,기술과학,다독자,4,False,True,True
느리게 나이 드는 습관 :노년내과 의사가 알려주는 감속노화 실천법,9791193080146,5,기술과학,단 한 번의 삶,9791191114768,8,문학,다독자,5,True,False,False
느리게 나이 드는 습관 :노년내과 의사가 알려주는 감속노화 실천법,9791193080146,5,기술과학,어른의 행복은 조용하다,9791169851053,8,문학,다독자,6,True,False,False
느리게 나이 드는 습관 :노년내과 의사가 알려주는 감속노화 실천법,9791193080146,5,기술과학,"도둑맞은 집중력 :집중력 위기의 시대, 삶의 주도권을 되찾는 법",9791167740984,1,철학,다독자,7,True,True,False
느리게 나이 드는 습관 :노년내과 의사가 알려주는 감속노화 실천법,9791193080146,5,기술과학,마흔에 읽는 쇼펜하우어 :마음의 위기를 다스리는 철학 수업,9791192300818,1,철학,다독자,8,True,True,False
느리게 나이 드는 습관 :노년내과 의사가 알려주는 감속노화 실천법,9791193080146,5,기술과학,아버지의 해방일지 :정지아 장편소설,9788936438838,8,문학,다독자,9,True,True,False
느리게 나이 드는 습관 :노년내과 의사가 알려주는 감속노화 실천법,9791193080146,5,기술과학,고전이 답했다 :마땅히 살아야 할 삶에 대하여,9791193939130,1,철학,다독자,10,True,False,False
(백종원의) 도전 요리왕 :음식으로 맛보는 세계 역사 문화 체험,9791189938352,5,기술과학,흔한남매,9791164136261,8,문학,함께대출,7,True,False,False
(백종원의) 도전 요리왕 :음식으로 맛보는 세계 역사 문화 체험,9791189938352,5,기술과학,흔한남매,9791168412477,8,문학,함께대출,8,True,False,False
(백종원의) 도전 요리왕 :음식으로 맛보는 세계 역사 문화 체험,9791189938352,5,기술과학,흔한남매,9791168411685,8,문학,함께대출,9,True,False,False
(백종원의) 도전 요리왕 :음식으로 맛보는 세계 역사 문화 체험,9791189938352,5,기술과학,흔한남매,9791164138197,8,문학,함께대출,10,True,False,False
(백종원의) 도전 요리왕 :음식으로 맛보는 세계 역사 문화 체험,9791189938352,5,기술과학,요리스타 청,9788934980520,5,기술과학,마니아,7,False,False,False
(백종원의) 도전 요리왕 :음식으로 맛보는 세계 역사 문화 체험,9791189938352,5,기술과학,요리스타 청 2 - 아이스크림 대결,9788934965282,5,기술과학,마니아,8,False,False,False
(백종원의) 도전 요리왕 :음식으로 맛보는 세계 역사 문화 체험,9791189938352,5,기술과학,요리스타 청,9788934971085,5,기술과학,마니아,9,False,False,False
(백종원의) 도전 요리왕 :음식으로 맛보는 세계 역사 문화 체험,9791189938352,5,기술과학,요리스타 청,9788934972242,5,기술과학,마니아,10,False,False,False
(백종원의) 도전 요리왕 :음식으로 맛보는 세계 역사 문화 체험,9791189938352,5,기술과학,흔한남매,9791168416369,8,문학,다독자,7,True,False,False
(백종원의) 도전 요리왕 :음식으로 맛보는 세계 역사 문화 체험,9791189938352,5,기술과학,흔한남매,9791168418844,8,문학,다독자,8,True,False,False
(백종원의) 도전 요리왕 :음식으로 맛보는 세계 역사 문화 체험,9791189938352,5,기술과학,흔한남매,9791168418011,8,문학,다독자,9,True,False,False
(백종원의) 도전 요리왕 :음식으로 맛보는 세계 역사 문화 체험,9791189938352,5,기술과학,흔한남매,9791168415232,8,문학,다독자,10,True,False,False
내 몸 혁명 :뱃살과 질병 없이 살려면 숫자보다 몸을 바꿔라,9791198553317,5,기술과학,지방 대사 켜는 스위치온 다이어트,9791196334703,5,기술과학,함께대출,1,False,False,False
내 몸 혁명 :뱃살과 질병 없이 살려면 숫자보다 몸을 바꿔라,9791198553317,5,기술과학,저속노화 식사법 :노년내과 의사가 알려주는 기적의 식단 혁명,9791141606862,5,기술과학,함께대출,2,False,False,False
내 몸 혁명 :뱃살과 질병 없이 살려면 숫자보다 몸을 바꿔라,9791198553317,5,기술과학,느리게 나이 드는 습관 :노년내과 의사가 알려주는 감속노화 실천법,9791193080146,5,기술과학,함께대출,3,False,True,True
내 몸 혁명 :뱃살과 질병 없이 살려면 숫자보다 몸을 바꿔라,9791198553317,5,기술과학,당신도 느리게 나이 들 수 있습니다 :나이가 들어도 몸의 시간을 젊게,9791140702589,5,기술과학,함께대출,4,False,True,True
내 몸 혁명 :뱃살과 질병 없이 살려면 숫자보다 몸을 바꿔라,9791198553317,5,기술과학,(건강과 다이어트를 동시에 잡는) 채소·과일식 :단순하면서 자연스러운 가장 효과적인 식단,9791158773120,5,기술과학,함께대출,5,False,False,False
내 몸 혁명 :뱃살과 질병 없이 살려면 숫자보다 몸을 바꿔라,9791198553317,5,기술과학,"도둑맞은 집중력 :집중력 위기의 시대, 삶의 주도권을 되찾는 법",9791167740984,1,철학,함께대출,6,True,True,False
내 몸 혁명 :뱃살과 질병 없이 살려면 숫자보다 몸을 바꿔라,9791198553317,5,기술과학,마흔에 읽는 쇼펜하우어 :마음의 위기를 다스리는 철학 수업,9791192300818,1,철학,함께대출,7,True,True,False
내 몸 혁명 :뱃살과 질병 없이 살려면 숫자보다 몸을 바꿔라,9791198553317,5,기술과학,해독 혁명 =질병 없는 몸을 위한 5단계 독소 해방 /Detox revolution,9788901285146,5,기술과학,함께대출,8,False,False,False
내 몸 혁명 :뱃살과 질병 없이 살려면 숫자보다 몸을 바꿔라,9791198553317,5,기술과학,완전 배출 :채소·과일·무첨가 주스는 어떻게 비만과 질병을 몰아내는가,9791187330295,5,기술과학,함께대출,9,False,False,False
내 몸 혁명 :뱃살과 질병 없이 살려면 숫자보다 몸을 바꿔라,9791198553317,5,기술과학,퓨처 셀프 :현재와 미래가 달라지는 놀라운 혁명,9791192389325,3,사회과학,함께대출,10,True,True,False
내 몸 혁명 :뱃살과 질병 없이 살려면 숫자보다 몸을 바꿔라,9791198553317,5,기술과학,(대한민국 다이어트 멘토 박용우 박사의) 4주 해독다이어트,9791185020211,5,기술과학,마니아,1,False,False,False
내 몸 혁명 :뱃살과 질병 없이 살려면 숫자보다 몸을 바꿔라,9791198553317,5,기술과학,박용우의 마이 옵티멀 다이어트 - 살찌지 않는 몸을 위한 최적의 식사 전략,9791173323881,,미상,마니아,2,False,False,False
내 몸 혁명 :뱃살과 질병 없이 살려면 숫자보다 몸을 바꿔라,9791198553317,5,기술과학,호르메시스와 간헐적 단식 =Hormesis intermittent fasting,9791189830069,5,기술과학,마니아,3,False,False,False
내 몸 혁명 :뱃살과 질병 없이 살려면 숫자보다 몸을 바꿔라,9791198553317,5,기술과학,지방 대사 켜는 스위치온 다이어트,9791196334703,5,기술과학,마니아,4,False,False,False
내 몸 혁명 :뱃살과 질병 없이 살려면 숫자보다 몸을 바꿔라,9791198553317,5,기술과학,음식중독 =뇌를 자극하는 맛의 역습! 더 이상 스스로를 통제할 수 없다 /Food addicton,9788934993353,5,기술과학,마니아,5,False,False,False
내 몸 혁명 :뱃살과 질병 없이 살려면 숫자보다 몸을 바꿔라,9791198553317,5,기술과학,(박용우 박사의) 스위치온 다이어트 레시피북 :살찌지 않는 건강한 몸으로 되돌리는 4주 다이어트 식단,9791198553379,5,기술과학,마니아,6,False,False,False
내 몸 혁명 :뱃살과 질병 없이 살려면 숫자보다 몸을 바꿔라,9791198553317,5,기술과학,감량 혁명 =원하는 몸무게로 평생 사는 무노력 다이어트 전략 /Diet revolution,9791129715289,5,기술과학,마니아,7,False,False,False
내 몸 혁명 :뱃살과 질병 없이 살려면 숫자보다 몸을 바꿔라,9791198553317,5,기술과학,완치 비만 :당신은 어떻게 살 안 찌는 사람으로 변했나요?,9791187330301,5,기술과학,마니아,8,False,False,False
내 몸 혁명 :뱃살과 질병 없이 살려면 숫자보다 몸을 바꿔라,9791198553317,5,기술과학,혈당 잡고 비만 잡고 노화 잡는 토탈 리셋 :잃어버린 건강을 되돌리는 기적의 다이어트 습관,9791171175222,5,기술과학,마니아,9,False,False,False
내 몸 혁명 :뱃살과 질병 없이 살려면 숫자보다 몸을 바꿔라,9791198553317,5,기술과학,내장비만 :국민 주치의 이왕림 박사의 34년 비만 해독 연구 결정판,9791193506684,5,기술과학,마니아,10,False,False,False
내 몸 혁명 :뱃살과 질병 없이 살려면 숫자보다 몸을 바꿔라,9791198553317,5,기술과학,저속노화 식사법 :노년내과 의사가 알려주는 기적의 식단 혁명,9791141606862,5,기술과학,다독자,1,False,False,False
내 몸 혁명 :뱃살과 질병 없이 살려면 숫자보다 몸을 바꿔라,9791198553317,5,기술과학,지방 대사 켜는 스위치온 다이어트,9791196334703,5,기술과학,다독자,2,False,False,False
내 몸 혁명 :뱃살과 질병 없이 살려면 숫자보다 몸을 바꿔라,9791198553317,5,기술과학,(박용우 박사의) 스위치온 다이어트 레시피북 :살찌지 않는 건강한 몸으로 되돌리는 4주 다이어트 식단,9791198553379,5,기술과학,다독자,3,False,False,False
내 몸 혁명 :뱃살과 질병 없이 살려면 숫자보다 몸을 바꿔라,9791198553317,5,기술과학,느리게 나이 드는 습관 :노년내과 의사가 알려주는 감속노화 실천법,9791193080146,5,기술과학,다독자,4,False,True,True
내 몸 혁명 :뱃살과 질병 없이 살려면 숫자보다 몸을 바꿔라,9791198553317,5,기술과학,해독 혁명 =질병 없는 몸을 위한 5단계 독소 해방 /Detox revolution,9788901285146,5,기술과학,다독자,5,False,False,False
내 몸 혁명 :뱃살과 질병 없이 살려면 숫자보다 몸을 바꿔라,9791198553317,5,기술과학,당신도 느리게 나이 들 수 있습니다 :나이가 들어도 몸의 시간을 젊게,9791140702589,5,기술과학,다독자,6,False,True,True
내 몸 혁명 :뱃살과 질병 없이 살려면 숫자보다 몸을 바꿔라,9791198553317,5,기술과학,박곰희 연금 부자 수업 :4개의 통장으로 월 300만원 만들기,9791168342941,3,사회과학,다독자,7,True,False,False
내 몸 혁명 :뱃살과 질병 없이 살려면 숫자보다 몸을 바꿔라,9791198553317,5,기술과학,단 한 번의 삶,9791191114768,8,문학,다독자,8,True,False,False
내 몸 혁명 :뱃살과 질병 없이 살려면 숫자보다 몸을 바꿔라,9791198553317,5,기술과학,박용우의 마이 옵티멀 다이어트 - 살찌지 않는 몸을 위한 최적의 식사 전략,9791173323881,,미상,다독자,9,False,False,False
내 몸 혁명 :뱃살과 질병 없이 살려면 숫자보다 몸을 바꿔라,9791198553317,5,기술과학,(건강과 다이어트를 동시에 잡는) 채소·과일식 :단순하면서 자연스러운 가장 효과적인 식단,9791158773120,5,기술과학,다독자,10,False,False,False
아이는 무엇으로 자라는가 :세계적 가족 심리학자 버지니아 사티어의 15가지 양육 법칙,9791193506202,5,기술과학,나는 다정한 관찰자가 되기로 했다 :불안에 휘둘리지 않는 단단한 태도에 관하여,9791198752406,5,기술과학,함께대출,1,False,True,False
아이는 무엇으로 자라는가 :세계적 가족 심리학자 버지니아 사티어의 15가지 양육 법칙,9791193506202,5,기술과학,마흔에 읽는 쇼펜하우어 :마음의 위기를 다스리는 철학 수업,9791192300818,1,철학,함께대출,2,True,True,False
아이는 무엇으로 자라는가 :세계적 가족 심리학자 버지니아 사티어의 15가지 양육 법칙,9791193506202,5,기술과학,"도둑맞은 집중력 :집중력 위기의 시대, 삶의 주도권을 되찾는 법",9791167740984,1,철학,함께대출,3,True,True,False
아이는 무엇으로 자라는가 :세계적 가족 심리학자 버지니아 사티어의 15가지 양육 법칙,9791193506202,5,기술과학,불편한 편의점 :김호연 장편소설,9791161571188,8,문학,함께대출,4,True,True,False
아이는 무엇으로 자라는가 :세계적 가족 심리학자 버지니아 사티어의 15가지 양육 법칙,9791193506202,5,기술과학,"최민준의 아들코칭 백과 :기질 파악부터 말공부, 사회성, 감정코칭까지",9791168127531,5,기술과학,함께대출,5,False,True,False
아이는 무엇으로 자라는가 :세계적 가족 심리학자 버지니아 사티어의 15가지 양육 법칙,9791193506202,5,기술과학,이처럼 사소한 것들 :클레어 키건 소설,9791130646381,8,문학,함께대출,6,True,True,False
아이는 무엇으로 자라는가 :세계적 가족 심리학자 버지니아 사티어의 15가지 양육 법칙,9791193506202,5,기술과학,국어 잘하는 아이가 이깁니다 :'갓민애' 교수의 초등 국어 달인 만들기,9788934965404,3,사회과학,함께대출,7,True,False,False
아이는 무엇으로 자라는가 :세계적 가족 심리학자 버지니아 사티어의 15가지 양육 법칙,9791193506202,5,기술과학,나를 소모하지 않는 현명한 태도에 관하여,9791198682505,1,철학,함께대출,8,True,True,False
아이는 무엇으로 자라는가 :세계적 가족 심리학자 버지니아 사티어의 15가지 양육 법칙,9791193506202,5,기술과학,너에게 들려주는 단단한 말,9791198682550,1,철학,함께대출,9,True,False,False
아이는 무엇으로 자라는가 :세계적 가족 심리학자 버지니아 사티어의 15가지 양육 법칙,9791193506202,5,기술과학,"(세상에서 가장 쉬운) 본질육아 :삶의 근본을 보여주는 부모, 삶을 스스로 개척하는 아이",9788950941819,5,기술과학,함께대출,10,False,False,False
아이는 무엇으로 자라는가 :세계적 가족 심리학자 버지니아 사티어의 15가지 양육 법칙,9791193506202,5,기술과학,마음이 부자인 아이는 어떻게 성장하는가 :행복할 줄 아는 아이로 키우는 정서 육아법,9791193937228,5,기술과학,마니아,1,False,False,False
아이는 무엇으로 자라는가 :세계적 가족 심리학자 버지니아 사티어의 15가지 양육 법칙,9791193506202,5,기술과학,부모의 내면이 아이의 세상이 된다 :소아정신과 최고 권위자 대니얼 J. 시겔의 40년 연구 결실을 담은 9가지 육아 원칙,9791169851305,5,기술과학,마니아,2,False,False,False
아이는 무엇으로 자라는가 :세계적 가족 심리학자 버지니아 사티어의 15가지 양육 법칙,9791193506202,5,기술과학,데일리 대드 :철학자 아버지가 성찰하는 부모에게 전하는 365일 삶의 지혜,9791193842157,5,기술과학,마니아,3,False,False,False
아이는 무엇으로 자라는가 :세계적 가족 심리학자 버지니아 사티어의 15가지 양육 법칙,9791193506202,5,기술과학,나는 다정한 관찰자가 되기로 했다 :불안에 휘둘리지 않는 단단한 태도에 관하여,9791198752406,5,기술과학,마니아,4,False,True,False
아이는 무엇으로 자라는가 :세계적 가족 심리학자 버지니아 사티어의 15가지 양육 법칙,9791193506202,5,기술과학,아이의 뇌 =뇌과학에서 찾아낸 4가지 양육 원칙 /A child's brain,9791193506981,5,기술과학,마니아,5,False,False,False
아이는 무엇으로 자라는가 :세계적 가족 심리학자 버지니아 사티어의 15가지 양육 법칙,9791193506202,5,기술과학,깨어있는 양육 :아이가 보내는 신호를 제대로 읽고 소통하는 법,9791190457279,5,기술과학,마니아,6,False,False,False
아이는 무엇으로 자라는가 :세계적 가족 심리학자 버지니아 사티어의 15가지 양육 법칙,9791193506202,5,기술과학,부모의 말이 아이의 인생이 된다,9791158733018,5,기술과학,마니아,7,False,False,False
아이는 무엇으로 자라는가 :세계적 가족 심리학자 버지니아 사티어의 15가지 양육 법칙,9791193506202,5,기술과학,영혼이 강한 아이로 키워라 :대한민국 부모 멘토 조선미 교수의 자녀교육 명강,9791164052202,5,기술과학,마니아,8,False,False,False
아이는 무엇으로 자라는가 :세계적 가족 심리학자 버지니아 사티어의 15가지 양육 법칙,9791193506202,5,기술과학,(소아정신건강의학과 의사가 들려주는) 모든 아이는 예민하다 =All children are sensitive,9791169092418,3,사회과학,마니아,9,True,False,False
아이는 무엇으로 자라는가 :세계적 가족 심리학자 버지니아 사티어의 15가지 양육 법칙,9791193506202,5,기술과학,바빌론의 부자 멘토와 꼬마 제자 :철학이 있는 부자가 들려주는 돈에 대한 가르침,9791198682529,3,사회과학,마니아,10,True,False,False
아이는 무엇으로 자라는가 :세계적 가족 심리학자 버지니아 사티어의 15가지 양육 법칙,9791193506202,5,기술과학,나는 다정한 관찰자가 되기로 했다 :불안에 휘둘리지 않는 단단한 태도에 관하여,9791198752406,5,기술과학,다독자,1,False,True,False
아이는 무엇으로 자라는가 :세계적 가족 심리학자 버지니아 사티어의 15가지 양육 법칙,9791193506202,5,기술과학,마흔에 읽는 쇼펜하우어 :마음의 위기를 다스리는 철학 수업,9791192300818,1,철학,다독자,2,True,True,False
아이는 무엇으로 자라는가 :세계적 가족 심리학자 버지니아 사티어의 15가지 양육 법칙,9791193506202,5,기술과학,너에게 들려주는 단단한 말,9791198682550,1,철학,다독자,3,True,False,False
아이는 무엇으로 자라는가 :세계적 가족 심리학자 버지니아 사티어의 15가지 양육 법칙,9791193506202,5,기술과학,"도둑맞은 집중력 :집중력 위기의 시대, 삶의 주도권을 되찾는 법",9791167740984,1,철학,다독자,4,True,True,False
아이는 무엇으로 자라는가 :세계적 가족 심리학자 버지니아 사티어의 15가지 양육 법칙,9791193506202,5,기술과학,불편한 편의점 :김호연 장편소설,9791161571188,8,문학,다독자,5,True,True,False
아이는 무엇으로 자라는가 :세계적 가족 심리학자 버지니아 사티어의 15가지 양육 법칙,9791193506202,5,기술과학,"최민준의 아들코칭 백과 :기질 파악부터 말공부, 사회성, 감정코칭까지",9791168127531,5,기술과학,다독자,6,False,True,False
아이는 무엇으로 자라는가 :세계적 가족 심리학자 버지니아 사티어의 15가지 양육 법칙,9791193506202,5,기술과학,국어 잘하는 아이가 이깁니다 :'갓민애' 교수의 초등 국어 달인 만들기,9788934965404,3,사회과학,다독자,7,True,False,False
아이는 무엇으로 자라는가 :세계적 가족 심리학자 버지니아 사티어의 15가지 양육 법칙,9791193506202,5,기술과학,이처럼 사소한 것들 :클레어 키건 소설,9791130646381,8,문학,다독자,8,True,True,False
아이는 무엇으로 자라는가 :세계적 가족 심리학자 버지니아 사티어의 15가지 양육 법칙,9791193506202,5,기술과학,어른의 행복은 조용하다,9791169851053,8,문학,다독자,9,True,False,False
아이는 무엇으로 자라는가 :세계적 가족 심리학자 버지니아 사티어의 15가지 양육 법칙,9791193506202,5,기술과학,나를 소모하지 않는 현명한 태도에 관하여,9791198682505,1,철학,다독자,10,True,True,False
당신도 느리게 나이 들 수 있습니다 :나이가 들어도 몸의 시간을 젊게,9791140702589,5,기술과학,느리게 나이 드는 습관 :노년내과 의사가 알려주는 감속노화 실천법,9791193080146,5,기술과학,함께대출,1,False,True,True
당신도 느리게 나이 들 수 있습니다 :나이가 들어도 몸의 시간을 젊게,9791140702589,5,기술과학,"도둑맞은 집중력 :집중력 위기의 시대, 삶의 주도권을 되찾는 법",9791167740984,1,철학,함께대출,2,True,True,False
당신도 느리게 나이 들 수 있습니다 :나이가 들어도 몸의 시간을 젊게,9791140702589,5,기술과학,저속노화 식사법 :노년내과 의사가 알려주는 기적의 식단 혁명,9791141606862,5,기술과학,함께대출,3,False,False,False
당신도 느리게 나이 들 수 있습니다 :나이가 들어도 몸의 시간을 젊게,9791140702589,5,기술과학,아버지의 해방일지 :정지아 장편소설,9788936438838,8,문학,함께대출,4,True,True,False
당신도 느리게 나이 들 수 있습니다 :나이가 들어도 몸의 시간을 젊게,9791140702589,5,기술과학,만일 내가 인생을 다시 산다면 :벌써 마흔이 된 당신에게 해 주고 싶은 말들 42,9791190538510,1,철학,함께대출,5,True,True,False
당신도 느리게 나이 들 수 있습니다 :나이가 들어도 몸의 시간을 젊게,9791140702589,5,기술과학,세이노의 가르침 :피보다 진하게 살아라,9791168473690,3,사회과학,함께대출,6,True,True,False
당신도 느리게 나이 들 수 있습니다 :나이가 들어도 몸의 시간을 젊게,9791140702589,5,기술과학,불편한 편의점 :김호연 장편소설,9791161571188,8,문학,함께대출,7,True,True,False
당신도 느리게 나이 들 수 있습니다 :나이가 들어도 몸의 시간을 젊게,9791140702589,5,기술과학,(건강과 다이어트를 동시에 잡는) 채소·과일식 :단순하면서 자연스러운 가장 효과적인 식단,9791158773120,5,기술과학,함께대출,8,False,False,False
당신도 느리게 나이 들 수 있습니다 :나이가 들어도 몸의 시간을 젊게,9791140702589,5,기술과학,작별하지 않는다 :한강 장편소설,9788954682152,8,문학,함께대출,9,True,True,False
당신도 느리게 나이 들 수 있습니다 :나이가 들어도 몸의 시간을 젊게,9791140702589,5,기술과학,불편한 편의점 :김호연 장편소설,9791161571379,8,문학,함께대출,10,True,False,False
당신도 느리게 나이 들 수 있습니다 :나이가 들어도 몸의 시간을 젊게,9791140702589,5,기술과학,"지속가능한 나이듦 :노년의 질병, 어떻게 대비할 것인가",9791188719167,5,기술과학,마니아,1,False,False,False
당신도 느리게 나이 들 수 있습니다 :나이가 들어도 몸의 시간을 젊게,9791140702589,5,기술과학,"지속가능한 나이듦 :노화와 질병, 거스를 수 없다면 미리 준비하라",9791188719204,5,기술과학,마니아,2,False,False,False
당신도 느리게 나이 들 수 있습니다 :나이가 들어도 몸의 시간을 젊게,9791140702589,5,기술과학,느리게 나이 드는 습관 :노년내과 의사가 알려주는 감속노화 실천법,9791193080146,5,기술과학,마니아,3,False,True,True
당신도 느리게 나이 들 수 있습니다 :나이가 들어도 몸의 시간을 젊게,9791140702589,5,기술과학,왜 우리는 매일 거대도시로 향하는가 :교통지옥에 갇힌 도시생활자의 기쁨과 슬픔,9788934935001,3,사회과학,마니아,4,True,False,False
당신도 느리게 나이 들 수 있습니다 :나이가 들어도 몸의 시간을 젊게,9791140702589,5,기술과학,"70세가 노화의 갈림길 :젊음을 지속하는 사람, 단번에 늙어버리는 사람의 차이",9788965020004,5,기술과학,마니아,5,False,False,False
당신도 느리게 나이 들 수 있습니다 :나이가 들어도 몸의 시간을 젊게,9791140702589,5,기술과학,근육이 연금보다 강하다 :건강 나이를 10년 앞당기는 최강의 근력 운동,9791158462949,5,기술과학,마니아,6,False,False,False
당신도 느리게 나이 들 수 있습니다 :나이가 들어도 몸의 시간을 젊게,9791140702589,5,기술과학,행복한 노인은 늙지 않는다 :당신이 몰랐던 노화에 관한 오해와 진실,9788934950974,5,기술과학,마니아,7,False,False,False
당신도 느리게 나이 들 수 있습니다 :나이가 들어도 몸의 시간을 젊게,9791140702589,5,기술과학,노화의 재설계 :예일대 의대에서 밝혀낸 신체나이를 되돌리는 방법,9791168126206,5,기술과학,마니아,8,False,False,False
당신도 느리게 나이 들 수 있습니다 :나이가 들어도 몸의 시간을 젊게,9791140702589,5,기술과학,건강하게 나이 든다는 것 :무엇이 우리의 노년을 결정하는가,9791190030809,,미상,마니아,9,False,False,False
당신도 느리게 나이 들 수 있습니다 :나이가 들어도 몸의 시간을 젊게,9791140702589,5,기술과학,70세의 정답 :다가올 30년의 노화를 늦추는 법,9791160079265,,미상,마니아,10,False,False,False
당신도 느리게 나이 들 수 있습니다 :나이가 들어도 몸의 시간을 젊게,9791140702589,5,기술과학,느리게 나이 드는 습관 :노년내과 의사가 알려주는 감속노화 실천법,9791193080146,5,기술과학,다독자,1,False,True,True
당신도 느리게 나이 들 수 있습니다 :나이가 들어도 몸의 시간을 젊게,9791140702589,5,기술과학,저속노화 식사법 :노년내과 의사가 알려주는 기적의 식단 혁명,9791141606862,5,기술과학,다독자,2,False,False,False
당신도 느리게 나이 들 수 있습니다 :나이가 들어도 몸의 시간을 젊게,9791140702589,5,기술과학,단 한 번의 삶,9791191114768,8,문학,다독자,3,True,False,False
당신도 느리게 나이 들 수 있습니다 :나이가 들어도 몸의 시간을 젊게,9791140702589,5,기술과학,"도둑맞은 집중력 :집중력 위기의 시대, 삶의 주도권을 되찾는 법",9791167740984,1,철학,다독자,4,True,True,False
당신도 느리게 나이 들 수 있습니다 :나이가 들어도 몸의 시간을 젊게,9791140702589,5,기술과학,"저속노화 마인드셋 :노년내과 의사가 알려주는, 내 몸의 주도권을 되찾고 무너진 삶을 회복하는 법",9791194627074,5,기술과학,다독자,5,False,False,False
당신도 느리게 나이 들 수 있습니다 :나이가 들어도 몸의 시간을 젊게,9791140702589,5,기술과학,아버지의 해방일지 :정지아 장편소설,9788936438838,8,문학,다독자,6,True,True,False
당신도 느리게 나이 들 수 있습니다 :나이가 들어도 몸의 시간을 젊게,9791140702589,5,기술과학,내 몸 혁명 :뱃살과 질병 없이 살려면 숫자보다 몸을 바꿔라,9791198553317,5,기술과학,다독자,7,False,True,True
당신도 느리게 나이 들 수 있습니다 :나이가 들어도 몸의 시간을 젊게,9791140702589,5,기술과학,어른의 행복은 조용하다,9791169851053,8,문학,다독자,8,True,False,False
당신도 느리게 나이 들 수 있습니다 :나이가 들어도 몸의 시간을 젊게,9791140702589,5,기술과학,안녕이라 그랬어 :김애란 소설,9791141602376,8,문학,다독자,9,True,False,False
당신도 느리게 나이 들 수 있습니다 :나이가 들어도 몸의 시간을 젊게,9791140702589,5,기술과학,(돈도 마음도 낭비 없이 나만의 행복을 버는) 저소비 생활,9788925573229,,미상,다독자,10,False,False,False
나는 다정한 관찰자가 되기로 했다 :불안에 휘둘리지 않는 단단한 태도에 관하여,9791198752406,5,기술과학,국어 잘하는 아이가 이깁니다 :'갓민애' 교수의 초등 국어 달인 만들기,9788934965404,3,사회과학,함께대출,1,True,False,False
나는 다정한 관찰자가 되기로 했다 :불안에 휘둘리지 않는 단단한 태도에 관하여,9791198752406,5,기술과학,불편한 편의점 :김호연 장편소설,9791161571188,8,문학,함께대출,2,True,True,False
나는 다정한 관찰자가 되기로 했다 :불안에 휘둘리지 않는 단단한 태도에 관하여,9791198752406,5,기술과학,불편한 편의점 :김호연 장편소설,9791161571379,8,문학,함께대출,3,True,False,False
나는 다정한 관찰자가 되기로 했다 :불안에 휘둘리지 않는 단단한 태도에 관하여,9791198752406,5,기술과학,너에게 들려주는 단단한 말,9791198682550,1,철학,함께대출,4,True,False,False
나는 다정한 관찰자가 되기로 했다 :불안에 휘둘리지 않는 단단한 태도에 관하여,9791198752406,5,기술과학,순례 주택 :유은실 소설,9788949123493,8,문학,함께대출,5,True,False,False
나는 다정한 관찰자가 되기로 했다 :불안에 휘둘리지 않는 단단한 태도에 관하여,9791198752406,5,기술과학,아버지의 해방일지 :정지아 장편소설,9788936438838,8,문학,함께대출,6,True,True,False
나는 다정한 관찰자가 되기로 했다 :불안에 휘둘리지 않는 단단한 태도에 관하여,9791198752406,5,기술과학,메리골드 마음 세탁소 =윤정은 장편소설 /Marigold mind laundry,9791191891287,8,문학,함께대출,7,True,True,False
나는 다정한 관찰자가 되기로 했다 :불안에 휘둘리지 않는 단단한 태도에 관하여,9791198752406,5,기술과학,어른의 행복은 조용하다,9791169851053,8,문학,함께대출,8,True,False,False
나는 다정한 관찰자가 되기로 했다 :불안에 휘둘리지 않는 단단한 태도에 관하여,9791198752406,5,기술과학,마흔에 읽는 쇼펜하우어 :마음의 위기를 다스리는 철학 수업,9791192300818,1,철학,함께대출,9,True,True,False
나는 다정한 관찰자가 되기로 했다 :불안에 휘둘리지 않는 단단한 태도에 관하여,9791198752406,5,기술과학,긴긴밤,9788954677158,8,문학,함께대출,10,True,False,False
나는 다정한 관찰자가 되기로 했다 :불안에 휘둘리지 않는 단단한 태도에 관하여,9791198752406,5,기술과학,그렇게 부모가 된다 :17년 교직을 포기하고 좋은 아빠가 되고 싶었던 EBS강사의 이야기,9791198774828,,미상,마니아,1,False,False,False
나는 다정한 관찰자가 되기로 했다 :불안에 휘둘리지 않는 단단한 태도에 관하여,9791198752406,5,기술과학,천 번을 흔들리며 아이는 어른이 됩니다 :사춘기 성장 근육을 키우는 뇌·마음 만들기,9791171178636,,미상,마니아,2,False,False,False
나는 다정한 관찰자가 되기로 했다 :불안에 휘둘리지 않는 단단한 태도에 관하여,9791198752406,5,기술과학,상위 1%의 비밀은 공부정서에 있습니다 :스스로 해내는 아이로 만드는 정서 관리 원칙,9791189217280,,미상,마니아,3,False,False,False
나는 다정한 관찰자가 되기로 했다 :불안에 휘둘리지 않는 단단한 태도에 관하여,9791198752406,5,기술과학,"80년대생 학부모, 당신은 누구십니까 :우리의 미래를 좌우할 새로운 세대 발견, 더 하이퍼리얼 보고서",9791197667312,,미상,마니아,4,False,False,False
나는 다정한 관찰자가 되기로 했다 :불안에 휘둘리지 않는 단단한 태도에 관하여,9791198752406,5,기술과학,스스로 해내는 아이의 비밀 :스탠퍼드대 박사 엄마의 뇌과학 컨설팅,9791198710444,5,기술과학,마니아,5,False,False,False
나는 다정한 관찰자가 되기로 했다 :불안에 휘둘리지 않는 단단한 태도에 관하여,9791198752406,5,기술과학,엄마는 아무 말도 하지 않을 거야 :현명한 방관맘의 잔소리 끊기 기술,9791165348748,5,기술과학,마니아,6,False,False,False
나는 다정한 관찰자가 되기로 했다 :불안에 휘둘리지 않는 단단한 태도에 관하여,9791198752406,5,기술과학,초등 공부 정서보다 중요한 것은 없습니다 :기분 상하지 않게 공부시키기 위한 부모의 대화법,9791168272187,,미상,마니아,7,False,False,False
나는 다정한 관찰자가 되기로 했다 :불안에 휘둘리지 않는 단단한 태도에 관하여,9791198752406,5,기술과학,(비울수록 사랑을 더 채우는) 엄마의 말 그릇,9791168271838,5,기술과학,마니아,8,False,False,False
나는 다정한 관찰자가 되기로 했다 :불안에 휘둘리지 않는 단단한 태도에 관하여,9791198752406,5,기술과학,거실육아 :엄마가 만드는 최초의 학군지,9791191439472,,미상,마니아,9,False,False,False
나는 다정한 관찰자가 되기로 했다 :불안에 휘둘리지 않는 단단한 태도에 관하여,9791198752406,5,기술과학,내 아이를 위한 사교육은 없다 :사교육을 이기고 상위 1%로 도약하는 힘,9791193842010,3,사회과학,마니아,10,True,False,False
나는 다정한 관찰자가 되기로 했다 :불안에 휘둘리지 않는 단단한 태도에 관하여,9791198752406,5,기술과학,국어 잘하는 아이가 이깁니다 :'갓민애' 교수의 초등 국어 달인 만들기,9788934965404,3,사회과학,다독자,1,True,False,False
나는 다정한 관찰자가 되기로 했다 :불안에 휘둘리지 않는 단단한 태도에 관하여,9791198752406,5,기술과학,불편한 편의점 :김호연 장편소설,9791161571188,8,문학,다독자,2,True,True,False
나는 다정한 관찰자가 되기로 했다 :불안에 휘둘리지 않는 단단한 태도에 관하여,9791198752406,5,기술과학,어른의 행복은 조용하다,9791169851053,8,문학,다독자,3,True,False,False
나는 다정한 관찰자가 되기로 했다 :불안에 휘둘리지 않는 단단한 태도에 관하여,9791198752406,5,기술과학,불편한 편의점 :김호연 장편소설,9791161571379,8,문학,다독자,4,True,False,False
나는 다정한 관찰자가 되기로 했다 :불안에 휘둘리지 않는 단단한 태도에 관하여,9791198752406,5,기술과학,너에게 들려주는 단단한 말,9791198682550,1,철학,다독자,5,True,False,False
나는 다정한 관찰자가 되기로 했다 :불안에 휘둘리지 않는 단단한 태도에 관하여,9791198752406,5,기술과학,순례 주택 :유은실 소설,9788949123493,8,문학,다독자,6,True,False,False
나는 다정한 관찰자가 되기로 했다 :불안에 휘둘리지 않는 단단한 태도에 관하여,9791198752406,5,기술과학,단 한 번의 삶,9791191114768,8,문학,다독자,7,True,False,False
나는 다정한 관찰자가 되기로 했다 :불안에 휘둘리지 않는 단단한 태도에 관하여,9791198752406,5,기술과학,아버지의 해방일지 :정지아 장편소설,9788936438838,8,문학,다독자,8,True,True,False
나는 다정한 관찰자가 되기로 했다 :불안에 휘둘리지 않는 단단한 태도에 관하여,9791198752406,5,기술과학,메리골드 마음 세탁소 =윤정은 장편소설 /Marigold mind laundry,9791191891287,8,문학,다독자,9,True,True,False
나는 다정한 관찰자가 되기로 했다 :불안에 휘둘리지 않는 단단한 태도에 관하여,9791198752406,5,기술과학,마흔에 읽는 쇼펜하우어 :마음의 위기를 다스리는 철학 수업,9791192300818,1,철학,다독자,10,True,True,False
(흔한남매) 별난 방탈출 :탈출 미션 스토리북,9791164137176,6,예술,흔한남매,9791164138197,8,문학,함께대출,5,True,False,False
(흔한남매) 별난 방탈출 :탈출 미션 스토리북,9791164137176,6,예술,흔한남매,9791164135592,8,문학,함께대출,6,True,False,False
(흔한남매) 별난 방탈출 :탈출 미션 스토리북,9791164137176,6,예술,흔한남매,9791164134267,8,문학,함께대출,7,True,True,False
(흔한남매) 별난 방탈출 :탈출 미션 스토리북,9791164137176,6,예술,흔한남매,9791164137527,8,문학,함께대출,8,True,False,False
(흔한남매) 별난 방탈출 :탈출 미션 스토리북,9791164137176,6,예술,흔한남매,9791168411685,8,문학,함께대출,9,True,False,False
(흔한남매) 별난 방탈출 :탈출 미션 스토리북,9791164137176,6,예술,흔한남매,9791164136261,8,문학,함께대출,10,True,False,False
(흔한남매) 별난 방탈출 :탈출 미션 스토리북,9791164137176,6,예술,(흔한남매) 안 흔한 일기,9791164136223,8,문학,마니아,5,True,False,False
(흔한남매) 별난 방탈출 :탈출 미션 스토리북,9791164137176,6,예술,(흔한남매) 안 흔한 일기,9791164134649,8,문학,마니아,6,True,False,False
(흔한남매) 별난 방탈출 :탈출 미션 스토리북,9791164137176,6,예술,(흔한남매) 안 흔한 일기,9791164135158,8,문학,마니아,7,True,False,False
(흔한남매) 별난 방탈출 :탈출 미션 스토리북,9791164137176,6,예술,흔한남매 겨울밤 대소동 :흔한남매 스페셜 에디션 겨울,9791164139880,8,문학,마니아,8,True,False,False
(흔한남매) 별난 방탈출 :탈출 미션 스토리북,9791164137176,6,예술,(흔한남매) 흔한 게임,9791168418905,8,문학,마니아,9,True,False,False
(흔한남매) 별난 방탈출 :탈출 미션 스토리북,9791164137176,6,예술,흔한남매 오해요 :귀염 뽀짝 부캐들과 펼치는 초단편 콩트 만화,9791168410930,8,문학,마니아,10,True,False,False
(흔한남매) 별난 방탈출 :탈출 미션 스토리북,9791164137176,6,예술,흔한남매,9791168416369,8,문학,다독자,5,True,False,False
(흔한남매) 별난 방탈출 :탈출 미션 스토리북,9791164137176,6,예술,흔한남매,9791168417199,8,문학,다독자,6,True,False,False
(흔한남매) 별난 방탈출 :탈출 미션 스토리북,9791164137176,6,예술,흔한남매,9791168415232,8,문학,다독자,7,True,False,False
(흔한남매) 별난 방탈출 :탈출 미션 스토리북,9791164137176,6,예술,흔한남매,9791168418011,8,문학,다독자,8,True,False,False
(흔한남매) 별난 방탈출 :탈출 미션 스토리북,9791164137176,6,예술,흔한남매,9791168414471,8,문학,다독자,9,True,False,False
(흔한남매) 별난 방탈출 :탈출 미션 스토리북,9791164137176,6,예술,흔한남매,9791168412477,8,문학,다독자,10,True,False,False
"모든 것은 기본에서 시작한다 :실력도 기술도 사람 됨됨이도, 기본을 지키는 손웅정의 삶의 철학",9791190382502,6,예술,나는 읽고 쓰고 버린다 :손웅정의 말,9791191859836,6,예술,함께대출,1,False,True,True
"모든 것은 기본에서 시작한다 :실력도 기술도 사람 됨됨이도, 기본을 지키는 손웅정의 삶의 철학",9791190382502,6,예술,불편한 편의점 :김호연 장편소설,9791161571188,8,문학,함께대출,2,True,True,False
"모든 것은 기본에서 시작한다 :실력도 기술도 사람 됨됨이도, 기본을 지키는 손웅정의 삶의 철학",9791190382502,6,예술,(이미 늦었다고 생각하는 당신을 위한) 김미경의 마흔 수업,9791198013026,3,사회과학,함께대출,3,True,True,False
"모든 것은 기본에서 시작한다 :실력도 기술도 사람 됨됨이도, 기본을 지키는 손웅정의 삶의 철학",9791190382502,6,예술,아버지의 해방일지 :정지아 장편소설,9788936438838,8,문학,함께대출,4,True,True,False
"모든 것은 기본에서 시작한다 :실력도 기술도 사람 됨됨이도, 기본을 지키는 손웅정의 삶의 철학",9791190382502,6,예술,불편한 편의점 :김호연 장편소설,9791161571379,8,문학,함께대출,5,True,False,False
"모든 것은 기본에서 시작한다 :실력도 기술도 사람 됨됨이도, 기본을 지키는 손웅정의 삶의 철학",9791190382502,6,예술,역행자 :돈·시간·운명으로부터 완전한 자유를 얻는 7단계 인생 공략집,9788901260716,3,사회과학,함께대출,6,True,True,False
"모든 것은 기본에서 시작한다 :실력도 기술도 사람 됨됨이도, 기본을 지키는 손웅정의 삶의 철학",9791190382502,6,예술,"도둑맞은 집중력 :집중력 위기의 시대, 삶의 주도권을 되찾는 법",9791167740984,1,철학,함께대출,7,True,True,False
"모든 것은 기본에서 시작한다 :실력도 기술도 사람 됨됨이도, 기본을 지키는 손웅정의 삶의 철학",9791190382502,6,예술,세이노의 가르침 :피보다 진하게 살아라,9791168473690,3,사회과학,함께대출,8,True,True,False
"모든 것은 기본에서 시작한다 :실력도 기술도 사람 됨됨이도, 기본을 지키는 손웅정의 삶의 철학",9791190382502,6,예술,돈의 속성 :최상위 부자가 말하는 돈에 대한 모든 것,9791188331796,3,사회과학,함께대출,9,True,True,False
"모든 것은 기본에서 시작한다 :실력도 기술도 사람 됨됨이도, 기본을 지키는 손웅정의 삶의 철학",9791190382502,6,예술,축구를 하며 생각한 것들 :손흥민 첫 에세이,9791188073382,,미상,함께대출,10,False,False,False
"모든 것은 기본에서 시작한다 :실력도 기술도 사람 됨됨이도, 기본을 지키는 손웅정의 삶의 철학",9791190382502,6,예술,나는 읽고 쓰고 버린다 :손웅정의 말,9791191859836,6,예술,마니아,1,False,True,True
"모든 것은 기본에서 시작한다 :실력도 기술도 사람 됨됨이도, 기본을 지키는 손웅정의 삶의 철학",9791190382502,6,예술,축구를 하며 생각한 것들 :손흥민 첫 에세이,9791188073382,,미상,마니아,2,False,False,False
"모든 것은 기본에서 시작한다 :실력도 기술도 사람 됨됨이도, 기본을 지키는 손웅정의 삶의 철학",9791190382502,6,예술,축구를 하며 생각한 것들 :손흥민 첫 에세이,9791188073559,,미상,마니아,3,False,False,False
"모든 것은 기본에서 시작한다 :실력도 기술도 사람 됨됨이도, 기본을 지키는 손웅정의 삶의 철학",9791190382502,6,예술,인생은 순간이다 :삶이라는 타석에서 평생 지켜온 철학,9791130648385,6,예술,마니아,4,False,True,True
"모든 것은 기본에서 시작한다 :실력도 기술도 사람 됨됨이도, 기본을 지키는 손웅정의 삶의 철학",9791190382502,6,예술,네 인생 우습지 않다 :인생 일타강사 전한길의 50가지 행복론,9788950920043,3,사회과학,마니아,5,True,False,False
"모든 것은 기본에서 시작한다 :실력도 기술도 사람 됨됨이도, 기본을 지키는 손웅정의 삶의 철학",9791190382502,6,예술,나는 나의 스무 살을 가장 존중한다,9791158512859,3,사회과학,마니아,6,True,False,False
"모든 것은 기본에서 시작한다 :실력도 기술도 사람 됨됨이도, 기본을 지키는 손웅정의 삶의 철학",9791190382502,6,예술,천 원을 경영하라 :국민가게 다이소 창업주 박정부 회장의 본질경영,9791165346485,,미상,마니아,7,False,False,False
"모든 것은 기본에서 시작한다 :실력도 기술도 사람 됨됨이도, 기본을 지키는 손웅정의 삶의 철학",9791190382502,6,예술,위라클 =우리 모두에게 기적을 /Weracle,9788977824768,,미상,마니아,8,False,False,False
"모든 것은 기본에서 시작한다 :실력도 기술도 사람 됨됨이도, 기본을 지키는 손웅정의 삶의 철학",9791190382502,6,예술,(다니엘 핑크) 후회의 재발견,9788947548441,,미상,마니아,9,False,False,False
"모든 것은 기본에서 시작한다 :실력도 기술도 사람 됨됨이도, 기본을 지키는 손웅정의 삶의 철학",9791190382502,6,예술,오타니 쇼헤이의 쇼타임 :평범함을 위대함으로 바꾼 오타니의 40가지 원칙,9791197919848,,미상,마니아,10,False,False,False
"모든 것은 기본에서 시작한다 :실력도 기술도 사람 됨됨이도, 기본을 지키는 손웅정의 삶의 철학",9791190382502,6,예술,나는 읽고 쓰고 버린다 :손웅정의 말,9791191859836,6,예술,다독자,1,False,True,True
"모든 것은 기본에서 시작한다 :실력도 기술도 사람 됨됨이도, 기본을 지키는 손웅정의 삶의 철학",9791190382502,6,예술,(이미 늦었다고 생각하는 당신을 위한) 김미경의 마흔 수업,9791198013026,3,사회과학,다독자,2,True,True,False
"모든 것은 기본에서 시작한다 :실력도 기술도 사람 됨됨이도, 기본을 지키는 손웅정의 삶의 철학",9791190382502,6,예술,고전이 답했다 :마땅히 살아야 할 삶에 대하여,9791193939130,1,철학,다독자,3,True,False,False
"모든 것은 기본에서 시작한다 :실력도 기술도 사람 됨됨이도, 기본을 지키는 손웅정의 삶의 철학",9791190382502,6,예술,"도둑맞은 집중력 :집중력 위기의 시대, 삶의 주도권을 되찾는 법",9791167740984,1,철학,다독자,4,True,True,False
"모든 것은 기본에서 시작한다 :실력도 기술도 사람 됨됨이도, 기본을 지키는 손웅정의 삶의 철학",9791190382502,6,예술,어른의 행복은 조용하다,9791169851053,8,문학,다독자,5,True,False,False
"모든 것은 기본에서 시작한다 :실력도 기술도 사람 됨됨이도, 기본을 지키는 손웅정의 삶의 철학",9791190382502,6,예술,아버지의 해방일지 :정지아 장편소설,9788936438838,8,문학,다독자,6,True,True,False
"모든 것은 기본에서 시작한다 :실력도 기술도 사람 됨됨이도, 기본을 지키는 손웅정의 삶의 철학",9791190382502,6,예술,세이노의 가르침 :피보다 진하게 살아라,9791168473690,3,사회과학,다독자,7,True,True,False
"모든 것은 기본에서 시작한다 :실력도 기술도 사람 됨됨이도, 기본을 지키는 손웅정의 삶의 철학",9791190382502,6,예술,마흔에 읽는 쇼펜하우어 :마음의 위기를 다스리는 철학 수업,9791192300818,1,철학,다독자,8,True,True,False
"모든 것은 기본에서 시작한다 :실력도 기술도 사람 됨됨이도, 기본을 지키는 손웅정의 삶의 철학",9791190382502,6,예술,불편한 편의점 :김호연 장편소설,9791161571379,8,문학,다독자,9,True,False,False
"모든 것은 기본에서 시작한다 :실력도 기술도 사람 됨됨이도, 기본을 지키는 손웅정의 삶의 철학",9791190382502,6,예술,퓨처 셀프 :현재와 미래가 달라지는 놀라운 혁명,9791192389325,3,사회과학,다독자,10,True,True,False
방구석 미술관 :가볍고 편하게 시작하는 유쾌한 교양 미술,9788968331862,6,예술,불편한 편의점 :김호연 장편소설,9791161571188,8,문학,함께대출,2,True,True,False
방구석 미술관 :가볍고 편하게 시작하는 유쾌한 교양 미술,9788968331862,6,예술,아버지의 해방일지 :정지아 장편소설,9788936438838,8,문학,함께대출,3,True,True,False
방구석 미술관 :가볍고 편하게 시작하는 유쾌한 교양 미술,9788968331862,6,예술,불편한 편의점 :김호연 장편소설,9791161571379,8,문학,함께대출,4,True,False,False
방구석 미술관 :가볍고 편하게 시작하는 유쾌한 교양 미술,9788968331862,6,예술,소년이 온다 :한강 장편소설,9788936434120,8,문학,함께대출,5,True,True,False
방구석 미술관 :가볍고 편하게 시작하는 유쾌한 교양 미술,9788968331862,6,예술,작별하지 않는다 :한강 장편소설,9788954682152,8,문학,함께대출,6,True,True,False
방구석 미술관 :가볍고 편하게 시작하는 유쾌한 교양 미술,9788968331862,6,예술,밝은 밤 :최은영 장편소설,9788954681179,8,문학,함께대출,7,True,True,False
방구석 미술관 :가볍고 편하게 시작하는 유쾌한 교양 미술,9788968331862,6,예술,"물고기는 존재하지 않는다 :상실, 사랑 그리고 숨어 있는 삶의 질서에 관한 이야기",9791189327156,4,자연과학,함께대출,8,True,True,False
방구석 미술관 :가볍고 편하게 시작하는 유쾌한 교양 미술,9788968331862,6,예술,나는 메트로폴리탄 미술관의 경비원입니다 :가장 경이로운 세계 속으로 숨어버린 한 남자의 이야기,9788901276533,8,문학,함께대출,9,True,False,False
방구석 미술관 :가볍고 편하게 시작하는 유쾌한 교양 미술,9788968331862,6,예술,작별인사 :김영하 장편소설,9791191114225,8,문학,함께대출,10,True,False,False
방구석 미술관 :가볍고 편하게 시작하는 유쾌한 교양 미술,9788968331862,6,예술,다락방 미술관 :그림 속 숨어있는 이야기,9788973435197,,미상,마니아,3,False,False,False
방구석 미술관 :가볍고 편하게 시작하는 유쾌한 교양 미술,9788968331862,6,예술,내가 사랑한 화가들 :살면서 한 번은 꼭 들어야 할 아주 특별한 미술 수업,9791158512132,,미상,마니아,4,False,False,False
방구석 미술관 :가볍고 편하게 시작하는 유쾌한 교양 미술,9788968331862,6,예술,(도슨트 정우철의) 미술 극장 :언택트 미술관 여행,9788954758246,,미상,마니아,5,False,False,False
방구석 미술관 :가볍고 편하게 시작하는 유쾌한 교양 미술,9788968331862,6,예술,하룻밤 미술관 - 잠들기 전 이불 속 설레는 미술관 산책,9791130639895,,미상,마니아,6,False,False,False
방구석 미술관 :가볍고 편하게 시작하는 유쾌한 교양 미술,9788968331862,6,예술,벌거벗은 미술관 :양정무의 미술 에세이,9788936478780,,미상,마니아,7,False,False,False
방구석 미술관 :가볍고 편하게 시작하는 유쾌한 교양 미술,9788968331862,6,예술,기묘한 미술관 :아름답고 서늘한 명화 속 미스터리,9791191825084,,미상,마니아,8,False,False,False
방구석 미술관 :가볍고 편하게 시작하는 유쾌한 교양 미술,9788968331862,6,예술,(도슨트 정우철의) 미술 극장,9788954772600,,미상,마니아,9,False,False,False
방구석 미술관 :가볍고 편하게 시작하는 유쾌한 교양 미술,9788968331862,6,예술,나는 미술관에 간다 :전문가의 맞춤 해설로 내 방에서 즐기는 세계 10대 미술관,9788960536074,,미상,마니아,10,False,False,False
방구석 미술관 :가볍고 편하게 시작하는 유쾌한 교양 미술,9788968331862,6,예술,미술관에 간 할미 :짧게 읽고 오래 남는 모두의 명화수업,9791140714575,,미상,다독자,3,False,False,False
방구석 미술관 :가볍고 편하게 시작하는 유쾌한 교양 미술,9788968331862,6,예술,안녕이라 그랬어 :김애란 소설,9791141602376,8,문학,다독자,4,True,False,False
방구석 미술관 :가볍고 편하게 시작하는 유쾌한 교양 미술,9788968331862,6,예술,단 한 번의 삶,9791191114768,8,문학,다독자,5,True,False,False
방구석 미술관 :가볍고 편하게 시작하는 유쾌한 교양 미술,9788968331862,6,예술,혼모노 :성해나 소설집,9788936439743,8,문학,다독자,6,True,False,False
방구석 미술관 :가볍고 편하게 시작하는 유쾌한 교양 미술,9788968331862,6,예술,나는 메트로폴리탄 미술관의 경비원입니다 :가장 경이로운 세계 속으로 숨어버린 한 남자의 이야기,9788901276533,8,문학,다독자,7,True,False,False
방구석 미술관 :가볍고 편하게 시작하는 유쾌한 교양 미술,9788968331862,6,예술,이처럼 사소한 것들 :클레어 키건 소설,9791130646381,8,문학,다독자,8,True,True,False
방구석 미술관 :가볍고 편하게 시작하는 유쾌한 교양 미술,9788968331862,6,예술,아버지의 해방일지 :정지아 장편소설,9788936438838,8,문학,다독자,9,True,True,False
방구석 미술관 :가볍고 편하게 시작하는 유쾌한 교양 미술,9788968331862,6,예술,이중 하나는 거짓말 :김애란 장편소설,9791141601300,8,문학,다독자,10,True,False,False
(읽으면서 바로 해 보는) 어린이 게임,9791158681395,6,예술,(읽으면서 바로 써먹는) 어린이 퀴즈,9791158681609,0,총류,함께대출,1,True,True,True
(읽으면서 바로 해 보는) 어린이 게임,9791158681395,6,예술,(읽으면서 바로 써먹는) 어린이 맞춤법,9791158681647,7,언어,함께대출,2,True,True,False
(읽으면서 바로 해 보는) 어린이 게임,9791158681395,6,예술,(읽으면서 바로 써먹는) 어린이 속담,9791158681258,3,사회과학,함께대출,3,True,False,False
(읽으면서 바로 해 보는) 어린이 게임,9791158681395,6,예술,(읽으면서 바로 써먹는) 어린이 고사성어,9791158681531,7,언어,함께대출,4,True,True,False
(읽으면서 바로 해 보는) 어린이 게임,9791158681395,6,예술,(읽으면서 바로 써먹는) 어린이 관용구,9791158681487,7,언어,함께대출,5,True,True,False
(읽으면서 바로 해 보는) 어린이 게임,9791158681395,6,예술,(읽으면서 바로 써먹는) 어린이 수수께끼,9791158681746,3,사회과학,함께대출,6,True,False,False
(읽으면서 바로 해 보는) 어린이 게임,9791158681395,6,예술,(읽으면서 바로 써먹는) 어린이 신체 관용구,9791158681999,7,언어,함께대출,7,True,True,False
(읽으면서 바로 해 보는) 어린이 게임,9791158681395,6,예술,(읽으면서 바로 써먹는) 어린이 맞춤법 행성,9791158682538,7,언어,함께대출,8,True,True,False
(읽으면서 바로 해 보는) 어린이 게임,9791158681395,6,예술,(읽으면서 바로 써먹는) 어린이 속담,9791158681883,3,사회과학,함께대출,9,True,False,False
(읽으면서 바로 해 보는) 어린이 게임,9791158681395,6,예술,(읽으면서 바로 써먹는) 어린이 명심보감,9791158681791,1,철학,함께대출,10,True,False,False
(읽으면서 바로 해 보는) 어린이 게임,9791158681395,6,예술,(읽으면서 바로 써먹는) 어린이 퀴즈,9791158681609,0,총류,마니아,1,True,True,True
(읽으면서 바로 해 보는) 어린이 게임,9791158681395,6,예술,(읽으면서 바로 써먹는) 어린이 영단어,9791158681722,7,언어,마니아,2,True,False,False
(읽으면서 바로 해 보는) 어린이 게임,9791158681395,6,예술,(읽으면서 바로 써먹는) 어린이 명심보감,9791158681791,1,철학,마니아,3,True,False,False
(읽으면서 바로 해 보는) 어린이 게임,9791158681395,6,예술,(읽으면서 바로 써먹는) 어린이 관용구,9791158681487,7,언어,마니아,4,True,True,False
(읽으면서 바로 해 보는) 어린이 게임,9791158681395,6,예술,(읽으면서 바로 써먹는) 어린이 맞춤법,9791158681647,7,언어,마니아,5,True,True,False
(읽으면서 바로 해 보는) 어린이 게임,9791158681395,6,예술,(읽으면서 바로 써먹는) 어린이 사자소학,9791158681630,1,철학,마니아,6,True,False,False
(읽으면서 바로 해 보는) 어린이 게임,9791158681395,6,예술,(읽으면서 바로 써먹는) 어린이 고사성어,9791158681531,7,언어,마니아,7,True,True,False
(읽으면서 바로 해 보는) 어린이 게임,9791158681395,6,예술,(읽으면서 바로 써먹는) 어린이 스도쿠 :학교 괴담,9791158682880,,미상,마니아,8,False,False,False
(읽으면서 바로 해 보는) 어린이 게임,9791158681395,6,예술,(읽으면서 바로 써먹는) 어린이 속담,9791158681883,3,사회과학,마니아,9,True,False,False
(읽으면서 바로 해 보는) 어린이 게임,9791158681395,6,예술,(읽으면서 바로 써먹는) 어린이 사자성어,9791158681944,7,언어,마니아,10,True,True,False
(읽으면서 바로 해 보는) 어린이 게임,9791158681395,6,예술,(읽으면서 바로 써먹는) 어린이 감정 표현,9791158682842,1,철학,다독자,1,True,False,False
(읽으면서 바로 해 보는) 어린이 게임,9791158681395,6,예술,(읽으면서 바로 써먹는) 어린이 맞춤법 행성,9791158682538,7,언어,다독자,2,True,True,False
(읽으면서 바로 해 보는) 어린이 게임,9791158681395,6,예술,(읽으면서 바로 써먹는) 어린이 세계 여행,9791158682798,9,역사,다독자,3,True,True,False
(읽으면서 바로 해 보는) 어린이 게임,9791158681395,6,예술,(읽으면서 바로 써먹는) 어린이 세계사 퀴즈,9791158682712,9,역사,다독자,4,True,False,False
(읽으면서 바로 해 보는) 어린이 게임,9791158681395,6,예술,(읽으면서 바로 써먹는) 어린이 세계사 퀴즈,9791158682637,9,역사,다독자,5,True,False,False
(읽으면서 바로 해 보는) 어린이 게임,9791158681395,6,예술,(읽으면서 바로 써먹는) 어린이 초등 교과 어휘,9791158682965,7,언어,다독자,6,True,False,False
(읽으면서 바로 해 보는) 어린이 게임,9791158681395,6,예술,(읽으면서 바로 써먹는) 어린이 수수께끼 :공포 특급,9791158682446,3,사회과학,다독자,7,True,False,False
(읽으면서 바로 해 보는) 어린이 게임,9791158681395,6,예술,흔한남매,9791168418011,8,문학,다독자,8,True,False,False
(읽으면서 바로 해 보는) 어린이 게임,9791158681395,6,예술,(읽으면서 바로 써먹는) 어린이 OX 퀴즈,9791158682934,0,총류,다독자,9,True,False,False
(읽으면서 바로 해 보는) 어린이 게임,9791158681395,6,예술,(읽으면서 바로 써먹는) 어린이 신체 관용구,9791158681999,7,언어,다독자,10,True,True,False
나는 읽고 쓰고 버린다 :손웅정의 말,9791191859836,6,예술,"모든 것은 기본에서 시작한다 :실력도 기술도 사람 됨됨이도, 기본을 지키는 손웅정의 삶의 철학",9791190382502,6,예술,함께대출,1,False,True,True
나는 읽고 쓰고 버린다 :손웅정의 말,9791191859836,6,예술,아버지의 해방일지 :정지아 장편소설,9788936438838,8,문학,함께대출,2,True,True,False
나는 읽고 쓰고 버린다 :손웅정의 말,9791191859836,6,예술,"도둑맞은 집중력 :집중력 위기의 시대, 삶의 주도권을 되찾는 법",9791167740984,1,철학,함께대출,3,True,True,False
나는 읽고 쓰고 버린다 :손웅정의 말,9791191859836,6,예술,고전이 답했다 :마땅히 살아야 할 삶에 대하여,9791193939130,1,철학,함께대출,4,True,False,False
나는 읽고 쓰고 버린다 :손웅정의 말,9791191859836,6,예술,마흔에 읽는 쇼펜하우어 :마음의 위기를 다스리는 철학 수업,9791192300818,1,철학,함께대출,5,True,True,False
나는 읽고 쓰고 버린다 :손웅정의 말,9791191859836,6,예술,퓨처 셀프 :현재와 미래가 달라지는 놀라운 혁명,9791192389325,3,사회과학,함께대출,6,True,True,False
나는 읽고 쓰고 버린다 :손웅정의 말,9791191859836,6,예술,세이노의 가르침 :피보다 진하게 살아라,9791168473690,3,사회과학,함께대출,7,True,True,False
나는 읽고 쓰고 버린다 :손웅정의 말,9791191859836,6,예술,불편한 편의점 :김호연 장편소설,9791161571188,8,문학,함께대출,8,True,True,False
나는 읽고 쓰고 버린다 :손웅정의 말,9791191859836,6,예술,나는 어떻게 삶의 해답을 찾는가 :고명환의 독서 내공,9791189686826,0,총류,함께대출,9,True,True,False
나는 읽고 쓰고 버린다 :손웅정의 말,9791191859836,6,예술,(이미 늦었다고 생각하는 당신을 위한) 김미경의 마흔 수업,9791198013026,3,사회과학,함께대출,10,True,True,False
나는 읽고 쓰고 버린다 :손웅정의 말,9791191859836,6,예술,"모든 것은 기본에서 시작한다 :실력도 기술도 사람 됨됨이도, 기본을 지키는 손웅정의 삶의 철학",9791190382502,6,예술,마니아,1,False,True,True
나는 읽고 쓰고 버린다 :손웅정의 말,9791191859836,6,예술,인생은 순간이다 :삶이라는 타석에서 평생 지켜온 철학,9791130648385,6,예술,마니아,2,False,True,True
나는 읽고 쓰고 버린다 :손웅정의 말,9791191859836,6,예술,축구를 하며 생각한 것들 :손흥민 첫 에세이,9791188073559,,미상,마니아,3,False,False,False
나는 읽고 쓰고 버린다 :손웅정의 말,9791191859836,6,예술,나는 나의 스무 살을 가장 존중한다,9791158512859,3,사회과학,마니아,4,True,False,False
나는 읽고 쓰고 버린다 :손웅정의 말,9791191859836,6,예술,삶이라는 완벽한 농담 :이경규 에세이,9791194246800,,미상,마니아,5,False,False,False
나는 읽고 쓰고 버린다 :손웅정의 말,9791191859836,6,예술,내가 천 개의 인생에서 배운 것들 =Things I learned in a thousand lives,9791198530394,8,문학,마니아,6,True,False,False
나는 읽고 쓰고 버린다 :손웅정의 말,9791191859836,6,예술,강원국의 인생 공부 :무엇을 위해 살 것인가,9791193591017,,미상,마니아,7,False,False,False
나는 읽고 쓰고 버린다 :손웅정의 말,9791191859836,6,예술,나만의 리틀 포레스트에 산다,9791193939000,,미상,마니아,8,False,False,False
나는 읽고 쓰고 버린다 :손웅정의 말,9791191859836,6,예술,축구를 하며 생각한 것들 :손흥민 첫 에세이,9791188073382,,미상,마니아,9,False,False,False
나는 읽고 쓰고 버린다 :손웅정의 말,9791191859836,6,예술,강원국x김민식 말하기의 태도,9791193540039,,미상,마니아,10,False,False,False
나는 읽고 쓰고 버린다 :손웅정의 말,9791191859836,6,예술,"모든 것은 기본에서 시작한다 :실력도 기술도 사람 됨됨이도, 기본을 지키는 손웅정의 삶의 철학",9791190382502,6,예술,다독자,1,False,True,True
나는 읽고 쓰고 버린다 :손웅정의 말,9791191859836,6,예술,고전이 답했다 :마땅히 살아야 할 삶에 대하여,9791193939130,1,철학,다독자,2,True,False,False
나는 읽고 쓰고 버린다 :손웅정의 말,9791191859836,6,예술,단 한 번의 삶,9791191114768,8,문학,다독자,3,True,False,False
나는 읽고 쓰고 버린다 :손웅정의 말,9791191859836,6,예술,아버지의 해방일지 :정지아 장편소설,9788936438838,8,문학,다독자,4,True,True,False
나는 읽고 쓰고 버린다 :손웅정의 말,9791191859836,6,예술,"도둑맞은 집중력 :집중력 위기의 시대, 삶의 주도권을 되찾는 법",9791167740984,1,철학,다독자,5,True,True,False
나는 읽고 쓰고 버린다 :손웅정의 말,9791191859836,6,예술,마흔에 읽는 쇼펜하우어 :마음의 위기를 다스리는 철학 수업,9791192300818,1,철학,다독자,6,True,True,False
나는 읽고 쓰고 버린다 :손웅정의 말,9791191859836,6,예술,퓨처 셀프 :현재와 미래가 달라지는 놀라운 혁명,9791192389325,3,사회과학,다독자,7,True,True,False
나는 읽고 쓰고 버린다 :손웅정의 말,9791191859836,6,예술,세이노의 가르침 :피보다 진하게 살아라,9791168473690,3,사회과학,다독자,8,True,True,False
나는 읽고 쓰고 버린다 :손웅정의 말,9791191859836,6,예술,호의에 대하여 :문형배 에세이,9791173323027,,미상,다독자,9,False,False,False
나는 읽고 쓰고 버린다 :손웅정의 말,9791191859836,6,예술,불편한 편의점 :김호연 장편소설,9791161571188,8,문학,다독자,10,True,True,False
인생은 순간이다 :삶이라는 타석에서 평생 지켜온 철학,9791130648385,6,예술,"모든 것은 기본에서 시작한다 :실력도 기술도 사람 됨됨이도, 기본을 지키는 손웅정의 삶의 철학",9791190382502,6,예술,함께대출,1,False,True,True
인생은 순간이다 :삶이라는 타석에서 평생 지켜온 철학,9791130648385,6,예술,퓨처 셀프 :현재와 미래가 달라지는 놀라운 혁명,9791192389325,3,사회과학,함께대출,2,True,True,False
인생은 순간이다 :삶이라는 타석에서 평생 지켜온 철학,9791130648385,6,예술,세이노의 가르침 :피보다 진하게 살아라,9791168473690,3,사회과학,함께대출,3,True,True,False
인생은 순간이다 :삶이라는 타석에서 평생 지켜온 철학,9791130648385,6,예술,아버지의 해방일지 :정지아 장편소설,9788936438838,8,문학,함께대출,4,True,True,False
인생은 순간이다 :삶이라는 타석에서 평생 지켜온 철학,9791130648385,6,예술,허송세월 :김훈 산문,9788930041683,8,문학,함께대출,5,True,False,False
인생은 순간이다 :삶이라는 타석에서 평생 지켜온 철학,9791130648385,6,예술,"도둑맞은 집중력 :집중력 위기의 시대, 삶의 주도권을 되찾는 법",9791167740984,1,철학,함께대출,6,True,True,False
인생은 순간이다 :삶이라는 타석에서 평생 지켜온 철학,9791130648385,6,예술,마흔에 읽는 쇼펜하우어 :마음의 위기를 다스리는 철학 수업,9791192300818,1,철학,함께대출,7,True,True,False
인생은 순간이다 :삶이라는 타석에서 평생 지켜온 철학,9791130648385,6,예술,나는 읽고 쓰고 버린다 :손웅정의 말,9791191859836,6,예술,함께대출,8,False,True,True
인생은 순간이다 :삶이라는 타석에서 평생 지켜온 철학,9791130648385,6,예술,작별하지 않는다 :한강 장편소설,9788954682152,8,문학,함께대출,9,True,True,False
인생은 순간이다 :삶이라는 타석에서 평생 지켜온 철학,9791130648385,6,예술,나의 돈 많은 고등학교 친구 :슈퍼리치와의 대화에서 찾아낸 부자의 길,9791165347161,3,사회과학,함께대출,10,True,False,False
인생은 순간이다 :삶이라는 타석에서 평생 지켜온 철학,9791130648385,6,예술,"리더는 사람을 버리지 않는다 :40년간의 진실한 이야기 김성근, '리더'를 말하다",9788998933012,,미상,마니아,1,False,False,False
인생은 순간이다 :삶이라는 타석에서 평생 지켜온 철학,9791130648385,6,예술,김성근이다 :감독으로 말할 수 없었던 못다한 인생 이야기,9788963707204,,미상,마니아,2,False,False,False
인생은 순간이다 :삶이라는 타석에서 평생 지켜온 철학,9791130648385,6,예술,"이대호, 도전은 끝나지 않았다",9791139710946,,미상,마니아,3,False,False,False
인생은 순간이다 :삶이라는 타석에서 평생 지켜온 철학,9791130648385,6,예술,오타니 쇼헤이의 위대한 시즌 :야구소년에서 메이저리그 MVP까지 오타니는 어떻게 야구를 제패했나,9791168128316,,미상,마니아,4,False,False,False
인생은 순간이다 :삶이라는 타석에서 평생 지켜온 철학,9791130648385,6,예술,인생에 변명하지 마라,9788965700869,,미상,마니아,5,False,False,False
인생은 순간이다 :삶이라는 타석에서 평생 지켜온 철학,9791130648385,6,예술,나는 읽고 쓰고 버린다 :손웅정의 말,9791191859836,6,예술,마니아,6,False,True,True
인생은 순간이다 :삶이라는 타석에서 평생 지켜온 철학,9791130648385,6,예술,(그깟 공놀이에 일희일비하는 야구팬을 위한) 야구잡썰,9788925575186,,미상,마니아,7,False,False,False
인생은 순간이다 :삶이라는 타석에서 평생 지켜온 철학,9791130648385,6,예술,이시형의 인생 수업 :90세 국민 정신과 의사와 내 인생을 만들어준 사람들,9791167031181,,미상,마니아,8,False,False,False
인생은 순간이다 :삶이라는 타석에서 평생 지켜온 철학,9791130648385,6,예술,때로는 간절함조차 아플 때가 있었다 :강지영 에세이,9791193128909,,미상,마니아,9,False,False,False
인생은 순간이다 :삶이라는 타석에서 평생 지켜온 철학,9791130648385,6,예술,네 인생 우습지 않다 :인생 일타강사 전한길의 50가지 행복론,9788950920043,3,사회과학,마니아,10,True,False,False
인생은 순간이다 :삶이라는 타석에서 평생 지켜온 철학,9791130648385,6,예술,허송세월 :김훈 산문,9788930041683,8,문학,다독자,1,True,False,False
인생은 순간이다 :삶이라는 타석에서 평생 지켜온 철학,9791130648385,6,예술,단 한 번의 삶,9791191114768,8,문학,다독자,2,True,False,False
인생은 순간이다 :삶이라는 타석에서 평생 지켜온 철학,9791130648385,6,예술,"모든 것은 기본에서 시작한다 :실력도 기술도 사람 됨됨이도, 기본을 지키는 손웅정의 삶의 철학",9791190382502,6,예술,다독자,3,False,True,True
인생은 순간이다 :삶이라는 타석에서 평생 지켜온 철학,9791130648385,6,예술,나는 읽고 쓰고 버린다 :손웅정의 말,9791191859836,6,예술,다독자,4,False,True,True
인생은 순간이다 :삶이라는 타석에서 평생 지켜온 철학,9791130648385,6,예술,퓨처 셀프 :현재와 미래가 달라지는 놀라운 혁명,9791192389325,3,사회과학,다독자,5,True,True,False
인생은 순간이다 :삶이라는 타석에서 평생 지켜온 철학,9791130648385,6,예술,호의에 대하여 :문형배 에세이,9791173323027,,미상,다독자,6,False,False,False
인생은 순간이다 :삶이라는 타석에서 평생 지켜온 철학,9791130648385,6,예술,고전이 답했다 :마땅히 살아야 할 삶에 대하여,9791193939130,1,철학,다독자,7,True,False,False
인생은 순간이다 :삶이라는 타석에서 평생 지켜온 철학,9791130648385,6,예술,세이노의 가르침 :피보다 진하게 살아라,9791168473690,3,사회과학,다독자,8,True,True,False
인생은 순간이다 :삶이라는 타석에서 평생 지켜온 철학,9791130648385,6,예술,불변의 법칙 :절대 변하지 않는 것들에 대한 23가지 이야기,9791198517425,3,사회과학,다독자,9,True,True,False
인생은 순간이다 :삶이라는 타석에서 평생 지켜온 철학,9791130648385,6,예술,아버지의 해방일지 :정지아 장편소설,9788936438838,8,문학,다독자,10,True,True,False
대충 봐도 머리에 남는 어린이 야구 상식 :야구의 재미를 제대로 알게 하는 알쏭달쏭 야구의 모든 것,9791198381811,6,예술,야구 만화 도감 :어려울 줄 알았는데 재밌어!,9791190007245,6,예술,함께대출,1,False,False,False
대충 봐도 머리에 남는 어린이 야구 상식 :야구의 재미를 제대로 알게 하는 알쏭달쏭 야구의 모든 것,9791198381811,6,예술,야구 잘하는 50가지 비밀 :진짜 진짜 야구 잘하고 싶은 어린이만 보는 책!,9791186073995,,미상,함께대출,2,False,False,False
대충 봐도 머리에 남는 어린이 야구 상식 :야구의 재미를 제대로 알게 하는 알쏭달쏭 야구의 모든 것,9791198381811,6,예술,(읽으면서 바로 써먹는) 어린이 맞춤법 행성,9791158682538,7,언어,함께대출,3,True,True,False
대충 봐도 머리에 남는 어린이 야구 상식 :야구의 재미를 제대로 알게 하는 알쏭달쏭 야구의 모든 것,9791198381811,6,예술,흔한남매,9791168411685,8,문학,함께대출,4,True,False,False
대충 봐도 머리에 남는 어린이 야구 상식 :야구의 재미를 제대로 알게 하는 알쏭달쏭 야구의 모든 것,9791198381811,6,예술,(읽으면서 바로 써먹는) 어린이 세계 여행,9791158682798,9,역사,함께대출,5,True,True,False
대충 봐도 머리에 남는 어린이 야구 상식 :야구의 재미를 제대로 알게 하는 알쏭달쏭 야구의 모든 것,9791198381811,6,예술,축구 만화 도감 :재밌을 줄 알았는데 멋있어!,9791190007320,6,예술,함께대출,6,False,True,False
대충 봐도 머리에 남는 어린이 야구 상식 :야구의 재미를 제대로 알게 하는 알쏭달쏭 야구의 모든 것,9791198381811,6,예술,생각하는 야구 교과서 :어린이를 위한 야구의 모든 것,9788965913085,,미상,함께대출,7,False,False,False
대충 봐도 머리에 남는 어린이 야구 상식 :야구의 재미를 제대로 알게 하는 알쏭달쏭 야구의 모든 것,9791198381811,6,예술,흔한남매 이상한 나라의 고전 읽기,9791168413955,8,문학,함께대출,8,True,False,False
대충 봐도 머리에 남는 어린이 야구 상식 :야구의 재미를 제대로 알게 하는 알쏭달쏭 야구의 모든 것,9791198381811,6,예술,흔한남매,9791164139897,8,문학,함께대출,9,True,False,False
대충 봐도 머리에 남는 어린이 야구 상식 :야구의 재미를 제대로 알게 하는 알쏭달쏭 야구의 모든 것,9791198381811,6,예술,(흔한남매) 별난 세계 여행,9791168415355,9,역사,함께대출,10,True,True,False
대충 봐도 머리에 남는 어린이 야구 상식 :야구의 재미를 제대로 알게 하는 알쏭달쏭 야구의 모든 것,9791198381811,6,예술,생각하는 야구 교과서 :어린이를 위한 야구의 모든 것,9788965913085,,미상,마니아,1,False,False,False
대충 봐도 머리에 남는 어린이 야구 상식 :야구의 재미를 제대로 알게 하는 알쏭달쏭 야구의 모든 것,9791198381811,6,예술,(김종진 감독의) 어린이 야구 설명서,9791158681203,,미상,마니아,2,False,False,False
대충 봐도 머리에 남는 어린이 야구 상식 :야구의 재미를 제대로 알게 하는 알쏭달쏭 야구의 모든 것,9791198381811,6,예술,재미있고 공부가 되는 어린이 야구상식,9791157327133,,미상,마니아,3,False,False,False
대충 봐도 머리에 남는 어린이 야구 상식 :야구의 재미를 제대로 알게 하는 알쏭달쏭 야구의 모든 것,9791198381811,6,예술,알고 즐기는 메이저리그 :MLB 야구의 모든 것,9788992877381,,미상,마니아,4,False,False,False
대충 봐도 머리에 남는 어린이 야구 상식 :야구의 재미를 제대로 알게 하는 알쏭달쏭 야구의 모든 것,9791198381811,6,예술,(월드클래스 코리안 몬스터) 류현진이랑 야구하자!,9791190242202,,미상,마니아,5,False,False,False
대충 봐도 머리에 남는 어린이 야구 상식 :야구의 재미를 제대로 알게 하는 알쏭달쏭 야구의 모든 것,9791198381811,6,예술,야구 잘하는 50가지 비밀 :진짜 진짜 야구 잘하고 싶은 어린이만 보는 책!,9791186073995,,미상,마니아,6,False,False,False
대충 봐도 머리에 남는 어린이 야구 상식 :야구의 재미를 제대로 알게 하는 알쏭달쏭 야구의 모든 것,9791198381811,6,예술,"(치고, 던지고, 달리는) 야구의 모든 것",9791160940824,,미상,마니아,7,False,False,False
대충 봐도 머리에 남는 어린이 야구 상식 :야구의 재미를 제대로 알게 하는 알쏭달쏭 야구의 모든 것,9791198381811,6,예술,나는 야구를 만화로 배웠어요,9791187504955,,미상,마니아,8,False,False,False
대충 봐도 머리에 남는 어린이 야구 상식 :야구의 재미를 제대로 알게 하는 알쏭달쏭 야구의 모든 것,9791198381811,6,예술,야구 만화 도감 :어려울 줄 알았는데 재밌어!,9791190007245,6,예술,마니아,9,False,False,False
대충 봐도 머리에 남는 어린이 야구 상식 :야구의 재미를 제대로 알게 하는 알쏭달쏭 야구의 모든 것,9791198381811,6,예술,야구 만화 도감 :어려울 줄 알았는데 재밌어!,9791190007726,,미상,마니아,10,False,False,False
대충 봐도 머리에 남는 어린이 야구 상식 :야구의 재미를 제대로 알게 하는 알쏭달쏭 야구의 모든 것,9791198381811,6,예술,야구 만화 도감 :어려울 줄 알았는데 재밌어!,9791190007245,6,예술,다독자,1,False,False,False
대충 봐도 머리에 남는 어린이 야구 상식 :야구의 재미를 제대로 알게 하는 알쏭달쏭 야구의 모든 것,9791198381811,6,예술,야구 만화 도감 :어려울 줄 알았는데 재밌어!,9791190007726,,미상,다독자,2,False,False,False
대충 봐도 머리에 남는 어린이 야구 상식 :야구의 재미를 제대로 알게 하는 알쏭달쏭 야구의 모든 것,9791198381811,6,예술,야구 잘하는 50가지 비밀 :진짜 진짜 야구 잘하고 싶은 어린이만 보는 책!,9791186073995,,미상,다독자,3,False,False,False
대충 봐도 머리에 남는 어린이 야구 상식 :야구의 재미를 제대로 알게 하는 알쏭달쏭 야구의 모든 것,9791198381811,6,예술,(읽으면서 바로 써먹는) 어린이 세계 여행,9791158682798,9,역사,다독자,4,True,True,False
대충 봐도 머리에 남는 어린이 야구 상식 :야구의 재미를 제대로 알게 하는 알쏭달쏭 야구의 모든 것,9791198381811,6,예술,흔한남매,9791173473968,8,문학,다독자,5,True,False,False
대충 봐도 머리에 남는 어린이 야구 상식 :야구의 재미를 제대로 알게 하는 알쏭달쏭 야구의 모든 것,9791198381811,6,예술,Who? 김도영 =Kim Do Yeong,9791130665849,,미상,다독자,6,False,False,False
대충 봐도 머리에 남는 어린이 야구 상식 :야구의 재미를 제대로 알게 하는 알쏭달쏭 야구의 모든 것,9791198381811,6,예술,(읽으면서 바로 써먹는) 어린이 맞춤법 행성,9791158682538,7,언어,다독자,7,True,True,False
대충 봐도 머리에 남는 어린이 야구 상식 :야구의 재미를 제대로 알게 하는 알쏭달쏭 야구의 모든 것,9791198381811,6,예술,흔한남매,9791168411685,8,문학,다독자,8,True,False,False
대충 봐도 머리에 남는 어린이 야구 상식 :야구의 재미를 제대로 알게 하는 알쏭달쏭 야구의 모든 것,9791198381811,6,예술,흔한남매의 흔한 호기심 :일상에서 만나는 과학 상식,9791173471780,4,자연과학,다독자,9,True,False,False
대충 봐도 머리에 남는 어린이 야구 상식 :야구의 재미를 제대로 알게 하는 알쏭달쏭 야구의 모든 것,9791198381811,6,예술,축구 만화 도감 :재밌을 줄 알았는데 멋있어!,9791190007320,6,예술,다독자,10,False,True,False
세상에서 제일 재밌는 종이접기 :색종이 한 장이면 장난감 뚝딱!,9791186494431,6,예술,(네모아저씨의) 페이퍼 블레이드 :색종이 3장이면 멋진 팽이가 내 것!,9791186494479,,미상,함께대출,1,False,False,False
세상에서 제일 재밌는 종이접기 :색종이 한 장이면 장난감 뚝딱!,9791186494431,6,예술,(네모아저씨의) 페이퍼 윙즈 =색종이 1장으로 접는 종이비행기의 완결판! /Paper wings,9791186494530,,미상,함께대출,2,False,False,False
세상에서 제일 재밌는 종이접기 :색종이 한 장이면 장난감 뚝딱!,9791186494431,6,예술,(네모아저씨의) 페이퍼 애니멀 :한 장으로 접는 입체 동물 40점,9791186494592,,미상,함께대출,3,False,False,False
세상에서 제일 재밌는 종이접기 :색종이 한 장이면 장난감 뚝딱!,9791186494431,6,예술,(네모아저씨의) 페이퍼 블레이드,9791186494561,,미상,함께대출,4,False,False,False
세상에서 제일 재밌는 종이접기 :색종이 한 장이면 장난감 뚝딱!,9791186494431,6,예술,(네모아저씨의) 페이퍼 블레이드,9791186494615,6,예술,함께대출,5,False,False,False
세상에서 제일 재밌는 종이접기 :색종이 한 장이면 장난감 뚝딱!,9791186494431,6,예술,(네모아저씨의) 페이퍼 블레이드,9791186494714,6,예술,함께대출,6,False,False,False
세상에서 제일 재밌는 종이접기 :색종이 한 장이면 장난감 뚝딱!,9791186494431,6,예술,흔한남매,9791164135592,8,문학,함께대출,7,True,False,False
세상에서 제일 재밌는 종이접기 :색종이 한 장이면 장난감 뚝딱!,9791186494431,6,예술,(네모아저씨의) 페이퍼 블레이드 :유닛의 경계를 넘어! 종이접기의 한계를 넘어!,9791186494837,6,예술,함께대출,8,False,False,False
세상에서 제일 재밌는 종이접기 :색종이 한 장이면 장난감 뚝딱!,9791186494431,6,예술,흔한남매,9791164134267,8,문학,함께대출,9,True,True,False
세상에서 제일 재밌는 종이접기 :색종이 한 장이면 장난감 뚝딱!,9791186494431,6,예술,흔한남매,9791164131686,8,문학,함께대출,10,True,False,False
세상에서 제일 재밌는 종이접기 :색종이 한 장이면 장난감 뚝딱!,9791186494431,6,예술,더 커진 간단 종이접기 대백과 270 - 하루에 30분씩! 두뇌 트레이닝,9791158951214,,미상,마니아,1,False,False,False
세상에서 제일 재밌는 종이접기 :색종이 한 장이면 장난감 뚝딱!,9791186494431,6,예술,(남자들이 좋아하는) 종이접기 150,9788976227638,,미상,마니아,2,False,False,False
세상에서 제일 재밌는 종이접기 :색종이 한 장이면 장난감 뚝딱!,9791186494431,6,예술,(한 권으로 끝내는) 종이접기,9788962228960,,미상,마니아,3,False,False,False
세상에서 제일 재밌는 종이접기 :색종이 한 장이면 장난감 뚝딱!,9791186494431,6,예술,(한 권으로 끝내는) 종이접기,9791164061471,,미상,마니아,4,False,False,False
세상에서 제일 재밌는 종이접기 :색종이 한 장이면 장난감 뚝딱!,9791186494431,6,예술,하루 한 장 오늘의 종이접기,9791197209963,,미상,마니아,5,False,False,False
세상에서 제일 재밌는 종이접기 :색종이 한 장이면 장난감 뚝딱!,9791186494431,6,예술,(아이가 좋아하는) 종이접기 :아이큐 쑥쑥 재미 팡팡,9791187310112,,미상,마니아,6,False,False,False
세상에서 제일 재밌는 종이접기 :색종이 한 장이면 장난감 뚝딱!,9791186494431,6,예술,(조이!365+) 대한민국대표 종이접기,9788976227973,,미상,마니아,7,False,False,False
세상에서 제일 재밌는 종이접기 :색종이 한 장이면 장난감 뚝딱!,9791186494431,6,예술,(스피드스피릿!) 미니카 종이접기 :아빠와 함께 접는 우주 자동차,9788983797063,,미상,마니아,8,False,False,False
세상에서 제일 재밌는 종이접기 :색종이 한 장이면 장난감 뚝딱!,9791186494431,6,예술,(네모아저씨의) 페이퍼 윙즈 =색종이 1장으로 접는 종이비행기의 완결판! /Paper wings,9791186494530,,미상,마니아,9,False,False,False
세상에서 제일 재밌는 종이접기 :색종이 한 장이면 장난감 뚝딱!,9791186494431,6,예술,(네모아저씨의) 페이퍼 애니멀 :한 장으로 접는 입체 동물 40점,9791186494592,,미상,마니아,10,False,False,False
세상에서 제일 재밌는 종이접기 :색종이 한 장이면 장난감 뚝딱!,9791186494431,6,예술,(네모아저씨의) 페이퍼 블레이드 :유닛의 경계를 넘어! 종이접기의 한계를 넘어!,9791186494837,6,예술,다독자,1,False,False,False
세상에서 제일 재밌는 종이접기 :색종이 한 장이면 장난감 뚝딱!,9791186494431,6,예술,흔한남매,9791168418011,8,문학,다독자,2,True,False,False
세상에서 제일 재밌는 종이접기 :색종이 한 장이면 장난감 뚝딱!,9791186494431,6,예술,흔한남매,9791168418844,8,문학,다독자,3,True,False,False
세상에서 제일 재밌는 종이접기 :색종이 한 장이면 장난감 뚝딱!,9791186494431,6,예술,흔한남매,9791168416369,8,문학,다독자,4,True,False,False
세상에서 제일 재밌는 종이접기 :색종이 한 장이면 장난감 뚝딱!,9791186494431,6,예술,흔한남매,9791168415232,8,문학,다독자,5,True,False,False
세상에서 제일 재밌는 종이접기 :색종이 한 장이면 장난감 뚝딱!,9791186494431,6,예술,흔한남매,9791173473968,8,문학,다독자,6,True,False,False
세상에서 제일 재밌는 종이접기 :색종이 한 장이면 장난감 뚝딱!,9791186494431,6,예술,흔한남매,9791168417199,8,문학,다독자,7,True,False,False
세상에서 제일 재밌는 종이접기 :색종이 한 장이면 장난감 뚝딱!,9791186494431,6,예술,"(네모아저씨의) 페이퍼 블레이드 :절제된 외형, 나아진 성능! 팽이의 본질을 되묻다!",9791186494967,,미상,다독자,8,False,False,False
세상에서 제일 재밌는 종이접기 :색종이 한 장이면 장난감 뚝딱!,9791186494431,6,예술,흔한남매,9791168414471,8,문학,다독자,9,True,False,False
세상에서 제일 재밌는 종이접기 :색종이 한 장이면 장난감 뚝딱!,9791186494431,6,예술,흔한남매,9791173114038,,미상,다독자,10,False,False,False
"왜 유명한 거야, 이 그림?",9791167550712,6,예술,리보와 앤 :아무도 오지 않는 도서관의 두 로봇,9788954690690,8,문학,함께대출,1,True,False,False
"왜 유명한 거야, 이 그림?",9791167550712,6,예술,긴긴밤,9788954677158,8,문학,함께대출,2,True,False,False
"왜 유명한 거야, 이 그림?",9791167550712,6,예술,한성이 서울에게,9788949122021,8,문학,함께대출,3,True,False,False
"왜 유명한 거야, 이 그림?",9791167550712,6,예술,열세 살의 걷기 클럽 :김혜정 창작동화,9791169811361,8,문학,함께대출,4,True,False,False
"왜 유명한 거야, 이 그림?",9791167550712,6,예술,천하제일 치킨 쇼,9788949121994,8,문학,함께대출,5,True,False,False
"왜 유명한 거야, 이 그림?",9791167550712,6,예술,5번 레인,9788954674638,8,문학,함께대출,6,True,False,False
"왜 유명한 거야, 이 그림?",9791167550712,6,예술,푸른 사자 와니니 :이현 장편동화,9788936442804,8,문학,함께대출,7,True,False,False
"왜 유명한 거야, 이 그림?",9791167550712,6,예술,기소영의 친구들 :정은주 창작동화,9791160949797,8,문학,함께대출,8,True,False,False
"왜 유명한 거야, 이 그림?",9791167550712,6,예술,세금 내는 아이들,9788947547260,3,사회과학,함께대출,9,True,False,False
"왜 유명한 거야, 이 그림?",9791167550712,6,예술,하하 자매 떡집,9788949162539,8,문학,함께대출,10,True,False,False
"왜 유명한 거야, 이 그림?",9791167550712,6,예술,"열두 살, 아무에게도 말하지 못한 비밀",9791192529417,,미상,마니아,1,False,False,False
"왜 유명한 거야, 이 그림?",9791167550712,6,예술,열두 달 지구하자 :같이 알자 같이 하자!,9788925576510,,미상,마니아,3,False,False,False
"왜 유명한 거야, 이 그림?",9791167550712,6,예술,(세상을 따뜻하게 만드는) 착한 디자인 이야기,9791170263678,,미상,마니아,4,False,False,False
"왜 유명한 거야, 이 그림?",9791167550712,6,예술,"왜 유명한 거야, 이 도시?",9791167552372,,미상,마니아,5,False,False,False
"왜 유명한 거야, 이 그림?",9791167550712,6,예술,갈림길,9788901272597,,미상,마니아,6,False,False,False
"왜 유명한 거야, 이 그림?",9791167550712,6,예술,"1795년, 정조의 행복한 행차 :화성원행도를 따라가 보다",9791193150184,,미상,마니아,7,False,False,False
"왜 유명한 거야, 이 그림?",9791167550712,6,예술,산타 언니의 디지털 세탁소,9788927107255,,미상,마니아,8,False,False,False
"왜 유명한 거야, 이 그림?",9791167550712,6,예술,초콜릿이 너무 비싸요! :초콜릿 불매 운동을 벌인 캐나다 어린이들,9791157822355,,미상,마니아,9,False,False,False
"왜 유명한 거야, 이 그림?",9791167550712,6,예술,꽃 아주머니와 비밀의 방 :색다르게 그림을 보는 법,9788992371872,,미상,마니아,10,False,False,False
"왜 유명한 거야, 이 그림?",9791167550712,6,예술,리보와 앤 :아무도 오지 않는 도서관의 두 로봇,9788954690690,8,문학,다독자,1,True,False,False
"왜 유명한 거야, 이 그림?",9791167550712,6,예술,한성이 서울에게,9788949122021,8,문학,다독자,3,True,False,False
"왜 유명한 거야, 이 그림?",9791167550712,6,예술,시간 유전자,9791194028185,,미상,다독자,4,False,False,False
"왜 유명한 거야, 이 그림?",9791167550712,6,예술,어느 날 문이 사라졌다,9791141608880,,미상,다독자,5,False,False,False
"왜 유명한 거야, 이 그림?",9791167550712,6,예술,열세 살의 걷기 클럽 :김혜정 창작동화,9791169811361,8,문학,다독자,6,True,False,False
"왜 유명한 거야, 이 그림?",9791167550712,6,예술,언제나 다정 죽집,9788949122076,,미상,다독자,7,False,False,False
"왜 유명한 거야, 이 그림?",9791167550712,6,예술,행운이 구르는 속도 :김성운 창작동화,9791169813341,,미상,다독자,8,False,False,False
"왜 유명한 거야, 이 그림?",9791167550712,6,예술,긴긴밤,9788954677158,8,문학,다독자,9,True,False,False
"왜 유명한 거야, 이 그림?",9791167550712,6,예술,호랑이를 부탁해 :설상록 장편동화,9788949122083,,미상,다독자,10,False,False,False
축구 만화 도감 :재밌을 줄 알았는데 멋있어!,9791190007320,6,예술,야구 만화 도감 :어려울 줄 알았는데 재밌어!,9791190007245,6,예술,함께대출,1,False,False,False
축구 만화 도감 :재밌을 줄 알았는데 멋있어!,9791190007320,6,예술,단순할 줄 알았는데 짜릿해! 농구 만화 도감,9791190007412,,미상,함께대출,2,False,False,False
축구 만화 도감 :재밌을 줄 알았는데 멋있어!,9791190007320,6,예술,흔한남매,9791168411685,8,문학,함께대출,3,True,False,False
축구 만화 도감 :재밌을 줄 알았는데 멋있어!,9791190007320,6,예술,흔한남매,9791164134267,8,문학,함께대출,4,True,True,False
축구 만화 도감 :재밌을 줄 알았는데 멋있어!,9791190007320,6,예술,흔한남매,9791164135592,8,문학,함께대출,5,True,False,False
축구 만화 도감 :재밌을 줄 알았는데 멋있어!,9791190007320,6,예술,흔한남매,9791168412477,8,문학,함께대출,6,True,False,False
축구 만화 도감 :재밌을 줄 알았는데 멋있어!,9791190007320,6,예술,흔한남매,9791164137527,8,문학,함께대출,7,True,False,False
축구 만화 도감 :재밌을 줄 알았는데 멋있어!,9791190007320,6,예술,흔한남매,9791164138197,8,문학,함께대출,8,True,False,False
축구 만화 도감 :재밌을 줄 알았는데 멋있어!,9791190007320,6,예술,흔한남매,9791164134847,8,문학,함께대출,9,True,False,False
축구 만화 도감 :재밌을 줄 알았는데 멋있어!,9791190007320,6,예술,Why? sports 축구,9788930280228,,미상,함께대출,10,False,False,False
축구 만화 도감 :재밌을 줄 알았는데 멋있어!,9791190007320,6,예술,단순할 줄 알았는데 짜릿해! 농구 만화 도감,9791190007412,,미상,마니아,1,False,False,False
축구 만화 도감 :재밌을 줄 알았는데 멋있어!,9791190007320,6,예술,야구 만화 도감 :어려울 줄 알았는데 재밌어!,9791190007245,6,예술,마니아,2,False,False,False
축구 만화 도감 :재밌을 줄 알았는데 멋있어!,9791190007320,6,예술,야구 만화 도감 :어려울 줄 알았는데 재밌어!,9791190007726,,미상,마니아,3,False,False,False
축구 만화 도감 :재밌을 줄 알았는데 멋있어!,9791190007320,6,예술,나는 축구를 만화로 배웠어요,9791190808033,,미상,마니아,4,False,False,False
축구 만화 도감 :재밌을 줄 알았는데 멋있어!,9791190007320,6,예술,의외로 경기보다 재미있는 축구도감,9788934988892,,미상,마니아,5,False,False,False
축구 만화 도감 :재밌을 줄 알았는데 멋있어!,9791190007320,6,예술,숫자로 알아보는 세계 축구 기록,9791185653396,,미상,마니아,6,False,False,False
축구 만화 도감 :재밌을 줄 알았는데 멋있어!,9791190007320,6,예술,축구 잘하는 50가지 비밀 :진짜 진짜 축구 잘하고 싶은 어린이만 보는 책!,9791190808729,,미상,마니아,7,False,False,False
축구 만화 도감 :재밌을 줄 알았는데 멋있어!,9791190007320,6,예술,손흥민이랑 축구하자! :월드클래스 Son세이셔널,9791190242035,,미상,마니아,8,False,False,False
축구 만화 도감 :재밌을 줄 알았는데 멋있어!,9791190007320,6,예술,Why? sports 축구,9788930280228,,미상,마니아,9,False,False,False
축구 만화 도감 :재밌을 줄 알았는데 멋있어!,9791190007320,6,예술,"(오, 필승!) 월드컵 축구 대백과",9791160943634,,미상,마니아,10,False,False,False
축구 만화 도감 :재밌을 줄 알았는데 멋있어!,9791190007320,6,예술,야구 만화 도감 :어려울 줄 알았는데 재밌어!,9791190007245,6,예술,다독자,1,False,False,False
축구 만화 도감 :재밌을 줄 알았는데 멋있어!,9791190007320,6,예술,단순할 줄 알았는데 짜릿해! 농구 만화 도감,9791190007412,,미상,다독자,2,False,False,False
축구 만화 도감 :재밌을 줄 알았는데 멋있어!,9791190007320,6,예술,야구 만화 도감 :어려울 줄 알았는데 재밌어!,9791190007726,,미상,다독자,3,False,False,False
축구 만화 도감 :재밌을 줄 알았는데 멋있어!,9791190007320,6,예술,Who? 킬리안 음바페 =Kylian Mbappé,9791130650135,9,역사,다독자,4,True,False,False
축구 만화 도감 :재밌을 줄 알았는데 멋있어!,9791190007320,6,예술,Who? 이강인 =Kang In,9791130660530,,미상,다독자,5,False,False,False
축구 만화 도감 :재밌을 줄 알았는데 멋있어!,9791190007320,6,예술,흔한남매,9791168416369,8,문학,다독자,6,True,False,False
축구 만화 도감 :재밌을 줄 알았는데 멋있어!,9791190007320,6,예술,흔한남매,9791168415232,8,문학,다독자,7,True,False,False
축구 만화 도감 :재밌을 줄 알았는데 멋있어!,9791190007320,6,예술,흔한남매,9791168418844,8,문학,다독자,8,True,False,False
축구 만화 도감 :재밌을 줄 알았는데 멋있어!,9791190007320,6,예술,흔한남매 이상한 나라의 고전 읽기,9791168415034,8,문학,다독자,9,True,False,False
축구 만화 도감 :재밌을 줄 알았는데 멋있어!,9791190007320,6,예술,흔한남매의 흔한 호기심 :일상에서 만나는 과학 상식,9791168415409,4,자연과학,다독자,10,True,False,False
흔한남매 불꽃 튀는 우리말 :초등 국어 고수 되기 프로젝트,9791130637594,7,언어,흔한남매 불꽃 튀는 우리말 1 - 초등 국어 고수 되기 프로젝트,9791130635712,,미상,함께대출,1,False,False,False
흔한남매 불꽃 튀는 우리말 :초등 국어 고수 되기 프로젝트,9791130637594,7,언어,흔한남매 불꽃 튀는 우리말 5 - 초등 국어 고수 되기 프로젝트,9791130679266,,미상,함께대출,4,False,False,False
흔한남매 불꽃 튀는 우리말 :초등 국어 고수 되기 프로젝트,9791130637594,7,언어,흔한남매,9791164138197,8,문학,함께대출,5,True,False,False
흔한남매 불꽃 튀는 우리말 :초등 국어 고수 되기 프로젝트,9791130637594,7,언어,흔한남매,9791164134267,8,문학,함께대출,6,True,True,False
흔한남매 불꽃 튀는 우리말 :초등 국어 고수 되기 프로젝트,9791130637594,7,언어,흔한남매,9791168411685,8,문학,함께대출,7,True,False,False
흔한남매 불꽃 튀는 우리말 :초등 국어 고수 되기 프로젝트,9791130637594,7,언어,흔한남매,9791164137527,8,문학,함께대출,8,True,False,False
흔한남매 불꽃 튀는 우리말 :초등 국어 고수 되기 프로젝트,9791130637594,7,언어,흔한남매,9791164136261,8,문학,함께대출,9,True,False,False
흔한남매 불꽃 튀는 우리말 :초등 국어 고수 되기 프로젝트,9791130637594,7,언어,흔한남매,9791164134847,8,문학,함께대출,10,True,False,False
흔한남매 불꽃 튀는 우리말 :초등 국어 고수 되기 프로젝트,9791130637594,7,언어,흔한남매 불꽃 튀는 우리말 1 - 초등 국어 고수 되기 프로젝트,9791130635712,,미상,마니아,1,False,False,False
흔한남매 불꽃 튀는 우리말 :초등 국어 고수 되기 프로젝트,9791130637594,7,언어,흔한남매 불꽃 튀는 우리말 5 - 초등 국어 고수 되기 프로젝트,9791130679266,,미상,마니아,4,False,False,False
흔한남매 불꽃 튀는 우리말 :초등 국어 고수 되기 프로젝트,9791130637594,7,언어,(흔한남매) 별난 방탈출 :탈출 미션 스토리북,9791164137879,6,예술,마니아,5,True,False,False
흔한남매 불꽃 튀는 우리말 :초등 국어 고수 되기 프로젝트,9791130637594,7,언어,(흔한남매) 별난 방탈출 :탈출 미션 스토리북,9791164138715,6,예술,마니아,6,True,False,False
흔한남매 불꽃 튀는 우리말 :초등 국어 고수 되기 프로젝트,9791130637594,7,언어,(흔한남매) 별난 방탈출 :탈출 미션 스토리북,9791164137176,6,예술,마니아,8,True,True,False
흔한남매 불꽃 튀는 우리말 :초등 국어 고수 되기 프로젝트,9791130637594,7,언어,(흔한남매) 안 흔한 일기,9791164136223,8,문학,마니아,9,True,False,False
흔한남매 불꽃 튀는 우리말 :초등 국어 고수 되기 프로젝트,9791130637594,7,언어,(흔한남매) 별난 방탈출 :탈출 미션 스토리북,9791168411692,6,예술,마니아,10,True,False,False
흔한남매 불꽃 튀는 우리말 :초등 국어 고수 되기 프로젝트,9791130637594,7,언어,흔한남매 불꽃 튀는 우리말 1 - 초등 국어 고수 되기 프로젝트,9791130635712,,미상,다독자,1,False,False,False
흔한남매 불꽃 튀는 우리말 :초등 국어 고수 되기 프로젝트,9791130637594,7,언어,흔한남매 불꽃 튀는 우리말 5 - 초등 국어 고수 되기 프로젝트,9791130679266,,미상,다독자,4,False,False,False
흔한남매 불꽃 튀는 우리말 :초등 국어 고수 되기 프로젝트,9791130637594,7,언어,흔한남매,9791168416369,8,문학,다독자,5,True,False,False
흔한남매 불꽃 튀는 우리말 :초등 국어 고수 되기 프로젝트,9791130637594,7,언어,흔한남매,9791168415232,8,문학,다독자,6,True,False,False
흔한남매 불꽃 튀는 우리말 :초등 국어 고수 되기 프로젝트,9791130637594,7,언어,흔한남매,9791168417199,8,문학,다독자,7,True,False,False
흔한남매 불꽃 튀는 우리말 :초등 국어 고수 되기 프로젝트,9791130637594,7,언어,흔한남매,9791168418011,8,문학,다독자,8,True,False,False
흔한남매 불꽃 튀는 우리말 :초등 국어 고수 되기 프로젝트,9791130637594,7,언어,흔한남매,9791168414471,8,문학,다독자,9,True,False,False
흔한남매 불꽃 튀는 우리말 :초등 국어 고수 되기 프로젝트,9791130637594,7,언어,흔한남매,9791168412477,8,문학,다독자,10,True,False,False
(읽으면서 바로 써먹는) 어린이 맞춤법 행성,9791158682538,7,언어,(읽으면서 바로 써먹는) 어린이 맞춤법,9791158681647,7,언어,함께대출,1,False,True,True
(읽으면서 바로 써먹는) 어린이 맞춤법 행성,9791158682538,7,언어,(읽으면서 바로 써먹는) 어린이 신체 관용구,9791158681999,7,언어,함께대출,2,False,True,True
(읽으면서 바로 써먹는) 어린이 맞춤법 행성,9791158682538,7,언어,(읽으면서 바로 써먹는) 어린이 세계사 퀴즈,9791158682637,9,역사,함께대출,3,True,False,False
(읽으면서 바로 써먹는) 어린이 맞춤법 행성,9791158682538,7,언어,(읽으면서 바로 써먹는) 어린이 고사성어,9791158681531,7,언어,함께대출,4,False,True,True
(읽으면서 바로 써먹는) 어린이 맞춤법 행성,9791158682538,7,언어,(읽으면서 바로 써먹는) 어린이 사자성어,9791158681944,7,언어,함께대출,5,False,True,True
(읽으면서 바로 써먹는) 어린이 맞춤법 행성,9791158682538,7,언어,(읽으면서 바로 써먹는) 어린이 한국사 퀴즈,9791158682248,9,역사,함께대출,6,True,False,False
(읽으면서 바로 써먹는) 어린이 맞춤법 행성,9791158682538,7,언어,(읽으면서 바로 써먹는) 어린이 관용구,9791158681487,7,언어,함께대출,7,False,True,True
(읽으면서 바로 써먹는) 어린이 맞춤법 행성,9791158682538,7,언어,(읽으면서 바로 써먹는) 어린이 한국사 퀴즈,9791158682309,9,역사,함께대출,8,True,False,False
(읽으면서 바로 써먹는) 어린이 맞춤법 행성,9791158682538,7,언어,(읽으면서 바로 써먹는) 어린이 속담,9791158681883,3,사회과학,함께대출,9,True,False,False
(읽으면서 바로 써먹는) 어린이 맞춤법 행성,9791158682538,7,언어,(읽으면서 바로 써먹는) 어린이 수수께끼,9791158681746,3,사회과학,함께대출,10,True,False,False
(읽으면서 바로 써먹는) 어린이 맞춤법 행성,9791158682538,7,언어,(읽으면서 바로 써먹는) 어린이 급수 한자 :6·7·8급,9791158682477,7,언어,마니아,1,False,False,False
(읽으면서 바로 써먹는) 어린이 맞춤법 행성,9791158682538,7,언어,(읽으면서 바로 써먹는) 어린이 맞춤법,9791158681647,7,언어,마니아,2,False,True,True
(읽으면서 바로 써먹는) 어린이 맞춤법 행성,9791158682538,7,언어,(읽으면서 바로 써먹는) 어린이 세계사 퀴즈,9791158682712,9,역사,마니아,3,True,False,False
(읽으면서 바로 써먹는) 어린이 맞춤법 행성,9791158682538,7,언어,(읽으면서 바로 써먹는) 어린이 세계사 퀴즈,9791158682637,9,역사,마니아,4,True,False,False
(읽으면서 바로 써먹는) 어린이 맞춤법 행성,9791158682538,7,언어,(읽으면서 바로 써먹는) 어린이 영단어,9791158681722,7,언어,마니아,5,False,False,False
(읽으면서 바로 써먹는) 어린이 맞춤법 행성,9791158682538,7,언어,(읽으면서 바로 써먹는) 어린이 신체 관용구,9791158681999,7,언어,마니아,6,False,True,True
(읽으면서 바로 써먹는) 어린이 맞춤법 행성,9791158682538,7,언어,(읽으면서 바로 써먹는) 어린이 사자성어,9791158681944,7,언어,마니아,7,False,True,True
(읽으면서 바로 써먹는) 어린이 맞춤법 행성,9791158682538,7,언어,(읽으면서 바로 써먹는) 어린이 사자소학,9791158681630,1,철학,마니아,8,True,False,False
(읽으면서 바로 써먹는) 어린이 맞춤법 행성,9791158682538,7,언어,(읽으면서 바로 써먹는) 어린이 감정 표현,9791158682842,1,철학,마니아,9,True,False,False
(읽으면서 바로 써먹는) 어린이 맞춤법 행성,9791158682538,7,언어,(읽으면서 바로 써먹는) 어린이 스도쿠 :학교 괴담,9791158682880,,미상,마니아,10,False,False,False
(읽으면서 바로 써먹는) 어린이 맞춤법 행성,9791158682538,7,언어,(읽으면서 바로 써먹는) 어린이 감정 표현,9791158682842,1,철학,다독자,1,True,False,False
(읽으면서 바로 써먹는) 어린이 맞춤법 행성,9791158682538,7,언어,(읽으면서 바로 써먹는) 어린이 맞춤법,9791158681647,7,언어,다독자,2,False,True,True
(읽으면서 바로 써먹는) 어린이 맞춤법 행성,9791158682538,7,언어,(읽으면서 바로 써먹는) 어린이 세계 여행,9791158682798,9,역사,다독자,3,True,True,True
(읽으면서 바로 써먹는) 어린이 맞춤법 행성,9791158682538,7,언어,(읽으면서 바로 써먹는) 어린이 세계사 퀴즈,9791158682637,9,역사,다독자,4,True,False,False
(읽으면서 바로 써먹는) 어린이 맞춤법 행성,9791158682538,7,언어,(읽으면서 바로 써먹는) 어린이 신체 관용구,9791158681999,7,언어,다독자,5,False,True,True
(읽으면서 바로 써먹는) 어린이 맞춤법 행성,9791158682538,7,언어,(읽으면서 바로 써먹는) 어린이 세계사 퀴즈,9791158682712,9,역사,다독자,6,True,False,False
(읽으면서 바로 써먹는) 어린이 맞춤법 행성,9791158682538,7,언어,(읽으면서 바로 써먹는) 어린이 고사성어,9791158681531,7,언어,다독자,7,False,True,True
(읽으면서 바로 써먹는) 어린이 맞춤법 행성,9791158682538,7,언어,(읽으면서 바로 써먹는) 어린이 사자성어,9791158681944,7,언어,다독자,8,False,True,True
(읽으면서 바로 써먹는) 어린이 맞춤법 행성,9791158682538,7,언어,(읽으면서 바로 써먹는) 어린이 한국사 퀴즈,9791158682248,9,역사,다독자,9,True,False,False
(읽으면서 바로 써먹는) 어린이 맞춤법 행성,9791158682538,7,언어,(읽으면서 바로 써먹는) 어린이 관용구,9791158681487,7,언어,다독자,10,False,True,True
(읽으면서 바로 써먹는) 어린이 맞춤법,9791158681647,7,언어,(읽으면서 바로 써먹는) 어린이 고사성어,9791158681531,7,언어,함께대출,1,False,True,True
(읽으면서 바로 써먹는) 어린이 맞춤법,9791158681647,7,언어,(읽으면서 바로 써먹는) 어린이 관용구,9791158681487,7,언어,함께대출,2,False,True,True
(읽으면서 바로 써먹는) 어린이 맞춤법,9791158681647,7,언어,(읽으면서 바로 써먹는) 어린이 맞춤법 행성,9791158682538,7,언어,함께대출,3,False,True,True
(읽으면서 바로 써먹는) 어린이 맞춤법,9791158681647,7,언어,(읽으면서 바로 써먹는) 어린이 속담,9791158681258,3,사회과학,함께대출,4,True,False,False
(읽으면서 바로 써먹는) 어린이 맞춤법,9791158681647,7,언어,(읽으면서 바로 써먹는) 어린이 사자성어,9791158681944,7,언어,함께대출,5,False,True,True
(읽으면서 바로 써먹는) 어린이 맞춤법,9791158681647,7,언어,(읽으면서 바로 써먹는) 어린이 신체 관용구,9791158681999,7,언어,함께대출,6,False,True,True
(읽으면서 바로 써먹는) 어린이 맞춤법,9791158681647,7,언어,(읽으면서 바로 써먹는) 어린이 사자소학,9791158681630,1,철학,함께대출,7,True,False,False
(읽으면서 바로 써먹는) 어린이 맞춤법,9791158681647,7,언어,(읽으면서 바로 써먹는) 어린이 퀴즈,9791158681609,0,총류,함께대출,8,True,True,True
(읽으면서 바로 써먹는) 어린이 맞춤법,9791158681647,7,언어,(읽으면서 바로 써먹는) 어린이 영단어,9791158681722,7,언어,함께대출,9,False,False,False
(읽으면서 바로 써먹는) 어린이 맞춤법,9791158681647,7,언어,(읽으면서 바로 써먹는) 어린이 수수께끼,9791158681746,3,사회과학,함께대출,10,True,False,False
(읽으면서 바로 써먹는) 어린이 맞춤법,9791158681647,7,언어,(읽으면서 바로 써먹는) 어린이 관용구,9791158681487,7,언어,마니아,1,False,True,True
(읽으면서 바로 써먹는) 어린이 맞춤법,9791158681647,7,언어,(읽으면서 바로 써먹는) 어린이 영단어,9791158681722,7,언어,마니아,2,False,False,False
(읽으면서 바로 써먹는) 어린이 맞춤법,9791158681647,7,언어,(읽으면서 바로 써먹는) 어린이 사자소학,9791158681630,1,철학,마니아,3,True,False,False
(읽으면서 바로 써먹는) 어린이 맞춤법,9791158681647,7,언어,(읽으면서 바로 써먹는) 어린이 고사성어,9791158681531,7,언어,마니아,4,False,True,True
(읽으면서 바로 써먹는) 어린이 맞춤법,9791158681647,7,언어,(읽으면서 바로 써먹는) 어린이 사자성어,9791158681944,7,언어,마니아,5,False,True,True
(읽으면서 바로 써먹는) 어린이 맞춤법,9791158681647,7,언어,(읽으면서 바로 써먹는) 어린이 명심보감,9791158681791,1,철학,마니아,6,True,False,False
(읽으면서 바로 써먹는) 어린이 맞춤법,9791158681647,7,언어,(읽으면서 바로 써먹는) 어린이 퀴즈,9791158681609,0,총류,마니아,7,True,True,True
(읽으면서 바로 써먹는) 어린이 맞춤법,9791158681647,7,언어,(읽으면서 바로 써먹는) 어린이 맞춤법 행성,9791158682538,7,언어,마니아,8,False,True,True
(읽으면서 바로 써먹는) 어린이 맞춤법,9791158681647,7,언어,(읽으면서 바로 써먹는) 어린이 속담,9791158681258,3,사회과학,마니아,9,True,False,False
(읽으면서 바로 써먹는) 어린이 맞춤법,9791158681647,7,언어,(읽으면서 바로 써먹는) 어린이 신체 관용구,9791158681999,7,언어,마니아,10,False,True,True
(읽으면서 바로 써먹는) 어린이 맞춤법,9791158681647,7,언어,(읽으면서 바로 써먹는) 어린이 맞춤법 행성,9791158682538,7,언어,다독자,1,False,True,True
(읽으면서 바로 써먹는) 어린이 맞춤법,9791158681647,7,언어,(읽으면서 바로 써먹는) 어린이 감정 표현,9791158682842,1,철학,다독자,2,True,False,False
(읽으면서 바로 써먹는) 어린이 맞춤법,9791158681647,7,언어,(읽으면서 바로 써먹는) 어린이 세계 여행,9791158682798,9,역사,다독자,3,True,True,True
(읽으면서 바로 써먹는) 어린이 맞춤법,9791158681647,7,언어,(읽으면서 바로 써먹는) 어린이 세계사 퀴즈,9791158682637,9,역사,다독자,4,True,False,False
(읽으면서 바로 써먹는) 어린이 맞춤법,9791158681647,7,언어,(읽으면서 바로 써먹는) 어린이 초등 교과 어휘,9791158682965,7,언어,다독자,5,False,False,False
(읽으면서 바로 써먹는) 어린이 맞춤법,9791158681647,7,언어,(읽으면서 바로 써먹는) 어린이 신체 관용구,9791158681999,7,언어,다독자,6,False,True,True
(읽으면서 바로 써먹는) 어린이 맞춤법,9791158681647,7,언어,(읽으면서 바로 써먹는) 어린이 세계사 퀴즈,9791158682712,9,역사,다독자,7,True,False,False
(읽으면서 바로 써먹는) 어린이 맞춤법,9791158681647,7,언어,(읽으면서 바로 써먹는) 어린이 사자성어,9791158681944,7,언어,다독자,8,False,True,True
(읽으면서 바로 써먹는) 어린이 맞춤법,9791158681647,7,언어,(읽으면서 바로 써먹는) 어린이 고사성어,9791158681531,7,언어,다독자,9,False,True,True
(읽으면서 바로 써먹는) 어린이 맞춤법,9791158681647,7,언어,(읽으면서 바로 써먹는) 어린이 관용구,9791158681487,7,언어,다독자,10,False,True,True
(읽으면서 바로 써먹는) 어린이 고사성어,9791158681531,7,언어,(읽으면서 바로 써먹는) 어린이 관용구,9791158681487,7,언어,함께대출,1,False,True,True
(읽으면서 바로 써먹는) 어린이 고사성어,9791158681531,7,언어,(읽으면서 바로 써먹는) 어린이 사자성어,9791158681944,7,언어,함께대출,2,False,True,True
(읽으면서 바로 써먹는) 어린이 고사성어,9791158681531,7,언어,(읽으면서 바로 써먹는) 어린이 맞춤법,9791158681647,7,언어,함께대출,3,False,True,True
(읽으면서 바로 써먹는) 어린이 고사성어,9791158681531,7,언어,(읽으면서 바로 써먹는) 어린이 속담,9791158681258,3,사회과학,함께대출,4,True,False,False
(읽으면서 바로 써먹는) 어린이 고사성어,9791158681531,7,언어,(읽으면서 바로 써먹는) 어린이 신체 관용구,9791158681999,7,언어,함께대출,5,False,True,True
(읽으면서 바로 써먹는) 어린이 고사성어,9791158681531,7,언어,(읽으면서 바로 써먹는) 어린이 사자소학,9791158681630,1,철학,함께대출,6,True,False,False
(읽으면서 바로 써먹는) 어린이 고사성어,9791158681531,7,언어,(읽으면서 바로 써먹는) 어린이 맞춤법 행성,9791158682538,7,언어,함께대출,7,False,True,True
(읽으면서 바로 써먹는) 어린이 고사성어,9791158681531,7,언어,(읽으면서 바로 써먹는) 어린이 퀴즈,9791158681609,0,총류,함께대출,8,True,True,True
(읽으면서 바로 써먹는) 어린이 고사성어,9791158681531,7,언어,(읽으면서 바로 써먹는) 어린이 명심보감,9791158681791,1,철학,함께대출,9,True,False,False
(읽으면서 바로 써먹는) 어린이 고사성어,9791158681531,7,언어,(읽으면서 바로 써먹는) 어린이 영단어,9791158681722,7,언어,함께대출,10,False,False,False
(읽으면서 바로 써먹는) 어린이 고사성어,9791158681531,7,언어,(읽으면서 바로 써먹는) 어린이 관용구,9791158681487,7,언어,마니아,1,False,True,True
(읽으면서 바로 써먹는) 어린이 고사성어,9791158681531,7,언어,(읽으면서 바로 써먹는) 어린이 사자성어,9791158681944,7,언어,마니아,2,False,True,True
(읽으면서 바로 써먹는) 어린이 고사성어,9791158681531,7,언어,(읽으면서 바로 써먹는) 어린이 맞춤법,9791158681647,7,언어,마니아,3,False,True,True
(읽으면서 바로 써먹는) 어린이 고사성어,9791158681531,7,언어,(읽으면서 바로 써먹는) 어린이 사자소학,9791158681630,1,철학,마니아,4,True,False,False
(읽으면서 바로 써먹는) 어린이 고사성어,9791158681531,7,언어,(읽으면서 바로 써먹는) 어린이 영단어,9791158681722,7,언어,마니아,5,False,False,False
(읽으면서 바로 써먹는) 어린이 고사성어,9791158681531,7,언어,(읽으면서 바로 써먹는) 어린이 속담,9791158681258,3,사회과학,마니아,6,True,False,False
(읽으면서 바로 써먹는) 어린이 고사성어,9791158681531,7,언어,(읽으면서 바로 써먹는) 어린이 명심보감,9791158681791,1,철학,마니아,7,True,False,False
(읽으면서 바로 써먹는) 어린이 고사성어,9791158681531,7,언어,(읽으면서 바로 써먹는) 어린이 신체 관용구,9791158681999,7,언어,마니아,8,False,True,True
(읽으면서 바로 써먹는) 어린이 고사성어,9791158681531,7,언어,(읽으면서 바로 써먹는) 어린이 퀴즈,9791158681609,0,총류,마니아,9,True,True,True
(읽으면서 바로 써먹는) 어린이 고사성어,9791158681531,7,언어,(읽으면서 바로 써먹는) 어린이 급수 한자 :6·7·8급,9791158682477,7,언어,마니아,10,False,False,False
(읽으면서 바로 써먹는) 어린이 고사성어,9791158681531,7,언어,(읽으면서 바로 써먹는) 어린이 맞춤법 행성,9791158682538,7,언어,다독자,1,False,True,True
(읽으면서 바로 써먹는) 어린이 고사성어,9791158681531,7,언어,(읽으면서 바로 써먹는) 어린이 감정 표현,9791158682842,1,철학,다독자,2,True,False,False
(읽으면서 바로 써먹는) 어린이 고사성어,9791158681531,7,언어,(읽으면서 바로 써먹는) 어린이 사자성어,9791158681944,7,언어,다독자,3,False,True,True
(읽으면서 바로 써먹는) 어린이 고사성어,9791158681531,7,언어,(읽으면서 바로 써먹는) 어린이 세계 여행,9791158682798,9,역사,다독자,4,True,True,True
(읽으면서 바로 써먹는) 어린이 고사성어,9791158681531,7,언어,(읽으면서 바로 써먹는) 어린이 세계사 퀴즈,9791158682637,9,역사,다독자,5,True,False,False
(읽으면서 바로 써먹는) 어린이 고사성어,9791158681531,7,언어,(읽으면서 바로 써먹는) 어린이 신체 관용구,9791158681999,7,언어,다독자,6,False,True,True
(읽으면서 바로 써먹는) 어린이 고사성어,9791158681531,7,언어,(읽으면서 바로 써먹는) 어린이 초등 교과 어휘,9791158682965,7,언어,다독자,7,False,False,False
(읽으면서 바로 써먹는) 어린이 고사성어,9791158681531,7,언어,(읽으면서 바로 써먹는) 어린이 세계사 퀴즈,9791158682712,9,역사,다독자,8,True,False,False
(읽으면서 바로 써먹는) 어린이 고사성어,9791158681531,7,언어,(읽으면서 바로 써먹는) 어린이 관용구,9791158681487,7,언어,다독자,9,False,True,True
(읽으면서 바로 써먹는) 어린이 고사성어,9791158681531,7,언어,(읽으면서 바로 써먹는) 어린이 맞춤법,9791158681647,7,언어,다독자,10,False,True,True
(읽으면서 바로 써먹는) 어린이 신체 관용구,9791158681999,7,언어,(읽으면서 바로 써먹는) 어린이 관용구,9791158681487,7,언어,함께대출,1,False,True,True
(읽으면서 바로 써먹는) 어린이 신체 관용구,9791158681999,7,언어,(읽으면서 바로 써먹는) 어린이 고사성어,9791158681531,7,언어,함께대출,2,False,True,True
(읽으면서 바로 써먹는) 어린이 신체 관용구,9791158681999,7,언어,(읽으면서 바로 써먹는) 어린이 맞춤법 행성,9791158682538,7,언어,함께대출,3,False,True,True
(읽으면서 바로 써먹는) 어린이 신체 관용구,9791158681999,7,언어,(읽으면서 바로 써먹는) 어린이 사자성어,9791158681944,7,언어,함께대출,4,False,True,True
(읽으면서 바로 써먹는) 어린이 신체 관용구,9791158681999,7,언어,(읽으면서 바로 써먹는) 어린이 맞춤법,9791158681647,7,언어,함께대출,5,False,True,True
(읽으면서 바로 써먹는) 어린이 신체 관용구,9791158681999,7,언어,(읽으면서 바로 써먹는) 어린이 속담,9791158681883,3,사회과학,함께대출,6,True,False,False
(읽으면서 바로 써먹는) 어린이 신체 관용구,9791158681999,7,언어,(읽으면서 바로 써먹는) 어린이 수수께끼,9791158681746,3,사회과학,함께대출,7,True,False,False
(읽으면서 바로 써먹는) 어린이 신체 관용구,9791158681999,7,언어,(읽으면서 바로 써먹는) 어린이 수수께끼 :공포 특급,9791158682446,3,사회과학,함께대출,8,True,False,False
(읽으면서 바로 써먹는) 어린이 신체 관용구,9791158681999,7,언어,(읽으면서 바로 써먹는) 어린이 속담,9791158681258,3,사회과학,함께대출,9,True,False,False
(읽으면서 바로 써먹는) 어린이 신체 관용구,9791158681999,7,언어,(읽으면서 바로 써먹는) 어린이 한국사 퀴즈,9791158682248,9,역사,함께대출,10,True,False,False
(읽으면서 바로 써먹는) 어린이 신체 관용구,9791158681999,7,언어,(읽으면서 바로 써먹는) 어린이 관용구,9791158681487,7,언어,마니아,1,False,True,True
(읽으면서 바로 써먹는) 어린이 신체 관용구,9791158681999,7,언어,(읽으면서 바로 써먹는) 어린이 사자성어,9791158681944,7,언어,마니아,2,False,True,True
(읽으면서 바로 써먹는) 어린이 신체 관용구,9791158681999,7,언어,(읽으면서 바로 써먹는) 어린이 고사성어,9791158681531,7,언어,마니아,3,False,True,True
(읽으면서 바로 써먹는) 어린이 신체 관용구,9791158681999,7,언어,(읽으면서 바로 써먹는) 어린이 영단어,9791158681722,7,언어,마니아,4,False,False,False
(읽으면서 바로 써먹는) 어린이 신체 관용구,9791158681999,7,언어,(읽으면서 바로 써먹는) 어린이 속담,9791158681883,3,사회과학,마니아,5,True,False,False
(읽으면서 바로 써먹는) 어린이 신체 관용구,9791158681999,7,언어,(읽으면서 바로 써먹는) 어린이 명심보감,9791158681791,1,철학,마니아,6,True,False,False
(읽으면서 바로 써먹는) 어린이 신체 관용구,9791158681999,7,언어,(읽으면서 바로 써먹는) 어린이 사자소학,9791158681630,1,철학,마니아,7,True,False,False
(읽으면서 바로 써먹는) 어린이 신체 관용구,9791158681999,7,언어,(읽으면서 바로 써먹는) 어린이 맞춤법,9791158681647,7,언어,마니아,8,False,True,True
(읽으면서 바로 써먹는) 어린이 신체 관용구,9791158681999,7,언어,(읽으면서 바로 써먹는) 어린이 급수 한자 :6·7·8급,9791158682477,7,언어,마니아,9,False,False,False
(읽으면서 바로 써먹는) 어린이 신체 관용구,9791158681999,7,언어,(읽으면서 바로 써먹는) 어린이 맞춤법 행성,9791158682538,7,언어,마니아,10,False,True,True
(읽으면서 바로 써먹는) 어린이 신체 관용구,9791158681999,7,언어,(읽으면서 바로 써먹는) 어린이 맞춤법 행성,9791158682538,7,언어,다독자,1,False,True,True
(읽으면서 바로 써먹는) 어린이 신체 관용구,9791158681999,7,언어,(읽으면서 바로 써먹는) 어린이 감정 표현,9791158682842,1,철학,다독자,2,True,False,False
(읽으면서 바로 써먹는) 어린이 신체 관용구,9791158681999,7,언어,(읽으면서 바로 써먹는) 어린이 세계 여행,9791158682798,9,역사,다독자,3,True,True,True
(읽으면서 바로 써먹는) 어린이 신체 관용구,9791158681999,7,언어,(읽으면서 바로 써먹는) 어린이 세계사 퀴즈,9791158682637,9,역사,다독자,4,True,False,False
(읽으면서 바로 써먹는) 어린이 신체 관용구,9791158681999,7,언어,(읽으면서 바로 써먹는) 어린이 세계사 퀴즈,9791158682712,9,역사,다독자,5,True,False,False
(읽으면서 바로 써먹는) 어린이 신체 관용구,9791158681999,7,언어,(읽으면서 바로 써먹는) 어린이 초등 교과 어휘,9791158682965,7,언어,다독자,6,False,False,False
(읽으면서 바로 써먹는) 어린이 신체 관용구,9791158681999,7,언어,(읽으면서 바로 써먹는) 어린이 관용구,9791158681487,7,언어,다독자,7,False,True,True
(읽으면서 바로 써먹는) 어린이 신체 관용구,9791158681999,7,언어,(읽으면서 바로 써먹는) 어린이 고사성어,9791158681531,7,언어,다독자,8,False,True,True
(읽으면서 바로 써먹는) 어린이 신체 관용구,9791158681999,7,언어,(읽으면서 바로 써먹는) 어린이 수수께끼 :공포 특급,9791158682446,3,사회과학,다독자,9,True,False,False
(읽으면서 바로 써먹는) 어린이 신체 관용구,9791158681999,7,언어,(읽으면서 바로 써먹는) 어린이 사자성어,9791158681944,7,언어,다독자,10,False,True,True
놓지 마 맞춤법,9788934942641,7,언어,놓지 마 맞춤법 2 - 불꽃 튀는 본선 속으로,9788934946601,,미상,함께대출,1,False,False,False
놓지 마 맞춤법,9788934942641,7,언어,놓지 마 어휘 :한자어,9788934990987,7,언어,함께대출,4,False,True,True
놓지 마 맞춤법,9788934942641,7,언어,놓지 마 과학!,9791168122369,4,자연과학,함께대출,5,True,True,False
놓지 마 맞춤법,9788934942641,7,언어,놓지 마 과학!,9791168126336,4,자연과학,함께대출,6,True,False,False
놓지 마 맞춤법,9788934942641,7,언어,놓지 마 과학!,9791190630184,4,자연과학,함께대출,7,True,False,False
놓지 마 맞춤법,9788934942641,7,언어,놓지 마 어휘 :한자어,9788934989882,7,언어,함께대출,8,False,False,False
놓지 마 맞춤법,9788934942641,7,언어,놓지 마 과학!,9791168120266,4,자연과학,함께대출,9,True,False,False
놓지 마 맞춤법,9788934942641,7,언어,놓지 마 과학!,9791190305310,4,자연과학,함께대출,10,True,False,False
놓지 마 맞춤법,9788934942641,7,언어,놓지 마 맞춤법 2 - 불꽃 튀는 본선 속으로,9788934946601,,미상,마니아,1,False,False,False
놓지 마 맞춤법,9788934942641,7,언어,놓지 마 속담,9788934908760,3,사회과학,마니아,5,True,False,False
놓지 마 맞춤법,9788934942641,7,언어,놓지 마 속담 1 - 일상생활,9788934946786,,미상,마니아,6,False,False,False
놓지 마 맞춤법,9788934942641,7,언어,놓지 마 어휘 한자어 4,9788934979968,,미상,마니아,7,False,False,False
놓지 마 맞춤법,9788934942641,7,언어,놓지 마 어휘 :한자어,9788934980056,7,언어,마니아,8,False,False,False
놓지 마 맞춤법,9788934942641,7,언어,놓지 마 어휘 :한자어,9788934990987,7,언어,마니아,9,False,True,True
놓지 마 맞춤법,9788934942641,7,언어,놓지 마 어휘 :한자어,9788934989882,7,언어,마니아,10,False,False,False
놓지 마 맞춤법,9788934942641,7,언어,놓지 마 맞춤법 2 - 불꽃 튀는 본선 속으로,9788934946601,,미상,다독자,1,False,False,False
놓지 마 맞춤법,9788934942641,7,언어,놓지 마 과학!,9791171712267,4,자연과학,다독자,5,True,False,False
놓지 마 맞춤법,9788934942641,7,언어,놓지 마 어휘 :한자어,9788934990987,7,언어,다독자,6,False,True,True
놓지 마 맞춤법,9788934942641,7,언어,놓지 마 과학!,9791168122369,4,자연과학,다독자,7,True,True,False
놓지 마 맞춤법,9788934942641,7,언어,놓지 마 과학!,9791168126336,4,자연과학,다독자,8,True,False,False
놓지 마 맞춤법,9788934942641,7,언어,놓지 마 속담 1 - 일상생활,9788934946786,,미상,다독자,9,False,False,False
놓지 마 맞춤법,9788934942641,7,언어,놓지 마 과학!,9791190630184,4,자연과학,다독자,10,True,False,False
(읽으면서 바로 써먹는) 어린이 관용구,9791158681487,7,언어,(읽으면서 바로 써먹는) 어린이 고사성어,9791158681531,7,언어,함께대출,1,False,True,True
(읽으면서 바로 써먹는) 어린이 관용구,9791158681487,7,언어,(읽으면서 바로 써먹는) 어린이 맞춤법,9791158681647,7,언어,함께대출,2,False,True,True
(읽으면서 바로 써먹는) 어린이 관용구,9791158681487,7,언어,(읽으면서 바로 써먹는) 어린이 속담,9791158681258,3,사회과학,함께대출,3,True,False,False
(읽으면서 바로 써먹는) 어린이 관용구,9791158681487,7,언어,(읽으면서 바로 써먹는) 어린이 신체 관용구,9791158681999,7,언어,함께대출,4,False,True,True
(읽으면서 바로 써먹는) 어린이 관용구,9791158681487,7,언어,(읽으면서 바로 써먹는) 어린이 사자성어,9791158681944,7,언어,함께대출,5,False,True,True
(읽으면서 바로 써먹는) 어린이 관용구,9791158681487,7,언어,(읽으면서 바로 써먹는) 어린이 퀴즈,9791158681609,0,총류,함께대출,6,True,True,True
(읽으면서 바로 써먹는) 어린이 관용구,9791158681487,7,언어,(읽으면서 바로 써먹는) 어린이 맞춤법 행성,9791158682538,7,언어,함께대출,7,False,True,True
(읽으면서 바로 써먹는) 어린이 관용구,9791158681487,7,언어,(읽으면서 바로 써먹는) 어린이 사자소학,9791158681630,1,철학,함께대출,8,True,False,False
(읽으면서 바로 써먹는) 어린이 관용구,9791158681487,7,언어,(읽으면서 바로 써먹는) 어린이 영단어,9791158681722,7,언어,함께대출,9,False,False,False
(읽으면서 바로 써먹는) 어린이 관용구,9791158681487,7,언어,(읽으면서 바로 써먹는) 어린이 명심보감,9791158681791,1,철학,함께대출,10,True,False,False
(읽으면서 바로 써먹는) 어린이 관용구,9791158681487,7,언어,(읽으면서 바로 써먹는) 어린이 고사성어,9791158681531,7,언어,마니아,1,False,True,True
(읽으면서 바로 써먹는) 어린이 관용구,9791158681487,7,언어,(읽으면서 바로 써먹는) 어린이 맞춤법,9791158681647,7,언어,마니아,2,False,True,True
(읽으면서 바로 써먹는) 어린이 관용구,9791158681487,7,언어,(읽으면서 바로 써먹는) 어린이 사자성어,9791158681944,7,언어,마니아,3,False,True,True
(읽으면서 바로 써먹는) 어린이 관용구,9791158681487,7,언어,(읽으면서 바로 써먹는) 어린이 영단어,9791158681722,7,언어,마니아,4,False,False,False
(읽으면서 바로 써먹는) 어린이 관용구,9791158681487,7,언어,(읽으면서 바로 써먹는) 어린이 사자소학,9791158681630,1,철학,마니아,5,True,False,False
(읽으면서 바로 써먹는) 어린이 관용구,9791158681487,7,언어,(읽으면서 바로 써먹는) 어린이 신체 관용구,9791158681999,7,언어,마니아,6,False,True,True
(읽으면서 바로 써먹는) 어린이 관용구,9791158681487,7,언어,(읽으면서 바로 써먹는) 어린이 명심보감,9791158681791,1,철학,마니아,7,True,False,False
(읽으면서 바로 써먹는) 어린이 관용구,9791158681487,7,언어,(읽으면서 바로 써먹는) 어린이 속담,9791158681258,3,사회과학,마니아,8,True,False,False
(읽으면서 바로 써먹는) 어린이 관용구,9791158681487,7,언어,(읽으면서 바로 써먹는) 어린이 퀴즈,9791158681609,0,총류,마니아,9,True,True,True
(읽으면서 바로 써먹는) 어린이 관용구,9791158681487,7,언어,(읽으면서 바로 써먹는) 어린이 속담,9791158681883,3,사회과학,마니아,10,True,False,False
(읽으면서 바로 써먹는) 어린이 관용구,9791158681487,7,언어,(읽으면서 바로 써먹는) 어린이 맞춤법 행성,9791158682538,7,언어,다독자,1,False,True,True
(읽으면서 바로 써먹는) 어린이 관용구,9791158681487,7,언어,(읽으면서 바로 써먹는) 어린이 감정 표현,9791158682842,1,철학,다독자,2,True,False,False
(읽으면서 바로 써먹는) 어린이 관용구,9791158681487,7,언어,(읽으면서 바로 써먹는) 어린이 신체 관용구,9791158681999,7,언어,다독자,3,False,True,True
(읽으면서 바로 써먹는) 어린이 관용구,9791158681487,7,언어,(읽으면서 바로 써먹는) 어린이 세계 여행,9791158682798,9,역사,다독자,4,True,True,False
(읽으면서 바로 써먹는) 어린이 관용구,9791158681487,7,언어,(읽으면서 바로 써먹는) 어린이 초등 교과 어휘,9791158682965,7,언어,다독자,5,False,False,False
(읽으면서 바로 써먹는) 어린이 관용구,9791158681487,7,언어,(읽으면서 바로 써먹는) 어린이 사자성어,9791158681944,7,언어,다독자,6,False,True,True
(읽으면서 바로 써먹는) 어린이 관용구,9791158681487,7,언어,(읽으면서 바로 써먹는) 어린이 세계사 퀴즈,9791158682637,9,역사,다독자,7,True,False,False
(읽으면서 바로 써먹는) 어린이 관용구,9791158681487,7,언어,(읽으면서 바로 써먹는) 어린이 고사성어,9791158681531,7,언어,다독자,8,False,True,True
(읽으면서 바로 써먹는) 어린이 관용구,9791158681487,7,언어,(읽으면서 바로 써먹는) 어린이 세계사 퀴즈,9791158682712,9,역사,다독자,9,True,False,False
(읽으면서 바로 써먹는) 어린이 관용구,9791158681487,7,언어,(읽으면서 바로 써먹는) 어린이 맞춤법,9791158681647,7,언어,다독자,10,False,True,True
놓지 마 어휘 :한자어,9788934990987,7,언어,놓지 마 어휘 한자어 4,9788934979968,,미상,함께대출,3,False,False,False
놓지 마 어휘 :한자어,9788934990987,7,언어,놓지 마 과학!,9791168122369,4,자연과학,함께대출,4,True,True,False
놓지 마 어휘 :한자어,9788934990987,7,언어,놓지 마 과학!,9791190630184,4,자연과학,함께대출,5,True,False,False
놓지 마 어휘 :한자어,9788934990987,7,언어,놓지 마 과학!,9791190305310,4,자연과학,함께대출,6,True,False,False
놓지 마 어휘 :한자어,9788934990987,7,언어,놓지 마 과학!,9791190182737,4,자연과학,함께대출,7,True,False,False
놓지 마 어휘 :한자어,9788934990987,7,언어,놓지 마 과학!,9791168120266,4,자연과학,함께대출,8,True,False,False
놓지 마 어휘 :한자어,9788934990987,7,언어,놓지 마 과학!,9791190908184,4,자연과학,함께대출,9,True,False,False
놓지 마 어휘 :한자어,9788934990987,7,언어,놓지 마 맞춤법,9788934942641,7,언어,함께대출,10,False,True,True
놓지 마 어휘 :한자어,9788934990987,7,언어,놓지 마 어휘 한자어 4,9788934979968,,미상,마니아,3,False,False,False
놓지 마 어휘 :한자어,9788934990987,7,언어,놓지 마 초등 영어 표현 :정신이와 함께 떠나는 80일간의 줄줄섬 영어 여행,9791191119879,,미상,마니아,4,False,False,False
놓지 마 어휘 :한자어,9788934990987,7,언어,놓지 마 맞춤법 2 - 불꽃 튀는 본선 속으로,9788934946601,,미상,마니아,5,False,False,False
놓지 마 어휘 :한자어,9788934990987,7,언어,놓지 마 맞춤법,9788934942641,7,언어,마니아,6,False,True,True
놓지 마 어휘 :한자어,9788934990987,7,언어,놓지 마 맞춤법,9788934926924,,미상,마니아,7,False,False,False
놓지 마 어휘 :한자어,9788934990987,7,언어,놓지 마 맞춤법,9788934908296,7,언어,마니아,8,False,False,False
놓지 마 어휘 :한자어,9788934990987,7,언어,놓지 마 속담,9788934908760,3,사회과학,마니아,9,True,False,False
놓지 마 어휘 :한자어,9788934990987,7,언어,놓지 마 맞춤법,9791173320385,,미상,마니아,10,False,False,False
놓지 마 어휘 :한자어,9788934990987,7,언어,놓지 마 어휘 한자어 4,9788934979968,,미상,다독자,3,False,False,False
놓지 마 어휘 :한자어,9788934990987,7,언어,놓지 마 맞춤법,9788934926924,,미상,다독자,4,False,False,False
놓지 마 어휘 :한자어,9788934990987,7,언어,놓지 마 과학!,9791171712267,4,자연과학,다독자,5,True,False,False
놓지 마 어휘 :한자어,9788934990987,7,언어,놓지 마 맞춤법,9788934942641,7,언어,다독자,6,False,True,True
놓지 마 어휘 :한자어,9788934990987,7,언어,놓지 마 맞춤법,9791173320385,,미상,다독자,7,False,False,False
놓지 마 어휘 :한자어,9788934990987,7,언어,놓지 마 맞춤법 2 - 불꽃 튀는 본선 속으로,9788934946601,,미상,다독자,8,False,False,False
놓지 마 어휘 :한자어,9788934990987,7,언어,놓지 마 과학!,9791168126336,4,자연과학,다독자,9,True,False,False
놓지 마 어휘 :한자어,9788934990987,7,언어,놓지 마 과학!,9791168122369,4,자연과학,다독자,10,True,True,False
(읽으면서 바로 써먹는) 어린이 사자성어,9791158681944,7,언어,(읽으면서 바로 써먹는) 어린이 고사성어,9791158681531,7,언어,함께대출,1,False,True,True
(읽으면서 바로 써먹는) 어린이 사자성어,9791158681944,7,언어,(읽으면서 바로 써먹는) 어린이 관용구,9791158681487,7,언어,함께대출,2,False,True,True
(읽으면서 바로 써먹는) 어린이 사자성어,9791158681944,7,언어,(읽으면서 바로 써먹는) 어린이 맞춤법,9791158681647,7,언어,함께대출,3,False,True,True
(읽으면서 바로 써먹는) 어린이 사자성어,9791158681944,7,언어,(읽으면서 바로 써먹는) 어린이 신체 관용구,9791158681999,7,언어,함께대출,4,False,True,True
(읽으면서 바로 써먹는) 어린이 사자성어,9791158681944,7,언어,(읽으면서 바로 써먹는) 어린이 속담,9791158681258,3,사회과학,함께대출,5,True,False,False
(읽으면서 바로 써먹는) 어린이 사자성어,9791158681944,7,언어,(읽으면서 바로 써먹는) 어린이 맞춤법 행성,9791158682538,7,언어,함께대출,6,False,True,True
(읽으면서 바로 써먹는) 어린이 사자성어,9791158681944,7,언어,(읽으면서 바로 써먹는) 어린이 명심보감,9791158681791,1,철학,함께대출,7,True,False,False
(읽으면서 바로 써먹는) 어린이 사자성어,9791158681944,7,언어,(읽으면서 바로 써먹는) 어린이 속담,9791158681883,3,사회과학,함께대출,8,True,False,False
(읽으면서 바로 써먹는) 어린이 사자성어,9791158681944,7,언어,(읽으면서 바로 써먹는) 어린이 수수께끼,9791158681746,3,사회과학,함께대출,9,True,False,False
(읽으면서 바로 써먹는) 어린이 사자성어,9791158681944,7,언어,(읽으면서 바로 써먹는) 어린이 사자소학,9791158681630,1,철학,함께대출,10,True,False,False
(읽으면서 바로 써먹는) 어린이 사자성어,9791158681944,7,언어,(읽으면서 바로 써먹는) 어린이 고사성어,9791158681531,7,언어,마니아,1,False,True,True
(읽으면서 바로 써먹는) 어린이 사자성어,9791158681944,7,언어,(읽으면서 바로 써먹는) 어린이 관용구,9791158681487,7,언어,마니아,2,False,True,True
(읽으면서 바로 써먹는) 어린이 사자성어,9791158681944,7,언어,(읽으면서 바로 써먹는) 어린이 영단어,9791158681722,7,언어,마니아,3,False,False,False
(읽으면서 바로 써먹는) 어린이 사자성어,9791158681944,7,언어,(읽으면서 바로 써먹는) 어린이 명심보감,9791158681791,1,철학,마니아,4,True,False,False
(읽으면서 바로 써먹는) 어린이 사자성어,9791158681944,7,언어,(읽으면서 바로 써먹는) 어린이 신체 관용구,9791158681999,7,언어,마니아,5,False,True,True
(읽으면서 바로 써먹는) 어린이 사자성어,9791158681944,7,언어,(읽으면서 바로 써먹는) 어린이 맞춤법,9791158681647,7,언어,마니아,6,False,True,True
(읽으면서 바로 써먹는) 어린이 사자성어,9791158681944,7,언어,(읽으면서 바로 써먹는) 어린이 사자소학,9791158681630,1,철학,마니아,7,True,False,False
(읽으면서 바로 써먹는) 어린이 사자성어,9791158681944,7,언어,(읽으면서 바로 써먹는) 어린이 속담,9791158681883,3,사회과학,마니아,8,True,False,False
(읽으면서 바로 써먹는) 어린이 사자성어,9791158681944,7,언어,(읽으면서 바로 써먹는) 어린이 급수 한자 :6·7·8급,9791158682477,7,언어,마니아,9,False,False,False
(읽으면서 바로 써먹는) 어린이 사자성어,9791158681944,7,언어,(읽으면서 바로 써먹는) 어린이 속담,9791158681258,3,사회과학,마니아,10,True,False,False
(읽으면서 바로 써먹는) 어린이 사자성어,9791158681944,7,언어,(읽으면서 바로 써먹는) 어린이 맞춤법 행성,9791158682538,7,언어,다독자,1,False,True,True
(읽으면서 바로 써먹는) 어린이 사자성어,9791158681944,7,언어,(읽으면서 바로 써먹는) 어린이 고사성어,9791158681531,7,언어,다독자,2,False,True,True
(읽으면서 바로 써먹는) 어린이 사자성어,9791158681944,7,언어,(읽으면서 바로 써먹는) 어린이 감정 표현,9791158682842,1,철학,다독자,3,True,False,False
(읽으면서 바로 써먹는) 어린이 사자성어,9791158681944,7,언어,(읽으면서 바로 써먹는) 어린이 세계 여행,9791158682798,9,역사,다독자,4,True,True,False
(읽으면서 바로 써먹는) 어린이 사자성어,9791158681944,7,언어,(읽으면서 바로 써먹는) 어린이 초등 교과 어휘,9791158682965,7,언어,다독자,5,False,False,False
(읽으면서 바로 써먹는) 어린이 사자성어,9791158681944,7,언어,(읽으면서 바로 써먹는) 어린이 신체 관용구,9791158681999,7,언어,다독자,6,False,True,True
(읽으면서 바로 써먹는) 어린이 사자성어,9791158681944,7,언어,(읽으면서 바로 써먹는) 어린이 세계사 퀴즈,9791158682637,9,역사,다독자,7,True,False,False
(읽으면서 바로 써먹는) 어린이 사자성어,9791158681944,7,언어,(읽으면서 바로 써먹는) 어린이 관용구,9791158681487,7,언어,다독자,8,False,True,True
(읽으면서 바로 써먹는) 어린이 사자성어,9791158681944,7,언어,(읽으면서 바로 써먹는) 어린이 맞춤법,9791158681647,7,언어,다독자,9,False,True,True
(읽으면서 바로 써먹는) 어린이 사자성어,9791158681944,7,언어,(읽으면서 바로 써먹는) 어린이 세계사 퀴즈,9791158682712,9,역사,다독자,10,True,False,False
불편한 편의점 :김호연 장편소설,9791161571188,8,문학,달러구트 꿈 백화점 :주문하신 꿈은 매진입니다,9791165341909,8,문학,함께대출,2,False,True,True
불편한 편의점 :김호연 장편소설,9791161571188,8,문학,아버지의 해방일지 :정지아 장편소설,9788936438838,8,문학,함께대출,3,False,True,True
불편한 편의점 :김호연 장편소설,9791161571188,8,문학,"어서오세요, 휴남동 서점입니다 :황보름 장편소설",9791197377143,8,문학,함께대출,4,False,False,False
불편한 편의점 :김호연 장편소설,9791161571188,8,문학,메리골드 마음 세탁소 =윤정은 장편소설 /Marigold mind laundry,9791191891287,8,문학,함께대출,5,False,True,True
불편한 편의점 :김호연 장편소설,9791161571188,8,문학,달러구트 꿈 백화점 :이미예 장편소설,9791165343729,8,문학,함께대출,6,False,False,False
불편한 편의점 :김호연 장편소설,9791161571188,8,문학,순례 주택 :유은실 소설,9788949123493,8,문학,함께대출,7,False,False,False
불편한 편의점 :김호연 장편소설,9791161571188,8,문학,망원동 브라더스 :김호연 장편소설,9788997962129,8,문학,함께대출,8,False,False,False
불편한 편의점 :김호연 장편소설,9791161571188,8,문학,소년이 온다 :한강 장편소설,9788936434120,8,문학,함께대출,9,False,True,True
불편한 편의점 :김호연 장편소설,9791161571188,8,문학,바다가 들리는 편의점,9791192579504,8,문학,함께대출,10,False,False,False
불편한 편의점 :김호연 장편소설,9791161571188,8,문학,망원동 브라더스 :김호연 장편소설,9788997962129,8,문학,마니아,2,False,False,False
불편한 편의점 :김호연 장편소설,9791161571188,8,문학,연적 :김호연 장편소설,9791186748138,,미상,마니아,3,False,False,False
불편한 편의점 :김호연 장편소설,9791161571188,8,문학,고스트라이터즈 =김호연 장편소설 /Ghost writers,9788959134953,,미상,마니아,4,False,False,False
불편한 편의점 :김호연 장편소설,9791161571188,8,문학,파우스터 =김호연 장편소설 /Fauster,9791189938642,,미상,마니아,6,False,False,False
불편한 편의점 :김호연 장편소설,9791161571188,8,문학,"어서오세요, 휴남동 서점입니다 :황보름 장편소설",9791197377143,8,문학,마니아,7,False,False,False
불편한 편의점 :김호연 장편소설,9791161571188,8,문학,나의 돈키호테 :김호연 장편소설,9791161571768,8,문학,마니아,8,False,False,False
불편한 편의점 :김호연 장편소설,9791161571188,8,문학,달러구트 꿈 백화점 :주문하신 꿈은 매진입니다,9791165341909,8,문학,마니아,9,False,True,True
불편한 편의점 :김호연 장편소설,9791161571188,8,문학,달러구트 꿈 백화점 :이미예 장편소설,9791165343729,8,문학,마니아,10,False,False,False
불편한 편의점 :김호연 장편소설,9791161571188,8,문학,나의 돈키호테 :김호연 장편소설,9791161571768,8,문학,다독자,2,False,False,False
불편한 편의점 :김호연 장편소설,9791161571188,8,문학,아버지의 해방일지 :정지아 장편소설,9788936438838,8,문학,다독자,3,False,True,True
불편한 편의점 :김호연 장편소설,9791161571188,8,문학,메리골드 마음 세탁소 =윤정은 장편소설 /Marigold mind laundry,9791191891287,8,문학,다독자,4,False,True,True
불편한 편의점 :김호연 장편소설,9791161571188,8,문학,달러구트 꿈 백화점 :주문하신 꿈은 매진입니다,9791165341909,8,문학,다독자,5,False,True,True
불편한 편의점 :김호연 장편소설,9791161571188,8,문학,"어서오세요, 휴남동 서점입니다 :황보름 장편소설",9791197377143,8,문학,다독자,6,False,False,False
불편한 편의점 :김호연 장편소설,9791161571188,8,문학,바다가 들리는 편의점,9791192579504,8,문학,다독자,7,False,False,False
불편한 편의점 :김호연 장편소설,9791161571188,8,문학,안녕이라 그랬어 :김애란 소설,9791141602376,8,문학,다독자,8,False,False,False
불편한 편의점 :김호연 장편소설,9791161571188,8,문학,혼모노 :성해나 소설집,9788936439743,8,문학,다독자,9,False,False,False
불편한 편의점 :김호연 장편소설,9791161571188,8,문학,이중 하나는 거짓말 :김애란 장편소설,9791141601300,8,문학,다독자,10,False,False,False
아버지의 해방일지 :정지아 장편소설,9788936438838,8,문학,불편한 편의점 :김호연 장편소설,9791161571379,8,문학,함께대출,1,False,False,False
아버지의 해방일지 :정지아 장편소설,9788936438838,8,문학,불편한 편의점 :김호연 장편소설,9791161571188,8,문학,함께대출,2,False,True,True
아버지의 해방일지 :정지아 장편소설,9788936438838,8,문학,밝은 밤 :최은영 장편소설,9788954681179,8,문학,함께대출,3,False,True,True
아버지의 해방일지 :정지아 장편소설,9788936438838,8,문학,"어서오세요, 휴남동 서점입니다 :황보름 장편소설",9791197377143,8,문학,함께대출,4,False,False,False
아버지의 해방일지 :정지아 장편소설,9788936438838,8,문학,메리골드 마음 세탁소 =윤정은 장편소설 /Marigold mind laundry,9791191891287,8,문학,함께대출,5,False,True,True
아버지의 해방일지 :정지아 장편소설,9788936438838,8,문학,작별하지 않는다 :한강 장편소설,9788954682152,8,문학,함께대출,6,False,True,True
아버지의 해방일지 :정지아 장편소설,9788936438838,8,문학,하얼빈 :김훈 장편소설,9788954699914,8,문학,함께대출,7,False,False,False
아버지의 해방일지 :정지아 장편소설,9788936438838,8,문학,순례 주택 :유은실 소설,9788949123493,8,문학,함께대출,8,False,False,False
아버지의 해방일지 :정지아 장편소설,9788936438838,8,문학,작별인사 :김영하 장편소설,9791191114225,8,문학,함께대출,9,False,False,False
아버지의 해방일지 :정지아 장편소설,9788936438838,8,문학,소년이 온다 :한강 장편소설,9788936434120,8,문학,함께대출,10,False,True,True
아버지의 해방일지 :정지아 장편소설,9788936438838,8,문학,숲의 대화 :정지아 소설집,9788956606729,,미상,마니아,1,False,False,False
아버지의 해방일지 :정지아 장편소설,9788936438838,8,문학,자본주의의 적 :정지아 소설집,9788936438432,,미상,마니아,2,False,False,False
아버지의 해방일지 :정지아 장편소설,9788936438838,8,문학,나의 아름다운 날들 :정지아 소설,9791167372703,8,문학,마니아,3,False,False,False
아버지의 해방일지 :정지아 장편소설,9788936438838,8,문학,빨치산의 딸 :정지아 장편소설,9791162950340,,미상,마니아,4,False,False,False
아버지의 해방일지 :정지아 장편소설,9788936438838,8,문학,빨치산의 딸 :정지아 장편소설,9791162950333,,미상,마니아,5,False,False,False
아버지의 해방일지 :정지아 장편소설,9788936438838,8,문학,빨치산의 딸:정지아 장편소설,9788991071117,,미상,마니아,6,False,False,False
아버지의 해방일지 :정지아 장편소설,9788936438838,8,문학,빨치산의 딸:정지아 장편소설,9788991071124,,미상,마니아,7,False,False,False
아버지의 해방일지 :정지아 장편소설,9788936438838,8,문학,마시지 않을 수 없는 밤이니까요 :정지아 에세이,9791193289020,8,문학,마니아,8,False,False,False
아버지의 해방일지 :정지아 장편소설,9788936438838,8,문학,봄빛 :정지아 소설집,9788936439507,,미상,마니아,9,False,False,False
아버지의 해방일지 :정지아 장편소설,9788936438838,8,문학,이토록 평범한 미래 :김연수 소설,9788954680004,8,문학,마니아,10,False,False,False
아버지의 해방일지 :정지아 장편소설,9788936438838,8,문학,불편한 편의점 :김호연 장편소설,9791161571379,8,문학,다독자,1,False,False,False
아버지의 해방일지 :정지아 장편소설,9788936438838,8,문학,불편한 편의점 :김호연 장편소설,9791161571188,8,문학,다독자,2,False,True,True
아버지의 해방일지 :정지아 장편소설,9788936438838,8,문학,이중 하나는 거짓말 :김애란 장편소설,9791141601300,8,문학,다독자,3,False,False,False
아버지의 해방일지 :정지아 장편소설,9788936438838,8,문학,안녕이라 그랬어 :김애란 소설,9791141602376,8,문학,다독자,4,False,False,False
아버지의 해방일지 :정지아 장편소설,9788936438838,8,문학,메리골드 마음 세탁소 =윤정은 장편소설 /Marigold mind laundry,9791191891287,8,문학,다독자,5,False,True,True
아버지의 해방일지 :정지아 장편소설,9788936438838,8,문학,혼모노 :성해나 소설집,9788936439743,8,문학,다독자,6,False,False,False
아버지의 해방일지 :정지아 장편소설,9788936438838,8,문학,이처럼 사소한 것들 :클레어 키건 소설,9791130646381,8,문학,다독자,7,False,True,True
아버지의 해방일지 :정지아 장편소설,9788936438838,8,문학,절창 :구병모 장편소설,9791141602451,8,문학,다독자,8,False,False,False
아버지의 해방일지 :정지아 장편소설,9788936438838,8,문학,밝은 밤 :최은영 장편소설,9788954681179,8,문학,다독자,9,False,True,True
아버지의 해방일지 :정지아 장편소설,9788936438838,8,문학,"어서오세요, 휴남동 서점입니다 :황보름 장편소설",9791197377143,8,문학,다독자,10,False,False,False
달러구트 꿈 백화점 :주문하신 꿈은 매진입니다,9791165341909,8,문학,불편한 편의점 :김호연 장편소설,9791161571188,8,문학,함께대출,2,False,True,True
달러구트 꿈 백화점 :주문하신 꿈은 매진입니다,9791165341909,8,문학,불편한 편의점 :김호연 장편소설,9791161571379,8,문학,함께대출,3,False,False,False
달러구트 꿈 백화점 :주문하신 꿈은 매진입니다,9791165341909,8,문학,"어서오세요, 휴남동 서점입니다 :황보름 장편소설",9791197377143,8,문학,함께대출,4,False,False,False
달러구트 꿈 백화점 :주문하신 꿈은 매진입니다,9791165341909,8,문학,메리골드 마음 세탁소 =윤정은 장편소설 /Marigold mind laundry,9791191891287,8,문학,함께대출,5,False,True,True
달러구트 꿈 백화점 :주문하신 꿈은 매진입니다,9791165341909,8,문학,아버지의 해방일지 :정지아 장편소설,9788936438838,8,문학,함께대출,6,False,True,False
달러구트 꿈 백화점 :주문하신 꿈은 매진입니다,9791165341909,8,문학,아몬드 :손원평 장편소설,9788936434267,8,문학,함께대출,7,False,False,False
달러구트 꿈 백화점 :주문하신 꿈은 매진입니다,9791165341909,8,문학,순례 주택 :유은실 소설,9788949123493,8,문학,함께대출,8,False,False,False
달러구트 꿈 백화점 :주문하신 꿈은 매진입니다,9791165341909,8,문학,세상의 마지막 기차역,9791191043754,8,문학,함께대출,9,False,False,False
달러구트 꿈 백화점 :주문하신 꿈은 매진입니다,9791165341909,8,문학,지구 끝의 온실 :김초엽 장편소설,9791191824001,8,문학,함께대출,10,False,False,False
달러구트 꿈 백화점 :주문하신 꿈은 매진입니다,9791165341909,8,문학,"어서오세요, 휴남동 서점입니다 :황보름 장편소설",9791197377143,8,문학,마니아,3,False,False,False
달러구트 꿈 백화점 :주문하신 꿈은 매진입니다,9791165341909,8,문학,메리골드 마음 사진관 =윤정은 장편소설 /Marigold mind photo studio,9791198530325,8,문학,마니아,4,False,False,False
달러구트 꿈 백화점 :주문하신 꿈은 매진입니다,9791165341909,8,문학,메리골드 마음 세탁소 =윤정은 장편소설 /Marigold mind laundry,9791191891287,8,문학,마니아,5,False,True,True
달러구트 꿈 백화점 :주문하신 꿈은 매진입니다,9791165341909,8,문학,미드나잇 라이브러리,9791191056556,8,문학,마니아,6,False,False,False
달러구트 꿈 백화점 :주문하신 꿈은 매진입니다,9791165341909,8,문학,불편한 편의점 :김호연 장편소설,9791161571188,8,문학,마니아,8,False,True,True
달러구트 꿈 백화점 :주문하신 꿈은 매진입니다,9791165341909,8,문학,비가 오면 열리는 상점 =유영광 장편소설 /The rainbow goblin store,9791198173898,8,문학,마니아,9,False,False,False
달러구트 꿈 백화점 :주문하신 꿈은 매진입니다,9791165341909,8,문학,불편한 편의점 :김호연 장편소설,9791161571379,8,문학,마니아,10,False,False,False
달러구트 꿈 백화점 :주문하신 꿈은 매진입니다,9791165341909,8,문학,불편한 편의점 :김호연 장편소설,9791161571188,8,문학,다독자,2,False,True,True
달러구트 꿈 백화점 :주문하신 꿈은 매진입니다,9791165341909,8,문학,불편한 편의점 :김호연 장편소설,9791161571379,8,문학,다독자,3,False,False,False
달러구트 꿈 백화점 :주문하신 꿈은 매진입니다,9791165341909,8,문학,메리골드 마음 세탁소 =윤정은 장편소설 /Marigold mind laundry,9791191891287,8,문학,다독자,4,False,True,True
달러구트 꿈 백화점 :주문하신 꿈은 매진입니다,9791165341909,8,문학,"어서오세요, 휴남동 서점입니다 :황보름 장편소설",9791197377143,8,문학,다독자,5,False,False,False
달러구트 꿈 백화점 :주문하신 꿈은 매진입니다,9791165341909,8,문학,아버지의 해방일지 :정지아 장편소설,9788936438838,8,문학,다독자,6,False,True,False
달러구트 꿈 백화점 :주문하신 꿈은 매진입니다,9791165341909,8,문학,바다가 들리는 편의점,9791192579504,8,문학,다독자,7,False,False,False
달러구트 꿈 백화점 :주문하신 꿈은 매진입니다,9791165341909,8,문학,나의 돈키호테 :김호연 장편소설,9791161571768,8,문학,다독자,8,False,False,False
달러구트 꿈 백화점 :주문하신 꿈은 매진입니다,9791165341909,8,문학,세상의 마지막 기차역,9791191043754,8,문학,다독자,9,False,False,False
달러구트 꿈 백화점 :주문하신 꿈은 매진입니다,9791165341909,8,문학,메리골드 마음 사진관 =윤정은 장편소설 /Marigold mind photo studio,9791198530325,8,문학,다독자,10,False,False,False
소년이 온다 :한강 장편소설,9788936434120,8,문학,작별하지 않는다 :한강 장편소설,9788954682152,8,문학,함께대출,1,False,True,True
소년이 온다 :한강 장편소설,9788936434120,8,문학,채식주의자:한강 연작소설,9788936433598,8,문학,함께대출,2,False,False,False
소년이 온다 :한강 장편소설,9788936434120,8,문학,채식주의자 :한강 장편소설,9788936434595,8,문학,함께대출,3,False,False,False
소년이 온다 :한강 장편소설,9788936434120,8,문학,불편한 편의점 :김호연 장편소설,9791161571188,8,문학,함께대출,4,False,True,True
소년이 온다 :한강 장편소설,9788936434120,8,문학,모순 :양귀자 장편소설,9788998441012,8,문학,함께대출,5,False,False,False
소년이 온다 :한강 장편소설,9788936434120,8,문학,아버지의 해방일지 :정지아 장편소설,9788936438838,8,문학,함께대출,6,False,True,True
소년이 온다 :한강 장편소설,9788936434120,8,문학,희랍어 시간 :한강 장편소설,9788954616515,8,문학,함께대출,7,False,False,False
소년이 온다 :한강 장편소설,9788936434120,8,문학,흰 :한강 소설,9788954651134,8,문학,함께대출,8,False,False,False
소년이 온다 :한강 장편소설,9788936434120,8,문학,불편한 편의점 :김호연 장편소설,9791161571379,8,문학,함께대출,9,False,False,False
소년이 온다 :한강 장편소설,9788936434120,8,문학,홍학의 자리 :정해연 장편소설,9788954681155,8,문학,함께대출,10,False,False,False
소년이 온다 :한강 장편소설,9788936434120,8,문학,채식주의자 :한강 장편소설,9788936434595,8,문학,마니아,1,False,False,False
소년이 온다 :한강 장편소설,9788936434120,8,문학,흰 :한강 소설,9788954640718,8,문학,마니아,2,False,False,False
소년이 온다 :한강 장편소설,9788936434120,8,문학,채식주의자:한강 연작소설,9788936433598,8,문학,마니아,3,False,False,False
소년이 온다 :한강 장편소설,9788936434120,8,문학,흰 :한강 소설,9788954651134,8,문학,마니아,4,False,False,False
소년이 온다 :한강 장편소설,9788936434120,8,문학,작별하지 않는다 :한강 장편소설,9788954682152,8,문학,마니아,5,False,True,True
소년이 온다 :한강 장편소설,9788936434120,8,문학,"바람이 분다, 가라 :한강 장편소설",9788932020006,8,문학,마니아,6,False,False,False
소년이 온다 :한강 장편소설,9788936434120,8,문학,여수의 사랑,9788932022802,,미상,마니아,7,False,False,False
소년이 온다 :한강 장편소설,9788936434120,8,문학,희랍어 시간 :한강 장편소설,9788954616515,8,문학,마니아,8,False,False,False
소년이 온다 :한강 장편소설,9788936434120,8,문학,노랑무늬영원 :한강 소설집,9788932023533,,미상,마니아,9,False,False,False
소년이 온다 :한강 장편소설,9788936434120,8,문학,여수의 사랑 :한강 소설집,9788932034812,,미상,마니아,10,False,False,False
소년이 온다 :한강 장편소설,9788936434120,8,문학,작별하지 않는다 :한강 장편소설,9788954682152,8,문학,다독자,1,False,True,True
소년이 온다 :한강 장편소설,9788936434120,8,문학,혼모노 :성해나 소설집,9788936439743,8,문학,다독자,2,False,False,False
소년이 온다 :한강 장편소설,9788936434120,8,문학,안녕이라 그랬어 :김애란 소설,9791141602376,8,문학,다독자,3,False,False,False
소년이 온다 :한강 장편소설,9788936434120,8,문학,채식주의자 :한강 장편소설,9788936434595,8,문학,다독자,4,False,False,False
소년이 온다 :한강 장편소설,9788936434120,8,문학,절창 :구병모 장편소설,9791141602451,8,문학,다독자,5,False,False,False
소년이 온다 :한강 장편소설,9788936434120,8,문학,이중 하나는 거짓말 :김애란 장편소설,9791141601300,8,문학,다독자,6,False,False,False
소년이 온다 :한강 장편소설,9788936434120,8,문학,단 한 번의 삶,9791191114768,8,문학,다독자,7,False,False,False
소년이 온다 :한강 장편소설,9788936434120,8,문학,"첫 여름, 완주 :김금희 장편소설",9791197221989,,미상,다독자,8,False,False,False
소년이 온다 :한강 장편소설,9788936434120,8,문학,이처럼 사소한 것들 :클레어 키건 소설,9791130646381,8,문학,다독자,9,False,True,True
소년이 온다 :한강 장편소설,9788936434120,8,문학,채식주의자:한강 연작소설,9788936433598,8,문학,다독자,10,False,False,False
작별하지 않는다 :한강 장편소설,9788954682152,8,문학,소년이 온다 :한강 장편소설,9788936434120,8,문학,함께대출,1,False,True,True
작별하지 않는다 :한강 장편소설,9788954682152,8,문학,채식주의자:한강 연작소설,9788936433598,8,문학,함께대출,2,False,False,False
작별하지 않는다 :한강 장편소설,9788954682152,8,문학,채식주의자 :한강 장편소설,9788936434595,8,문학,함께대출,3,False,False,False
작별하지 않는다 :한강 장편소설,9788954682152,8,문학,아버지의 해방일지 :정지아 장편소설,9788936438838,8,문학,함께대출,4,False,True,True
작별하지 않는다 :한강 장편소설,9788954682152,8,문학,희랍어 시간 :한강 장편소설,9788954616515,8,문학,함께대출,5,False,False,False
작별하지 않는다 :한강 장편소설,9788954682152,8,문학,흰 :한강 소설,9788954651134,8,문학,함께대출,6,False,False,False
작별하지 않는다 :한강 장편소설,9788954682152,8,문학,모순 :양귀자 장편소설,9788998441012,8,문학,함께대출,7,False,False,False
작별하지 않는다 :한강 장편소설,9788954682152,8,문학,불편한 편의점 :김호연 장편소설,9791161571188,8,문학,함께대출,8,False,True,False
작별하지 않는다 :한강 장편소설,9788954682152,8,문학,"바람이 분다, 가라 :한강 장편소설",9788932020006,8,문학,함께대출,9,False,False,False
작별하지 않는다 :한강 장편소설,9788954682152,8,문학,불편한 편의점 :김호연 장편소설,9791161571379,8,문학,함께대출,10,False,False,False
작별하지 않는다 :한강 장편소설,9788954682152,8,문학,흰 :한강 소설,9788954651134,8,문학,마니아,1,False,False,False
작별하지 않는다 :한강 장편소설,9788954682152,8,문학,흰 :한강 소설,9788954640718,8,문학,마니아,2,False,False,False
작별하지 않는다 :한강 장편소설,9788954682152,8,문학,희랍어 시간 :한강 장편소설,9788954616515,8,문학,마니아,3,False,False,False
작별하지 않는다 :한강 장편소설,9788954682152,8,문학,여수의 사랑 :한강 소설집,9788932034812,,미상,마니아,4,False,False,False
작별하지 않는다 :한강 장편소설,9788954682152,8,문학,여수의 사랑,9788932022802,,미상,마니아,5,False,False,False
작별하지 않는다 :한강 장편소설,9788954682152,8,문학,"바람이 분다, 가라 :한강 장편소설",9788932020006,8,문학,마니아,6,False,False,False
작별하지 않는다 :한강 장편소설,9788954682152,8,문학,노랑무늬영원 :한강 소설집,9788932023533,,미상,마니아,7,False,False,False
작별하지 않는다 :한강 장편소설,9788954682152,8,문학,노랑무늬영원 :한강 소설집,9788932034836,,미상,마니아,8,False,False,False
작별하지 않는다 :한강 장편소설,9788954682152,8,문학,내 여자의 열매 :한강 소설집,9788932034829,,미상,마니아,9,False,False,False
작별하지 않는다 :한강 장편소설,9788954682152,8,문학,검은 사슴 :한강 장편소설,9788954648905,,미상,마니아,10,False,False,False
작별하지 않는다 :한강 장편소설,9788954682152,8,문학,소년이 온다 :한강 장편소설,9788936434120,8,문학,다독자,1,False,True,True
작별하지 않는다 :한강 장편소설,9788954682152,8,문학,안녕이라 그랬어 :김애란 소설,9791141602376,8,문학,다독자,2,False,False,False
작별하지 않는다 :한강 장편소설,9788954682152,8,문학,혼모노 :성해나 소설집,9788936439743,8,문학,다독자,3,False,False,False
작별하지 않는다 :한강 장편소설,9788954682152,8,문학,절창 :구병모 장편소설,9791141602451,8,문학,다독자,4,False,False,False
작별하지 않는다 :한강 장편소설,9788954682152,8,문학,이중 하나는 거짓말 :김애란 장편소설,9791141601300,8,문학,다독자,5,False,False,False
작별하지 않는다 :한강 장편소설,9788954682152,8,문학,단 한 번의 삶,9791191114768,8,문학,다독자,6,False,False,False
작별하지 않는다 :한강 장편소설,9788954682152,8,문학,이처럼 사소한 것들 :클레어 키건 소설,9791130646381,8,문학,다독자,7,False,True,True
작별하지 않는다 :한강 장편소설,9788954682152,8,문학,"첫 여름, 완주 :김금희 장편소설",9791197221989,,미상,다독자,8,False,False,False
작별하지 않는다 :한강 장편소설,9788954682152,8,문학,아버지의 해방일지 :정지아 장편소설,9788936438838,8,문학,다독자,9,False,True,True
작별하지 않는다 :한강 장편소설,9788954682152,8,문학,채식주의자:한강 연작소설,9788936433598,8,문학,다독자,10,False,False,False
고양이 해결사 깜냥,9788936447694,8,문학,낭만 강아지 봉봉,9791130679990,8,문학,함께대출,6,False,False,False
고양이 해결사 깜냥,9788936447694,8,문학,똥볶이 할멈 :K-히어로 판타지,9791190409124,8,문학,함께대출,7,False,False,False
고양이 해결사 깜냥,9788936447694,8,문학,낭만 강아지 봉봉,9791130622590,8,문학,함께대출,8,False,False,False
고양이 해결사 깜냥,9788936447694,8,문학,똥볶이 할멈 :K-히어로 판타지,9791190409131,8,문학,함께대출,9,False,False,False
고양이 해결사 깜냥,9788936447694,8,문학,똥볶이 할멈 :K-히어로 판타지,9791190409148,8,문학,함께대출,10,False,False,False
고양이 해결사 깜냥,9788936447694,8,문학,낭만 강아지 봉봉,9791130679990,8,문학,마니아,7,False,False,False
고양이 해결사 깜냥,9788936447694,8,문학,낭만 강아지 봉봉,9791130622590,8,문학,마니아,8,False,False,False
고양이 해결사 깜냥,9788936447694,8,문학,낭만 강아지 봉봉,9791130696577,8,문학,마니아,10,False,False,False
고양이 해결사 깜냥,9788936447694,8,문학,낭만 강아지 봉봉,9791130679990,8,문학,다독자,8,False,False,False
고양이 해결사 깜냥,9788936447694,8,문학,낭만 강아지 봉봉,9791130622590,8,문학,다독자,9,False,False,False
고양이 해결사 깜냥,9788936447694,8,문학,낭만 강아지 봉봉,9791130696577,8,문학,다독자,10,False,False,False
메리골드 마음 세탁소 =윤정은 장편소설 /Marigold mind laundry,9791191891287,8,문학,메리골드 마음 사진관 =윤정은 장편소설 /Marigold mind photo studio,9791198530325,8,문학,함께대출,1,False,False,False
메리골드 마음 세탁소 =윤정은 장편소설 /Marigold mind laundry,9791191891287,8,문학,불편한 편의점 :김호연 장편소설,9791161571379,8,문학,함께대출,2,False,False,False
메리골드 마음 세탁소 =윤정은 장편소설 /Marigold mind laundry,9791191891287,8,문학,불편한 편의점 :김호연 장편소설,9791161571188,8,문학,함께대출,3,False,True,True
메리골드 마음 세탁소 =윤정은 장편소설 /Marigold mind laundry,9791191891287,8,문학,바다가 들리는 편의점,9791192579504,8,문학,함께대출,4,False,False,False
메리골드 마음 세탁소 =윤정은 장편소설 /Marigold mind laundry,9791191891287,8,문학,아버지의 해방일지 :정지아 장편소설,9788936438838,8,문학,함께대출,5,False,True,True
메리골드 마음 세탁소 =윤정은 장편소설 /Marigold mind laundry,9791191891287,8,문학,"어서오세요, 휴남동 서점입니다 :황보름 장편소설",9791197377143,8,문학,함께대출,6,False,False,False
메리골드 마음 세탁소 =윤정은 장편소설 /Marigold mind laundry,9791191891287,8,문학,비가 오면 열리는 상점 =유영광 장편소설 /The rainbow goblin store,9791198173898,8,문학,함께대출,7,False,False,False
메리골드 마음 세탁소 =윤정은 장편소설 /Marigold mind laundry,9791191891287,8,문학,달러구트 꿈 백화점 :주문하신 꿈은 매진입니다,9791165341909,8,문학,함께대출,8,False,True,True
메리골드 마음 세탁소 =윤정은 장편소설 /Marigold mind laundry,9791191891287,8,문학,세상의 마지막 기차역,9791191043754,8,문학,함께대출,9,False,False,False
메리골드 마음 세탁소 =윤정은 장편소설 /Marigold mind laundry,9791191891287,8,문학,나의 돈키호테 :김호연 장편소설,9791161571768,8,문학,함께대출,10,False,False,False
메리골드 마음 세탁소 =윤정은 장편소설 /Marigold mind laundry,9791191891287,8,문학,메리골드 마음 사진관 =윤정은 장편소설 /Marigold mind photo studio,9791198530325,8,문학,마니아,1,False,False,False
메리골드 마음 세탁소 =윤정은 장편소설 /Marigold mind laundry,9791191891287,8,문학,메리골드 마음 식물원 =윤정은 장편소설 /Marigold mind botanical garden,9791193937723,,미상,마니아,2,False,False,False
메리골드 마음 세탁소 =윤정은 장편소설 /Marigold mind laundry,9791191891287,8,문학,비가 오면 열리는 상점 =유영광 장편소설 /The rainbow goblin store,9791198173898,8,문학,마니아,3,False,False,False
메리골드 마음 세탁소 =윤정은 장편소설 /Marigold mind laundry,9791191891287,8,문학,환상서점 :소서림 장편소설,9791164798926,8,문학,마니아,4,False,False,False
메리골드 마음 세탁소 =윤정은 장편소설 /Marigold mind laundry,9791191891287,8,문학,마지막 마음이 들리는 공중전화 :이수연 장편소설,9791193235119,8,문학,마니아,5,False,False,False
메리골드 마음 세탁소 =윤정은 장편소설 /Marigold mind laundry,9791191891287,8,문학,바다가 들리는 편의점,9791192579504,8,문학,마니아,6,False,False,False
메리골드 마음 세탁소 =윤정은 장편소설 /Marigold mind laundry,9791191891287,8,문학,띵동! 당신의 눈물이 입금되었습니다 :최소망 장편소설,9791130699769,,미상,마니아,7,False,False,False
메리골드 마음 세탁소 =윤정은 장편소설 /Marigold mind laundry,9791191891287,8,문학,연남동 빙굴빙굴 빨래방 :김지윤 장편소설,9791165347734,8,문학,마니아,8,False,False,False
메리골드 마음 세탁소 =윤정은 장편소설 /Marigold mind laundry,9791191891287,8,문학,바다가 들리는 편의점,9791192579887,8,문학,마니아,9,False,False,False
메리골드 마음 세탁소 =윤정은 장편소설 /Marigold mind laundry,9791191891287,8,문학,중고나라 선녀님 :허태연 장편소설,9791130648590,8,문학,마니아,10,False,False,False
메리골드 마음 세탁소 =윤정은 장편소설 /Marigold mind laundry,9791191891287,8,문학,메리골드 마음 사진관 =윤정은 장편소설 /Marigold mind photo studio,9791198530325,8,문학,다독자,1,False,False,False
메리골드 마음 세탁소 =윤정은 장편소설 /Marigold mind laundry,9791191891287,8,문학,불편한 편의점 :김호연 장편소설,9791161571379,8,문학,다독자,2,False,False,False
메리골드 마음 세탁소 =윤정은 장편소설 /Marigold mind laundry,9791191891287,8,문학,불편한 편의점 :김호연 장편소설,9791161571188,8,문학,다독자,3,False,True,True
메리골드 마음 세탁소 =윤정은 장편소설 /Marigold mind laundry,9791191891287,8,문학,바다가 들리는 편의점,9791192579504,8,문학,다독자,4,False,False,False
메리골드 마음 세탁소 =윤정은 장편소설 /Marigold mind laundry,9791191891287,8,문학,아버지의 해방일지 :정지아 장편소설,9788936438838,8,문학,다독자,5,False,True,True
메리골드 마음 세탁소 =윤정은 장편소설 /Marigold mind laundry,9791191891287,8,문학,나의 돈키호테 :김호연 장편소설,9791161571768,8,문학,다독자,6,False,False,False
메리골드 마음 세탁소 =윤정은 장편소설 /Marigold mind laundry,9791191891287,8,문학,비가 오면 열리는 상점 =유영광 장편소설 /The rainbow goblin store,9791198173898,8,문학,다독자,7,False,False,False
메리골드 마음 세탁소 =윤정은 장편소설 /Marigold mind laundry,9791191891287,8,문학,"어서오세요, 휴남동 서점입니다 :황보름 장편소설",9791197377143,8,문학,다독자,8,False,False,False
메리골드 마음 세탁소 =윤정은 장편소설 /Marigold mind laundry,9791191891287,8,문학,안녕이라 그랬어 :김애란 소설,9791141602376,8,문학,다독자,9,False,False,False
메리골드 마음 세탁소 =윤정은 장편소설 /Marigold mind laundry,9791191891287,8,문학,달러구트 꿈 백화점 :주문하신 꿈은 매진입니다,9791165341909,8,문학,다독자,10,False,True,True
이처럼 사소한 것들 :클레어 키건 소설,9791130646381,8,문학,맡겨진 소녀 :클레어 키건 소설,9791130698199,8,문학,함께대출,1,False,False,False
이처럼 사소한 것들 :클레어 키건 소설,9791130646381,8,문학,아버지의 해방일지 :정지아 장편소설,9788936438838,8,문학,함께대출,2,False,True,True
이처럼 사소한 것들 :클레어 키건 소설,9791130646381,8,문학,작별하지 않는다 :한강 장편소설,9788954682152,8,문학,함께대출,3,False,True,True
이처럼 사소한 것들 :클레어 키건 소설,9791130646381,8,문학,이중 하나는 거짓말 :김애란 장편소설,9791141601300,8,문학,함께대출,4,False,False,False
이처럼 사소한 것들 :클레어 키건 소설,9791130646381,8,문학,모순 :양귀자 장편소설,9788998441012,8,문학,함께대출,5,False,False,False
이처럼 사소한 것들 :클레어 키건 소설,9791130646381,8,문학,나는 메트로폴리탄 미술관의 경비원입니다 :가장 경이로운 세계 속으로 숨어버린 한 남자의 이야기,9788901276533,8,문학,함께대출,6,False,False,False
이처럼 사소한 것들 :클레어 키건 소설,9791130646381,8,문학,아주 희미한 빛으로도 :최은영 소설,9788954695053,8,문학,함께대출,7,False,False,False
이처럼 사소한 것들 :클레어 키건 소설,9791130646381,8,문학,홍학의 자리 :정해연 장편소설,9788954681155,8,문학,함께대출,8,False,False,False
이처럼 사소한 것들 :클레어 키건 소설,9791130646381,8,문학,소년이 온다 :한강 장편소설,9788936434120,8,문학,함께대출,9,False,True,True
이처럼 사소한 것들 :클레어 키건 소설,9791130646381,8,문학,불편한 편의점 :김호연 장편소설,9791161571188,8,문학,함께대출,10,False,True,False
이처럼 사소한 것들 :클레어 키건 소설,9791130646381,8,문학,푸른 들판을 걷다 :클레어 키건 소설,9791130654621,8,문학,마니아,1,False,False,False
이처럼 사소한 것들 :클레어 키건 소설,9791130646381,8,문학,맡겨진 소녀 :클레어 키건 소설,9791130698199,8,문학,마니아,2,False,False,False
이처럼 사소한 것들 :클레어 키건 소설,9791130646381,8,문학,너무 늦은 시간 :클레어 키건 소설,9791130664903,,미상,마니아,3,False,False,False
이처럼 사소한 것들 :클레어 키건 소설,9791130646381,8,문학,남극 :클레어 키건 소설,9791130673332,,미상,마니아,4,False,False,False
이처럼 사소한 것들 :클레어 키건 소설,9791130646381,8,문학,사라진 것들 :앤드루 포터 소설,9788954697354,8,문학,마니아,5,False,False,False
이처럼 사소한 것들 :클레어 키건 소설,9791130646381,8,문학,우연은 비켜 가지 않는다 :줄리언 반스 장편소설,9791130655925,,미상,마니아,6,False,False,False
이처럼 사소한 것들 :클레어 키건 소설,9791130646381,8,문학,새들이 남쪽으로 가는 날 :리사 리드센 소설,9791193937372,,미상,마니아,7,False,False,False
이처럼 사소한 것들 :클레어 키건 소설,9791130646381,8,문학,흐르는 강물처럼,9791130649672,,미상,마니아,8,False,False,False
이처럼 사소한 것들 :클레어 키건 소설,9791130646381,8,문학,두 사람의 인터내셔널 :김기태 소설,9788954697941,8,문학,마니아,9,False,False,False
이처럼 사소한 것들 :클레어 키건 소설,9791130646381,8,문학,이중 하나는 거짓말 :김애란 장편소설,9791141601300,8,문학,마니아,10,False,False,False
이처럼 사소한 것들 :클레어 키건 소설,9791130646381,8,문학,맡겨진 소녀 :클레어 키건 소설,9791130698199,8,문학,다독자,1,False,False,False
이처럼 사소한 것들 :클레어 키건 소설,9791130646381,8,문학,안녕이라 그랬어 :김애란 소설,9791141602376,8,문학,다독자,2,False,False,False
이처럼 사소한 것들 :클레어 키건 소설,9791130646381,8,문학,이중 하나는 거짓말 :김애란 장편소설,9791141601300,8,문학,다독자,3,False,False,False
이처럼 사소한 것들 :클레어 키건 소설,9791130646381,8,문학,혼모노 :성해나 소설집,9788936439743,8,문학,다독자,4,False,False,False
이처럼 사소한 것들 :클레어 키건 소설,9791130646381,8,문학,절창 :구병모 장편소설,9791141602451,8,문학,다독자,5,False,False,False
이처럼 사소한 것들 :클레어 키건 소설,9791130646381,8,문학,단 한 번의 삶,9791191114768,8,문학,다독자,6,False,False,False
이처럼 사소한 것들 :클레어 키건 소설,9791130646381,8,문학,아버지의 해방일지 :정지아 장편소설,9788936438838,8,문학,다독자,7,False,True,True
이처럼 사소한 것들 :클레어 키건 소설,9791130646381,8,문학,너무 늦은 시간 :클레어 키건 소설,9791130664903,,미상,다독자,8,False,False,False
이처럼 사소한 것들 :클레어 키건 소설,9791130646381,8,문학,작별하지 않는다 :한강 장편소설,9788954682152,8,문학,다독자,9,False,True,True
이처럼 사소한 것들 :클레어 키건 소설,9791130646381,8,문학,"첫 여름, 완주 :김금희 장편소설",9791197221989,,미상,다독자,10,False,False,False
밝은 밤 :최은영 장편소설,9788954681179,8,문학,아버지의 해방일지 :정지아 장편소설,9788936438838,8,문학,함께대출,1,False,True,True
밝은 밤 :최은영 장편소설,9788954681179,8,문학,홍학의 자리 :정해연 장편소설,9788954681155,8,문학,함께대출,2,False,False,False
밝은 밤 :최은영 장편소설,9788954681179,8,문학,아주 희미한 빛으로도 :최은영 소설,9788954695053,8,문학,함께대출,3,False,False,False
밝은 밤 :최은영 장편소설,9788954681179,8,문학,불편한 편의점 :김호연 장편소설,9791161571188,8,문학,함께대출,4,False,True,False
밝은 밤 :최은영 장편소설,9788954681179,8,문학,쇼코의 미소 :최은영 소설,9788954641630,8,문학,함께대출,5,False,False,False
밝은 밤 :최은영 장편소설,9788954681179,8,문학,"시선으로부터, :정세랑 장편소설",9788954672214,8,문학,함께대출,6,False,False,False
밝은 밤 :최은영 장편소설,9788954681179,8,문학,모순 :양귀자 장편소설,9788998441012,8,문학,함께대출,7,False,False,False
밝은 밤 :최은영 장편소설,9788954681179,8,문학,작별하지 않는다 :한강 장편소설,9788954682152,8,문학,함께대출,8,False,True,False
밝은 밤 :최은영 장편소설,9788954681179,8,문학,내게 무해한 사람 :최은영 소설,9788954651820,8,문학,함께대출,9,False,False,False
밝은 밤 :최은영 장편소설,9788954681179,8,문학,"어서오세요, 휴남동 서점입니다 :황보름 장편소설",9791197377143,8,문학,함께대출,10,False,False,False
밝은 밤 :최은영 장편소설,9788954681179,8,문학,내게 무해한 사람 :최은영 소설,9788954651820,8,문학,마니아,1,False,False,False
밝은 밤 :최은영 장편소설,9788954681179,8,문학,쇼코의 미소 :최은영 소설,9788954641630,8,문학,마니아,2,False,False,False
밝은 밤 :최은영 장편소설,9788954681179,8,문학,애쓰지 않아도 :최은영 짧은 소설,9788960907348,8,문학,마니아,3,False,False,False
밝은 밤 :최은영 장편소설,9788954681179,8,문학,아주 희미한 빛으로도 :최은영 소설,9788954695053,8,문학,마니아,4,False,False,False
밝은 밤 :최은영 장편소설,9788954681179,8,문학,"시선으로부터, :정세랑 장편소설",9788954672214,8,문학,마니아,5,False,False,False
밝은 밤 :최은영 장편소설,9788954681179,8,문학,아홉번째 파도 :최은미 장편소설,9788954648714,,미상,마니아,6,False,False,False
밝은 밤 :최은영 장편소설,9788954681179,8,문학,새의 선물 :은희경 장편소설,9788954613651,,미상,마니아,7,False,False,False
밝은 밤 :최은영 장편소설,9788954681179,8,문학,새의 선물 :은희경 장편소설,9788954687041,,미상,마니아,8,False,False,False
밝은 밤 :최은영 장편소설,9788954681179,8,문학,단순한 진심 :조해진 장편소설,9788937441943,,미상,마니아,9,False,False,False
밝은 밤 :최은영 장편소설,9788954681179,8,문학,눈부신 안부 :백수린 장편소설,9788954699372,8,문학,마니아,10,False,False,False
밝은 밤 :최은영 장편소설,9788954681179,8,문학,아주 희미한 빛으로도 :최은영 소설,9788954695053,8,문학,다독자,1,False,False,False
밝은 밤 :최은영 장편소설,9788954681179,8,문학,아버지의 해방일지 :정지아 장편소설,9788936438838,8,문학,다독자,2,False,True,True
밝은 밤 :최은영 장편소설,9788954681179,8,문학,이중 하나는 거짓말 :김애란 장편소설,9791141601300,8,문학,다독자,3,False,False,False
밝은 밤 :최은영 장편소설,9788954681179,8,문학,안녕이라 그랬어 :김애란 소설,9791141602376,8,문학,다독자,4,False,False,False
밝은 밤 :최은영 장편소설,9788954681179,8,문학,혼모노 :성해나 소설집,9788936439743,8,문학,다독자,5,False,False,False
밝은 밤 :최은영 장편소설,9788954681179,8,문학,절창 :구병모 장편소설,9791141602451,8,문학,다독자,6,False,False,False
밝은 밤 :최은영 장편소설,9788954681179,8,문학,이처럼 사소한 것들 :클레어 키건 소설,9791130646381,8,문학,다독자,7,False,True,False
밝은 밤 :최은영 장편소설,9788954681179,8,문학,대온실 수리 보고서 :김금희 장편소설,9788936439651,8,문학,다독자,8,False,False,False
밝은 밤 :최은영 장편소설,9788954681179,8,문학,"첫 여름, 완주 :김금희 장편소설",9791197221989,,미상,다독자,9,False,False,False
밝은 밤 :최은영 장편소설,9788954681179,8,문학,홍학의 자리 :정해연 장편소설,9788954681155,8,문학,다독자,10,False,False,False
(흔한남매) 별난 세계 여행,9791168415355,9,역사,흔한남매 이상한 나라의 고전 읽기,9791168415034,8,문학,함께대출,3,True,False,False
(흔한남매) 별난 세계 여행,9791168415355,9,역사,흔한남매 이상한 나라의 고전 읽기,9791168412248,8,문학,함께대출,4,True,False,False
(흔한남매) 별난 세계 여행,9791168415355,9,역사,흔한남매,9791168415232,8,문학,함께대출,5,True,False,False
(흔한남매) 별난 세계 여행,9791168415355,9,역사,흔한남매 이상한 나라의 고전 읽기,9791168413955,8,문학,함께대출,6,True,False,False
(흔한남매) 별난 세계 여행,9791168415355,9,역사,흔한남매,9791168412477,8,문학,함께대출,7,True,False,False
(흔한남매) 별난 세계 여행,9791168415355,9,역사,흔한남매의 흔한 호기심 :일상에서 만나는 과학 상식,9791168415409,4,자연과학,함께대출,8,True,False,False
(흔한남매) 별난 세계 여행,9791168415355,9,역사,흔한남매,9791168411685,8,문학,함께대출,9,True,False,False
(흔한남매) 별난 세계 여행,9791168415355,9,역사,흔한남매,9791168414471,8,문학,함께대출,10,True,False,False
(흔한남매) 별난 세계 여행,9791168415355,9,역사,(흔한남매) 수수께끼 어드벤처 :수수께끼로 배우는 교과 지식,9791168415591,3,사회과학,마니아,5,True,False,False
(흔한남매) 별난 세계 여행,9791168415355,9,역사,(흔한 남매) 세계사 탐험대,9788934941330,,미상,마니아,6,False,False,False
(흔한남매) 별난 세계 여행,9791168415355,9,역사,(흔한남매) 수수께끼 어드벤처 :수수께끼로 배우는 교과 지식,9791168417656,3,사회과학,마니아,7,True,False,False
(흔한남매) 별난 세계 여행,9791168415355,9,역사,(흔한 남매) 세계사 탐험대,9791173320224,,미상,마니아,8,False,False,False
(흔한남매) 별난 세계 여행,9791168415355,9,역사,(흔한남매) 수수께끼 어드벤처 :수수께끼로 배우는 교과 지식,9791173113444,,미상,마니아,9,False,False,False
(흔한남매) 별난 세계 여행,9791168415355,9,역사,(흔한남매) 수수께끼 어드벤처 :수수께끼로 배우는 교과 지식,9791168414921,3,사회과학,마니아,10,True,False,False
(흔한남매) 별난 세계 여행,9791168415355,9,역사,흔한남매 이상한 나라의 고전 읽기,9791168415034,8,문학,다독자,4,True,False,False
(흔한남매) 별난 세계 여행,9791168415355,9,역사,흔한남매,9791168417199,8,문학,다독자,5,True,False,False
(흔한남매) 별난 세계 여행,9791168415355,9,역사,흔한남매 이상한 나라의 고전 읽기,9791168416314,8,문학,다독자,6,True,False,False
(흔한남매) 별난 세계 여행,9791168415355,9,역사,흔한남매,9791168418011,8,문학,다독자,7,True,False,False
(흔한남매) 별난 세계 여행,9791168415355,9,역사,흔한남매,9791168416369,8,문학,다독자,8,True,False,False
(흔한남매) 별난 세계 여행,9791168415355,9,역사,흔한남매 이상한 나라의 고전 읽기,9791168415331,8,문학,다독자,9,True,False,False
(흔한남매) 별난 세계 여행,9791168415355,9,역사,흔한남매,9791168415232,8,문학,다독자,10,True,False,False
"사피엔스 :유인원에서 사이보그까지, 인간 역사의 대담하고 위대한 질문",9788934972464,9,역사,코스모스 :특별판,9788983711892,4,자연과학,함께대출,1,True,False,False
"사피엔스 :유인원에서 사이보그까지, 인간 역사의 대담하고 위대한 질문",9788934972464,9,역사,소년이 온다 :한강 장편소설,9788936434120,8,문학,함께대출,2,True,True,False
"사피엔스 :유인원에서 사이보그까지, 인간 역사의 대담하고 위대한 질문",9788934972464,9,역사,"총, 균, 쇠 :무기·병균·금속은 인류의 운명을 어떻게 바꿨는가",9788970127248,3,사회과학,함께대출,3,True,False,False
"사피엔스 :유인원에서 사이보그까지, 인간 역사의 대담하고 위대한 질문",9788934972464,9,역사,호모 데우스 :미래의 역사,9788934977841,,미상,함께대출,4,False,False,False
"사피엔스 :유인원에서 사이보그까지, 인간 역사의 대담하고 위대한 질문",9788934972464,9,역사,이기적 유전자,9788932473901,4,자연과학,함께대출,6,True,False,False
"사피엔스 :유인원에서 사이보그까지, 인간 역사의 대담하고 위대한 질문",9788934972464,9,역사,불편한 편의점 :김호연 장편소설,9791161571188,8,문학,함께대출,7,True,True,False
"사피엔스 :유인원에서 사이보그까지, 인간 역사의 대담하고 위대한 질문",9788934972464,9,역사,작별하지 않는다 :한강 장편소설,9788954682152,8,문학,함께대출,8,True,True,False
"사피엔스 :유인원에서 사이보그까지, 인간 역사의 대담하고 위대한 질문",9788934972464,9,역사,"물고기는 존재하지 않는다 :상실, 사랑 그리고 숨어 있는 삶의 질서에 관한 이야기",9791189327156,4,자연과학,함께대출,9,True,True,False
"사피엔스 :유인원에서 사이보그까지, 인간 역사의 대담하고 위대한 질문",9788934972464,9,역사,아버지의 해방일지 :정지아 장편소설,9788936438838,8,문학,함께대출,10,True,True,False
"사피엔스 :유인원에서 사이보그까지, 인간 역사의 대담하고 위대한 질문",9788934972464,9,역사,호모 데우스 :미래의 역사,9788934977841,,미상,마니아,1,False,False,False
"사피엔스 :유인원에서 사이보그까지, 인간 역사의 대담하고 위대한 질문",9788934972464,9,역사,극한의 경험 :유발 하라리의 전쟁 문화사,9788993952858,,미상,마니아,2,False,False,False
"사피엔스 :유인원에서 사이보그까지, 인간 역사의 대담하고 위대한 질문",9788934972464,9,역사,21세기를 위한 21가지 제언 :더 나은 오늘은 어떻게 가능한가,9788934982975,,미상,마니아,3,False,False,False
"사피엔스 :유인원에서 사이보그까지, 인간 역사의 대담하고 위대한 질문",9788934972464,9,역사,초예측 :세계 석학 8인에게 인류의 미래를 묻다,9788901229614,,미상,마니아,4,False,False,False
"사피엔스 :유인원에서 사이보그까지, 인간 역사의 대담하고 위대한 질문",9788934972464,9,역사,"총, 균, 쇠 :무기·병균·금속은 인류의 운명을 어떻게 바꿨는가",9788970127248,3,사회과학,마니아,10,True,False,False
"사피엔스 :유인원에서 사이보그까지, 인간 역사의 대담하고 위대한 질문",9788934972464,9,역사,"넥서스 :석기시대부터 AI까지, 정보 네트워크로 보는 인류 역사",9791194330424,3,사회과학,다독자,1,True,False,False
"사피엔스 :유인원에서 사이보그까지, 인간 역사의 대담하고 위대한 질문",9788934972464,9,역사,불변의 법칙 :절대 변하지 않는 것들에 대한 23가지 이야기,9791198517425,3,사회과학,다독자,2,True,True,False
"사피엔스 :유인원에서 사이보그까지, 인간 역사의 대담하고 위대한 질문",9788934972464,9,역사,안녕이라 그랬어 :김애란 소설,9791141602376,8,문학,다독자,3,True,False,False
"사피엔스 :유인원에서 사이보그까지, 인간 역사의 대담하고 위대한 질문",9788934972464,9,역사,이처럼 사소한 것들 :클레어 키건 소설,9791130646381,8,문학,다독자,4,True,True,False
"사피엔스 :유인원에서 사이보그까지, 인간 역사의 대담하고 위대한 질문",9788934972464,9,역사,아버지의 해방일지 :정지아 장편소설,9788936438838,8,문학,다독자,5,True,True,False
"사피엔스 :유인원에서 사이보그까지, 인간 역사의 대담하고 위대한 질문",9788934972464,9,역사,혼모노 :성해나 소설집,9788936439743,8,문학,다독자,6,True,False,False
"사피엔스 :유인원에서 사이보그까지, 인간 역사의 대담하고 위대한 질문",9788934972464,9,역사,단 한 번의 삶,9791191114768,8,문학,다독자,7,True,False,False
"사피엔스 :유인원에서 사이보그까지, 인간 역사의 대담하고 위대한 질문",9788934972464,9,역사,"도둑맞은 집중력 :집중력 위기의 시대, 삶의 주도권을 되찾는 법",9791167740984,1,철학,다독자,8,True,True,False
"사피엔스 :유인원에서 사이보그까지, 인간 역사의 대담하고 위대한 질문",9788934972464,9,역사,절창 :구병모 장편소설,9791141602451,8,문학,다독자,9,True,False,False
"사피엔스 :유인원에서 사이보그까지, 인간 역사의 대담하고 위대한 질문",9788934972464,9,역사,나는 메트로폴리탄 미술관의 경비원입니다 :가장 경이로운 세계 속으로 숨어버린 한 남자의 이야기,9788901276533,8,문학,다독자,10,True,False,False
(5천년 역사가 단숨에 이해되는) 최소한의 한국사,9791198243430,9,역사,"(펼치는 순간 단숨에 6,000년 역사가 읽히는) 요즘 어른을 위한 최소한의 세계사",9791193128428,9,역사,함께대출,1,False,True,True
(5천년 역사가 단숨에 이해되는) 최소한의 한국사,9791198243430,9,역사,불편한 편의점 :김호연 장편소설,9791161571188,8,문학,함께대출,2,True,True,False
(5천년 역사가 단숨에 이해되는) 최소한의 한국사,9791198243430,9,역사,아버지의 해방일지 :정지아 장편소설,9788936438838,8,문학,함께대출,3,True,True,False
(5천년 역사가 단숨에 이해되는) 최소한의 한국사,9791198243430,9,역사,불편한 편의점 :김호연 장편소설,9791161571379,8,문학,함께대출,4,True,False,False
(5천년 역사가 단숨에 이해되는) 최소한의 한국사,9791198243430,9,역사,역사의 쓸모 :자유롭고 떳떳한 삶을 위한 22가지 통찰,9791130621968,9,역사,함께대출,5,False,False,False
(5천년 역사가 단숨에 이해되는) 최소한의 한국사,9791198243430,9,역사,소년이 온다 :한강 장편소설,9788936434120,8,문학,함께대출,6,True,True,False
(5천년 역사가 단숨에 이해되는) 최소한의 한국사,9791198243430,9,역사,"도둑맞은 집중력 :집중력 위기의 시대, 삶의 주도권을 되찾는 법",9791167740984,1,철학,함께대출,7,True,True,False
(5천년 역사가 단숨에 이해되는) 최소한의 한국사,9791198243430,9,역사,작별하지 않는다 :한강 장편소설,9788954682152,8,문학,함께대출,8,True,True,False
(5천년 역사가 단숨에 이해되는) 최소한의 한국사,9791198243430,9,역사,메리골드 마음 세탁소 =윤정은 장편소설 /Marigold mind laundry,9791191891287,8,문학,함께대출,9,True,True,False
(5천년 역사가 단숨에 이해되는) 최소한의 한국사,9791198243430,9,역사,"다시, 역사의 쓸모 :합리적이고 품위 있는 선택을 위한 20가지 지혜",9791193401217,9,역사,함께대출,10,False,False,False
(5천년 역사가 단숨에 이해되는) 최소한의 한국사,9791198243430,9,역사,(역사멘토 최태성의) 한국사,9791159253379,,미상,마니아,1,False,False,False
(5천년 역사가 단숨에 이해되는) 최소한의 한국사,9791198243430,9,역사,최태성 한국사 수업 :한국사 강의가 책에서 들린다,9791129701855,,미상,마니아,2,False,False,False
(5천년 역사가 단숨에 이해되는) 최소한의 한국사,9791198243430,9,역사,(역사멘토 최태성의) 한국사,9791159253294,,미상,마니아,3,False,False,False
(5천년 역사가 단숨에 이해되는) 최소한의 한국사,9791198243430,9,역사,"(펼치는 순간 단숨에 6,000년 역사가 읽히는) 요즘 어른을 위한 최소한의 세계사",9791193128428,9,역사,마니아,4,False,True,True
(5천년 역사가 단숨에 이해되는) 최소한의 한국사,9791198243430,9,역사,요즘 어른을 위한 최소한의 한국사,9791193128992,,미상,마니아,5,False,False,False
(5천년 역사가 단숨에 이해되는) 최소한의 한국사,9791198243430,9,역사,벌거벗은 한국사 :격동의 500년이 단숨에 이해되는 스토리텔링 고려사,9791193401125,,미상,마니아,6,False,False,False
(5천년 역사가 단숨에 이해되는) 최소한의 한국사,9791198243430,9,역사,벌거벗은 한국사 :본격 우리 역사 스토리텔링쇼,9791193401057,,미상,마니아,7,False,False,False
(5천년 역사가 단숨에 이해되는) 최소한의 한국사,9791198243430,9,역사,"다시, 역사의 쓸모 :합리적이고 품위 있는 선택을 위한 20가지 지혜",9791193401217,9,역사,마니아,8,False,False,False
(5천년 역사가 단숨에 이해되는) 최소한의 한국사,9791198243430,9,역사,벌거벗은 한국사 :본격 우리 역사 스토리텔링쇼,9791198243409,,미상,마니아,9,False,False,False
(5천년 역사가 단숨에 이해되는) 최소한의 한국사,9791198243430,9,역사,벌거벗은 한국사 :500년 역사가 눈앞에 펼쳐지는 스토리텔링 조선사,9791193401095,,미상,마니아,10,False,False,False
(5천년 역사가 단숨에 이해되는) 최소한의 한국사,9791198243430,9,역사,최소한의 삼국지 :최태성의 삼국지 고전 특강,9791193401583,,미상,다독자,1,False,False,False
(5천년 역사가 단숨에 이해되는) 최소한의 한국사,9791198243430,9,역사,"(펼치는 순간 단숨에 6,000년 역사가 읽히는) 요즘 어른을 위한 최소한의 세계사",9791193128428,9,역사,다독자,2,False,True,True
(5천년 역사가 단숨에 이해되는) 최소한의 한국사,9791198243430,9,역사,"다시, 역사의 쓸모 :합리적이고 품위 있는 선택을 위한 20가지 지혜",9791193401217,9,역사,다독자,3,False,False,False
(5천년 역사가 단숨에 이해되는) 최소한의 한국사,9791198243430,9,역사,단 한 번의 삶,9791191114768,8,문학,다독자,4,True,False,False
(5천년 역사가 단숨에 이해되는) 최소한의 한국사,9791198243430,9,역사,안녕이라 그랬어 :김애란 소설,9791141602376,8,문학,다독자,5,True,False,False
(5천년 역사가 단숨에 이해되는) 최소한의 한국사,9791198243430,9,역사,불편한 편의점 :김호연 장편소설,9791161571188,8,문학,다독자,6,True,True,False
(5천년 역사가 단숨에 이해되는) 최소한의 한국사,9791198243430,9,역사,혼모노 :성해나 소설집,9788936439743,8,문학,다독자,7,True,False,False
(5천년 역사가 단숨에 이해되는) 최소한의 한국사,9791198243430,9,역사,아버지의 해방일지 :정지아 장편소설,9788936438838,8,문학,다독자,8,True,True,False
(5천년 역사가 단숨에 이해되는) 최소한의 한국사,9791198243430,9,역사,절창 :구병모 장편소설,9791141602451,8,문학,다독자,9,True,False,False
(5천년 역사가 단숨에 이해되는) 최소한의 한국사,9791198243430,9,역사,불편한 편의점 :김호연 장편소설,9791161571379,8,문학,다독자,10,True,False,False
설민석의 세계사 대모험,9791196893118,9,역사,(설민석의) 세계사 대모험,9791196893156,,미상,마니아,3,False,False,False
설민석의 세계사 대모험,9791196893118,9,역사,(설민석의) 세계사 대모험,9791196893149,,미상,마니아,4,False,False,False
설민석의 세계사 대모험,9791196893118,9,역사,(설민석의) 세계사 대모험,9791196893125,9,역사,마니아,9,False,False,False
(읽으면서 바로 써먹는) 어린이 세계 여행,9791158682798,9,역사,(읽으면서 바로 써먹는) 어린이 세계사 퀴즈,9791158682637,9,역사,함께대출,1,False,False,False
(읽으면서 바로 써먹는) 어린이 세계 여행,9791158682798,9,역사,(읽으면서 바로 써먹는) 어린이 감정 표현,9791158682842,1,철학,함께대출,2,True,False,False
(읽으면서 바로 써먹는) 어린이 세계 여행,9791158682798,9,역사,(읽으면서 바로 써먹는) 어린이 맞춤법 행성,9791158682538,7,언어,함께대출,3,True,True,True
(읽으면서 바로 써먹는) 어린이 세계 여행,9791158682798,9,역사,(읽으면서 바로 써먹는) 어린이 세계사 퀴즈,9791158682712,9,역사,함께대출,4,False,False,False
(읽으면서 바로 써먹는) 어린이 세계 여행,9791158682798,9,역사,(읽으면서 바로 써먹는) 어린이 한국사 퀴즈,9791158682248,9,역사,함께대출,5,False,False,False
(읽으면서 바로 써먹는) 어린이 세계 여행,9791158682798,9,역사,(읽으면서 바로 써먹는) 어린이 한국사 퀴즈,9791158682309,9,역사,함께대출,6,False,False,False
(읽으면서 바로 써먹는) 어린이 세계 여행,9791158682798,9,역사,(읽으면서 바로 써먹는) 어린이 맞춤법,9791158681647,7,언어,함께대출,7,True,True,True
(읽으면서 바로 써먹는) 어린이 세계 여행,9791158682798,9,역사,(읽으면서 바로 써먹는) 어린이 신체 관용구,9791158681999,7,언어,함께대출,8,True,True,True
(읽으면서 바로 써먹는) 어린이 세계 여행,9791158682798,9,역사,(읽으면서 바로 써먹는) 어린이 고사성어,9791158681531,7,언어,함께대출,9,True,True,True
(읽으면서 바로 써먹는) 어린이 세계 여행,9791158682798,9,역사,(읽으면서 바로 써먹는) 어린이 속담,9791158681258,3,사회과학,함께대출,10,True,False,False
(읽으면서 바로 써먹는) 어린이 세계 여행,9791158682798,9,역사,(읽으면서 바로 써먹는) 어린이 감정 표현,9791158682842,1,철학,마니아,1,True,False,False
(읽으면서 바로 써먹는) 어린이 세계 여행,9791158682798,9,역사,(읽으면서 바로 써먹는) 어린이 세계사 퀴즈,9791158682712,9,역사,마니아,2,False,False,False
(읽으면서 바로 써먹는) 어린이 세계 여행,9791158682798,9,역사,(읽으면서 바로 써먹는) 어린이 세계사 퀴즈,9791158682637,9,역사,마니아,3,False,False,False
(읽으면서 바로 써먹는) 어린이 세계 여행,9791158682798,9,역사,(읽으면서 바로 써먹는) 어린이 스도쿠 :학교 괴담,9791158682880,,미상,마니아,4,False,False,False
(읽으면서 바로 써먹는) 어린이 세계 여행,9791158682798,9,역사,(읽으면서 바로 써먹는) 어린이 OX 퀴즈,9791158682934,0,총류,마니아,5,True,False,False
(읽으면서 바로 써먹는) 어린이 세계 여행,9791158682798,9,역사,(읽으면서 바로 써먹는) 어린이 초등 교과 어휘,9791158682965,7,언어,마니아,6,True,False,False
(읽으면서 바로 써먹는) 어린이 세계 여행,9791158682798,9,역사,(읽으면서 바로 써먹는) 어린이 공포의 수학 퍼즐,9791158683054,,미상,마니아,7,False,False,False
(읽으면서 바로 써먹는) 어린이 세계 여행,9791158682798,9,역사,(읽으면서 바로 써먹는) 어린이 급수 한자 :6·7·8급,9791158682477,7,언어,마니아,8,True,False,False
(읽으면서 바로 써먹는) 어린이 세계 여행,9791158682798,9,역사,(읽으면서 바로 써먹는) 어린이 맞춤법 행성,9791158682538,7,언어,마니아,9,True,True,True
(읽으면서 바로 써먹는) 어린이 세계 여행,9791158682798,9,역사,(읽다 보면 저절로 알게 되는) 신비한 끈기·집중·성취 사전,9791158682873,,미상,마니아,10,False,False,False
(읽으면서 바로 써먹는) 어린이 세계 여행,9791158682798,9,역사,(읽으면서 바로 써먹는) 어린이 감정 표현,9791158682842,1,철학,다독자,1,True,False,False
(읽으면서 바로 써먹는) 어린이 세계 여행,9791158682798,9,역사,(읽으면서 바로 써먹는) 어린이 세계사 퀴즈,9791158682637,9,역사,다독자,2,False,False,False
(읽으면서 바로 써먹는) 어린이 세계 여행,9791158682798,9,역사,(읽으면서 바로 써먹는) 어린이 맞춤법 행성,9791158682538,7,언어,다독자,3,True,True,True
(읽으면서 바로 써먹는) 어린이 세계 여행,9791158682798,9,역사,(읽으면서 바로 써먹는) 어린이 세계사 퀴즈,9791158682712,9,역사,다독자,4,False,False,False
(읽으면서 바로 써먹는) 어린이 세계 여행,9791158682798,9,역사,(읽으면서 바로 써먹는) 어린이 한국사 퀴즈,9791158682248,9,역사,다독자,5,False,False,False
(읽으면서 바로 써먹는) 어린이 세계 여행,9791158682798,9,역사,(읽으면서 바로 써먹는) 어린이 한국사 퀴즈,9791158682309,9,역사,다독자,6,False,False,False
(읽으면서 바로 써먹는) 어린이 세계 여행,9791158682798,9,역사,(읽으면서 바로 써먹는) 어린이 맞춤법,9791158681647,7,언어,다독자,7,True,True,True
(읽으면서 바로 써먹는) 어린이 세계 여행,9791158682798,9,역사,(읽으면서 바로 써먹는) 어린이 신체 관용구,9791158681999,7,언어,다독자,8,True,True,True
(읽으면서 바로 써먹는) 어린이 세계 여행,9791158682798,9,역사,(읽으면서 바로 써먹는) 어린이 초등 교과 어휘,9791158682965,7,언어,다독자,9,True,False,False
(읽으면서 바로 써먹는) 어린이 세계 여행,9791158682798,9,역사,(읽으면서 바로 써먹는) 어린이 고사성어,9791158681531,7,언어,다독자,10,True,True,True
"(펼치는 순간 단숨에 6,000년 역사가 읽히는) 요즘 어른을 위한 최소한의 세계사",9791193128428,9,역사,(5천년 역사가 단숨에 이해되는) 최소한의 한국사,9791198243430,9,역사,함께대출,1,False,True,True
"(펼치는 순간 단숨에 6,000년 역사가 읽히는) 요즘 어른을 위한 최소한의 세계사",9791193128428,9,역사,불편한 편의점 :김호연 장편소설,9791161571188,8,문학,함께대출,2,True,True,False
"(펼치는 순간 단숨에 6,000년 역사가 읽히는) 요즘 어른을 위한 최소한의 세계사",9791193128428,9,역사,아버지의 해방일지 :정지아 장편소설,9788936438838,8,문학,함께대출,3,True,True,False
"(펼치는 순간 단숨에 6,000년 역사가 읽히는) 요즘 어른을 위한 최소한의 세계사",9791193128428,9,역사,불편한 편의점 :김호연 장편소설,9791161571379,8,문학,함께대출,4,True,False,False
"(펼치는 순간 단숨에 6,000년 역사가 읽히는) 요즘 어른을 위한 최소한의 세계사",9791193128428,9,역사,작별하지 않는다 :한강 장편소설,9788954682152,8,문학,함께대출,5,True,True,False
"(펼치는 순간 단숨에 6,000년 역사가 읽히는) 요즘 어른을 위한 최소한의 세계사",9791193128428,9,역사,"도둑맞은 집중력 :집중력 위기의 시대, 삶의 주도권을 되찾는 법",9791167740984,1,철학,함께대출,6,True,True,False
"(펼치는 순간 단숨에 6,000년 역사가 읽히는) 요즘 어른을 위한 최소한의 세계사",9791193128428,9,역사,마흔에 읽는 쇼펜하우어 :마음의 위기를 다스리는 철학 수업,9791192300818,1,철학,함께대출,7,True,True,False
"(펼치는 순간 단숨에 6,000년 역사가 읽히는) 요즘 어른을 위한 최소한의 세계사",9791193128428,9,역사,메리골드 마음 세탁소 =윤정은 장편소설 /Marigold mind laundry,9791191891287,8,문학,함께대출,8,True,True,False
"(펼치는 순간 단숨에 6,000년 역사가 읽히는) 요즘 어른을 위한 최소한의 세계사",9791193128428,9,역사,나는 메트로폴리탄 미술관의 경비원입니다 :가장 경이로운 세계 속으로 숨어버린 한 남자의 이야기,9788901276533,8,문학,함께대출,9,True,False,False
"(펼치는 순간 단숨에 6,000년 역사가 읽히는) 요즘 어른을 위한 최소한의 세계사",9791193128428,9,역사,소년이 온다 :한강 장편소설,9788936434120,8,문학,함께대출,10,True,True,False
"(펼치는 순간 단숨에 6,000년 역사가 읽히는) 요즘 어른을 위한 최소한의 세계사",9791193128428,9,역사,(수천 년 세계사의 흐름이 통째로 이해되는) 요즘 어른을 위한 최소한의 전쟁사,9791193128787,,미상,마니아,1,False,False,False
"(펼치는 순간 단숨에 6,000년 역사가 읽히는) 요즘 어른을 위한 최소한의 세계사",9791193128428,9,역사,요즘 어른을 위한 최소한의 한국사,9791193128992,,미상,마니아,2,False,False,False
"(펼치는 순간 단숨에 6,000년 역사가 읽히는) 요즘 어른을 위한 최소한의 세계사",9791193128428,9,역사,(한 권으로 빠르게 끝내는) 세계사 익스프레스 =World history express,9791194033509,,미상,마니아,3,False,False,False
"(펼치는 순간 단숨에 6,000년 역사가 읽히는) 요즘 어른을 위한 최소한의 세계사",9791193128428,9,역사,(5천년 역사가 단숨에 이해되는) 최소한의 한국사,9791198243430,9,역사,마니아,4,False,True,True
"(펼치는 순간 단숨에 6,000년 역사가 읽히는) 요즘 어른을 위한 최소한의 세계사",9791193128428,9,역사,역사를 보다 :역사를 뒤흔든 결정적 순간의 재밌고 놀라운 재발견,9791170435488,,미상,마니아,5,False,False,False
"(펼치는 순간 단숨에 6,000년 역사가 읽히는) 요즘 어른을 위한 최소한의 세계사",9791193128428,9,역사,"(영화보다,) 세계사 :영화가 새로워지고 역사가 재미있어지는",9791161728803,,미상,마니아,6,False,False,False
"(펼치는 순간 단숨에 6,000년 역사가 읽히는) 요즘 어른을 위한 최소한의 세계사",9791193128428,9,역사,한번 시작하면 잠들 수 없는 세계사 :문명의 탄생부터 국제 정세까지 거침없이 내달린다,9791199491755,,미상,마니아,7,False,False,False
"(펼치는 순간 단숨에 6,000년 역사가 읽히는) 요즘 어른을 위한 최소한의 세계사",9791193128428,9,역사,요즘 역사 : 근대 - 당신에게 가장 가까운,9791198593276,,미상,마니아,8,False,False,False
"(펼치는 순간 단숨에 6,000년 역사가 읽히는) 요즘 어른을 위한 최소한의 세계사",9791193128428,9,역사,30개 도시로 읽는 세계사 :세계 문명을 단숨에 독파하는 역사 이야기,9791130630366,,미상,마니아,9,False,False,False
"(펼치는 순간 단숨에 6,000년 역사가 읽히는) 요즘 어른을 위한 최소한의 세계사",9791193128428,9,역사,꿰뚫는 한국사 :시대를 뒤흔든 문제적 인물들,9791198496645,,미상,마니아,10,False,False,False
"(펼치는 순간 단숨에 6,000년 역사가 읽히는) 요즘 어른을 위한 최소한의 세계사",9791193128428,9,역사,(5천년 역사가 단숨에 이해되는) 최소한의 한국사,9791198243430,9,역사,다독자,1,False,True,True
"(펼치는 순간 단숨에 6,000년 역사가 읽히는) 요즘 어른을 위한 최소한의 세계사",9791193128428,9,역사,불편한 편의점 :김호연 장편소설,9791161571188,8,문학,다독자,2,True,True,False
"(펼치는 순간 단숨에 6,000년 역사가 읽히는) 요즘 어른을 위한 최소한의 세계사",9791193128428,9,역사,아버지의 해방일지 :정지아 장편소설,9788936438838,8,문학,다독자,3,True,True,False
"(펼치는 순간 단숨에 6,000년 역사가 읽히는) 요즘 어른을 위한 최소한의 세계사",9791193128428,9,역사,최소한의 삼국지 :최태성의 삼국지 고전 특강,9791193401583,,미상,다독자,4,False,False,False
"(펼치는 순간 단숨에 6,000년 역사가 읽히는) 요즘 어른을 위한 최소한의 세계사",9791193128428,9,역사,불편한 편의점 :김호연 장편소설,9791161571379,8,문학,다독자,5,True,False,False
"(펼치는 순간 단숨에 6,000년 역사가 읽히는) 요즘 어른을 위한 최소한의 세계사",9791193128428,9,역사,작별하지 않는다 :한강 장편소설,9788954682152,8,문학,다독자,6,True,True,False
"(펼치는 순간 단숨에 6,000년 역사가 읽히는) 요즘 어른을 위한 최소한의 세계사",9791193128428,9,역사,단 한 번의 삶,9791191114768,8,문학,다독자,7,True,False,False
"(펼치는 순간 단숨에 6,000년 역사가 읽히는) 요즘 어른을 위한 최소한의 세계사",9791193128428,9,역사,"도둑맞은 집중력 :집중력 위기의 시대, 삶의 주도권을 되찾는 법",9791167740984,1,철학,다독자,8,True,True,False
"(펼치는 순간 단숨에 6,000년 역사가 읽히는) 요즘 어른을 위한 최소한의 세계사",9791193128428,9,역사,혼모노 :성해나 소설집,9788936439743,8,문학,다독자,9,True,False,False
"(펼치는 순간 단숨에 6,000년 역사가 읽히는) 요즘 어른을 위한 최소한의 세계사",9791193128428,9,역사,"다시, 역사의 쓸모 :합리적이고 품위 있는 선택을 위한 20가지 지혜",9791193401217,9,역사,다독자,10,False,False,False
