책A,책B,대분류A,대분류B,교차,엣지종류수,상호,순위강도합,IDF_A,IDF_B,보편도penalty,최종굵기,같은시리즈,ISBN_A,ISBN_B
"(펼치는 순간 단숨에 6,000년 역사가 읽히는) 요즘 어른을 위한 최소한의 세계사",(5천년 역사가 단숨에 이해되는) 최소한의 한국사,역사,역사,False,3,True,5.3,1.0,1.0,1.0,7.95,False,9791193128428,9791198243430
"모든 것은 기본에서 시작한다 :실력도 기술도 사람 됨됨이도, 기본을 지키는 손웅정의 삶의 철학",나는 읽고 쓰고 버린다 :손웅정의 말,예술,예술,False,3,True,6.0,0.843,0.843,0.843,7.588,False,9791190382502,9791191859836
당신도 느리게 나이 들 수 있습니다 :나이가 들어도 몸의 시간을 젊게,느리게 나이 드는 습관 :노년내과 의사가 알려주는 감속노화 실천법,기술과학,기술과학,False,3,True,5.6,0.843,0.843,0.843,7.082,False,9791140702589,9791193080146
남에게 보여주려고 인생을 낭비하지 마라 :쇼펜하우어 소품집,당신의 인생이 왜 힘들지 않아야 한다고 생각하십니까 :쇼펜하우어 아포리즘,철학,철학,False,3,True,5.8,0.843,0.751,0.751,6.537,False,9791169850445,9791192625553
느리게 나이 드는 습관 :노년내과 의사가 알려주는 감속노화 실천법,내 몸 혁명 :뱃살과 질병 없이 살려면 숫자보다 몸을 바꿔라,기술과학,기술과학,False,2,True,3.0,0.843,0.843,0.843,3.794,False,9791193080146,9791198553317
놓지 마 맞춤법,놓지 마 어휘 :한자어,언어,언어,False,3,True,2.5,1.0,1.0,1.0,3.75,False,9788934942641,9788934990987
돈의 심리학 :당신은 왜 부자가 되지 못했는가,불변의 법칙 :절대 변하지 않는 것들에 대한 23가지 이야기,사회과학,사회과학,False,3,True,5.4,0.595,0.438,0.438,3.545,False,9791191056372,9791198517425
인생은 순간이다 :삶이라는 타석에서 평생 지켜온 철학,"모든 것은 기본에서 시작한다 :실력도 기술도 사람 됨됨이도, 기본을 지키는 손웅정의 삶의 철학",예술,예술,False,3,True,2.5,0.843,0.843,0.843,3.162,False,9791130648385,9791190382502
인생은 순간이다 :삶이라는 타석에서 평생 지켜온 철학,나는 읽고 쓰고 버린다 :손웅정의 말,예술,예술,False,3,True,2.4,0.843,0.843,0.843,3.035,False,9791130648385,9791191859836
나는 오늘도 너에게 화를 냈다 :엄마들의 고민을 명쾌하게 풀어낸 아홉 가지 현실 육아 솔루션,"최민준의 아들코칭 백과 :기질 파악부터 말공부, 사회성, 감정코칭까지",기술과학,기술과학,False,3,False,2.9,1.0,1.0,1.0,2.9,False,9788952242433,9791168127531
의사 어벤저스 :어린이 의학 동화,어린 왕자,기술과학,문학,True,3,False,2.9,1.0,1.0,1.0,2.9,False,9788957361900,9788957361955
아들 때문에 미쳐버릴 것 같은 엄마들에게 :큰 소리 내지 않고 아이를 키우는 법,"최민준의 아들코칭 백과 :기질 파악부터 말공부, 사회성, 감정코칭까지",기술과학,기술과학,False,3,False,2.8,1.0,1.0,1.0,2.8,False,9788952234650,9791168127531
(아이들도 잘 모르고 어른들은 더 모르는) 신기한 현상 사전,(애매한 것을 속 시원하게 알려 주는) 알쏭달쏭 상담소,총류,기술과학,True,3,False,2.8,1.0,1.0,1.0,2.8,False,9788934951278,9791191426090
축구 만화 도감 :재밌을 줄 알았는데 멋있어!,단순할 줄 알았는데 짜릿해! 농구 만화 도감,예술,미상,False,3,False,2.8,1.0,1.0,1.0,2.8,False,9791190007320,9791190007412
그의 운명에 대한 아주 개인적인 생각,문과 남자의 과학 공부 :나는 무엇이고 왜 존재하며 어디로 가는가?,사회과학,자연과학,True,3,False,2.7,1.0,1.0,1.0,2.7,False,9788965138068,9791192836188
"이 책은 돈 버는 법에 관한 이야기 :서민갑부 고명환의 생각법, 독서법, 장사법",나는 어떻게 삶의 해답을 찾는가 :고명환의 독서 내공,사회과학,총류,True,3,False,2.6,1.0,1.0,1.0,2.6,False,9791189686536,9791189686826
돈의 속성 :최상위 부자가 말하는 돈에 대한 모든 것,돈의 심리학 :당신은 왜 부자가 되지 못했는가,사회과학,사회과학,False,2,True,3.4,0.503,0.595,0.503,2.564,False,9791188331796,9791191056372
야구 만화 도감 :어려울 줄 알았는데 재밌어!,축구 만화 도감 :재밌을 줄 알았는데 멋있어!,예술,예술,False,3,False,2.9,0.843,1.0,0.843,2.445,False,9791190007245,9791190007320
만일 내가 인생을 다시 산다면 :벌써 마흔이 된 당신에게 해 주고 싶은 말들 42,(이미 늦었다고 생각하는 당신을 위한) 김미경의 마흔 수업,철학,사회과학,True,3,True,2.5,0.686,0.636,0.636,2.384,False,9791190538510,9791198013026
역행자 :돈·시간·운명으로부터 완전한 자유를 얻는 7단계 인생 공략집,돈의 속성 :최상위 부자가 말하는 돈에 대한 모든 것,사회과학,사회과학,False,2,True,3.6,0.438,0.503,0.438,2.363,False,9788901260716,9791188331796
소년이 온다 :한강 장편소설,작별하지 않는다 :한강 장편소설,문학,문학,False,3,True,4.6,0.438,0.322,0.322,2.222,False,9788936434120,9788954682152
야구 잘하는 50가지 비밀 :진짜 진짜 야구 잘하고 싶은 어린이만 보는 책!,대충 봐도 머리에 남는 어린이 야구 상식 :야구의 재미를 제대로 알게 하는 알쏭달쏭 야구의 모든 것,미상,예술,False,3,False,2.2,1.0,1.0,1.0,2.2,False,9791186073995,9791198381811
지방 대사 켜는 스위치온 다이어트,내 몸 혁명 :뱃살과 질병 없이 살려면 숫자보다 몸을 바꿔라,기술과학,기술과학,False,3,False,2.6,1.0,0.843,0.843,2.192,False,9791196334703,9791198553317
역행자 :돈·시간·운명으로부터 완전한 자유를 얻는 7단계 인생 공략집,타이탄의 도구들 :1만 시간의 법칙을 깬 거인들의 61가지 전략,사회과학,사회과학,False,2,True,3.3,0.438,0.686,0.438,2.166,False,9788901260716,9791158510619
책 읽고 매출의 신이 되다,나는 어떻게 삶의 해답을 찾는가 :고명환의 독서 내공,사회과학,총류,True,3,False,2.1,1.0,1.0,1.0,2.1,False,9788947542623,9791189686826
시대예보 :핵개인의 시대 =Forecast of the times : era of nuclear individuals,그냥 하지 말라 :당신의 모든 것이 메시지다 =Don't just do it! : your every move is the message,사회과학,사회과학,False,3,False,2.1,1.0,1.0,1.0,2.1,False,9791170610359,9791191211467
아이는 무엇으로 자라는가 :세계적 가족 심리학자 버지니아 사티어의 15가지 양육 법칙,나는 다정한 관찰자가 되기로 했다 :불안에 휘둘리지 않는 단단한 태도에 관하여,기술과학,기술과학,False,3,False,2.7,1.0,0.751,0.751,2.029,False,9791193506202,9791198752406
당신도 느리게 나이 들 수 있습니다 :나이가 들어도 몸의 시간을 젊게,내 몸 혁명 :뱃살과 질병 없이 살려면 숫자보다 몸을 바꿔라,기술과학,기술과학,False,2,True,1.6,0.843,0.843,0.843,2.024,False,9791140702589,9791198553317
리보와 앤 :아무도 오지 않는 도서관의 두 로봇,"왜 유명한 거야, 이 그림?",문학,예술,True,2,False,2.0,1.0,1.0,1.0,2.0,False,9788954690690,9791167550712
역행자 :돈·시간·운명으로부터 완전한 자유를 얻는 7단계 인생 공략집,세이노의 가르침 :피보다 진하게 살아라,사회과학,사회과학,False,3,True,4.6,0.438,0.281,0.281,1.937,False,9788901260716,9791168473690
이주하는 인류 :인구 대이동과 그들이 써내려간 역동의 세계사,세상은 이야기로 만들어졌다 :신화·거짓말·유토피아,사회과학,총류,True,3,False,1.9,1.0,1.0,1.0,1.9,False,9791192519135,9791192953151
저속노화 식사법 :노년내과 의사가 알려주는 기적의 식단 혁명,느리게 나이 드는 습관 :노년내과 의사가 알려주는 감속노화 실천법,기술과학,기술과학,False,3,False,2.5,0.751,0.843,0.751,1.878,False,9791141606862,9791193080146
야구 만화 도감 :어려울 줄 알았는데 재밌어!,대충 봐도 머리에 남는 어린이 야구 상식 :야구의 재미를 제대로 알게 하는 알쏭달쏭 야구의 모든 것,예술,예술,False,3,False,2.2,0.843,1.0,0.843,1.855,False,9791190007245,9791198381811
조선미의 현실 육아 상담소,"최민준의 아들코칭 백과 :기질 파악부터 말공부, 사회성, 감정코칭까지",기술과학,기술과학,False,3,False,1.8,1.0,1.0,1.0,1.8,False,9791164052035,9791168127531
마흔에 읽는 니체 =지금 이순간을 살기 위한 철학 수업 /Nietzsche,마흔에 읽는 쇼펜하우어 :마음의 위기를 다스리는 철학 수업,철학,철학,False,3,True,4.1,0.751,0.29,0.29,1.786,False,9791192300245,9791192300818
밝은 밤 :최은영 장편소설,아주 희미한 빛으로도 :최은영 소설,문학,문학,False,3,False,2.5,0.686,0.686,0.686,1.716,False,9788954681179,9788954695053
"사피엔스 :유인원에서 사이보그까지, 인간 역사의 대담하고 위대한 질문",호모 데우스 :미래의 역사,역사,미상,False,2,False,1.7,1.0,1.0,1.0,1.7,False,9788934972464,9788934977841
달러구트 꿈 백화점 :주문하신 꿈은 매진입니다,메리골드 마음 세탁소 =윤정은 장편소설 /Marigold mind laundry,문학,문학,False,3,True,2.3,0.843,0.479,0.479,1.652,False,9791165341909,9791191891287
타이탄의 도구들 :1만 시간의 법칙을 깬 거인들의 61가지 전략,아주 작은 습관의 힘 :최고의 변화는 어떻게 만들어지는가,사회과학,철학,True,1,True,1.7,0.686,0.636,0.636,1.621,False,9791158510619,9791162540640
한성이 서울에게,"왜 유명한 거야, 이 그림?",문학,예술,True,2,False,1.6,1.0,1.0,1.0,1.6,False,9788949122021,9791167550712
마흔에 읽는 니체 =지금 이순간을 살기 위한 철학 수업 /Nietzsche,당신의 인생이 왜 힘들지 않아야 한다고 생각하십니까 :쇼펜하우어 아포리즘,철학,철학,False,2,True,1.4,0.751,0.751,0.751,1.578,False,9791192300245,9791192625553
트러스트 :에르난 디아스 장편소설,세상은 이야기로 만들어졌다 :신화·거짓말·유토피아,문학,총류,True,2,False,1.8,0.843,1.0,0.843,1.518,False,9788954691673,9791192953151
퓨처 셀프 :현재와 미래가 달라지는 놀라운 혁명,불변의 법칙 :절대 변하지 않는 것들에 대한 23가지 이야기,사회과학,사회과학,False,2,True,2.9,0.346,0.438,0.346,1.505,False,9791192389325,9791198517425
역행자 :돈·시간·운명으로부터 완전한 자유를 얻는 7단계 인생 공략집,퓨처 셀프 :현재와 미래가 달라지는 놀라운 혁명,사회과학,사회과학,False,2,True,2.8,0.438,0.346,0.346,1.453,False,9788901260716,9791192389325
메리골드 마음 세탁소 =윤정은 장편소설 /Marigold mind laundry,메리골드 마음 사진관 =윤정은 장편소설 /Marigold mind photo studio,문학,문학,False,3,False,3.0,0.479,0.843,0.479,1.437,False,9791191891287,9791198530325
저속노화 식사법 :노년내과 의사가 알려주는 기적의 식단 혁명,내 몸 혁명 :뱃살과 질병 없이 살려면 숫자보다 몸을 바꿔라,기술과학,기술과학,False,2,False,1.9,0.751,0.843,0.751,1.428,False,9791141606862,9791198553317
생각하는 야구 교과서 :어린이를 위한 야구의 모든 것,대충 봐도 머리에 남는 어린이 야구 상식 :야구의 재미를 제대로 알게 하는 알쏭달쏭 야구의 모든 것,미상,예술,False,2,False,1.4,1.0,1.0,1.0,1.4,False,9788965913085,9791198381811
공부머리 독서법 :실현 가능하고 지속 가능한 독서교육의 모든 것,수학 잘하는 아이는 이렇게 공부합니다 :수학이 어려운 엄마를 위한 전략적 학습 로드맵,총류,자연과학,True,2,False,1.4,1.0,1.0,1.0,1.4,False,9791196316808,9791196848194
"최민준의 아들코칭 백과 :기질 파악부터 말공부, 사회성, 감정코칭까지",아들의 뇌 =딸로 태어난 엄마들을 위한 아들 사용 설명서 /Son's brain,기술과학,기술과학,False,3,False,1.4,1.0,1.0,1.0,1.4,False,9791168127531,9791191347456
하늘과 바람과 별과 인간 :원자에서 인간까지,문과 남자의 과학 공부 :나는 무엇이고 왜 존재하며 어디로 가는가?,자연과학,자연과학,False,3,False,1.4,1.0,1.0,1.0,1.4,False,9791166891496,9791192836188
국어 잘하는 아이가 이깁니다 :'갓민애' 교수의 초등 국어 달인 만들기,나는 다정한 관찰자가 되기로 했다 :불안에 휘둘리지 않는 단단한 태도에 관하여,사회과학,기술과학,True,2,False,2.0,0.686,0.751,0.686,1.373,False,9788934965404,9791198752406
축구 만화 도감 :재밌을 줄 알았는데 멋있어!,야구 만화 도감 :어려울 줄 알았는데 재밌어!,예술,미상,False,2,False,1.6,1.0,0.843,0.843,1.349,False,9791190007320,9791190007726
허송세월 :김훈 산문,인생은 순간이다 :삶이라는 타석에서 평생 지켜온 철학,문학,예술,True,2,False,1.6,1.0,0.843,0.843,1.349,False,9788930041683,9791130648385
맡겨진 소녀 :클레어 키건 소설,세상은 이야기로 만들어졌다 :신화·거짓말·유토피아,문학,총류,True,2,False,1.6,0.843,1.0,0.843,1.349,False,9791130698199,9791192953151
남에게 보여주려고 인생을 낭비하지 마라 :쇼펜하우어 소품집,마흔에 읽는 쇼펜하우어 :마음의 위기를 다스리는 철학 수업,철학,철학,False,3,True,3.0,0.843,0.29,0.29,1.307,False,9791169850445,9791192300818
세상에서 제일 재밌는 종이접기 :색종이 한 장이면 장난감 뚝딱!,(네모아저씨의) 페이퍼 블레이드 :유닛의 경계를 넘어! 종이접기의 한계를 넘어!,예술,예술,False,2,False,1.3,1.0,1.0,1.0,1.3,False,9791186494431,9791186494837
당신도 느리게 나이 들 수 있습니다 :나이가 들어도 몸의 시간을 젊게,저속노화 식사법 :노년내과 의사가 알려주는 기적의 식단 혁명,기술과학,기술과학,False,2,False,1.7,0.843,0.751,0.751,1.277,False,9791140702589,9791141606862
세이노의 가르침 :피보다 진하게 살아라,돈의 속성 :최상위 부자가 말하는 돈에 대한 모든 것,사회과학,사회과학,False,2,True,3.0,0.281,0.503,0.281,1.264,False,9791168473690,9791188331796
달러구트 꿈 백화점 :주문하신 꿈은 매진입니다,"어서오세요, 휴남동 서점입니다 :황보름 장편소설",문학,문학,False,3,False,2.1,0.843,0.595,0.595,1.248,False,9791165341909,9791197377143
돈의 속성 :최상위 부자가 말하는 돈에 대한 모든 것,불변의 법칙 :절대 변하지 않는 것들에 대한 23가지 이야기,사회과학,사회과학,False,2,True,1.9,0.503,0.438,0.438,1.247,False,9791188331796,9791198517425
"왜 유명한 거야, 이 그림?",열세 살의 걷기 클럽 :김혜정 창작동화,예술,문학,True,2,False,1.2,1.0,1.0,1.0,1.2,False,9791167550712,9791169811361
불편한 편의점 :김호연 장편소설,달러구트 꿈 백화점 :주문하신 꿈은 매진입니다,문학,문학,False,3,True,3.8,0.202,0.843,0.202,1.151,False,9791161571188,9791165341909
놓지 마 맞춤법,놓지 마 어휘 :한자어,미상,언어,False,2,False,1.1,1.0,1.0,1.0,1.1,False,9788934926924,9788934990987
(좌절내구력 강한 아이로 키우는) 조선미의 초등생활 상담소,"최민준의 아들코칭 백과 :기질 파악부터 말공부, 사회성, 감정코칭까지",기술과학,기술과학,False,3,False,1.1,1.0,1.0,1.0,1.1,False,9791164052356,9791168127531
"최민준의 아들코칭 백과 :기질 파악부터 말공부, 사회성, 감정코칭까지",아이는 무엇으로 자라는가 :세계적 가족 심리학자 버지니아 사티어의 15가지 양육 법칙,기술과학,기술과학,False,2,False,1.1,1.0,1.0,1.0,1.1,False,9791168127531,9791193506202
나는 어떻게 삶의 해답을 찾는가 :고명환의 독서 내공,고전이 답했다 :being better through the classics,총류,사회과학,True,2,False,1.1,1.0,1.0,1.0,1.1,False,9791189686826,9791193939314
세상에서 제일 재밌는 종이접기 :색종이 한 장이면 장난감 뚝딱!,(네모아저씨의) 페이퍼 윙즈 =색종이 1장으로 접는 종이비행기의 완결판! /Paper wings,예술,미상,False,2,False,1.1,1.0,1.0,1.0,1.1,False,9791186494431,9791186494530
내 몸 혁명 :뱃살과 질병 없이 살려면 숫자보다 몸을 바꿔라,(박용우 박사의) 스위치온 다이어트 레시피북 :살찌지 않는 건강한 몸으로 되돌리는 4주 다이어트 식단,기술과학,기술과학,False,2,False,1.3,0.843,1.0,0.843,1.096,False,9791198553317,9791198553379
느리게 나이 드는 습관 :노년내과 의사가 알려주는 감속노화 실천법,"저속노화 마인드셋 :노년내과 의사가 알려주는, 내 몸의 주도권을 되찾고 무너진 삶을 회복하는 법",기술과학,기술과학,False,2,False,1.3,0.843,0.843,0.843,1.096,False,9791193080146,9791194627074
세이노의 가르침 :피보다 진하게 살아라,마흔에 읽는 쇼펜하우어 :마음의 위기를 다스리는 철학 수업,사회과학,철학,True,2,True,2.6,0.281,0.29,0.281,1.095,False,9791168473690,9791192300818
소년이 온다 :한강 장편소설,채식주의자 :한강 장편소설,문학,문학,False,3,False,2.5,0.438,0.843,0.438,1.094,False,9788936434120,9788936434595
"모든 것은 기본에서 시작한다 :실력도 기술도 사람 됨됨이도, 기본을 지키는 손웅정의 삶의 철학",(이미 늦었다고 생각하는 당신을 위한) 김미경의 마흔 수업,예술,사회과학,True,2,False,1.7,0.843,0.636,0.636,1.081,False,9791190382502,9791198013026
돈의 심리학 :당신은 왜 부자가 되지 못했는가,"돈의 방정식 :돈을 지위와 성공의 기준, 그 이상으로 다루기 위한 21가지 이야기",사회과학,사회과학,False,2,False,1.8,0.595,0.751,0.595,1.07,False,9791191056372,9791193904671
아주 작은 습관의 힘 :최고의 변화는 어떻게 만들어지는가,돈의 심리학 :당신은 왜 부자가 되지 못했는가,철학,사회과학,True,1,True,1.2,0.636,0.595,0.595,1.07,False,9791162540640,9791191056372
타이탄의 도구들 :1만 시간의 법칙을 깬 거인들의 61가지 전략,돈의 속성 :최상위 부자가 말하는 돈에 대한 모든 것,사회과학,사회과학,False,2,True,1.4,0.686,0.503,0.503,1.056,False,9791158510619,9791188331796
세이노의 가르침 :피보다 진하게 살아라,퓨처 셀프 :현재와 미래가 달라지는 놀라운 혁명,사회과학,사회과학,False,2,True,2.5,0.281,0.346,0.281,1.053,False,9791168473690,9791192389325
도파민네이션 :쾌락 과잉 시대에서 균형 찾기,"도둑맞은 집중력 :집중력 위기의 시대, 삶의 주도권을 되찾는 법",철학,철학,False,3,True,2.9,1.0,0.238,0.238,1.035,False,9788965965046,9791167740984
아버지의 해방일지 :정지아 장편소설,불편한 편의점 :김호연 장편소설,문학,문학,False,2,True,3.4,0.23,0.202,0.202,1.03,False,9788936438838,9791161571188
국어 잘하는 아이가 이깁니다 :'갓민애' 교수의 초등 국어 달인 만들기,공부머리 독서법 :실현 가능하고 지속 가능한 독서교육의 모든 것,사회과학,총류,True,2,False,1.5,0.686,1.0,0.686,1.029,False,9788934965404,9791196316808
쇼코의 미소 :최은영 소설,밝은 밤 :최은영 장편소설,문학,문학,False,2,False,1.5,1.0,0.686,0.686,1.029,False,9788954641630,9788954681179
"다시, 역사의 쓸모 :합리적이고 품위 있는 선택을 위한 20가지 지혜",(5천년 역사가 단숨에 이해되는) 최소한의 한국사,역사,역사,False,3,False,1.2,0.843,1.0,0.843,1.012,False,9791193401217,9791198243430
아버지의 해방일지 :정지아 장편소설,밝은 밤 :최은영 장편소설,문학,문학,False,2,True,2.9,0.23,0.686,0.23,1.002,False,9788936438838,9788954681179
도파민네이션 :쾌락 과잉 시대에서 균형 찾기,도파민 디톡스 :쾌락과 고통에 지배당한 뇌를 되돌려라,철학,철학,False,1,False,1.0,1.0,1.0,1.0,1.0,False,9788965965046,9788965966647
더 커진 간단 종이접기 대백과 270 - 하루에 30분씩! 두뇌 트레이닝,세상에서 제일 재밌는 종이접기 :색종이 한 장이면 장난감 뚝딱!,미상,예술,False,1,False,1.0,1.0,1.0,1.0,1.0,False,9791158951214,9791186494431
"왜 유명한 거야, 이 그림?","열두 살, 아무에게도 말하지 못한 비밀",예술,미상,False,1,False,1.0,1.0,1.0,1.0,1.0,False,9791167550712,9791192529417
"사피엔스 :유인원에서 사이보그까지, 인간 역사의 대담하고 위대한 질문",코스모스 :특별판,역사,자연과학,True,1,False,1.0,1.0,1.0,1.0,1.0,False,9788934972464,9788983711892
세상에서 제일 재밌는 종이접기 :색종이 한 장이면 장난감 뚝딱!,(네모아저씨의) 페이퍼 블레이드 :색종이 3장이면 멋진 팽이가 내 것!,예술,미상,False,1,False,1.0,1.0,1.0,1.0,1.0,False,9791186494431,9791186494479
"(펼치는 순간 단숨에 6,000년 역사가 읽히는) 요즘 어른을 위한 최소한의 세계사",(수천 년 세계사의 흐름이 통째로 이해되는) 요즘 어른을 위한 최소한의 전쟁사,역사,미상,False,1,False,1.0,1.0,1.0,1.0,1.0,False,9791193128428,9791193128787
원더풀 사이언스 :아름다운 기초과학 산책,문과 남자의 과학 공부 :나는 무엇이고 왜 존재하며 어디로 가는가?,자연과학,자연과학,False,1,False,1.0,1.0,1.0,1.0,1.0,False,9788959090532,9791192836188
내가 틀릴 수도 있습니다 =숲속의 현자가 전하는 마지막 인생수업 /I may be wrong,술 취한 코끼리 길들이기 :마음속 108마리 코끼리 이야기,종교,종교,False,1,False,1.0,1.0,1.0,1.0,1.0,False,9791130689890,9791195026135
아이는 무엇으로 자라는가 :세계적 가족 심리학자 버지니아 사티어의 15가지 양육 법칙,마음이 부자인 아이는 어떻게 성장하는가 :행복할 줄 아는 아이로 키우는 정서 육아법,기술과학,기술과학,False,1,False,1.0,1.0,1.0,1.0,1.0,False,9791193506202,9791193937228
(역사멘토 최태성의) 한국사,(5천년 역사가 단숨에 이해되는) 최소한의 한국사,미상,역사,False,1,False,1.0,1.0,1.0,1.0,1.0,False,9791159253379,9791198243430
(아이들도 잘 모르고 어른들은 더 모르는) 신기한 현상 사전,별별 직업 상담소,총류,사회과학,True,1,False,1.0,1.0,1.0,1.0,1.0,False,9788934951278,9791173320927
너에게 들려주는 단단한 말,나는 다정한 관찰자가 되기로 했다 :불안에 휘둘리지 않는 단단한 태도에 관하여,철학,기술과학,True,2,False,1.3,0.843,0.751,0.751,0.977,False,9791198682550,9791198752406
이처럼 사소한 것들 :클레어 키건 소설,맡겨진 소녀 :클레어 키건 소설,문학,문학,False,3,False,2.9,0.334,0.843,0.334,0.968,False,9791130646381,9791130698199
마흔에 읽는 쇼펜하우어 :마음의 위기를 다스리는 철학 수업,당신의 인생이 왜 힘들지 않아야 한다고 생각하십니까 :쇼펜하우어 아포리즘,철학,철학,False,3,True,2.2,0.29,0.751,0.29,0.958,False,9791192300818,9791192625553
나는 어떻게 삶의 해답을 찾는가 :고명환의 독서 내공,고전이 답했다 :마땅히 살아야 할 삶에 대하여,총류,철학,True,2,False,1.9,1.0,0.503,0.503,0.955,False,9791189686826,9791193939130
흔한남매 이상한 나라의 고전 읽기,(흔한남매) 별난 세계 여행,문학,역사,True,2,False,1.5,0.636,0.843,0.636,0.954,False,9791168415034,9791168415355
남에게 보여주려고 인생을 낭비하지 마라 :쇼펜하우어 소품집,나를 소모하지 않는 현명한 태도에 관하여,철학,철학,False,2,False,1.5,0.843,0.636,0.636,0.954,False,9791169850445,9791198682505
박용우의 마이 옵티멀 다이어트 - 살찌지 않는 몸을 위한 최적의 식사 전략,내 몸 혁명 :뱃살과 질병 없이 살려면 숫자보다 몸을 바꿔라,미상,기술과학,False,2,False,1.1,1.0,0.843,0.843,0.927,False,9791173323881,9791198553317
마흔에 읽는 쇼펜하우어 :마음의 위기를 다스리는 철학 수업,나를 소모하지 않는 현명한 태도에 관하여,철학,철학,False,3,True,2.1,0.29,0.636,0.29,0.915,False,9791192300818,9791198682505
메리골드 마음 세탁소 =윤정은 장편소설 /Marigold mind laundry,바다가 들리는 편의점,문학,문학,False,3,False,1.9,0.479,0.751,0.479,0.91,False,9791191891287,9791192579504
아주 작은 습관의 힘 :최고의 변화는 어떻게 만들어지는가,돈의 속성 :최상위 부자가 말하는 돈에 대한 모든 것,철학,사회과학,True,1,True,1.2,0.636,0.503,0.503,0.905,False,9791162540640,9791188331796
고양이 해결사 깜냥,낭만 강아지 봉봉,문학,문학,False,3,False,1.2,0.751,1.0,0.751,0.902,False,9788936447694,9791130679990
내가 틀릴 수도 있습니다 =숲속의 현자가 전하는 마지막 인생수업 /I may be wrong,모든 삶은 흐른다 :삶의 지표가 필요한 당신에게 바다가 건네는 말,종교,철학,True,1,False,0.9,1.0,1.0,1.0,0.9,False,9791130689890,9791190299770
최태성 한국사 수업 :한국사 강의가 책에서 들린다,(5천년 역사가 단숨에 이해되는) 최소한의 한국사,미상,역사,False,1,False,0.9,1.0,1.0,1.0,0.9,False,9791129701855,9791198243430
나는 어떻게 삶의 해답을 찾는가 :고명환의 독서 내공,책 읽고 매출의 신이 되다 :고명환의 장사 내공,총류,사회과학,True,1,False,0.9,1.0,1.0,1.0,0.9,False,9791189686826,9791189686932
(아이들도 잘 모르고 어른들은 더 모르는) 신기한 현상 사전,멋지다!,총류,문학,True,1,False,0.9,1.0,1.0,1.0,0.9,False,9788934951278,9788966351176
"사피엔스 :유인원에서 사이보그까지, 인간 역사의 대담하고 위대한 질문","총, 균, 쇠 :무기·병균·금속은 인류의 운명을 어떻게 바꿨는가",역사,사회과학,True,2,False,0.9,1.0,1.0,1.0,0.9,False,9788934972464,9788970127248
(김종진 감독의) 어린이 야구 설명서,대충 봐도 머리에 남는 어린이 야구 상식 :야구의 재미를 제대로 알게 하는 알쏭달쏭 야구의 모든 것,미상,예술,False,1,False,0.9,1.0,1.0,1.0,0.9,False,9791158681203,9791198381811
세상에서 제일 재밌는 종이접기 :색종이 한 장이면 장난감 뚝딱!,(네모아저씨의) 페이퍼 애니멀 :한 장으로 접는 입체 동물 40점,예술,미상,False,2,False,0.9,1.0,1.0,1.0,0.9,False,9791186494431,9791186494592
완전학습 바이블 =배운 것을 100% 이해하는 후천적 공부머리의 비밀 /Mastery learning bible,공부머리 독서법 :실현 가능하고 지속 가능한 독서교육의 모든 것,사회과학,총류,True,1,False,0.9,1.0,1.0,1.0,0.9,False,9791130631134,9791196316808
"사피엔스 :유인원에서 사이보그까지, 인간 역사의 대담하고 위대한 질문",극한의 경험 :유발 하라리의 전쟁 문화사,역사,미상,False,1,False,0.9,1.0,1.0,1.0,0.9,False,9788934972464,9788993952858
부모의 내면이 아이의 세상이 된다 :소아정신과 최고 권위자 대니얼 J. 시겔의 40년 연구 결실을 담은 9가지 육아 원칙,아이는 무엇으로 자라는가 :세계적 가족 심리학자 버지니아 사티어의 15가지 양육 법칙,기술과학,기술과학,False,1,False,0.9,1.0,1.0,1.0,0.9,False,9791169851305,9791193506202
메멘과 모리,(아이들도 잘 모르고 어른들은 더 모르는) 신기한 현상 사전,문학,총류,True,1,False,0.9,1.0,1.0,1.0,0.9,False,9788934920991,9788934951278
"최선의 고통 :고통과 쾌락, 그 최적의 지점에서",도파민네이션 :쾌락 과잉 시대에서 균형 찾기,철학,철학,False,1,False,0.9,1.0,1.0,1.0,0.9,False,9788925578347,9788965965046
청춘의 독서 :세상을 바꾼 위험하고 위대한 생각들,문과 남자의 과학 공부 :나는 무엇이고 왜 존재하며 어디로 가는가?,총류,자연과학,True,1,False,0.9,1.0,1.0,1.0,0.9,False,9788901294742,9791192836188
(남자들이 좋아하는) 종이접기 150,세상에서 제일 재밌는 종이접기 :색종이 한 장이면 장난감 뚝딱!,미상,예술,False,1,False,0.9,1.0,1.0,1.0,0.9,False,9788976227638,9791186494431
"도둑맞은 집중력 :집중력 위기의 시대, 삶의 주도권을 되찾는 법",세이노의 가르침 :피보다 진하게 살아라,철학,사회과학,True,2,True,2.5,0.238,0.281,0.238,0.892,False,9791167740984,9791168473690
아주 희미한 빛으로도 :최은영 소설,세상은 이야기로 만들어졌다 :신화·거짓말·유토피아,문학,총류,True,2,False,1.3,0.686,1.0,0.686,0.892,False,9788954695053,9791192953151
불편한 편의점 :김호연 장편소설,메리골드 마음 세탁소 =윤정은 장편소설 /Marigold mind laundry,문학,문학,False,2,True,2.9,0.202,0.479,0.202,0.879,False,9791161571188,9791191891287
아이는 무엇으로 자라는가 :세계적 가족 심리학자 버지니아 사티어의 15가지 양육 법칙,너에게 들려주는 단단한 말,기술과학,철학,True,2,False,1.0,1.0,0.843,0.843,0.843,False,9791193506202,9791198682550
놓지 마 맞춤법,놓지 마 과학!,언어,자연과학,True,2,False,1.0,1.0,0.843,0.843,0.843,False,9788934942641,9791168122369
축구를 하며 생각한 것들 :손흥민 첫 에세이,"모든 것은 기본에서 시작한다 :실력도 기술도 사람 됨됨이도, 기본을 지키는 손웅정의 삶의 철학",미상,예술,False,2,False,1.0,0.843,0.843,0.843,0.843,False,9791188073382,9791190382502
최소한의 삼국지 :최태성의 삼국지 고전 특강,(5천년 역사가 단숨에 이해되는) 최소한의 한국사,미상,역사,False,1,False,1.0,0.843,1.0,0.843,0.843,False,9791193401583,9791198243430
"리더는 사람을 버리지 않는다 :40년간의 진실한 이야기 김성근, '리더'를 말하다",인생은 순간이다 :삶이라는 타석에서 평생 지켜온 철학,미상,예술,False,1,False,1.0,1.0,0.843,0.843,0.843,False,9788998933012,9791130648385
야구 만화 도감 :어려울 줄 알았는데 재밌어!,대충 봐도 머리에 남는 어린이 야구 상식 :야구의 재미를 제대로 알게 하는 알쏭달쏭 야구의 모든 것,미상,예술,False,2,False,1.0,0.843,1.0,0.843,0.843,False,9791190007726,9791198381811
"사피엔스 :유인원에서 사이보그까지, 인간 역사의 대담하고 위대한 질문","넥서스 :석기시대부터 AI까지, 정보 네트워크로 보는 인류 역사",역사,사회과학,True,1,False,1.0,1.0,0.843,0.843,0.843,False,9788934972464,9791194330424
철학은 날씨를 바꾼다 :삶을 쓰다듬는 위안의 책,세상은 이야기로 만들어졌다 :신화·거짓말·유토피아,철학,총류,True,3,False,1.0,0.843,1.0,0.843,0.843,False,9788934971351,9791192953151
"지속가능한 나이듦 :노화와 질병, 거스를 수 없다면 미리 준비하라",느리게 나이 드는 습관 :노년내과 의사가 알려주는 감속노화 실천법,기술과학,기술과학,False,1,False,1.0,0.843,0.843,0.843,0.843,False,9791188719204,9791193080146
(대한민국 다이어트 멘토 박용우 박사의) 4주 해독다이어트,내 몸 혁명 :뱃살과 질병 없이 살려면 숫자보다 몸을 바꿔라,기술과학,기술과학,False,1,False,1.0,1.0,0.843,0.843,0.843,False,9791185020211,9791198553317
당신도 느리게 나이 들 수 있습니다 :나이가 들어도 몸의 시간을 젊게,"지속가능한 나이듦 :노년의 질병, 어떻게 대비할 것인가",기술과학,기술과학,False,1,False,1.0,0.843,0.843,0.843,0.843,False,9791140702589,9791188719167
"돈의 방정식 :돈을 지위와 성공의 기준, 그 이상으로 다루기 위한 21가지 이야기",불변의 법칙 :절대 변하지 않는 것들에 대한 23가지 이야기,사회과학,사회과학,False,2,False,1.9,0.751,0.438,0.438,0.832,False,9791193904671,9791198517425
돈의 심리학 :당신은 왜 부자가 되지 못했는가,퓨처 셀프 :현재와 미래가 달라지는 놀라운 혁명,사회과학,사회과학,False,2,True,1.6,0.595,0.346,0.346,0.83,False,9791191056372,9791192389325
타이탄의 도구들 :1만 시간의 법칙을 깬 거인들의 61가지 전략,퓨처 셀프 :현재와 미래가 달라지는 놀라운 혁명,사회과학,사회과학,False,2,True,1.6,0.686,0.346,0.346,0.83,False,9791158510619,9791192389325
아버지의 해방일지 :정지아 장편소설,메리골드 마음 세탁소 =윤정은 장편소설 /Marigold mind laundry,문학,문학,False,2,True,2.4,0.23,0.479,0.23,0.829,False,9788936438838,9791191891287
긴긴밤,"왜 유명한 거야, 이 그림?",문학,예술,True,2,False,1.1,0.751,1.0,0.751,0.827,False,9788954677158,9791167550712
내게 무해한 사람 :최은영 소설,밝은 밤 :최은영 장편소설,문학,문학,False,2,False,1.2,1.0,0.686,0.686,0.824,False,9788954651820,9788954681179
나는 메트로폴리탄 미술관의 경비원입니다 :가장 경이로운 세계 속으로 숨어버린 한 남자의 이야기,세상은 이야기로 만들어졌다 :신화·거짓말·유토피아,문학,총류,True,2,False,2.0,0.403,1.0,0.403,0.806,False,9788901276533,9791192953151
나는 읽고 쓰고 버린다 :손웅정의 말,고전이 답했다 :마땅히 살아야 할 삶에 대하여,예술,철학,True,2,False,1.6,0.843,0.503,0.503,0.804,False,9791191859836,9791193939130
"최민준의 아들코칭 백과 :기질 파악부터 말공부, 사회성, 감정코칭까지",아들 엄마의 말 연습 :아들의 평생 습관과 공부력을 결정하는 엄마 말의 힘,기술과학,기술과학,False,1,False,0.8,1.0,1.0,1.0,0.8,False,9791168127531,9791191013764
외딴 집 외딴 다락방에서,공부머리 독서법 :실현 가능하고 지속 가능한 독서교육의 모든 것,문학,총류,True,1,False,0.8,1.0,1.0,1.0,0.8,False,9788984143265,9791196316808
"(성적 초격차를 만드는) 독서력 수업 :읽고, 쓰고, 생각하는 공부머리, 초등에서 완성하라",공부머리 독서법 :실현 가능하고 지속 가능한 독서교육의 모든 것,총류,총류,False,1,False,0.8,1.0,1.0,1.0,0.8,False,9791194033585,9791196316808
"사피엔스 :유인원에서 사이보그까지, 인간 역사의 대담하고 위대한 질문",21세기를 위한 21가지 제언 :더 나은 오늘은 어떻게 가능한가,역사,미상,False,1,False,0.8,1.0,1.0,1.0,0.8,False,9788934972464,9788934982975
재미있고 공부가 되는 어린이 야구상식,대충 봐도 머리에 남는 어린이 야구 상식 :야구의 재미를 제대로 알게 하는 알쏭달쏭 야구의 모든 것,미상,예술,False,1,False,0.8,1.0,1.0,1.0,0.8,False,9791157327133,9791198381811
"(펼치는 순간 단숨에 6,000년 역사가 읽히는) 요즘 어른을 위한 최소한의 세계사",(한 권으로 빠르게 끝내는) 세계사 익스프레스 =World history express,역사,미상,False,1,False,0.8,1.0,1.0,1.0,0.8,False,9791193128428,9791194033509
디케의 눈물 :대한검국에 맞선 조국의 호소,문과 남자의 과학 공부 :나는 무엇이고 왜 존재하며 어디로 가는가?,사회과학,자연과학,True,1,False,0.8,1.0,1.0,1.0,0.8,False,9791130645469,9791192836188
(한 권으로 끝내는) 종이접기,세상에서 제일 재밌는 종이접기 :색종이 한 장이면 장난감 뚝딱!,미상,예술,False,1,False,0.8,1.0,1.0,1.0,0.8,False,9788962228960,9791186494431
타키포오 코믹 어드벤처,타키포오 얼렁뚱땅 상식스쿨,문학,총류,True,2,False,0.8,1.0,1.0,1.0,0.8,False,9791169794893,9791171241675
(역사멘토 최태성의) 한국사,(5천년 역사가 단숨에 이해되는) 최소한의 한국사,미상,역사,False,1,False,0.8,1.0,1.0,1.0,0.8,False,9791159253294,9791198243430
설민석의 세계사 대모험,(설민석의) 세계사 대모험,역사,미상,False,1,False,0.8,1.0,1.0,1.0,0.8,False,9791196893118,9791196893156
(천재인가 미치광이인가) 도파민형 인간,도파민네이션 :쾌락 과잉 시대에서 균형 찾기,기술과학,철학,True,1,False,0.8,1.0,1.0,1.0,0.8,False,9788965708636,9788965965046
열두 달 지구하자 :같이 알자 같이 하자!,"왜 유명한 거야, 이 그림?",미상,예술,False,1,False,0.8,1.0,1.0,1.0,0.8,False,9788925576510,9791167550712
도파민네이션 :쾌락 과잉 시대에서 균형 찾기,"편안함의 습격 :편리와 효율, 멸균과 풍족의 시대가 우리에게서 앗아간 것들에 관하여",철학,기술과학,True,1,False,0.8,1.0,1.0,1.0,0.8,False,9788965965046,9791193238691
내가 틀릴 수도 있습니다 =숲속의 현자가 전하는 마지막 인생수업 /I may be wrong,평범하여 찬란한 삶을 향한 찬사 :완벽하지 않아 완전한 삶에 대하여,종교,철학,True,1,False,0.8,1.0,1.0,1.0,0.8,False,9791130689890,9791193866030
가짜 팔로 하는 포옹 :김중혁 소설,나는 어떻게 삶의 해답을 찾는가 :고명환의 독서 내공,문학,총류,True,1,False,0.8,1.0,1.0,1.0,0.8,False,9788954637107,9791189686826
아이는 무엇으로 자라는가 :세계적 가족 심리학자 버지니아 사티어의 15가지 양육 법칙,데일리 대드 :철학자 아버지가 성찰하는 부모에게 전하는 365일 삶의 지혜,기술과학,기술과학,False,1,False,0.8,1.0,1.0,1.0,0.8,False,9791193506202,9791193842157
(아이들도 잘 모르고 어른들은 더 모르는) 신기한 현상 사전,만약의 세계,총류,문학,True,1,False,0.8,1.0,1.0,1.0,0.8,False,9788934951278,9788934992622
방구석 미술관 :가볍고 편하게 시작하는 유쾌한 교양 미술,미술관에 간 할미 :짧게 읽고 오래 남는 모두의 명화수업,예술,미상,False,1,False,0.8,1.0,1.0,1.0,0.8,False,9788968331862,9791140714575
방구석 미술관 :가볍고 편하게 시작하는 유쾌한 교양 미술,다락방 미술관 :그림 속 숨어있는 이야기,예술,미상,False,1,False,0.8,1.0,1.0,1.0,0.8,False,9788968331862,9788973435197
채식주의자:한강 연작소설,소년이 온다 :한강 장편소설,문학,문학,False,3,False,1.8,0.843,0.438,0.438,0.788,False,9788936433598,9788936434120
아주 작은 습관의 힘 :최고의 변화는 어떻게 만들어지는가,퓨처 셀프 :현재와 미래가 달라지는 놀라운 혁명,철학,사회과학,True,2,True,1.5,0.636,0.346,0.346,0.778,False,9791162540640,9791192389325
돈의 속성 :최상위 부자가 말하는 돈에 대한 모든 것,퓨처 셀프 :현재와 미래가 달라지는 놀라운 혁명,사회과학,사회과학,False,2,True,1.5,0.503,0.346,0.346,0.778,False,9791188331796,9791192389325
메리골드 마음 세탁소 =윤정은 장편소설 /Marigold mind laundry,비가 오면 열리는 상점 =유영광 장편소설 /The rainbow goblin store,문학,문학,False,3,False,1.6,0.479,0.843,0.479,0.766,False,9791191891287,9791198173898
해독 혁명 =질병 없는 몸을 위한 5단계 독소 해방 /Detox revolution,내 몸 혁명 :뱃살과 질병 없이 살려면 숫자보다 몸을 바꿔라,기술과학,기술과학,False,2,False,0.9,1.0,0.843,0.843,0.759,False,9788901285146,9791198553317
놓지 마 맞춤법 2 - 불꽃 튀는 본선 속으로,놓지 마 어휘 :한자어,미상,언어,False,2,False,0.9,0.843,1.0,0.843,0.759,False,9788934946601,9788934990987
삶이라는 지옥을 건너는 70가지 방법 :어제의 불행이 오늘의 행복이 되는 쇼펜하우어의 지혜,남에게 보여주려고 인생을 낭비하지 마라 :쇼펜하우어 소품집,철학,철학,False,1,False,0.9,0.843,0.843,0.843,0.759,False,9791155402306,9791169850445
"(펼치는 순간 단숨에 6,000년 역사가 읽히는) 요즘 어른을 위한 최소한의 세계사",요즘 어른을 위한 최소한의 한국사,역사,미상,False,1,False,0.9,1.0,0.843,0.843,0.759,False,9791193128428,9791193128992
당신도 느리게 나이 들 수 있습니다 :나이가 들어도 몸의 시간을 젊게,"지속가능한 나이듦 :노화와 질병, 거스를 수 없다면 미리 준비하라",기술과학,기술과학,False,1,False,0.9,0.843,0.843,0.843,0.759,False,9791140702589,9791188719204
우리가 작별 인사를 할 때마다,세상은 이야기로 만들어졌다 :신화·거짓말·유토피아,문학,총류,True,1,False,0.9,0.843,1.0,0.843,0.759,False,9788932475011,9791192953151
"지속가능한 나이듦 :노년의 질병, 어떻게 대비할 것인가",느리게 나이 드는 습관 :노년내과 의사가 알려주는 감속노화 실천법,기술과학,기술과학,False,1,False,0.9,0.843,0.843,0.843,0.759,False,9791188719167,9791193080146
두 사람의 인터내셔널 :김기태 소설,세상은 이야기로 만들어졌다 :신화·거짓말·유토피아,문학,총류,True,2,False,0.9,0.843,1.0,0.843,0.759,False,9788954697941,9791192953151
김성근이다 :감독으로 말할 수 없었던 못다한 인생 이야기,인생은 순간이다 :삶이라는 타석에서 평생 지켜온 철학,미상,예술,False,1,False,0.9,1.0,0.843,0.843,0.759,False,9788963707204,9791130648385
순례 주택 :유은실 소설,나는 다정한 관찰자가 되기로 했다 :불안에 휘둘리지 않는 단단한 태도에 관하여,문학,기술과학,True,2,False,1.1,0.686,0.751,0.686,0.755,False,9788949123493,9791198752406
"시선으로부터, :정세랑 장편소설",밝은 밤 :최은영 장편소설,문학,문학,False,2,False,1.1,1.0,0.686,0.686,0.755,False,9788954672214,9788954681179
곁에 두고 읽는 니체 :내 인생에 힘이 되어준 니체의 말,마흔에 읽는 니체 =지금 이순간을 살기 위한 철학 수업 /Nietzsche,철학,철학,False,1,False,1.0,1.0,0.751,0.751,0.751,False,9788970654768,9791192300245
나는 다정한 관찰자가 되기로 했다 :불안에 휘둘리지 않는 단단한 태도에 관하여,그렇게 부모가 된다 :17년 교직을 포기하고 좋은 아빠가 되고 싶었던 EBS강사의 이야기,기술과학,미상,False,1,False,1.0,0.751,1.0,0.751,0.751,False,9791198752406,9791198774828
"도둑맞은 집중력 :집중력 위기의 시대, 삶의 주도권을 되찾는 법",불변의 법칙 :절대 변하지 않는 것들에 대한 23가지 이야기,철학,사회과학,True,3,True,2.1,0.238,0.438,0.238,0.75,False,9791167740984,9791198517425
역행자 :돈·시간·운명으로부터 완전한 자유를 얻는 7단계 인생 공략집,(이미 늦었다고 생각하는 당신을 위한) 김미경의 마흔 수업,사회과학,사회과학,False,2,True,1.1,0.438,0.636,0.438,0.722,False,9788901260716,9791198013026
"도둑맞은 집중력 :집중력 위기의 시대, 삶의 주도권을 되찾는 법",시대예보 :핵개인의 시대 =Forecast of the times : era of nuclear individuals,철학,사회과학,True,3,True,2.0,0.238,1.0,0.238,0.714,False,9791167740984,9791170610359
(아이들도 잘 모르고 어른들은 더 모르는) 신기한 현상 사전,과학의 관점 :나만의 '의문'을 찾아내자!,총류,자연과학,True,1,False,0.7,1.0,1.0,1.0,0.7,False,9788934951278,9791188364268
지적 대화를 위한 넓고 얕은 지식 :한 권으로 현실 세계를 통달하는 지식 여행서,"시민의 교양 :지금, 여기, 보통 사람들을 위한 현실 인문학",총류,총류,False,1,False,0.7,1.0,1.0,1.0,0.7,False,9791190313186,9791195677108
놓지 마 맞춤법,놓지 마 속담 1 - 일상생활,언어,미상,False,2,False,0.7,1.0,1.0,1.0,0.7,False,9788934942641,9788934946786
역사의 역사 =History of writing history,문과 남자의 과학 공부 :나는 무엇이고 왜 존재하며 어디로 가는가?,역사,자연과학,True,1,False,0.7,1.0,1.0,1.0,0.7,False,9788971998557,9791192836188
초예측 :세계 석학 8인에게 인류의 미래를 묻다,"사피엔스 :유인원에서 사이보그까지, 인간 역사의 대담하고 위대한 질문",미상,역사,False,1,False,0.7,1.0,1.0,1.0,0.7,False,9788901229614,9788934972464
알고 즐기는 메이저리그 :MLB 야구의 모든 것,대충 봐도 머리에 남는 어린이 야구 상식 :야구의 재미를 제대로 알게 하는 알쏭달쏭 야구의 모든 것,미상,예술,False,1,False,0.7,1.0,1.0,1.0,0.7,False,9788992877381,9791198381811
설민석의 세계사 대모험,(설민석의) 세계사 대모험,역사,미상,False,1,False,0.7,1.0,1.0,1.0,0.7,False,9791196893118,9791196893149
초등 매일 독서의 힘 :'읽는 중학생'을 만드는 초등의 책 읽기,공부머리 독서법 :실현 가능하고 지속 가능한 독서교육의 모든 것,총류,총류,False,1,False,0.7,1.0,1.0,1.0,0.7,False,9791190846318,9791196316808
아홉 살 마음 사전,알아서 해가 떴습니다 :정연철 동시집,철학,문학,True,1,False,0.7,1.0,1.0,1.0,0.7,False,9788936447014,9791160943481
세상에서 제일 재밌는 종이접기 :색종이 한 장이면 장난감 뚝딱!,(네모아저씨의) 페이퍼 블레이드,예술,미상,False,1,False,0.7,1.0,1.0,1.0,0.7,False,9791186494431,9791186494561
(한 권으로 끝내는) 종이접기,세상에서 제일 재밌는 종이접기 :색종이 한 장이면 장난감 뚝딱!,미상,예술,False,1,False,0.7,1.0,1.0,1.0,0.7,False,9791164061471,9791186494431
방구석 미술관 :가볍고 편하게 시작하는 유쾌한 교양 미술,내가 사랑한 화가들 :살면서 한 번은 꼭 들어야 할 아주 특별한 미술 수업,예술,미상,False,1,False,0.7,1.0,1.0,1.0,0.7,False,9788968331862,9791158512132
"왜 유명한 거야, 이 그림?",시간 유전자,예술,미상,False,1,False,0.7,1.0,1.0,1.0,0.7,False,9791167550712,9791194028185
"최민준의 아들코칭 백과 :기질 파악부터 말공부, 사회성, 감정코칭까지",아들을 잘 키우는 말은 따로 있습니다 :아들 내면의 숨겨진 가능성을 깨우는 부모의 말 50가지,기술과학,기술과학,False,1,False,0.7,1.0,1.0,1.0,0.7,False,9791168127531,9791192097916
"왜 유명한 거야, 이 그림?",(세상을 따뜻하게 만드는) 착한 디자인 이야기,예술,미상,False,1,False,0.7,1.0,1.0,1.0,0.7,False,9791167550712,9791170263678
Who? 킬리안 음바페 =Kylian Mbappé,축구 만화 도감 :재밌을 줄 알았는데 멋있어!,역사,예술,True,1,False,0.7,1.0,1.0,1.0,0.7,False,9791130650135,9791190007320
축구 만화 도감 :재밌을 줄 알았는데 멋있어!,나는 축구를 만화로 배웠어요,예술,미상,False,1,False,0.7,1.0,1.0,1.0,0.7,False,9791190007320,9791190808033
도파민네이션 :쾌락 과잉 시대에서 균형 찾기,초집중 :집중력을 지배하고 원하는 인생을 사는 비결,철학,철학,False,1,False,0.7,1.0,1.0,1.0,0.7,False,9788965965046,9791135485121
타키 포오의 코믹 어드벤처 2 - 캐릭온TV 오리지널 코믹스,타키포오 얼렁뚱땅 상식스쿨,미상,총류,False,2,False,0.7,1.0,1.0,1.0,0.7,False,9791169794886,9791171241675
컬트 :세상을 경악시킨 집단 광기의 역사,세상은 이야기로 만들어졌다 :신화·거짓말·유토피아,사회과학,총류,True,1,False,0.7,1.0,1.0,1.0,0.7,False,9788932475066,9791192953151
놓지 마 어휘 :한자어,놓지 마 초등 영어 표현 :정신이와 함께 떠나는 80일간의 줄줄섬 영어 여행,언어,미상,False,1,False,0.7,1.0,1.0,1.0,0.7,False,9788934990987,9791191119879
홍학의 자리 :정해연 장편소설,밝은 밤 :최은영 장편소설,문학,문학,False,2,False,1.0,0.686,0.686,0.686,0.686,False,9788954681155,9788954681179
"어른이 되면 괜찮을 줄 알았다 :심리학, 어른의 안부를 묻다",만일 내가 인생을 다시 산다면 :벌써 마흔이 된 당신에게 해 주고 싶은 말들 42,철학,철학,False,1,False,1.0,1.0,0.686,0.686,0.686,False,9788965708131,9791190538510
타이탄의 도구들 :1만 시간의 법칙을 깬 거인들의 61가지 전략,상상하지 말라 :그들이 말하지 않는 진짜 욕망을 보는 법,사회과학,사회과학,False,1,False,1.0,0.686,0.843,0.686,0.686,False,9791158510619,9791195463800
천 번을 흔들리며 아이는 어른이 됩니다 :사춘기 성장 근육을 키우는 뇌·마음 만들기,나는 다정한 관찰자가 되기로 했다 :불안에 휘둘리지 않는 단단한 태도에 관하여,미상,기술과학,False,1,False,0.9,1.0,0.751,0.751,0.676,False,9791171178636,9791198752406
작별하지 않는다 :한강 장편소설,이처럼 사소한 것들 :클레어 키건 소설,문학,문학,False,2,True,1.4,0.322,0.334,0.322,0.676,False,9788954682152,9791130646381
결코 나의 운명을 원망하지 않으리라 :쇼펜하우어의 인생에 대한 조언(1851),당신의 인생이 왜 힘들지 않아야 한다고 생각하십니까 :쇼펜하우어 아포리즘,철학,철학,False,1,False,0.9,0.843,0.751,0.751,0.676,False,9791192372655,9791192625553
마흔에 읽는 니체 =지금 이순간을 살기 위한 철학 수업 /Nietzsche,마흔에 읽는 그리스 로마 신화 :지금 이 순간을 살기 위한 신화 수업,철학,종교,True,1,False,0.9,0.751,1.0,0.751,0.676,False,9791192300245,9791192300382
부처스 크로싱,세상은 이야기로 만들어졌다 :신화·거짓말·유토피아,문학,총류,True,1,False,0.8,0.843,1.0,0.843,0.675,False,9791187886921,9791192953151
축구를 하며 생각한 것들 :손흥민 첫 에세이,"모든 것은 기본에서 시작한다 :실력도 기술도 사람 됨됨이도, 기본을 지키는 손웅정의 삶의 철학",미상,예술,False,1,False,0.8,0.843,0.843,0.843,0.675,False,9791188073559,9791190382502
호르메시스와 간헐적 단식 =Hormesis intermittent fasting,내 몸 혁명 :뱃살과 질병 없이 살려면 숫자보다 몸을 바꿔라,기술과학,기술과학,False,1,False,0.8,1.0,0.843,0.843,0.675,False,9791189830069,9791198553317
놓지 마 맞춤법,놓지 마 과학!,언어,자연과학,True,2,False,0.8,1.0,0.843,0.843,0.675,False,9788934942641,9791168126336
남에게 보여주려고 인생을 낭비하지 마라 :쇼펜하우어 소품집,결코 나의 운명을 원망하지 않으리라 :쇼펜하우어의 인생에 대한 조언(1851),철학,철학,False,1,False,0.8,0.843,0.843,0.843,0.675,False,9791169850445,9791192372655
달러구트 꿈 백화점 :주문하신 꿈은 매진입니다,메리골드 마음 사진관 =윤정은 장편소설 /Marigold mind photo studio,문학,문학,False,2,False,0.8,0.843,0.843,0.843,0.675,False,9791165341909,9791198530325
축구를 하며 생각한 것들 :손흥민 첫 에세이,나는 읽고 쓰고 버린다 :손웅정의 말,미상,예술,False,1,False,0.8,0.843,0.843,0.843,0.675,False,9791188073559,9791191859836
놓지 마 어휘 :한자어,놓지 마 과학!,언어,자연과학,True,2,False,0.8,1.0,0.843,0.843,0.675,False,9788934990987,9791168122369
인생은 순간이다 :삶이라는 타석에서 평생 지켜온 철학,"이대호, 도전은 끝나지 않았다",예술,미상,False,1,False,0.8,0.843,1.0,0.843,0.675,False,9791130648385,9791139710946
어른의 행복은 조용하다,나를 소모하지 않는 현명한 태도에 관하여,문학,철학,True,2,False,1.6,0.42,0.636,0.42,0.671,False,9791169851053,9791198682505
역행자 :돈·시간·운명으로부터 완전한 자유를 얻는 7단계 인생 공략집,원씽 :복잡한 세상을 이기는 단순함의 힘,사회과학,사회과학,False,2,False,1.5,0.438,0.457,0.438,0.656,False,9788901260716,9788997575169
돈의 속성 :최상위 부자가 말하는 돈에 대한 모든 것,나는 어떻게 삶의 해답을 찾는가 :고명환의 독서 내공,사회과학,총류,True,2,False,1.3,0.503,1.0,0.503,0.654,False,9791188331796,9791189686826
습관의 재발견 :기적 같은 변화를 불러오는 작은 습관의 힘,아주 작은 습관의 힘 :최고의 변화는 어떻게 만들어지는가,철학,철학,False,1,False,1.0,1.0,0.636,0.636,0.636,False,9788997575336,9791162540640
무엇이 나를 행복하게 만드는가,나를 소모하지 않는 현명한 태도에 관하여,철학,철학,False,1,False,1.0,1.0,0.636,0.636,0.636,False,9791198530356,9791198682505
김미경의 리부트 :코로나로 멈춘 나를 다시 일으켜 세우는 법,(이미 늦었다고 생각하는 당신을 위한) 김미경의 마흔 수업,사회과학,사회과학,False,1,False,1.0,1.0,0.636,0.636,0.636,False,9788901243665,9791198013026
(읽으면서 바로 써먹는) 어린이 세계 여행,대충 봐도 머리에 남는 어린이 야구 상식 :야구의 재미를 제대로 알게 하는 알쏭달쏭 야구의 모든 것,역사,예술,True,2,False,1.3,0.479,1.0,0.479,0.623,False,9791158682798,9791198381811
오늘을 산다는 것 :김혜남의 그림편지,만일 내가 인생을 다시 산다면 :벌써 마흔이 된 당신에게 해 주고 싶은 말들 42,문학,철학,True,1,False,0.9,1.0,0.686,0.686,0.618,False,9788957369265,9791190538510
타이탄의 도구들 :1만 시간의 법칙을 깬 거인들의 61가지 전략,"타이탄의 지혜들 :세계 최고의 CEO, 혁신가, 게임 체인저들의 성공 비밀",사회과학,사회과학,False,1,False,0.9,0.686,1.0,0.686,0.618,False,9791158510619,9791158512095
역행자 :돈·시간·운명으로부터 완전한 자유를 얻는 7단계 인생 공략집,아주 작은 습관의 힘 :최고의 변화는 어떻게 만들어지는가,사회과학,철학,True,2,False,1.4,0.438,0.636,0.438,0.613,False,9788901260716,9791162540640
"도둑맞은 집중력 :집중력 위기의 시대, 삶의 주도권을 되찾는 법",퓨처 셀프 :현재와 미래가 달라지는 놀라운 혁명,철학,사회과학,True,2,True,1.7,0.238,0.346,0.238,0.607,False,9791167740984,9791192389325
(읽으면서 바로 써먹는) 어린이 맞춤법 행성,대충 봐도 머리에 남는 어린이 야구 상식 :야구의 재미를 제대로 알게 하는 알쏭달쏭 야구의 모든 것,언어,예술,True,2,False,1.2,0.503,1.0,0.503,0.603,False,9791158682538,9791198381811
고양이 해결사 깜냥,낭만 강아지 봉봉,문학,문학,False,3,False,0.8,0.751,1.0,0.751,0.601,False,9788936447694,9791130622590
아홉 살 마음 사전,고양이 해결사 깜냥,철학,문학,True,1,False,0.8,1.0,0.751,0.751,0.601,False,9788936447014,9788936447694
사랑은 없다 - 쇼펜하우어 인생론 에세이,당신의 인생이 왜 힘들지 않아야 한다고 생각하십니까 :쇼펜하우어 아포리즘,미상,철학,False,1,False,0.8,1.0,0.751,0.751,0.601,False,9788962261288,9791192625553
불편한 편의점 :김호연 장편소설,메리골드 마음 세탁소 =윤정은 장편소설 /Marigold mind laundry,문학,문학,False,2,False,1.8,0.334,0.479,0.334,0.601,False,9791161571379,9791191891287
상위 1%의 비밀은 공부정서에 있습니다 :스스로 해내는 아이로 만드는 정서 관리 원칙,나는 다정한 관찰자가 되기로 했다 :불안에 휘둘리지 않는 단단한 태도에 관하여,미상,기술과학,False,1,False,0.8,1.0,0.751,0.751,0.601,False,9791189217280,9791198752406
불편한 편의점 :김호연 장편소설,(이미 늦었다고 생각하는 당신을 위한) 김미경의 마흔 수업,문학,사회과학,True,2,False,1.8,0.334,0.636,0.334,0.601,False,9791161571379,9791198013026
"니체의 인생 강의 :낙타, 사자, 어린아이로 사는 변신의 삶",마흔에 읽는 니체 =지금 이순간을 살기 위한 철학 수업 /Nietzsche,철학,철학,False,1,False,0.8,1.0,0.751,0.751,0.601,False,9788958628705,9791192300245
공감필법,문과 남자의 과학 공부 :나는 무엇이고 왜 존재하며 어디로 가는가?,문학,자연과학,True,1,False,0.6,1.0,1.0,1.0,0.6,False,9788936480271,9791192836188
(월드클래스 코리안 몬스터) 류현진이랑 야구하자!,대충 봐도 머리에 남는 어린이 야구 상식 :야구의 재미를 제대로 알게 하는 알쏭달쏭 야구의 모든 것,미상,예술,False,1,False,0.6,1.0,1.0,1.0,0.6,False,9791190242202,9791198381811
역사의 쓸모 :자유롭고 떳떳한 삶을 위한 22가지 통찰,(5천년 역사가 단숨에 이해되는) 최소한의 한국사,역사,역사,False,1,False,0.6,1.0,1.0,1.0,0.6,False,9791130621968,9791198243430
역사를 보다 :역사를 뒤흔든 결정적 순간의 재밌고 놀라운 재발견,"(펼치는 순간 단숨에 6,000년 역사가 읽히는) 요즘 어른을 위한 최소한의 세계사",미상,역사,False,1,False,0.6,1.0,1.0,1.0,0.6,False,9791170435488,9791193128428
외딴 집 외딴 다락방에서,공부머리 독서법 :실현 가능하고 지속 가능한 독서교육의 모든 것,문학,총류,True,1,False,0.6,1.0,1.0,1.0,0.6,False,9788984140776,9791196316808
어느 날 문이 사라졌다,"왜 유명한 거야, 이 그림?",미상,예술,False,1,False,0.6,1.0,1.0,1.0,0.6,False,9791141608880,9791167550712
"최민준의 아들코칭 백과 :기질 파악부터 말공부, 사회성, 감정코칭까지",부모의 어휘력 :정확히 말할수록 아이의 세상이 커지는 필수 어휘 126,기술과학,기술과학,False,1,False,0.6,1.0,1.0,1.0,0.6,False,9791168127531,9791168271999
그로잉 업 =LG생활건강 멈춤 없는 성장의 원리 /Growing up,나는 어떻게 삶의 해답을 찾는가 :고명환의 독서 내공,사회과학,총류,True,1,False,0.6,1.0,1.0,1.0,0.6,False,9791187289630,9791189686826
"선생님, 있잖아요",(아이들도 잘 모르고 어른들은 더 모르는) 신기한 현상 사전,문학,총류,True,1,False,0.6,1.0,1.0,1.0,0.6,False,9788934921325,9788934951278
"최민준의 아들코칭 백과 :기질 파악부터 말공부, 사회성, 감정코칭까지","남자아이 대백과 :한 권으로 끝내는 아들의 유년기, 학교생활, 사춘기 양육 기술",기술과학,기술과학,False,1,False,0.6,1.0,1.0,1.0,0.6,False,9791168127531,9791191104677
컬처 :하버드대 마틴 푸크너의 인류 문화 오디세이,세상은 이야기로 만들어졌다 :신화·거짓말·유토피아,역사,총류,True,1,False,0.6,1.0,1.0,1.0,0.6,False,9791167741370,9791192953151
(도슨트 정우철의) 미술 극장 :언택트 미술관 여행,방구석 미술관 :가볍고 편하게 시작하는 유쾌한 교양 미술,미상,예술,False,1,False,0.6,1.0,1.0,1.0,0.6,False,9788954758246,9788968331862
도파민네이션 :쾌락 과잉 시대에서 균형 찾기,"울트라러닝, 세계 0.1%가 지식을 얻는 비밀 :짧은 시간에 가장 완벽한 지식을 얻는 9단계 초학습법",철학,사회과학,True,1,False,0.6,1.0,1.0,1.0,0.6,False,9788965965046,9791162541289
흔한남매 불꽃 튀는 우리말 :초등 국어 고수 되기 프로젝트,(흔한남매) 별난 방탈출 :탈출 미션 스토리북,언어,예술,True,1,False,0.6,1.0,1.0,1.0,0.6,False,9791130637594,9791164137879
내가 틀릴 수도 있습니다 =숲속의 현자가 전하는 마지막 인생수업 /I may be wrong,당신이 생각하는 모든 것을 믿지 말라,종교,사회과학,True,1,False,0.6,1.0,1.0,1.0,0.6,False,9791130689890,9791198517401
Who? 이강인 =Kang In,축구 만화 도감 :재밌을 줄 알았는데 멋있어!,미상,예술,False,1,False,0.6,1.0,1.0,1.0,0.6,False,9791130660530,9791190007320
의외로 경기보다 재미있는 축구도감,축구 만화 도감 :재밌을 줄 알았는데 멋있어!,미상,예술,False,1,False,0.6,1.0,1.0,1.0,0.6,False,9788934988892,9791190007320
세상에서 제일 재밌는 종이접기 :색종이 한 장이면 장난감 뚝딱!,(네모아저씨의) 페이퍼 블레이드,예술,예술,False,1,False,0.6,1.0,1.0,1.0,0.6,False,9791186494431,9791186494615
세상에서 제일 재밌는 종이접기 :색종이 한 장이면 장난감 뚝딱!,하루 한 장 오늘의 종이접기,예술,미상,False,1,False,0.6,1.0,1.0,1.0,0.6,False,9791186494431,9791197209963
타키포오 얼렁뚱땅 상식스쿨,타키·포오 탐정사무소,총류,역사,True,2,False,0.6,1.0,1.0,1.0,0.6,False,9791171241675,9791172456597
천하제일 치킨 쇼,"왜 유명한 거야, 이 그림?",문학,예술,True,1,False,0.6,1.0,1.0,1.0,0.6,False,9788949121994,9791167550712
"왜 유명한 거야, 이 그림?","왜 유명한 거야, 이 도시?",예술,미상,False,1,False,0.6,1.0,1.0,1.0,0.6,False,9791167550712,9791167552372
축구 만화 도감 :재밌을 줄 알았는데 멋있어!,대충 봐도 머리에 남는 어린이 야구 상식 :야구의 재미를 제대로 알게 하는 알쏭달쏭 야구의 모든 것,예술,예술,False,2,False,0.6,1.0,1.0,1.0,0.6,False,9791190007320,9791198381811
아홉 살 마음 사전,아기 토끼와 채송화 꽃 :권정생 동화집,철학,문학,True,1,False,0.6,1.0,1.0,1.0,0.6,False,9788936447014,9788936451349
불변의 법칙 :절대 변하지 않는 것들에 대한 23가지 이야기,나를 소모하지 않는 현명한 태도에 관하여,사회과학,철학,True,2,True,0.9,0.438,0.636,0.438,0.591,False,9791198517425,9791198682505
흔한남매 이상한 나라의 고전 읽기,(흔한남매) 별난 세계 여행,문학,역사,True,1,False,0.7,1.0,0.843,0.843,0.59,False,9791168412248,9791168415355
시대예보 :핵개인의 시대 =Forecast of the times : era of nuclear individuals,상상하지 말라 :그들이 말하지 않는 진짜 욕망을 보는 법,사회과학,사회과학,False,1,False,0.7,1.0,0.843,0.843,0.59,False,9791170610359,9791187289616
"쇼펜하우어 지금, 이 순간을 즐겨라",남에게 보여주려고 인생을 낭비하지 마라 :쇼펜하우어 소품집,미상,철학,False,1,False,0.7,0.843,0.843,0.843,0.59,False,9791167090119,9791169850445
아홉 살 마음 사전,고양이 해결사 깜냥,철학,문학,True,1,False,0.7,1.0,0.843,0.843,0.59,False,9788936447014,9788936448370
인생은 순간이다 :삶이라는 타석에서 평생 지켜온 철학,오타니 쇼헤이의 위대한 시즌 :야구소년에서 메이저리그 MVP까지 오타니는 어떻게 야구를 제패했나,예술,미상,False,1,False,0.7,0.843,1.0,0.843,0.59,False,9791130648385,9791168128316
왜 우리는 매일 거대도시로 향하는가 :교통지옥에 갇힌 도시생활자의 기쁨과 슬픔,당신도 느리게 나이 들 수 있습니다 :나이가 들어도 몸의 시간을 젊게,사회과학,기술과학,True,1,False,0.7,0.843,0.843,0.843,0.59,False,9788934935001,9791140702589
세이노의 가르침 :피보다 진하게 살아라,불변의 법칙 :절대 변하지 않는 것들에 대한 23가지 이야기,사회과학,사회과학,False,3,True,1.4,0.281,0.438,0.281,0.59,False,9791168473690,9791198517425
아홉 살 마음 사전,만복이네 떡집,철학,문학,True,1,False,0.7,1.0,0.843,0.843,0.59,False,9788936447014,9788949161341
나는 나의 스무 살을 가장 존중한다,나는 읽고 쓰고 버린다 :손웅정의 말,사회과학,예술,True,1,False,0.7,0.843,0.843,0.843,0.59,False,9791158512859,9791191859836
(건강과 다이어트를 동시에 잡는) 채소·과일식 :단순하면서 자연스러운 가장 효과적인 식단,내 몸 혁명 :뱃살과 질병 없이 살려면 숫자보다 몸을 바꿔라,기술과학,기술과학,False,2,False,0.7,0.843,0.843,0.843,0.59,False,9791158773120,9791198553317
"(펼치는 순간 단숨에 6,000년 역사가 읽히는) 요즘 어른을 위한 최소한의 세계사",최소한의 삼국지 :최태성의 삼국지 고전 특강,역사,미상,False,1,False,0.7,1.0,0.843,0.843,0.59,False,9791193128428,9791193401583
아버지의 해방일지 :정지아 장편소설,이처럼 사소한 것들 :클레어 키건 소설,문학,문학,False,2,True,1.7,0.23,0.334,0.23,0.587,False,9788936438838,9791130646381
오늘부터 다시 스무 살입니다 - 공부하고 도전하고 꿈꾸는 나를 만나는 시간,(이미 늦었다고 생각하는 당신을 위한) 김미경의 마흔 수업,미상,사회과학,False,1,False,0.9,1.0,0.636,0.636,0.572,False,9791197509605,9791198013026
나를 소모하지 않는 현명한 태도에 관하여,"침묵을 배우는 시간 :말이 넘쳐나는 세상 속, 더욱 빛을 발하는 침묵의 품격",철학,사회과학,True,1,False,0.9,0.636,1.0,0.636,0.572,False,9791198682505,9791198752444
불편한 편의점 :김호연 장편소설,달러구트 꿈 백화점 :주문하신 꿈은 매진입니다,문학,문학,False,3,False,1.7,0.334,0.843,0.334,0.567,False,9791161571379,9791165341909
만일 내가 인생을 다시 산다면 :벌써 마흔이 된 당신에게 해 주고 싶은 말들 42,당신과 나 사이 :너무 멀어서 외롭지 않고 너무 가까워서 상처 입지 않는 거리를 찾는 법,철학,철학,False,1,False,0.8,0.686,1.0,0.686,0.549,False,9791190538510,9791196067632
밝은 밤 :최은영 장편소설,애쓰지 않아도 :최은영 짧은 소설,문학,문학,False,1,False,0.8,0.686,1.0,0.686,0.549,False,9788954681179,9788960907348
타이탄의 도구들 :1만 시간의 법칙을 깬 거인들의 61가지 전략,마흔이 되기 전에,사회과학,사회과학,False,1,False,0.8,0.686,1.0,0.686,0.549,False,9791158510619,9791158511081
마흔에 읽는 니체 =지금 이순간을 살기 위한 철학 수업 /Nietzsche,"위버멘쉬 :누구의 시선도 아닌, 내 의지대로 살겠다는 선언",철학,철학,False,1,False,0.8,0.751,0.686,0.686,0.549,False,9791192300245,9791192372730
국어 잘하는 아이가 이깁니다 :'갓민애' 교수의 초등 국어 달인 만들기,아이는 무엇으로 자라는가 :세계적 가족 심리학자 버지니아 사티어의 15가지 양육 법칙,사회과학,기술과학,True,2,False,0.8,0.686,1.0,0.686,0.549,False,9788934965404,9791193506202
(아이들도 잘 모르고 어른들은 더 모르는) 신기한 현상 사전,흔한남매,총류,문학,True,1,False,0.8,1.0,0.686,0.686,0.549,False,9788934951278,9791164136261
원씽 :복잡한 세상을 이기는 단순함의 힘,아주 작은 습관의 힘 :최고의 변화는 어떻게 만들어지는가,사회과학,철학,True,2,False,1.2,0.457,0.636,0.457,0.549,False,9788997575169,9791162540640
아홉 살 마음 사전,흔한남매,철학,문학,True,1,False,0.9,1.0,0.595,0.595,0.535,False,9788936447014,9791168418844
이처럼 사소한 것들 :클레어 키건 소설,내가 틀릴 수도 있습니다 =숲속의 현자가 전하는 마지막 인생수업 /I may be wrong,문학,종교,True,2,False,1.6,0.334,1.0,0.334,0.534,False,9791130646381,9791130689890
이처럼 사소한 것들 :클레어 키건 소설,나를 소모하지 않는 현명한 태도에 관하여,문학,철학,True,2,False,1.6,0.334,0.636,0.334,0.534,False,9791130646381,9791198682505
이처럼 사소한 것들 :클레어 키건 소설,이중 하나는 거짓말 :김애란 장편소설,문학,문학,False,3,False,1.6,0.334,0.479,0.334,0.534,False,9791130646381,9791141601300
도파민네이션 :쾌락 과잉 시대에서 균형 찾기,"물고기는 존재하지 않는다 :상실, 사랑 그리고 숨어 있는 삶의 질서에 관한 이야기",철학,자연과학,True,2,False,1.0,1.0,0.529,0.529,0.529,False,9788965965046,9791189327156
자연에 이름 붙이기 :보이지 않던 세계가 보이기 시작할 때,"물고기는 존재하지 않는다 :상실, 사랑 그리고 숨어 있는 삶의 질서에 관한 이야기",자연과학,자연과학,False,1,False,1.0,1.0,0.529,0.529,0.529,False,9791155816462,9791189327156
고양이 해결사 깜냥,공부머리 독서법 :실현 가능하고 지속 가능한 독서교육의 모든 것,문학,총류,True,1,False,0.7,0.751,1.0,0.751,0.526,False,9788936447694,9791196316808
"최민준의 아들코칭 백과 :기질 파악부터 말공부, 사회성, 감정코칭까지",나는 다정한 관찰자가 되기로 했다 :불안에 휘둘리지 않는 단단한 태도에 관하여,기술과학,기술과학,False,1,False,0.7,1.0,0.751,0.751,0.526,False,9791168127531,9791198752406
"80년대생 학부모, 당신은 누구십니까 :우리의 미래를 좌우할 새로운 세대 발견, 더 하이퍼리얼 보고서",나는 다정한 관찰자가 되기로 했다 :불안에 휘둘리지 않는 단단한 태도에 관하여,미상,기술과학,False,1,False,0.7,1.0,0.751,0.751,0.526,False,9791197667312,9791198752406
"사는 게 고통일 때, 쇼펜하우어 :욕망과 권태 사이에서 당신을 구할 철학 수업",당신의 인생이 왜 힘들지 않아야 한다고 생각하십니까 :쇼펜하우어 아포리즘,철학,철학,False,1,False,0.7,1.0,0.751,0.751,0.526,False,9788950995485,9791192625553
공부머리 독서법 :실현 가능하고 지속 가능한 독서교육의 모든 것,나는 다정한 관찰자가 되기로 했다 :불안에 휘둘리지 않는 단단한 태도에 관하여,총류,기술과학,True,1,False,0.7,1.0,0.751,0.751,0.526,False,9791196316808,9791198752406
니체의 인생 상담소 :인생의 본질에 대한 니체의 12가지 통찰과 조언!,마흔에 읽는 니체 =지금 이순간을 살기 위한 철학 수업 /Nietzsche,철학,철학,False,1,False,0.7,1.0,0.751,0.751,0.526,False,9788970673592,9791192300245
시대예보 :핵개인의 시대 =Forecast of the times : era of nuclear individuals,불변의 법칙 :절대 변하지 않는 것들에 대한 23가지 이야기,사회과학,사회과학,False,2,False,1.2,1.0,0.438,0.438,0.525,False,9791170610359,9791198517425
마흔에 읽는 쇼펜하우어 :마음의 위기를 다스리는 철학 수업,아이는 무엇으로 자라는가 :세계적 가족 심리학자 버지니아 사티어의 15가지 양육 법칙,철학,기술과학,True,2,False,1.8,0.29,1.0,0.29,0.523,False,9791192300818,9791193506202
나는 어떻게 삶의 해답을 찾는가 :고명환의 독서 내공,퓨처 셀프 :현재와 미래가 달라지는 놀라운 혁명,총류,사회과학,True,2,False,1.5,1.0,0.346,0.346,0.519,False,9791189686826,9791192389325
인생은 순간이다 :삶이라는 타석에서 평생 지켜온 철학,퓨처 셀프 :현재와 미래가 달라지는 놀라운 혁명,예술,사회과학,True,2,False,1.5,0.843,0.346,0.346,0.519,False,9791130648385,9791192389325
감정의 이해,나를 소모하지 않는 현명한 태도에 관하여,철학,철학,False,1,False,0.8,1.0,0.636,0.636,0.509,False,9791193506455,9791198682505
이 한마디가 나를 살렸다 :100번 넘어져도 101번 일으켜 세워준 김미경의 말,(이미 늦었다고 생각하는 당신을 위한) 김미경의 마흔 수업,사회과학,사회과학,False,1,False,0.8,1.0,0.636,0.636,0.509,False,9788950986919,9791198013026
아주 작은 습관의 힘 :최고의 변화는 어떻게 만들어지는가,(끝까지 계속하게 만드는) 아주 작은 반복의 힘 :UCLA 의과대학에서 수행한 22년 연구성과물,철학,사회과학,True,1,False,0.8,0.636,1.0,0.636,0.509,False,9791162540640,9791187165002
음식중독 =뇌를 자극하는 맛의 역습! 더 이상 스스로를 통제할 수 없다 /Food addicton,내 몸 혁명 :뱃살과 질병 없이 살려면 숫자보다 몸을 바꿔라,기술과학,기술과학,False,1,False,0.6,1.0,0.843,0.843,0.506,False,9788934993353,9791198553317
네 인생 우습지 않다 :인생 일타강사 전한길의 50가지 행복론,"모든 것은 기본에서 시작한다 :실력도 기술도 사람 됨됨이도, 기본을 지키는 손웅정의 삶의 철학",사회과학,예술,True,1,False,0.6,0.843,0.843,0.843,0.506,False,9788950920043,9791190382502
당신도 느리게 나이 들 수 있습니다 :나이가 들어도 몸의 시간을 젊게,"저속노화 마인드셋 :노년내과 의사가 알려주는, 내 몸의 주도권을 되찾고 무너진 삶을 회복하는 법",기술과학,기술과학,False,1,False,0.6,0.843,0.843,0.843,0.506,False,9791140702589,9791194627074
"70세가 노화의 갈림길 :젊음을 지속하는 사람, 단번에 늙어버리는 사람의 차이",당신도 느리게 나이 들 수 있습니다 :나이가 들어도 몸의 시간을 젊게,기술과학,기술과학,False,1,False,0.6,1.0,0.843,0.843,0.506,False,9788965020004,9791140702589
시대예보 :핵개인의 시대 =Forecast of the times : era of nuclear individuals,상상하지 말라 :그들이 말하지 않는 진짜 욕망을 보는 법,사회과학,사회과학,False,1,False,0.6,1.0,0.843,0.843,0.506,False,9791170610359,9791195463800
고양이 해결사 깜냥,공부머리 독서법 :실현 가능하고 지속 가능한 독서교육의 모든 것,문학,총류,True,1,False,0.6,0.843,1.0,0.843,0.506,False,9788936448370,9791196316808
인생에 변명하지 마라,인생은 순간이다 :삶이라는 타석에서 평생 지켜온 철학,미상,예술,False,1,False,0.6,1.0,0.843,0.843,0.506,False,9788965700869,9791130648385
아홉 살 마음 사전,고양이 해결사 깜냥,철학,문학,True,1,False,0.6,1.0,0.843,0.843,0.506,False,9788936447014,9788936447861
놓지 마 속담,놓지 마 맞춤법,사회과학,언어,True,1,False,0.6,0.843,1.0,0.843,0.506,False,9788934908760,9788934942641
놓지 마 어휘 :한자어,놓지 마 과학!,언어,자연과학,True,1,False,0.6,1.0,0.843,0.843,0.506,False,9788934990987,9791190630184
아이는 무엇으로 자라는가 :세계적 가족 심리학자 버지니아 사티어의 15가지 양육 법칙,아이의 뇌 =뇌과학에서 찾아낸 4가지 양육 원칙 /A child's brain,기술과학,기술과학,False,1,False,0.6,1.0,0.843,0.843,0.506,False,9791193506202,9791193506981
요즘 어른을 위한 최소한의 한국사,(5천년 역사가 단숨에 이해되는) 최소한의 한국사,미상,역사,False,1,False,0.6,0.843,1.0,0.843,0.506,False,9791193128992,9791198243430
왜 우리는 매일 거대도시로 향하는가 :교통지옥에 갇힌 도시생활자의 기쁨과 슬픔,느리게 나이 드는 습관 :노년내과 의사가 알려주는 감속노화 실천법,사회과학,기술과학,True,1,False,0.6,0.843,0.843,0.843,0.506,False,9788934935001,9791193080146
나는 읽고 쓰고 버린다 :손웅정의 말,삶이라는 완벽한 농담 :이경규 에세이,예술,미상,False,1,False,0.6,0.843,1.0,0.843,0.506,False,9791191859836,9791194246800
놓지 마 어휘 :한자어,놓지 마 과학!,언어,자연과학,True,1,False,0.6,1.0,0.843,0.843,0.506,False,9788934990987,9791171712267
놓지 마 맞춤법,놓지 마 과학!,언어,자연과학,True,1,False,0.6,1.0,0.843,0.843,0.506,False,9788934942641,9791171712267
돈의 속성 :최상위 부자가 말하는 돈에 대한 모든 것,알면서도 알지 못하는 것들 :가장 기본적인 소망에 대하여,사회과학,철학,True,1,False,1.0,0.503,1.0,0.503,0.503,False,9791188331796,9791195963300
돈의 속성 :최상위 부자가 말하는 돈에 대한 모든 것,사장학개론,사회과학,사회과학,False,2,False,1.0,0.503,1.0,0.503,0.503,False,9791188331796,9791188331888
아홉 살 마음 사전,고양이 해결사 깜냥,철학,문학,True,1,False,0.5,1.0,1.0,1.0,0.5,False,9788936447014,9788936448011
"(영화보다,) 세계사 :영화가 새로워지고 역사가 재미있어지는","(펼치는 순간 단숨에 6,000년 역사가 읽히는) 요즘 어른을 위한 최소한의 세계사",미상,역사,False,1,False,0.5,1.0,1.0,1.0,0.5,False,9791161728803,9791193128428
불편한 편의점 :김호연 장편소설,나는 다정한 관찰자가 되기로 했다 :불안에 휘둘리지 않는 단단한 태도에 관하여,문학,기술과학,True,2,False,1.5,0.334,0.751,0.334,0.5,False,9791161571379,9791198752406
아홉 살 독서 수업 :부모가 알아야 할 초등 저학년 독서의 모든 것,공부머리 독서법 :실현 가능하고 지속 가능한 독서교육의 모든 것,총류,총류,False,1,False,0.5,1.0,1.0,1.0,0.5,False,9791190030137,9791196316808
Who? 김도영 =Kim Do Yeong,대충 봐도 머리에 남는 어린이 야구 상식 :야구의 재미를 제대로 알게 하는 알쏭달쏭 야구의 모든 것,미상,예술,False,1,False,0.5,1.0,1.0,1.0,0.5,False,9791130665849,9791198381811
에그박사의 채집 일기 :스티커로 채집하는 자연 생물 관찰 만화,에그박사의 이건 누구 똥?!,자연과학,자연과학,False,1,False,0.5,1.0,1.0,1.0,0.5,False,9791164137800,9791168412705
시대예보 :핵개인의 시대 =Forecast of the times : era of nuclear individuals,라이프 트렌드 2025 :조용한 사람들 =Life trend : quiet & silent,사회과학,사회과학,False,1,False,0.5,1.0,1.0,1.0,0.5,False,9791170610359,9791193528365
거꾸로 읽는 세계사,문과 남자의 과학 공부 :나는 무엇이고 왜 존재하며 어디로 가는가?,역사,자연과학,True,1,False,0.5,1.0,1.0,1.0,0.5,False,9791191438406,9791192836188
유시민의 공감필법,문과 남자의 과학 공부 :나는 무엇이고 왜 존재하며 어디로 가는가?,총류,자연과학,True,1,False,0.5,1.0,1.0,1.0,0.5,False,9788936472979,9791192836188
세상에서 제일 재밌는 종이접기 :색종이 한 장이면 장난감 뚝딱!,(네모아저씨의) 페이퍼 블레이드,예술,예술,False,1,False,0.5,1.0,1.0,1.0,0.5,False,9791186494431,9791186494714
아홉 살 마음 사전,뜨고 지고!,철학,언어,True,1,False,0.5,1.0,1.0,1.0,0.5,False,9788936447014,9788955820843
세상에서 제일 재밌는 종이접기 :색종이 한 장이면 장난감 뚝딱!,(아이가 좋아하는) 종이접기 :아이큐 쑥쑥 재미 팡팡,예술,미상,False,1,False,0.5,1.0,1.0,1.0,0.5,False,9791186494431,9791187310112
5번 레인,"왜 유명한 거야, 이 그림?",문학,예술,True,1,False,0.5,1.0,1.0,1.0,0.5,False,9788954674638,9791167550712
불편한 편의점 :김호연 장편소설,만일 내가 인생을 다시 산다면 :벌써 마흔이 된 당신에게 해 주고 싶은 말들 42,문학,철학,True,2,False,1.5,0.334,0.686,0.334,0.5,False,9791161571379,9791190538510
페이머스 :왜 그들만 유명할까,세상은 이야기로 만들어졌다 :신화·거짓말·유토피아,사회과학,총류,True,1,False,0.5,1.0,1.0,1.0,0.5,False,9788947549967,9791192953151
갈림길,"왜 유명한 거야, 이 그림?",미상,예술,False,1,False,0.5,1.0,1.0,1.0,0.5,False,9788901272597,9791167550712
놓지 마 어휘 :한자어,놓지 마 맞춤법,언어,미상,False,2,False,0.5,1.0,1.0,1.0,0.5,False,9788934990987,9791173320385
흔한남매 불꽃 튀는 우리말 :초등 국어 고수 되기 프로젝트,(흔한남매) 별난 방탈출 :탈출 미션 스토리북,언어,예술,True,1,False,0.5,1.0,1.0,1.0,0.5,False,9791130637594,9791164138715
숫자로 알아보는 세계 축구 기록,축구 만화 도감 :재밌을 줄 알았는데 멋있어!,미상,예술,False,1,False,0.5,1.0,1.0,1.0,0.5,False,9791185653396,9791190007320
도파민네이션 :쾌락 과잉 시대에서 균형 찾기,운동의 뇌과학 :불안장애에 시달린 뇌과학자가 발견한 7가지 운동의 힘,철학,기술과학,True,1,False,0.5,1.0,1.0,1.0,0.5,False,9788965965046,9791139716009
내가 틀릴 수도 있습니다 =숲속의 현자가 전하는 마지막 인생수업 /I may be wrong,아직 오지 않은 날들을 위하여 :세계적 지성이 전하는 나이듦의 새로운 태도,종교,철학,True,1,False,0.5,1.0,1.0,1.0,0.5,False,9791130689890,9791168340039
이기적 유전자,"사피엔스 :유인원에서 사이보그까지, 인간 역사의 대담하고 위대한 질문",자연과학,역사,True,1,False,0.5,1.0,1.0,1.0,0.5,False,9788932473901,9788934972464
방구석 미술관 :가볍고 편하게 시작하는 유쾌한 교양 미술,하룻밤 미술관 - 잠들기 전 이불 속 설레는 미술관 산책,예술,미상,False,1,False,0.5,1.0,1.0,1.0,0.5,False,9788968331862,9791130639895
깨어있는 양육 :아이가 보내는 신호를 제대로 읽고 소통하는 법,아이는 무엇으로 자라는가 :세계적 가족 심리학자 버지니아 사티어의 15가지 양육 법칙,기술과학,기술과학,False,1,False,0.5,1.0,1.0,1.0,0.5,False,9791190457279,9791193506202
가재미 :문태준 시집,나는 어떻게 삶의 해답을 찾는가 :고명환의 독서 내공,문학,총류,True,1,False,0.5,1.0,1.0,1.0,0.5,False,9788932017136,9791189686826
(아이들도 잘 모르고 어른들은 더 모르는) 신기한 현상 사전,개가 말하는 친구 사용법,총류,문학,True,1,False,0.5,1.0,1.0,1.0,0.5,False,9788934951278,9788962479171
"우리는 언젠가 만난다 :나, 타인, 세계를 이어주는 40가지 눈부신 이야기",지적 대화를 위한 넓고 얕은 지식 :한 권으로 현실 세계를 통달하는 지식 여행서,총류,총류,False,1,False,0.5,1.0,1.0,1.0,0.5,False,9791188248124,9791190313186
벌거벗은 한국사 :격동의 500년이 단숨에 이해되는 스토리텔링 고려사,(5천년 역사가 단숨에 이해되는) 최소한의 한국사,미상,역사,False,1,False,0.5,1.0,1.0,1.0,0.5,False,9791193401125,9791198243430
아버지의 해방일지 :정지아 장편소설,작별하지 않는다 :한강 장편소설,문학,문학,False,2,True,1.4,0.23,0.322,0.23,0.484,False,9788936438838,9788954682152
작별하지 않는다 :한강 장편소설,문과 남자의 과학 공부 :나는 무엇이고 왜 존재하며 어디로 가는가?,문학,자연과학,True,2,False,1.5,0.322,1.0,0.322,0.483,False,9788954682152,9791192836188
흰 :한강 소설,작별하지 않는다 :한강 장편소설,문학,문학,False,2,False,1.5,0.843,0.322,0.322,0.483,False,9788954651134,9788954682152
타이탄의 도구들 :1만 시간의 법칙을 깬 거인들의 61가지 전략,나는 4시간만 일한다 :디지털 노마드 시대 완전히 새로운 삶의 방식,사회과학,사회과학,False,1,False,0.7,0.686,0.843,0.686,0.48,False,9791158510619,9791185584454
흔한남매,축구 만화 도감 :재밌을 줄 알았는데 멋있어!,문학,예술,True,1,False,0.7,0.686,1.0,0.686,0.48,False,9791164134267,9791190007320
국어 잘하는 아이가 이깁니다 :'갓민애' 교수의 초등 국어 달인 만들기,"최민준의 아들코칭 백과 :기질 파악부터 말공부, 사회성, 감정코칭까지",사회과학,기술과학,True,2,False,0.7,0.686,1.0,0.686,0.48,False,9788934965404,9791168127531
만일 내가 인생을 다시 산다면 :벌써 마흔이 된 당신에게 해 주고 싶은 말들 42,보이지 않는 것에 의미가 있다 :영화가 묻고 심리학이 답하다,철학,철학,False,1,False,0.7,0.686,1.0,0.686,0.48,False,9791190538510,9791191393460
만일 내가 인생을 다시 산다면 :벌써 마흔이 된 당신에게 해 주고 싶은 말들 42,메리골드 마음 세탁소 =윤정은 장편소설 /Marigold mind laundry,철학,문학,True,2,False,1.0,0.686,0.479,0.479,0.479,False,9791190538510,9791191891287
내가 틀릴 수도 있습니다 =숲속의 현자가 전하는 마지막 인생수업 /I may be wrong,"물고기는 존재하지 않는다 :상실, 사랑 그리고 숨어 있는 삶의 질서에 관한 이야기",종교,자연과학,True,1,False,0.9,1.0,0.529,0.529,0.476,False,9791130689890,9791189327156
(아이들도 잘 모르고 어른들은 더 모르는) 신기한 현상 사전,흔한남매,총류,문학,True,1,False,0.9,1.0,0.529,0.529,0.476,False,9788934951278,9791164138197
박곰희 연금 부자 수업 :4개의 통장으로 월 300만원 만들기,돈의 심리학 :당신은 왜 부자가 되지 못했는가,사회과학,사회과학,False,1,False,0.8,0.751,0.595,0.595,0.476,False,9791168342941,9791191056372
모순 :양귀자 장편소설,"물고기는 존재하지 않는다 :상실, 사랑 그리고 숨어 있는 삶의 질서에 관한 이야기",문학,자연과학,True,1,False,0.9,0.529,0.529,0.529,0.476,False,9788998441012,9791189327156
우리가 작별 인사를 할 때마다,"물고기는 존재하지 않는다 :상실, 사랑 그리고 숨어 있는 삶의 질서에 관한 이야기",문학,자연과학,True,1,False,0.9,0.843,0.529,0.529,0.476,False,9788932475011,9791189327156
저스트. 킵. 바잉. :당신을 부자로 만들어줄 3개의 단어,돈의 심리학 :당신은 왜 부자가 되지 못했는가,사회과학,사회과학,False,1,False,0.8,1.0,0.595,0.595,0.476,False,9791165345471,9791191056372
흔한남매,세상에서 제일 재밌는 종이접기 :색종이 한 장이면 장난감 뚝딱!,문학,예술,True,1,False,0.8,0.595,1.0,0.595,0.476,False,9791168418844,9791186494431
"물고기는 존재하지 않는다 :상실, 사랑 그리고 숨어 있는 삶의 질서에 관한 이야기",지적 대화를 위한 넓고 얕은 지식 :한 권으로 현실 세계를 통달하는 지식 여행서,자연과학,총류,True,2,False,0.9,0.529,1.0,0.529,0.476,False,9791189327156,9791190313186
아버지의 해방일지 :정지아 장편소설,만일 내가 인생을 다시 산다면 :벌써 마흔이 된 당신에게 해 주고 싶은 말들 42,문학,철학,True,2,False,2.0,0.23,0.686,0.23,0.461,False,9788936438838,9791190538510
어른의 행복은 조용하다,나는 다정한 관찰자가 되기로 했다 :불안에 휘둘리지 않는 단단한 태도에 관하여,문학,기술과학,True,2,False,1.1,0.42,0.751,0.42,0.461,False,9791169851053,9791198752406
아버지의 해방일지 :정지아 장편소설,불편한 편의점 :김호연 장편소설,문학,문학,False,2,False,2.0,0.23,0.334,0.23,0.461,False,9788936438838,9791161571379
흔한남매,대충 봐도 머리에 남는 어린이 야구 상식 :야구의 재미를 제대로 알게 하는 알쏭달쏭 야구의 모든 것,문학,예술,True,2,False,1.0,0.457,1.0,0.457,0.457,False,9791168411685,9791198381811
"생각의 비밀 =김밥 파는 CEO, 부자의 탄생을 말하다 /Thoughts become things",돈의 속성 :최상위 부자가 말하는 돈에 대한 모든 것,사회과학,사회과학,False,1,False,0.9,1.0,0.503,0.503,0.452,False,9788997287093,9791188331796
희랍어 시간 :한강 장편소설,작별하지 않는다 :한강 장편소설,문학,문학,False,2,False,1.4,0.843,0.322,0.322,0.451,False,9788954616515,9788954682152
스스로 해내는 아이의 비밀 :스탠퍼드대 박사 엄마의 뇌과학 컨설팅,나는 다정한 관찰자가 되기로 했다 :불안에 휘둘리지 않는 단단한 태도에 관하여,기술과학,기술과학,False,1,False,0.6,1.0,0.751,0.751,0.451,False,9791198710444,9791198752406
"쇼펜하우어 지금, 이 순간을 즐겨라",당신의 인생이 왜 힘들지 않아야 한다고 생각하십니까 :쇼펜하우어 아포리즘,미상,철학,False,1,False,0.6,0.843,0.751,0.751,0.451,False,9791167090119,9791192625553
니체와 함께 산책을 :세상의 속도에 휩쓸리지 않고 나를 여행하는 법,마흔에 읽는 니체 =지금 이순간을 살기 위한 철학 수업 /Nietzsche,철학,철학,False,1,False,0.6,1.0,0.751,0.751,0.451,False,9791130641188,9791192300245
남에게 보여주려고 인생을 낭비하지 마라 :쇼펜하우어 소품집,어차피 남들은 나에게 관심 없다 :쇼펜하우어의 인간관계 철학,철학,철학,False,1,False,0.6,0.843,0.751,0.751,0.451,False,9791169850445,9791198621405
도파민네이션 :쾌락 과잉 시대에서 균형 찾기,"경험의 멸종 :기술이 경험을 대체하는 시대, 인간은 계속 인간일 수 있을까",철학,사회과학,True,1,False,0.6,1.0,0.751,0.751,0.451,False,9788965965046,9791167742063
원씽 :복잡한 세상을 이기는 단순함의 힘,퓨처 셀프 :현재와 미래가 달라지는 놀라운 혁명,사회과학,사회과학,False,2,False,1.3,0.457,0.346,0.346,0.45,False,9788997575169,9791192389325
아홉 살 마음 사전,흔한남매,철학,문학,True,1,False,0.8,1.0,0.56,0.56,0.448,False,9788936447014,9791168417199
"꽃길이 따로 있나, 내 삶이 꽃인 것을",나를 소모하지 않는 현명한 태도에 관하여,문학,철학,True,1,False,0.7,1.0,0.636,0.636,0.445,False,9791193506394,9791198682505
(이미 늦었다고 생각하는 당신을 위한) 김미경의 마흔 수업,(열심히 살아봤지만 허무함에 지친 당신을 위한) 김미경의 딥마인드,사회과학,사회과학,False,1,False,0.7,0.636,1.0,0.636,0.445,False,9791198013026,9791198013088
도파민네이션 :쾌락 과잉 시대에서 균형 찾기,아주 작은 습관의 힘 :최고의 변화는 어떻게 만들어지는가,철학,철학,False,1,False,0.7,1.0,0.636,0.636,0.445,False,9788965965046,9791162540640
"딥 워크 :강력한 몰입, 최고의 성과",아주 작은 습관의 힘 :최고의 변화는 어떻게 만들어지는가,사회과학,철학,True,1,False,0.7,1.0,0.636,0.636,0.445,False,9788937434082,9791162540640
당신의 인생이 왜 힘들지 않아야 한다고 생각하십니까 :쇼펜하우어 아포리즘,(2500년 동안 사랑받은) 초역 부처의 말 :행복으로 가는 길은 없다 행복이 곧 길이다,철학,종교,True,1,False,0.7,0.751,0.636,0.636,0.445,False,9791192625553,9791193506516
(2500년 동안 사랑받은) 초역 부처의 말 :행복으로 가는 길은 없다 행복이 곧 길이다,나를 소모하지 않는 현명한 태도에 관하여,종교,철학,True,2,False,0.7,0.636,0.636,0.636,0.445,False,9791193506516,9791198682505
소년이 온다 :한강 장편소설,흰 :한강 소설,문학,문학,False,2,False,1.0,0.438,0.843,0.438,0.438,False,9788936434120,9788954651134
클루지 :생각의 역사를 뒤집는 기막힌 발견,역행자 :돈·시간·운명으로부터 완전한 자유를 얻는 7단계 인생 공략집,철학,사회과학,True,1,False,1.0,0.843,0.438,0.438,0.438,False,9788901090184,9788901260716
이처럼 사소한 것들 :클레어 키건 소설,"물고기는 존재하지 않는다 :상실, 사랑 그리고 숨어 있는 삶의 질서에 관한 이야기",문학,자연과학,True,2,False,1.3,0.334,0.529,0.334,0.434,False,9791130646381,9791189327156
불편한 편의점 :김호연 장편소설,"(펼치는 순간 단숨에 6,000년 역사가 읽히는) 요즘 어른을 위한 최소한의 세계사",문학,역사,True,2,False,1.3,0.334,1.0,0.334,0.434,False,9791161571379,9791193128428
메리골드 마음 세탁소 =윤정은 장편소설 /Marigold mind laundry,메리골드 마음 식물원 =윤정은 장편소설 /Marigold mind botanical garden,문학,미상,False,1,False,0.9,0.479,1.0,0.479,0.431,False,9791191891287,9791193937723
"도둑맞은 집중력 :집중력 위기의 시대, 삶의 주도권을 되찾는 법",마흔에 읽는 쇼펜하우어 :마음의 위기를 다스리는 철학 수업,철학,철학,False,2,True,1.2,0.238,0.29,0.238,0.428,False,9791167740984,9791192300818
홍학의 자리 :정해연 장편소설,"물고기는 존재하지 않는다 :상실, 사랑 그리고 숨어 있는 삶의 질서에 관한 이야기",문학,자연과학,True,1,False,0.8,0.686,0.529,0.529,0.424,False,9788954681155,9791189327156
"물고기는 존재하지 않는다 :상실, 사랑 그리고 숨어 있는 삶의 질서에 관한 이야기","칵테일, 러브, 좀비",자연과학,문학,True,1,False,0.8,0.529,1.0,0.529,0.424,False,9791189327156,9791190174756
놓지 마 어휘 :한자어,놓지 마 과학!,언어,자연과학,True,1,False,0.5,1.0,0.843,0.843,0.422,False,9788934990987,9791190305310
놓지 마 맞춤법,놓지 마 과학!,언어,자연과학,True,2,False,0.5,1.0,0.843,0.843,0.422,False,9788934942641,9791190630184
당신도 느리게 나이 들 수 있습니다 :나이가 들어도 몸의 시간을 젊게,근육이 연금보다 강하다 :건강 나이를 10년 앞당기는 최강의 근력 운동,기술과학,기술과학,False,1,False,0.5,0.843,1.0,0.843,0.422,False,9791140702589,9791158462949
달러구트 꿈 백화점 :주문하신 꿈은 매진입니다,미드나잇 라이브러리,문학,문학,False,1,False,0.5,0.843,1.0,0.843,0.422,False,9791165341909,9791191056556
인생은 순간이다 :삶이라는 타석에서 평생 지켜온 철학,호의에 대하여 :문형배 에세이,예술,미상,False,1,False,0.5,0.843,0.843,0.843,0.422,False,9791130648385,9791173323027
남에게 보여주려고 인생을 낭비하지 마라 :쇼펜하우어 소품집,깨진 틈이 있어야 그 사이로 빛이 들어온다 :차라투스트라는 이렇게 말했다,철학,철학,False,1,False,0.5,0.843,0.843,0.843,0.422,False,9791169850445,9791169850681
"(세상에서 가장 쉬운) 본질육아 :삶의 근본을 보여주는 부모, 삶을 스스로 개척하는 아이","최민준의 아들코칭 백과 :기질 파악부터 말공부, 사회성, 감정코칭까지",기술과학,기술과학,False,1,False,0.5,0.843,1.0,0.843,0.422,False,9788950941819,9791168127531
(흔한남매) 수수께끼 어드벤처 :수수께끼로 배우는 교과 지식,흔한남매의 흔한 호기심 :일상에서 만나는 과학 상식,사회과학,자연과학,True,1,False,0.5,1.0,0.843,0.843,0.422,False,9791168413078,9791168413931
똥볶이 할멈 :K-히어로 판타지,공부머리 독서법 :실현 가능하고 지속 가능한 독서교육의 모든 것,문학,총류,True,1,False,0.5,0.843,1.0,0.843,0.422,False,9791190409124,9791196316808
나는 나의 스무 살을 가장 존중한다,"모든 것은 기본에서 시작한다 :실력도 기술도 사람 됨됨이도, 기본을 지키는 손웅정의 삶의 철학",사회과학,예술,True,1,False,0.5,0.843,0.843,0.843,0.422,False,9791158512859,9791190382502
나는 읽고 쓰고 버린다 :손웅정의 말,내가 천 개의 인생에서 배운 것들 =Things I learned in a thousand lives,예술,문학,True,1,False,0.5,0.843,1.0,0.843,0.422,False,9791191859836,9791198530394
세이노의 가르침 :피보다 진하게 살아라,(이미 늦었다고 생각하는 당신을 위한) 김미경의 마흔 수업,사회과학,사회과학,False,2,False,1.5,0.281,0.636,0.281,0.421,False,9791168473690,9791198013026
도파민네이션 :쾌락 과잉 시대에서 균형 찾기,세이노의 가르침 :피보다 진하게 살아라,철학,사회과학,True,2,False,1.5,1.0,0.281,0.281,0.421,False,9788965965046,9791168473690
불편한 편의점 :김호연 장편소설,세이노의 가르침 :피보다 진하게 살아라,문학,사회과학,True,2,False,1.5,0.334,0.281,0.281,0.421,False,9791161571379,9791168473690
부자 아빠 가난한 아빠 :20주년 특별 기념판,돈의 심리학 :당신은 왜 부자가 되지 못했는가,사회과학,사회과학,False,1,False,0.7,0.751,0.595,0.595,0.416,False,9791158883591,9791191056372
(아이들도 잘 모르고 어른들은 더 모르는) 신기한 현상 사전,흔한남매,총류,문학,True,1,False,0.7,1.0,0.595,0.595,0.416,False,9788934951278,9791164137527
행운에 속지 마라 :불확실한 시대에 살아남는 투자 생존법,돈의 심리학 :당신은 왜 부자가 되지 못했는가,사회과학,사회과학,False,1,False,0.7,0.843,0.595,0.595,0.416,False,9788927808121,9791191056372
아버지의 해방일지 :정지아 장편소설,문과 남자의 과학 공부 :나는 무엇이고 왜 존재하며 어디로 가는가?,문학,자연과학,True,2,False,1.8,0.23,1.0,0.23,0.415,False,9788936438838,9791192836188
흔한남매 이상한 나라의 고전 읽기,물리박사 김상욱의 수상한 연구실 :어린이를 위한 세상의 모든 과학,문학,자연과학,True,2,False,0.6,0.686,1.0,0.686,0.412,False,9791168413955,9791171171019
당신도 느리게 나이 들 수 있습니다 :나이가 들어도 몸의 시간을 젊게,만일 내가 인생을 다시 산다면 :벌써 마흔이 된 당신에게 해 주고 싶은 말들 42,기술과학,철학,True,1,False,0.6,0.843,0.686,0.686,0.412,False,9791140702589,9791190538510
원씽 :복잡한 세상을 이기는 단순함의 힘,타이탄의 도구들 :1만 시간의 법칙을 깬 거인들의 61가지 전략,사회과학,사회과학,False,1,False,0.9,0.457,0.686,0.457,0.412,False,9788997575169,9791158510619
타이탄의 도구들 :1만 시간의 법칙을 깬 거인들의 61가지 전략,상상하지 말라 :그들이 말하지 않는 진짜 욕망을 보는 법,사회과학,사회과학,False,1,False,0.6,0.686,0.843,0.686,0.412,False,9791158510619,9791187289616
흔한남매,세상에서 제일 재밌는 종이접기 :색종이 한 장이면 장난감 뚝딱!,문학,예술,True,1,False,0.9,0.457,1.0,0.457,0.412,False,9791168418011,9791186494431
흔한남매,대충 봐도 머리에 남는 어린이 야구 상식 :야구의 재미를 제대로 알게 하는 알쏭달쏭 야구의 모든 것,문학,예술,True,1,False,0.6,0.686,1.0,0.686,0.412,False,9791173473968,9791198381811
흔한남매,축구 만화 도감 :재밌을 줄 알았는데 멋있어!,문학,예술,True,1,False,0.6,0.686,1.0,0.686,0.412,False,9791164135592,9791190007320
서른 살이 심리학에게 묻다 :대한민국 30대를 위한 심리치유카페,만일 내가 인생을 다시 산다면 :벌써 마흔이 된 당신에게 해 주고 싶은 말들 42,철학,철학,False,1,False,0.6,1.0,0.686,0.686,0.412,False,9788901078588,9791190538510
이처럼 사소한 것들 :클레어 키건 소설,"도둑맞은 집중력 :집중력 위기의 시대, 삶의 주도권을 되찾는 법",문학,철학,True,2,False,1.7,0.334,0.238,0.238,0.405,False,9791130646381,9791167740984
불편한 편의점 :김호연 장편소설,(이미 늦었다고 생각하는 당신을 위한) 김미경의 마흔 수업,문학,사회과학,True,2,False,2.0,0.202,0.636,0.202,0.404,False,9791161571188,9791198013026
"모든 것은 기본에서 시작한다 :실력도 기술도 사람 됨됨이도, 기본을 지키는 손웅정의 삶의 철학",고전이 답했다 :마땅히 살아야 할 삶에 대하여,예술,철학,True,1,False,0.8,0.843,0.503,0.503,0.402,False,9791190382502,9791193939130
부자 아빠 가난한 아빠 :20주년 특별 기념판,돈의 속성 :최상위 부자가 말하는 돈에 대한 모든 것,사회과학,사회과학,False,1,False,0.8,0.751,0.503,0.503,0.402,False,9791158883591,9791188331796
아홉 살 마음 사전,참 좋은 짝:손동연동시집,철학,문학,True,1,False,0.4,1.0,1.0,1.0,0.4,False,9788936447014,9788957980248
만화 한국 신화 :어린이를 위한 우리 인문학,(설민석의) 그리스 로마 신화 대모험,종교,종교,False,1,False,0.4,1.0,1.0,1.0,0.4,False,9791130696614,9791191496949
에그박사의 채집 일기 :스티커로 채집하는 자연 생물 관찰 만화,에그박사의 이건 누구 똥?!,자연과학,자연과학,False,1,False,0.4,1.0,1.0,1.0,0.4,False,9791164137800,9791168415324
세계를 움직인 열 가지 프레임 :현대 문명의 본질과 허상을 단숨에 꿰뚫는 세계사,세상은 이야기로 만들어졌다 :신화·거짓말·유토피아,역사,총류,True,1,False,0.4,1.0,1.0,1.0,0.4,False,9791164052547,9791192953151
아들과의 대화법 :완벽한 엄마가 될 수 없다면 대화하는 엄마가 되세요,"최민준의 아들코칭 백과 :기질 파악부터 말공부, 사회성, 감정코칭까지",기술과학,기술과학,False,1,False,0.4,1.0,1.0,1.0,0.4,False,9791165214814,9791168127531
벌거벗은 한국사 :본격 우리 역사 스토리텔링쇼,(5천년 역사가 단숨에 이해되는) 최소한의 한국사,미상,역사,False,1,False,0.4,1.0,1.0,1.0,0.4,False,9791193401057,9791198243430
지적 대화를 위한 넓고 얕은 지식 :한 권으로 현실 세계를 통달하는 지식 여행서,열한 계단 :나를 흔들어 키운 불편한 지식들,총류,총류,False,1,False,0.4,1.0,1.0,1.0,0.4,False,9791190313186,9791195677153
(아이들도 잘 모르고 어른들은 더 모르는) 신기한 현상 사전,팩토피아 :꼬리에 꼬리를 무는 400가지 사실들,총류,총류,False,1,False,0.4,1.0,1.0,1.0,0.4,False,9788934951278,9791169254069
인간이 그리는 무늬 :욕망하는 인문적 통찰의 힘,나는 어떻게 삶의 해답을 찾는가 :고명환의 독서 내공,총류,총류,False,1,False,0.4,1.0,1.0,1.0,0.4,False,9788971390849,9791189686826
요리스타 청,(백종원의) 도전 요리왕 :음식으로 맛보는 세계 역사 문화 체험,기술과학,기술과학,False,1,False,0.4,1.0,1.0,1.0,0.4,False,9788934980520,9791189938352
벌거벗은 미술관 :양정무의 미술 에세이,방구석 미술관 :가볍고 편하게 시작하는 유쾌한 교양 미술,미상,예술,False,1,False,0.4,1.0,1.0,1.0,0.4,False,9788936478780,9788968331862
부모의 말이 아이의 인생이 된다,아이는 무엇으로 자라는가 :세계적 가족 심리학자 버지니아 사티어의 15가지 양육 법칙,기술과학,기술과학,False,1,False,0.4,1.0,1.0,1.0,0.4,False,9791158733018,9791193506202
"(펼치는 순간 단숨에 6,000년 역사가 읽히는) 요즘 어른을 위한 최소한의 세계사",한번 시작하면 잠들 수 없는 세계사 :문명의 탄생부터 국제 정세까지 거침없이 내달린다,역사,미상,False,1,False,0.4,1.0,1.0,1.0,0.4,False,9791193128428,9791199491755
사는 게 정답이 있으려나? :당신과 나누는 이야기 대화의 희열,문과 남자의 과학 공부 :나는 무엇이고 왜 존재하며 어디로 가는가?,철학,자연과학,True,1,False,0.4,1.0,1.0,1.0,0.4,False,9791191393156,9791192836188
아홉 살 마음 사전,소원 떡집,철학,문학,True,1,False,0.4,1.0,1.0,1.0,0.4,False,9788936447014,9788949162058
놓지 마 맞춤법,놓지 마 어휘 :한자어,언어,언어,False,2,False,0.4,1.0,1.0,1.0,0.4,False,9788934942641,9788934989882
언제나 다정 죽집,"왜 유명한 거야, 이 그림?",미상,예술,False,1,False,0.4,1.0,1.0,1.0,0.4,False,9788949122076,9791167550712
축구 만화 도감 :재밌을 줄 알았는데 멋있어!,축구 잘하는 50가지 비밀 :진짜 진짜 축구 잘하고 싶은 어린이만 보는 책!,예술,미상,False,1,False,0.4,1.0,1.0,1.0,0.4,False,9791190007320,9791190808729
"(치고, 던지고, 달리는) 야구의 모든 것",대충 봐도 머리에 남는 어린이 야구 상식 :야구의 재미를 제대로 알게 하는 알쏭달쏭 야구의 모든 것,미상,예술,False,1,False,0.4,1.0,1.0,1.0,0.4,False,9791160940824,9791198381811
놓지 마 어휘 :한자어,놓지 마 과학!,언어,자연과학,True,1,False,0.4,1.0,1.0,1.0,0.4,False,9788934990987,9791190182737
(조이!365+) 대한민국대표 종이접기,세상에서 제일 재밌는 종이접기 :색종이 한 장이면 장난감 뚝딱!,미상,예술,False,1,False,0.4,1.0,1.0,1.0,0.4,False,9788976227973,9791186494431
탤런트 코드 :재능을 지배하는 세 가지 법칙,도파민네이션 :쾌락 과잉 시대에서 균형 찾기,철학,철학,False,1,False,0.4,1.0,1.0,1.0,0.4,False,9788901248974,9788965965046
"왜 유명한 거야, 이 그림?","1795년, 정조의 행복한 행차 :화성원행도를 따라가 보다",예술,미상,False,1,False,0.4,1.0,1.0,1.0,0.4,False,9791167550712,9791193150184
푸른 사자 와니니 :이현 장편동화,"왜 유명한 거야, 이 그림?",문학,예술,True,1,False,0.4,1.0,1.0,1.0,0.4,False,9788936442804,9791167550712
의미의 시대 :세스 고딘이 제시하는 일과 일터의 새로운 돌파구,시대예보 :핵개인의 시대 =Forecast of the times : era of nuclear individuals,사회과학,사회과학,False,1,False,0.4,1.0,1.0,1.0,0.4,False,9788925575889,9791170610359
(타키·포오의) 이세계 여행사,타키포오 얼렁뚱땅 상식스쿨,문학,총류,True,1,False,0.4,1.0,1.0,1.0,0.4,False,9791170626633,9791171241675
결과가 증명하는 20년 책육아의 기적 :몸마음머리 독서법,공부머리 독서법 :실현 가능하고 지속 가능한 독서교육의 모든 것,기술과학,총류,True,1,False,0.4,1.0,1.0,1.0,0.4,False,9788947546591,9791196316808
"사피엔스 :유인원에서 사이보그까지, 인간 역사의 대담하고 위대한 질문",불변의 법칙 :절대 변하지 않는 것들에 대한 23가지 이야기,역사,사회과학,True,1,False,0.9,1.0,0.438,0.438,0.394,False,9788934972464,9791198517425
"사피엔스 :유인원에서 사이보그까지, 인간 역사의 대담하고 위대한 질문",소년이 온다 :한강 장편소설,역사,문학,True,1,False,0.9,1.0,0.438,0.438,0.394,False,9788934972464,9788936434120
부에 이르는 가장 단순한 길 :경제적 독립과 자유를 위한 콜린스의 3원칙,불변의 법칙 :절대 변하지 않는 것들에 대한 23가지 이야기,사회과학,사회과학,False,1,False,0.9,0.843,0.438,0.438,0.394,False,9791193904664,9791198517425
소년이 온다 :한강 장편소설,흰 :한강 소설,문학,문학,False,1,False,0.9,0.438,0.843,0.438,0.394,False,9788936434120,9788954640718
역행자 :돈·시간·운명으로부터 완전한 자유를 얻는 7단계 인생 공략집,클루지 :생각의 역사를 뒤집는 기막힌 발견,사회과학,철학,True,1,False,0.9,0.438,1.0,0.438,0.394,False,9788901260716,9788901272085
도파민네이션 :쾌락 과잉 시대에서 균형 찾기,불변의 법칙 :절대 변하지 않는 것들에 대한 23가지 이야기,철학,사회과학,True,1,False,0.9,1.0,0.438,0.438,0.394,False,9788965965046,9791198517425
아주 작은 습관의 힘 :최고의 변화는 어떻게 만들어지는가,세이노의 가르침 :피보다 진하게 살아라,철학,사회과학,True,2,False,1.4,0.636,0.281,0.281,0.393,False,9791162540640,9791168473690
세이노의 가르침 :피보다 진하게 살아라,나를 소모하지 않는 현명한 태도에 관하여,사회과학,철학,True,2,False,1.4,0.281,0.636,0.281,0.393,False,9791168473690,9791198682505
타이탄의 도구들 :1만 시간의 법칙을 깬 거인들의 61가지 전략,세이노의 가르침 :피보다 진하게 살아라,사회과학,사회과학,False,2,False,1.4,0.686,0.281,0.281,0.393,False,9791158510619,9791168473690
(아이들도 잘 모르고 어른들은 더 모르는) 신기한 현상 사전,흔한남매,총류,문학,True,2,False,0.7,1.0,0.56,0.56,0.392,False,9788934951278,9791168414471
불편한 편의점 :김호연 장편소설,마흔에 읽는 쇼펜하우어 :마음의 위기를 다스리는 철학 수업,문학,철학,True,2,False,1.9,0.202,0.29,0.202,0.384,False,9791161571188,9791192300818
메리골드 마음 세탁소 =윤정은 장편소설 /Marigold mind laundry,"어서오세요, 휴남동 서점입니다 :황보름 장편소설",문학,문학,False,2,False,0.8,0.479,0.595,0.479,0.383,False,9791191891287,9791197377143
밝은 밤 :최은영 장편소설,이중 하나는 거짓말 :김애란 장편소설,문학,문학,False,1,False,0.8,0.686,0.479,0.479,0.383,False,9788954681179,9791141601300
당신도 느리게 나이 들 수 있습니다 :나이가 들어도 몸의 시간을 젊게,"도둑맞은 집중력 :집중력 위기의 시대, 삶의 주도권을 되찾는 법",기술과학,철학,True,2,False,1.6,0.843,0.238,0.238,0.381,False,9791140702589,9791167740984
김미경의 인생미답 :살다 보면 누구나 마주하는 작고 소소한 질문들,(이미 늦었다고 생각하는 당신을 위한) 김미경의 마흔 수업,철학,사회과학,True,1,False,0.6,1.0,0.636,0.636,0.381,False,9788947540926,9791198013026
만일 나에게 단 한 번의 아침이 남아 있다면 :오늘이 끝나기 전 반드시 깨달아야 할 것들,나를 소모하지 않는 현명한 태도에 관하여,사회과학,철학,True,1,False,0.6,0.843,0.636,0.636,0.381,False,9791193937112,9791198682505
아주 작은 습관의 힘 :최고의 변화는 어떻게 만들어지는가,렛뎀 이론 :인생이 '나'로 충만해지는 내버려두기의 기술,철학,철학,False,1,False,0.6,0.636,0.751,0.636,0.381,False,9791162540640,9791162544327
해빗 =내 안의 충동을 이겨내는 습관 설계의 법칙 /Habit,아주 작은 습관의 힘 :최고의 변화는 어떻게 만들어지는가,철학,철학,False,1,False,0.6,1.0,0.636,0.636,0.381,False,9791130627595,9791162540640
당신의 인생이 왜 힘들지 않아야 한다고 생각하십니까 :쇼펜하우어 아포리즘,나를 소모하지 않는 현명한 태도에 관하여,철학,철학,False,2,False,0.6,0.751,0.636,0.636,0.381,False,9791192625553,9791198682505
어른의 행복은 조용하다,만일 내가 인생을 다시 산다면 :벌써 마흔이 된 당신에게 해 주고 싶은 말들 42,문학,철학,True,1,False,0.9,0.42,0.686,0.42,0.378,False,9791169851053,9791190538510
엄마는 아무 말도 하지 않을 거야 :현명한 방관맘의 잔소리 끊기 기술,나는 다정한 관찰자가 되기로 했다 :불안에 휘둘리지 않는 단단한 태도에 관하여,기술과학,기술과학,False,1,False,0.5,1.0,0.751,0.751,0.376,False,9791165348748,9791198752406
(흔한남매) 별난 세계 여행,흔한남매 이상한 나라의 고전 읽기,역사,문학,True,1,False,0.5,0.843,0.751,0.751,0.376,False,9791168415355,9791168416314
지극히 인간적인 삶에 대하여 :쇼펜하우어 《인생론》으로 되찾는 삶의 의미,당신의 인생이 왜 힘들지 않아야 한다고 생각하십니까 :쇼펜하우어 아포리즘,철학,철학,False,1,False,0.5,0.843,0.751,0.751,0.376,False,9788972977322,9791192625553
"니체의 인간학 =약함, 비열함, 선량함과 싸우는 까칠한 철학자 /The anthropology of friedrich Nietzsche",마흔에 읽는 니체 =지금 이순간을 살기 위한 철학 수업 /Nietzsche,철학,철학,False,1,False,0.5,1.0,0.751,0.751,0.376,False,9791130609508,9791192300245
"물고기는 존재하지 않는다 :상실, 사랑 그리고 숨어 있는 삶의 질서에 관한 이야기",지구 끝의 온실 :김초엽 장편소설,자연과학,문학,True,1,False,0.7,0.529,0.843,0.529,0.371,False,9791189327156,9791191824001
"물고기는 존재하지 않는다 :상실, 사랑 그리고 숨어 있는 삶의 질서에 관한 이야기",다정한 것이 살아남는다,자연과학,철학,True,1,False,0.7,0.529,1.0,0.529,0.371,False,9791189327156,9791197413025
아버지의 해방일지 :정지아 장편소설,"(펼치는 순간 단숨에 6,000년 역사가 읽히는) 요즘 어른을 위한 최소한의 세계사",문학,역사,True,2,False,1.6,0.23,1.0,0.23,0.368,False,9788936438838,9791193128428
아버지의 해방일지 :정지아 장편소설,나는 읽고 쓰고 버린다 :손웅정의 말,문학,예술,True,2,False,1.6,0.23,0.843,0.23,0.368,False,9788936438838,9791191859836
이처럼 사소한 것들 :클레어 키건 소설,너무 늦은 시간 :클레어 키건 소설,문학,미상,False,2,False,1.1,0.334,1.0,0.334,0.367,False,9791130646381,9791130664903
흔한남매,축구 만화 도감 :재밌을 줄 알았는데 멋있어!,문학,예술,True,1,False,0.8,0.457,1.0,0.457,0.366,False,9791168411685,9791190007320
세이노의 가르침 :피보다 진하게 살아라,남에게 보여주려고 인생을 낭비하지 마라 :쇼펜하우어 소품집,사회과학,철학,True,2,False,1.3,0.281,0.843,0.281,0.365,False,9791168473690,9791169850445
세이노의 가르침 :피보다 진하게 살아라,돈의 심리학 :당신은 왜 부자가 되지 못했는가,사회과학,사회과학,False,2,False,1.3,0.281,0.595,0.281,0.365,False,9791168473690,9791191056372
세이노의 가르침 :피보다 진하게 살아라,마흔에 읽는 니체 =지금 이순간을 살기 위한 철학 수업 /Nietzsche,사회과학,철학,True,2,False,1.3,0.281,0.751,0.281,0.365,False,9791168473690,9791192300245
불편한 편의점 :김호연 장편소설,"(펼치는 순간 단숨에 6,000년 역사가 읽히는) 요즘 어른을 위한 최소한의 세계사",문학,역사,True,2,False,1.8,0.202,1.0,0.202,0.364,False,9791161571188,9791193128428
불편한 편의점 :김호연 장편소설,나는 다정한 관찰자가 되기로 했다 :불안에 휘둘리지 않는 단단한 태도에 관하여,문학,기술과학,True,2,False,1.8,0.202,0.751,0.202,0.364,False,9791161571188,9791198752406
"도둑맞은 집중력 :집중력 위기의 시대, 삶의 주도권을 되찾는 법",아이는 무엇으로 자라는가 :세계적 가족 심리학자 버지니아 사티어의 15가지 양육 법칙,철학,기술과학,True,2,False,1.5,0.238,1.0,0.238,0.357,False,9791167740984,9791193506202
돈의 심리학 :당신은 왜 부자가 되지 못했는가,부에 이르는 가장 단순한 길 :경제적 독립과 자유를 위한 콜린스의 3원칙,사회과학,사회과학,False,1,False,0.6,0.595,0.843,0.595,0.357,False,9791191056372,9791193904664
작별하지 않는다 :한강 장편소설,"(펼치는 순간 단숨에 6,000년 역사가 읽히는) 요즘 어른을 위한 최소한의 세계사",문학,역사,True,2,False,1.1,0.322,1.0,0.322,0.354,False,9788954682152,9791193128428
(흔들리지 않는) 돈의 법칙,돈의 속성 :최상위 부자가 말하는 돈에 대한 모든 것,사회과학,사회과학,False,1,False,0.7,1.0,0.503,0.503,0.352,False,9788925563305,9791188331796
부의 추월차선 :부자들이 말해 주지 않는 진정한 부를 얻는 방법,돈의 속성 :최상위 부자가 말하는 돈에 대한 모든 것,사회과학,사회과학,False,2,False,0.7,1.0,0.503,0.503,0.352,False,9788994702346,9791188331796
흔한남매,세상에서 제일 재밌는 종이접기 :색종이 한 장이면 장난감 뚝딱!,문학,예술,True,1,False,0.7,0.503,1.0,0.503,0.352,False,9791168416369,9791186494431
절창 :구병모 장편소설,"물고기는 존재하지 않는다 :상실, 사랑 그리고 숨어 있는 삶의 질서에 관한 이야기",문학,자연과학,True,1,False,0.7,0.503,0.529,0.503,0.352,False,9791141602451,9791189327156
역행자 :돈·시간·운명으로부터 완전한 자유를 얻는 7단계 인생 공략집,장사의 神,사회과학,사회과학,False,1,False,0.8,0.438,1.0,0.438,0.35,False,9788901260716,9788965700890
존 보글 부의 마인드,불변의 법칙 :절대 변하지 않는 것들에 대한 23가지 이야기,사회과학,사회과학,False,1,False,0.8,1.0,0.438,0.438,0.35,False,9791189217426,9791198517425
소년이 온다 :한강 장편소설,혼모노 :성해나 소설집,문학,문학,False,1,False,0.9,0.438,0.387,0.387,0.348,False,9788936434120,9788936439743
혼모노 :성해나 소설집,"물고기는 존재하지 않는다 :상실, 사랑 그리고 숨어 있는 삶의 질서에 관한 이야기",문학,자연과학,True,1,False,0.9,0.387,0.529,0.387,0.348,False,9788936439743,9791189327156
퓨처 셀프 :현재와 미래가 달라지는 놀라운 혁명,놀라움의 힘 :내 삶을 바꾸는 놀라움의 비밀,사회과학,사회과학,False,1,False,1.0,0.346,1.0,0.346,0.346,False,9791192389325,9791192389516
아버지의 해방일지 :정지아 장편소설,"물고기는 존재하지 않는다 :상실, 사랑 그리고 숨어 있는 삶의 질서에 관한 이야기",문학,자연과학,True,2,False,1.5,0.23,0.529,0.23,0.345,False,9788936438838,9791189327156
만일 내가 인생을 다시 산다면 :벌써 마흔이 된 당신에게 해 주고 싶은 말들 42,마흔에 읽는 니체 =지금 이순간을 살기 위한 철학 수업 /Nietzsche,철학,철학,False,1,False,0.5,0.686,0.751,0.686,0.343,False,9791190538510,9791192300245
타이탄의 도구들 :1만 시간의 법칙을 깬 거인들의 61가지 전략,지금 하지 않으면 언제 하겠는가 :세계 최고 멘토들의 인생 수업,사회과학,철학,True,1,False,0.5,0.686,1.0,0.686,0.343,False,9791158510619,9791158510978
오늘 내가 사는 게 재미있는 이유,만일 내가 인생을 다시 산다면 :벌써 마흔이 된 당신에게 해 주고 싶은 말들 42,문학,철학,True,1,False,0.5,1.0,0.686,0.686,0.343,False,9788901203287,9791190538510
불편한 편의점 :김호연 장편소설,만일 내가 인생을 다시 산다면 :벌써 마흔이 된 당신에게 해 주고 싶은 말들 42,문학,철학,True,2,False,1.7,0.202,0.686,0.202,0.343,False,9791161571188,9791190538510
흔한남매,세상에서 제일 재밌는 종이접기 :색종이 한 장이면 장난감 뚝딱!,문학,예술,True,1,False,0.5,0.686,1.0,0.686,0.343,False,9791173473968,9791186494431
슈뻘맨의 숨은 과학 찾기 :엉뚱 도전 속에 숨은 과학 상식,흔한남매,자연과학,문학,True,1,False,0.5,1.0,0.686,0.686,0.343,False,9791168415171,9791173473968
아홉번째 파도 :최은미 장편소설,밝은 밤 :최은영 장편소설,미상,문학,False,1,False,0.5,1.0,0.686,0.686,0.343,False,9788954648714,9788954681179
불편한 편의점 :김호연 장편소설,세이노의 가르침 :피보다 진하게 살아라,문학,사회과학,True,2,False,1.7,0.202,0.281,0.202,0.343,False,9791161571188,9791168473690
흔한남매 이상한 나라의 고전 읽기,(흔한남매) 별난 세계 여행,문학,역사,True,1,False,0.5,0.686,0.843,0.686,0.343,False,9791168413955,9791168415355
남에게 보여주려고 인생을 낭비하지 마라 :쇼펜하우어 소품집,혼자일 수 없다면 나아갈 수 없다 :프리드리히 니체 아포리즘,철학,철학,False,1,False,0.4,0.843,0.843,0.843,0.337,False,9791169850445,9791193506387
80에도 뇌가 늙지 않는 사람은 이렇게 합니다 :뇌과학자가 알려주는 최강의 두뇌 건강 비법,느리게 나이 드는 습관 :노년내과 의사가 알려주는 감속노화 실천법,기술과학,기술과학,False,1,False,0.4,1.0,0.843,0.843,0.337,False,9791168127876,9791193080146
나는 읽고 쓰고 버린다 :손웅정의 말,강원국의 인생 공부 :무엇을 위해 살 것인가,예술,미상,False,1,False,0.4,0.843,1.0,0.843,0.337,False,9791191859836,9791193591017
행복한 노인은 늙지 않는다 :당신이 몰랐던 노화에 관한 오해와 진실,당신도 느리게 나이 들 수 있습니다 :나이가 들어도 몸의 시간을 젊게,기술과학,기술과학,False,1,False,0.4,1.0,0.843,0.843,0.337,False,9788934950974,9791140702589
감량 혁명 =원하는 몸무게로 평생 사는 무노력 다이어트 전략 /Diet revolution,내 몸 혁명 :뱃살과 질병 없이 살려면 숫자보다 몸을 바꿔라,기술과학,기술과학,False,1,False,0.4,1.0,0.843,0.843,0.337,False,9791129715289,9791198553317
천 원을 경영하라 :국민가게 다이소 창업주 박정부 회장의 본질경영,"모든 것은 기본에서 시작한다 :실력도 기술도 사람 됨됨이도, 기본을 지키는 손웅정의 삶의 철학",미상,예술,False,1,False,0.4,1.0,0.843,0.843,0.337,False,9791165346485,9791190382502
고양이 해결사 깜냥,공부머리 독서법 :실현 가능하고 지속 가능한 독서교육의 모든 것,문학,총류,True,1,False,0.4,0.843,1.0,0.843,0.337,False,9788936448523,9791196316808
내가 틀릴 수도 있습니다 =숲속의 현자가 전하는 마지막 인생수업 /I may be wrong,만일 나에게 단 한 번의 아침이 남아 있다면 :오늘이 끝나기 전 반드시 깨달아야 할 것들,종교,사회과학,True,1,False,0.4,1.0,0.843,0.843,0.337,False,9791130689890,9791193937112
아몬드 :손원평 장편소설,달러구트 꿈 백화점 :주문하신 꿈은 매진입니다,문학,문학,False,1,False,0.4,1.0,0.843,0.843,0.337,False,9788936434267,9791165341909
(그깟 공놀이에 일희일비하는 야구팬을 위한) 야구잡썰,인생은 순간이다 :삶이라는 타석에서 평생 지켜온 철학,미상,예술,False,1,False,0.4,1.0,0.843,0.843,0.337,False,9788925575186,9791130648385
놓지 마 맞춤법,놓지 마 어휘 한자어 4,언어,미상,False,1,False,0.4,1.0,0.843,0.843,0.337,False,9788934942641,9788934979968
달러구트 꿈 백화점 :주문하신 꿈은 매진입니다,세상의 마지막 기차역,문학,문학,False,2,False,0.4,0.843,0.843,0.843,0.337,False,9791165341909,9791191043754
환상서점 :소서림 장편소설,메리골드 마음 세탁소 =윤정은 장편소설 /Marigold mind laundry,문학,문학,False,1,False,0.7,1.0,0.479,0.479,0.335,False,9791164798926,9791191891287
메리골드 마음 세탁소 =윤정은 장편소설 /Marigold mind laundry,(이미 늦었다고 생각하는 당신을 위한) 김미경의 마흔 수업,문학,사회과학,True,2,False,0.7,0.479,0.636,0.479,0.335,False,9791191891287,9791198013026
(아이들도 잘 모르고 어른들은 더 모르는) 신기한 현상 사전,(읽으면서 바로 써먹는) 어린이 감정 표현,총류,철학,True,1,False,0.7,1.0,0.479,0.479,0.335,False,9788934951278,9791158682842
(아이들도 잘 모르고 어른들은 더 모르는) 신기한 현상 사전,흔한남매,총류,문학,True,2,False,0.7,1.0,0.479,0.479,0.335,False,9788934951278,9791168415232
이처럼 사소한 것들 :클레어 키건 소설,푸른 들판을 걷다 :클레어 키건 소설,문학,문학,False,1,False,1.0,0.334,1.0,0.334,0.334,False,9791130646381,9791130654621
"도둑맞은 집중력 :집중력 위기의 시대, 삶의 주도권을 되찾는 법",나는 읽고 쓰고 버린다 :손웅정의 말,철학,예술,True,2,False,1.4,0.238,0.843,0.238,0.333,False,9791167740984,9791191859836
나는 메트로폴리탄 미술관의 경비원입니다 :가장 경이로운 세계 속으로 숨어버린 한 남자의 이야기,"도둑맞은 집중력 :집중력 위기의 시대, 삶의 주도권을 되찾는 법",문학,철학,True,3,False,1.4,0.403,0.238,0.238,0.333,False,9788901276533,9791167740984
불편한 편의점 :김호연 장편소설,"어서오세요, 휴남동 서점입니다 :황보름 장편소설",문학,문학,False,3,False,1.6,0.202,0.595,0.202,0.323,False,9791161571188,9791197377143
아버지의 해방일지 :정지아 장편소설,내가 틀릴 수도 있습니다 =숲속의 현자가 전하는 마지막 인생수업 /I may be wrong,문학,종교,True,2,False,1.4,0.23,1.0,0.23,0.322,False,9788936438838,9791130689890
나는 메트로폴리탄 미술관의 경비원입니다 :가장 경이로운 세계 속으로 숨어버린 한 남자의 이야기,"물고기는 존재하지 않는다 :상실, 사랑 그리고 숨어 있는 삶의 질서에 관한 이야기",문학,자연과학,True,2,False,0.8,0.403,0.529,0.403,0.322,False,9788901276533,9791189327156
채식주의자:한강 연작소설,작별하지 않는다 :한강 장편소설,문학,문학,False,2,False,1.0,0.843,0.322,0.322,0.322,False,9788936433598,9788954682152
불편한 편의점 :김호연 장편소설,마흔에 읽는 쇼펜하우어 :마음의 위기를 다스리는 철학 수업,문학,철학,True,2,False,1.1,0.334,0.29,0.29,0.319,False,9791161571379,9791192300818
나는 읽고 쓰고 버린다 :손웅정의 말,마흔에 읽는 쇼펜하우어 :마음의 위기를 다스리는 철학 수업,예술,철학,True,2,False,1.1,0.843,0.29,0.29,0.319,False,9791191859836,9791192300818
마흔에 읽는 쇼펜하우어 :마음의 위기를 다스리는 철학 수업,(이미 늦었다고 생각하는 당신을 위한) 김미경의 마흔 수업,철학,사회과학,True,2,False,1.1,0.29,0.636,0.29,0.319,False,9791192300818,9791198013026
시작의 기술 :침대에 누워서 걱정만 하는 게으른 완벽주의자를 위한 7가지 무기,아주 작은 습관의 힘 :최고의 변화는 어떻게 만들어지는가,철학,철학,False,1,False,0.5,1.0,0.636,0.636,0.318,False,9788901230658,9791162540640
엄마의 자존감 공부 :천 번을 미안해도 나는 엄마다,(이미 늦었다고 생각하는 당신을 위한) 김미경의 마흔 수업,사회과학,사회과학,False,1,False,0.5,1.0,0.636,0.636,0.318,False,9788950972226,9791198013026
행동하지 않으면 인생은 바뀌지 않는다 :위대한 변화를 이끌어내는 아주 작은 실행의 힘,아주 작은 습관의 힘 :최고의 변화는 어떻게 만들어지는가,사회과학,철학,True,1,False,0.5,0.843,0.636,0.636,0.318,False,9791139716146,9791162540640
흔한남매 이상한 나라의 고전 읽기,팩토피아 :꼬리에 꼬리를 무는 400가지 사실들,문학,총류,True,2,False,0.5,0.636,1.0,0.636,0.318,False,9791168415034,9791169254069
흔한남매,슈뻘맨의 숨은 과학 찾기 :엉뚱 도전 속에 숨은 과학 상식,문학,자연과학,True,1,False,0.6,0.529,1.0,0.529,0.318,False,9791164138197,9791168415171
부처스 크로싱,"물고기는 존재하지 않는다 :상실, 사랑 그리고 숨어 있는 삶의 질서에 관한 이야기",문학,자연과학,True,1,False,0.6,0.843,0.529,0.529,0.318,False,9791187886921,9791189327156
(아이들도 잘 모르고 어른들은 더 모르는) 신기한 현상 사전,흔한남매,총류,문학,True,1,False,0.5,1.0,0.636,0.636,0.318,False,9788934951278,9791164139897
밝은 밤 :최은영 장편소설,"물고기는 존재하지 않는다 :상실, 사랑 그리고 숨어 있는 삶의 질서에 관한 이야기",문학,자연과학,True,1,False,0.6,0.686,0.529,0.529,0.318,False,9788954681179,9791189327156
혼자일 수 없다면 나아갈 수 없다 :프리드리히 니체 아포리즘,나를 소모하지 않는 현명한 태도에 관하여,철학,철학,False,1,False,0.5,0.843,0.636,0.636,0.318,False,9791193506387,9791198682505
내가 틀릴 수도 있습니다 =숲속의 현자가 전하는 마지막 인생수업 /I may be wrong,안녕이라 그랬어 :김애란 소설,종교,문학,True,1,False,0.9,1.0,0.346,0.346,0.311,False,9791130689890,9791141602376
나는 읽고 쓰고 버린다 :손웅정의 말,퓨처 셀프 :현재와 미래가 달라지는 놀라운 혁명,예술,사회과학,True,2,False,0.9,0.843,0.346,0.346,0.311,False,9791191859836,9791192389325
퓨처 셀프 :현재와 미래가 달라지는 놀라운 혁명,의학의 대가들 :심장병부터 출산까지 인류의 가장 위험한 적과 싸운 의사들의 이야기,사회과학,기술과학,True,1,False,0.9,0.346,1.0,0.346,0.311,False,9791192389325,9791192389400
인생은 순간이다 :삶이라는 타석에서 평생 지켜온 철학,세이노의 가르침 :피보다 진하게 살아라,예술,사회과학,True,2,False,1.1,0.843,0.281,0.281,0.309,False,9791130648385,9791168473690
역행자 :돈·시간·운명으로부터 완전한 자유를 얻는 7단계 인생 공략집,나는 4시간만 일한다 :디지털 노마드 시대 완전히 새로운 삶의 방식,사회과학,사회과학,False,1,False,0.7,0.438,0.843,0.438,0.306,False,9788901260716,9791185584454
"가난한 찰리의 연감 :버크셔 해서웨이의 전설, 찰리 멍거의 모든 것",불변의 법칙 :절대 변하지 않는 것들에 대한 23가지 이야기,사회과학,사회과학,False,1,False,0.7,1.0,0.438,0.438,0.306,False,9788934911388,9791198517425
역행자 :돈·시간·운명으로부터 완전한 자유를 얻는 7단계 인생 공략집,나는 어떻게 삶의 해답을 찾는가 :고명환의 독서 내공,사회과학,총류,True,2,False,0.7,0.438,1.0,0.438,0.306,False,9788901260716,9791189686826
소년이 온다 :한강 장편소설,희랍어 시간 :한강 장편소설,문학,문학,False,2,False,0.7,0.438,0.843,0.438,0.306,False,9788936434120,9788954616515
고양이 해결사 깜냥,똥볶이 할멈 :K-히어로 판타지,문학,문학,False,1,False,0.4,0.751,0.843,0.751,0.301,False,9788936447694,9791190409124
머리맡에 쇼펜하우어 - 삶을 깨우는 쇼펜하우어의 말,당신의 인생이 왜 힘들지 않아야 한다고 생각하십니까 :쇼펜하우어 아포리즘,미상,철학,False,1,False,0.4,1.0,0.751,0.751,0.301,False,9791185584515,9791192625553
남에게 보여주려고 인생을 낭비하지 마라 :쇼펜하우어 소품집,마흔에 읽는 니체 =지금 이순간을 살기 위한 철학 수업 /Nietzsche,철학,철학,False,1,False,0.4,0.843,0.751,0.751,0.301,False,9791169850445,9791192300245
긴긴밤,공부머리 독서법 :실현 가능하고 지속 가능한 독서교육의 모든 것,문학,총류,True,1,False,0.4,0.751,1.0,0.751,0.301,False,9788954677158,9791196316808
초등 공부 정서보다 중요한 것은 없습니다 :기분 상하지 않게 공부시키기 위한 부모의 대화법,나는 다정한 관찰자가 되기로 했다 :불안에 휘둘리지 않는 단단한 태도에 관하여,미상,기술과학,False,1,False,0.4,1.0,0.751,0.751,0.301,False,9791168272187,9791198752406
흔한남매 이상한 나라의 고전 읽기,물리박사 김상욱의 수상한 연구실 :어린이를 위한 세상의 모든 과학,문학,자연과학,True,1,False,0.4,0.751,1.0,0.751,0.301,False,9791168416314,9791171171019
달러구트 꿈 백화점 :주문하신 꿈은 매진입니다,바다가 들리는 편의점,문학,문학,False,1,False,0.4,0.843,0.751,0.751,0.301,False,9791165341909,9791192579504
어느 날 니체가 내 삶을 흔들었다 :니체와 함께하는 철학 산책,마흔에 읽는 니체 =지금 이순간을 살기 위한 철학 수업 /Nietzsche,철학,철학,False,1,False,0.4,1.0,0.751,0.751,0.301,False,9788970755205,9791192300245
박곰희 연금 부자 수업 :4개의 통장으로 월 300만원 만들기,내 몸 혁명 :뱃살과 질병 없이 살려면 숫자보다 몸을 바꿔라,사회과학,기술과학,True,1,False,0.4,0.751,0.843,0.751,0.301,False,9791168342941,9791198553317
미스터 프레지던트 =국가 기념식과 대통령 행사 이야기 /Mr. president,문과 남자의 과학 공부 :나는 무엇이고 왜 존재하며 어디로 가는가?,사회과학,자연과학,True,1,False,0.3,1.0,1.0,1.0,0.3,False,9791157062805,9791192836188
시대예보 :핵개인의 시대 =Forecast of the times : era of nuclear individuals,일의 감각 =Work and sense,사회과학,사회과학,False,1,False,0.3,1.0,1.0,1.0,0.3,False,9791170610359,9791193383193
타키포오 얼렁뚱땅 상식스쿨,타키 포오의 코믹 어드벤처 6 - 캐릭온TV 오리지널 코믹스,총류,미상,False,1,False,0.3,1.0,1.0,1.0,0.3,False,9791171241675,9791171249480
이처럼 사소한 것들 :클레어 키건 소설,세상은 이야기로 만들어졌다 :신화·거짓말·유토피아,문학,총류,True,2,False,0.9,0.334,1.0,0.334,0.3,False,9791130646381,9791192953151
기소영의 친구들 :정은주 창작동화,"왜 유명한 거야, 이 그림?",문학,예술,True,1,False,0.3,1.0,1.0,1.0,0.3,False,9791160949797,9791167550712
놓지 마 맞춤법,놓지 마 어휘 :한자어,언어,언어,False,1,False,0.3,1.0,1.0,1.0,0.3,False,9788934908296,9788934990987
나는 어떻게 삶의 해답을 찾는가 :고명환의 독서 내공,"밤과 나침반 :목표는 크게, 실행은 작게",총류,사회과학,True,1,False,0.3,1.0,1.0,1.0,0.3,False,9791189686826,9791199489509
아홉 살 마음 사전,나무들이 재잘거리는 숲 이야기 =(The) forest story of chattering trees,철학,자연과학,True,1,False,0.3,1.0,1.0,1.0,0.3,False,9788936447014,9788983895264
흔한남매 과학 탐험대,흔한남매의 흔한 호기심 :일상에서 만나는 과학 상식,자연과학,자연과학,False,1,False,0.3,1.0,1.0,1.0,0.3,False,9788934980254,9791164136032
놓지 마 맞춤법,놓지 마 어휘 :한자어,언어,언어,False,1,False,0.3,1.0,1.0,1.0,0.3,False,9788934942641,9788934980056
고양이 해결사 깜냥,공부머리 독서법 :실현 가능하고 지속 가능한 독서교육의 모든 것,문학,총류,True,1,False,0.3,1.0,1.0,1.0,0.3,False,9788936448752,9791196316808
산타 언니의 디지털 세탁소,"왜 유명한 거야, 이 그림?",미상,예술,False,1,False,0.3,1.0,1.0,1.0,0.3,False,9788927107255,9791167550712
(흔한남매) 별난 방탈출 :탈출 미션 스토리북,흔한남매 겨울밤 대소동 :흔한남매 스페셜 에디션 겨울,예술,문학,True,1,False,0.3,1.0,1.0,1.0,0.3,False,9791164137176,9791164139880
축구 만화 도감 :재밌을 줄 알았는데 멋있어!,손흥민이랑 축구하자! :월드클래스 Son세이셔널,예술,미상,False,1,False,0.3,1.0,1.0,1.0,0.3,False,9791190007320,9791190242035
타키포오 코믹 어드벤처,타키포오 얼렁뚱땅 상식스쿨,문학,총류,True,1,False,0.3,1.0,1.0,1.0,0.3,False,9791169794879,9791171241675
"왜 유명한 거야, 이 그림?",행운이 구르는 속도 :김성운 창작동화,예술,미상,False,1,False,0.3,1.0,1.0,1.0,0.3,False,9791167550712,9791169813341
나는 야구를 만화로 배웠어요,대충 봐도 머리에 남는 어린이 야구 상식 :야구의 재미를 제대로 알게 하는 알쏭달쏭 야구의 모든 것,미상,예술,False,1,False,0.3,1.0,1.0,1.0,0.3,False,9791187504955,9791198381811
(스피드스피릿!) 미니카 종이접기 :아빠와 함께 접는 우주 자동차,세상에서 제일 재밌는 종이접기 :색종이 한 장이면 장난감 뚝딱!,미상,예술,False,1,False,0.3,1.0,1.0,1.0,0.3,False,9788983797063,9791186494431
Why? sports 축구,축구 만화 도감 :재밌을 줄 알았는데 멋있어!,미상,예술,False,2,False,0.3,1.0,1.0,1.0,0.3,False,9788930280228,9791190007320
영혼이 강한 아이로 키워라 :대한민국 부모 멘토 조선미 교수의 자녀교육 명강,아이는 무엇으로 자라는가 :세계적 가족 심리학자 버지니아 사티어의 15가지 양육 법칙,기술과학,기술과학,False,1,False,0.3,1.0,1.0,1.0,0.3,False,9791164052202,9791193506202
세상에서 제일 재밌는 종이접기 :색종이 한 장이면 장난감 뚝딱!,"(네모아저씨의) 페이퍼 블레이드 :절제된 외형, 나아진 성능! 팽이의 본질을 되묻다!",예술,미상,False,1,False,0.3,1.0,1.0,1.0,0.3,False,9791186494431,9791186494967
팩토피아 :꼬리에 꼬리를 무는 400가지 사실들,(초등학생이 알아야 할) 세상의 비밀 100가지,총류,총류,False,1,False,0.3,1.0,1.0,1.0,0.3,False,9791169254069,9791190896979
요리스타 청 2 - 아이스크림 대결,(백종원의) 도전 요리왕 :음식으로 맛보는 세계 역사 문화 체험,기술과학,기술과학,False,1,False,0.3,1.0,1.0,1.0,0.3,False,9788934965282,9791189938352
"(펼치는 순간 단숨에 6,000년 역사가 읽히는) 요즘 어른을 위한 최소한의 세계사",요즘 역사 : 근대 - 당신에게 가장 가까운,역사,미상,False,1,False,0.3,1.0,1.0,1.0,0.3,False,9791193128428,9791198593276
방구석 미술관 :가볍고 편하게 시작하는 유쾌한 교양 미술,기묘한 미술관 :아름답고 서늘한 명화 속 미스터리,예술,미상,False,1,False,0.3,1.0,1.0,1.0,0.3,False,9788968331862,9791191825084
(상위 1% 아이가 하고 있는) 서울대 아빠식 문해력 독서법 :독서법부터 다른 영재원 과학고 아이들의 비밀,공부머리 독서법 :실현 가능하고 지속 가능한 독서교육의 모든 것,총류,총류,False,1,False,0.3,1.0,1.0,1.0,0.3,False,9791157844876,9791196316808
(아이들도 잘 모르고 어른들은 더 모르는) 신기한 현상 사전,팩토피아 :꼬리에 꼬리를 무는 400가지 사실들,총류,총류,False,1,False,0.3,1.0,1.0,1.0,0.3,False,9788934951278,9791169254120
나는 어떻게 삶의 해답을 찾는가 :고명환의 독서 내공,이 진리가 당신에게 닿기를 :전 세계를 울린 영혼의 치유자가 전하는 다섯 가지 삶의 지혜,총류,철학,True,1,False,0.3,1.0,1.0,1.0,0.3,False,9791189686826,9791190977906
(김민형 교수의) 수학 추리 탐험대 :초등학생을 위한 이야기 수학,물리박사 김상욱의 수상한 연구실 :어린이를 위한 세상의 모든 과학,자연과학,자연과학,False,1,False,0.3,1.0,1.0,1.0,0.3,False,9791168342118,9791171171019
만화 한국 신화 :어린이를 위한 우리 인문학,(설민석의) 그리스 로마 신화 대모험,종교,종교,False,1,False,0.3,1.0,1.0,1.0,0.3,False,9791130696614,9791198179982
정재승의 인간 탐구 보고서,물리박사 김상욱의 수상한 연구실 :어린이를 위한 세상의 모든 과학,기술과학,자연과학,True,1,False,0.3,1.0,1.0,1.0,0.3,False,9788950969301,9791171171019
내가 틀릴 수도 있습니다 =숲속의 현자가 전하는 마지막 인생수업 /I may be wrong,인생의 태도 :행복한 이기주의자로 평생 살아보니 알게 된 것들,종교,철학,True,1,False,0.3,1.0,1.0,1.0,0.3,False,9791130689890,9791165211653
슈뻘맨의 슈퍼 상식 월드컵,슈뻘맨의 숨은 과학 찾기 :엉뚱 도전 속에 숨은 과학 상식,총류,자연과학,True,1,False,0.3,1.0,1.0,1.0,0.3,False,9788934911289,9791168415171
에그박사의 채집 일기 :스티커로 채집하는 자연 생물 관찰 만화,에그박사의 이건 누구 똥?!,자연과학,자연과학,False,1,False,0.3,1.0,1.0,1.0,0.3,False,9791164137800,9791168417939
흔한남매 불꽃 튀는 우리말 :초등 국어 고수 되기 프로젝트,(흔한남매) 별난 방탈출 :탈출 미션 스토리북,언어,예술,True,1,False,0.3,1.0,1.0,1.0,0.3,False,9791130637594,9791164137176
이처럼 사소한 것들 :클레어 키건 소설,안녕이라 그랬어 :김애란 소설,문학,문학,False,1,False,0.9,0.334,0.346,0.334,0.3,False,9791130646381,9791141602376
"센세이셔널 :우리가 보고, 듣고, 느끼는 모든 것",세상은 이야기로 만들어졌다 :신화·거짓말·유토피아,기술과학,총류,True,1,False,0.3,1.0,1.0,1.0,0.3,False,9791192389530,9791192953151
아버지의 해방일지 :정지아 장편소설,(이미 늦었다고 생각하는 당신을 위한) 김미경의 마흔 수업,문학,사회과학,True,2,False,1.3,0.23,0.636,0.23,0.299,False,9788936438838,9791198013026
아버지의 해방일지 :정지아 장편소설,"도둑맞은 집중력 :집중력 위기의 시대, 삶의 주도권을 되찾는 법",문학,철학,True,2,False,1.3,0.23,0.238,0.23,0.299,False,9788936438838,9791167740984
부자의 언어 :어떻게 살아야 부자가 되는지 묻는 아들에게,돈의 심리학 :당신은 왜 부자가 되지 못했는가,사회과학,사회과학,False,1,False,0.5,1.0,0.595,0.595,0.297,False,9791155812594,9791191056372
내가 틀릴 수도 있습니다 =숲속의 현자가 전하는 마지막 인생수업 /I may be wrong,어른의 행복은 조용하다,종교,문학,True,1,False,0.7,1.0,0.42,0.42,0.294,False,9791130689890,9791169851053
남에게 보여주려고 인생을 낭비하지 마라 :쇼펜하우어 소품집,어른의 행복은 조용하다,철학,문학,True,1,False,0.7,0.843,0.42,0.42,0.294,False,9791169850445,9791169851053
어른의 행복은 조용하다,마흔에 읽는 니체 =지금 이순간을 살기 위한 철학 수업 /Nietzsche,문학,철학,True,1,False,0.7,0.42,0.751,0.42,0.294,False,9791169851053,9791192300245
어른의 행복은 조용하다,마흔에 읽는 쇼펜하우어 :마음의 위기를 다스리는 철학 수업,문학,철학,True,1,False,1.0,0.42,0.29,0.29,0.29,False,9791169851053,9791192300818
흰 :한강 소설,작별하지 않는다 :한강 장편소설,문학,문학,False,1,False,0.9,0.843,0.322,0.322,0.29,False,9788954640718,9788954682152
작별하지 않는다 :한강 장편소설,안녕이라 그랬어 :김애란 소설,문학,문학,False,1,False,0.9,0.322,0.346,0.322,0.29,False,9788954682152,9791141602376
메리골드 마음 세탁소 =윤정은 장편소설 /Marigold mind laundry,마지막 마음이 들리는 공중전화 :이수연 장편소설,문학,문학,False,1,False,0.6,0.479,1.0,0.479,0.287,False,9791191891287,9791193235119
나의 돈키호테 :김호연 장편소설,메리골드 마음 세탁소 =윤정은 장편소설 /Marigold mind laundry,문학,문학,False,2,False,0.6,0.751,0.479,0.479,0.287,False,9791161571768,9791191891287
메리골드 마음 세탁소 =윤정은 장편소설 /Marigold mind laundry,나는 다정한 관찰자가 되기로 했다 :불안에 휘둘리지 않는 단단한 태도에 관하여,문학,기술과학,True,2,False,0.6,0.479,0.751,0.479,0.287,False,9791191891287,9791198752406
이중 하나는 거짓말 :김애란 장편소설,"물고기는 존재하지 않는다 :상실, 사랑 그리고 숨어 있는 삶의 질서에 관한 이야기",문학,자연과학,True,1,False,0.6,0.479,0.529,0.479,0.287,False,9791141601300,9791189327156
흔한남매,세상에서 제일 재밌는 종이접기 :색종이 한 장이면 장난감 뚝딱!,문학,예술,True,1,False,0.6,0.479,1.0,0.479,0.287,False,9791168415232,9791186494431
불편한 편의점 :김호연 장편소설,마흔에 읽는 니체 =지금 이순간을 살기 위한 철학 수업 /Nietzsche,문학,철학,True,2,False,1.4,0.202,0.751,0.202,0.283,False,9791161571188,9791192300245
불편한 편의점 :김호연 장편소설,(5천년 역사가 단숨에 이해되는) 최소한의 한국사,문학,역사,True,2,False,1.4,0.202,1.0,0.202,0.283,False,9791161571188,9791198243430
나는 메트로폴리탄 미술관의 경비원입니다 :가장 경이로운 세계 속으로 숨어버린 한 남자의 이야기,내가 틀릴 수도 있습니다 =숲속의 현자가 전하는 마지막 인생수업 /I may be wrong,문학,종교,True,2,False,0.7,0.403,1.0,0.403,0.282,False,9788901276533,9791130689890
공자가 죽어야 나라가 산다,세이노의 가르침 :피보다 진하게 살아라,사회과학,사회과학,False,1,False,1.0,1.0,0.281,0.281,0.281,False,9791166891533,9791168473690
"사피엔스 :유인원에서 사이보그까지, 인간 역사의 대담하고 위대한 질문",안녕이라 그랬어 :김애란 소설,역사,문학,True,1,False,0.8,1.0,0.346,0.346,0.277,False,9788934972464,9791141602376
안녕이라 그랬어 :김애란 소설,"물고기는 존재하지 않는다 :상실, 사랑 그리고 숨어 있는 삶의 질서에 관한 이야기",문학,자연과학,True,1,False,0.8,0.346,0.529,0.346,0.277,False,9791141602376,9791189327156
퓨처 셀프 :현재와 미래가 달라지는 놀라운 혁명,강인함의 힘 :회복탄력성을 능가하는 강인함의 비밀,사회과학,사회과학,False,1,False,0.8,0.346,1.0,0.346,0.277,False,9791192389325,9791192389776
소년이 온다 :한강 장편소설,안녕이라 그랬어 :김애란 소설,문학,문학,False,1,False,0.8,0.438,0.346,0.346,0.277,False,9788936434120,9791141602376
아버지의 해방일지 :정지아 장편소설,"모든 것은 기본에서 시작한다 :실력도 기술도 사람 됨됨이도, 기본을 지키는 손웅정의 삶의 철학",문학,예술,True,2,False,1.2,0.23,0.843,0.23,0.276,False,9788936438838,9791190382502
아버지의 해방일지 :정지아 장편소설,당신도 느리게 나이 들 수 있습니다 :나이가 들어도 몸의 시간을 젊게,문학,기술과학,True,2,False,1.2,0.23,0.843,0.23,0.276,False,9788936438838,9791140702589
타이탄의 도구들 :1만 시간의 법칙을 깬 거인들의 61가지 전략,10배의 법칙 :성공과 실패를 가르는 유일한 차이,사회과학,사회과학,False,1,False,0.4,0.686,1.0,0.686,0.275,False,9791158510619,9791185446349
만일 내가 인생을 다시 산다면 :벌써 마흔이 된 당신에게 해 주고 싶은 말들 42,생각이 너무 많은 어른들을 위한 심리학 :후회 없는 삶을 살고 싶은 당신에게 해 주고 싶은 말들,철학,철학,False,1,False,0.4,0.686,1.0,0.686,0.275,False,9791190538510,9791190538602
흔한남매,세상에서 제일 재밌는 종이접기 :색종이 한 장이면 장난감 뚝딱!,문학,예술,True,1,False,0.4,0.686,1.0,0.686,0.275,False,9791164135592,9791186494431
흔한남매,(백종원의) 도전 요리왕 :음식으로 맛보는 세계 역사 문화 체험,문학,기술과학,True,1,False,0.4,0.686,1.0,0.686,0.275,False,9791164136261,9791189938352
(아이들도 잘 모르고 어른들은 더 모르는) 신기한 현상 사전,흔한남매,총류,문학,True,1,False,0.4,1.0,0.686,0.686,0.275,False,9788934951278,9791164135592
새의 선물 :은희경 장편소설,밝은 밤 :최은영 장편소설,미상,문학,False,1,False,0.4,1.0,0.686,0.686,0.275,False,9788954613651,9788954681179
밝은 밤 :최은영 장편소설,내가 틀릴 수도 있습니다 =숲속의 현자가 전하는 마지막 인생수업 /I may be wrong,문학,종교,True,1,False,0.4,0.686,1.0,0.686,0.275,False,9788954681179,9791130689890
밝은 밤 :최은영 장편소설,방구석 미술관 :가볍고 편하게 시작하는 유쾌한 교양 미술,문학,예술,True,1,False,0.4,0.686,1.0,0.686,0.275,False,9788954681179,9788968331862
원씽 :복잡한 세상을 이기는 단순함의 힘,돈의 속성 :최상위 부자가 말하는 돈에 대한 모든 것,사회과학,사회과학,False,1,False,0.6,0.457,0.503,0.457,0.274,False,9788997575169,9791188331796
아홉 살 마음 사전,흔한남매,철학,문학,True,1,False,0.6,1.0,0.457,0.457,0.274,False,9788936447014,9791168418011
소년이 온다 :한강 장편소설,불편한 편의점 :김호연 장편소설,문학,문학,False,1,True,0.9,0.438,0.202,0.202,0.273,False,9788936434120,9791161571188
이처럼 사소한 것들 :클레어 키건 소설,아이는 무엇으로 자라는가 :세계적 가족 심리학자 버지니아 사티어의 15가지 양육 법칙,문학,기술과학,True,2,False,0.8,0.334,1.0,0.334,0.267,False,9791130646381,9791193506202
역행자 :돈·시간·운명으로부터 완전한 자유를 얻는 7단계 인생 공략집,불편한 편의점 :김호연 장편소설,사회과학,문학,True,2,False,0.8,0.438,0.334,0.334,0.267,False,9788901260716,9791161571379
불편한 편의점 :김호연 장편소설,(5천년 역사가 단숨에 이해되는) 최소한의 한국사,문학,역사,True,2,False,0.8,0.334,1.0,0.334,0.267,False,9791161571379,9791198243430
불편한 편의점 :김호연 장편소설,"모든 것은 기본에서 시작한다 :실력도 기술도 사람 됨됨이도, 기본을 지키는 손웅정의 삶의 철학",문학,예술,True,2,False,0.8,0.334,0.843,0.334,0.267,False,9791161571379,9791190382502
흔한남매,백앤아 :교양이 층층 쌓이는 점프 맵,문학,총류,True,1,False,0.5,0.529,1.0,0.529,0.265,False,9791164138197,9791192504230
트러스트 :에르난 디아스 장편소설,"물고기는 존재하지 않는다 :상실, 사랑 그리고 숨어 있는 삶의 질서에 관한 이야기",문학,자연과학,True,1,False,0.5,0.843,0.529,0.529,0.265,False,9788954691673,9791189327156
역행자 :돈·시간·운명으로부터 완전한 자유를 얻는 7단계 인생 공략집,도파민네이션 :쾌락 과잉 시대에서 균형 찾기,사회과학,철학,True,1,False,0.6,0.438,1.0,0.438,0.263,False,9788901260716,9788965965046
소년이 온다 :한강 장편소설,방구석 미술관 :가볍고 편하게 시작하는 유쾌한 교양 미술,문학,예술,True,1,False,0.6,0.438,1.0,0.438,0.263,False,9788936434120,9788968331862
불편한 편의점 :김호연 장편소설,아이는 무엇으로 자라는가 :세계적 가족 심리학자 버지니아 사티어의 15가지 양육 법칙,문학,기술과학,True,2,False,1.3,0.202,1.0,0.202,0.263,False,9791161571188,9791193506202
역행자 :돈·시간·운명으로부터 완전한 자유를 얻는 7단계 인생 공략집,장사의 神 :블랙에디션,사회과학,사회과학,False,1,False,0.6,0.438,1.0,0.438,0.263,False,9788901260716,9791165346652
부자의 마지막 가르침 :삶의 자유를 위한 부의 알고리즘,불변의 법칙 :절대 변하지 않는 것들에 대한 23가지 이야기,사회과학,사회과학,False,1,False,0.6,1.0,0.438,0.438,0.263,False,9791193937068,9791198517425
소년이 온다 :한강 장편소설,모순 :양귀자 장편소설,문학,문학,False,1,False,0.6,0.438,0.529,0.438,0.263,False,9788936434120,9788998441012
소년이 온다 :한강 장편소설,절창 :구병모 장편소설,문학,문학,False,1,False,0.6,0.438,0.503,0.438,0.263,False,9788936434120,9791141602451
타이탄의 도구들 :1만 시간의 법칙을 깬 거인들의 61가지 전략,불변의 법칙 :절대 변하지 않는 것들에 대한 23가지 이야기,사회과학,사회과학,False,1,False,0.6,0.686,0.438,0.438,0.263,False,9791158510619,9791198517425
"도둑맞은 집중력 :집중력 위기의 시대, 삶의 주도권을 되찾는 법",나를 소모하지 않는 현명한 태도에 관하여,철학,철학,False,2,False,1.1,0.238,0.636,0.238,0.262,False,9791167740984,9791198682505
아주 작은 습관의 힘 :최고의 변화는 어떻게 만들어지는가,"도둑맞은 집중력 :집중력 위기의 시대, 삶의 주도권을 되찾는 법",철학,철학,False,2,False,1.1,0.636,0.238,0.238,0.262,False,9791162540640,9791167740984
"도둑맞은 집중력 :집중력 위기의 시대, 삶의 주도권을 되찾는 법",당신의 인생이 왜 힘들지 않아야 한다고 생각하십니까 :쇼펜하우어 아포리즘,철학,철학,False,2,False,1.1,0.238,0.751,0.238,0.262,False,9791167740984,9791192625553
"도둑맞은 집중력 :집중력 위기의 시대, 삶의 주도권을 되찾는 법",느리게 나이 드는 습관 :노년내과 의사가 알려주는 감속노화 실천법,철학,기술과학,True,2,False,1.1,0.238,0.843,0.238,0.262,False,9791167740984,9791193080146
"도둑맞은 집중력 :집중력 위기의 시대, 삶의 주도권을 되찾는 법","모든 것은 기본에서 시작한다 :실력도 기술도 사람 됨됨이도, 기본을 지키는 손웅정의 삶의 철학",철학,예술,True,2,False,1.1,0.238,0.843,0.238,0.262,False,9791167740984,9791190382502
마흔에 읽는 쇼펜하우어 :마음의 위기를 다스리는 철학 수업,느리게 나이 드는 습관 :노년내과 의사가 알려주는 감속노화 실천법,철학,기술과학,True,2,False,0.9,0.29,0.843,0.29,0.261,False,9791192300818,9791193080146
마흔에 읽는 쇼펜하우어 :마음의 위기를 다스리는 철학 수업,불변의 법칙 :절대 변하지 않는 것들에 대한 23가지 이야기,철학,사회과학,True,2,False,0.9,0.29,0.438,0.29,0.261,False,9791192300818,9791198517425
마흔에 읽는 쇼펜하우어 :마음의 위기를 다스리는 철학 수업,어차피 남들은 나에게 관심 없다 :쇼펜하우어의 인간관계 철학,철학,철학,False,1,False,0.9,0.29,0.751,0.29,0.261,False,9791192300818,9791198621405
혼모노 :성해나 소설집,작별하지 않는다 :한강 장편소설,문학,문학,False,1,False,0.8,0.387,0.322,0.322,0.258,False,9788936439743,9788954682152
채식주의자 :한강 장편소설,작별하지 않는다 :한강 장편소설,문학,문학,False,1,False,0.8,0.843,0.322,0.322,0.258,False,9788936434595,9788954682152
웹 3.0 넥스트 이코노미 :불황 속 당신의 돈과 삶을 완전히 바꿀 생존경제,(이미 늦었다고 생각하는 당신을 위한) 김미경의 마흔 수업,사회과학,사회과학,False,1,False,0.4,1.0,0.636,0.636,0.254,False,9791198013002,9791198013026
아이는 무엇으로 자라는가 :세계적 가족 심리학자 버지니아 사티어의 15가지 양육 법칙,나를 소모하지 않는 현명한 태도에 관하여,기술과학,철학,True,2,False,0.4,1.0,0.636,0.636,0.254,False,9791193506202,9791198682505
남에게 보여주려고 인생을 낭비하지 마라 :쇼펜하우어 소품집,(2500년 동안 사랑받은) 초역 부처의 말 :행복으로 가는 길은 없다 행복이 곧 길이다,철학,종교,True,1,False,0.4,0.843,0.636,0.636,0.254,False,9791169850445,9791193506516
마흔에 읽는 니체 =지금 이순간을 살기 위한 철학 수업 /Nietzsche,(이미 늦었다고 생각하는 당신을 위한) 김미경의 마흔 수업,철학,사회과학,True,1,False,0.4,0.751,0.636,0.636,0.254,False,9791192300245,9791198013026
"나를 위해 살지 않으면 남을 위해 살게 된다 :지혜에 관한 작은 책, 엥케이리디온",나를 소모하지 않는 현명한 태도에 관하여,철학,철학,False,1,False,0.4,1.0,0.636,0.636,0.254,False,9791169850889,9791198682505
습관의 디테일 :위대한 변화를 만드는 사소한 행동 설계,아주 작은 습관의 힘 :최고의 변화는 어떻게 만들어지는가,철학,철학,False,1,False,0.4,1.0,0.636,0.636,0.254,False,9788965964049,9791162540640
남에게 보여주려고 인생을 낭비하지 마라 :쇼펜하우어 소품집,(쇼펜하우어의) 고독한 행복,철학,철학,False,1,False,0.3,0.843,0.843,0.843,0.253,False,9791169850445,9791170402688
완치 비만 :당신은 어떻게 살 안 찌는 사람으로 변했나요?,내 몸 혁명 :뱃살과 질병 없이 살려면 숫자보다 몸을 바꿔라,기술과학,기술과학,False,1,False,0.3,1.0,0.843,0.843,0.253,False,9791187330301,9791198553317
만복이네 떡집,공부머리 독서법 :실현 가능하고 지속 가능한 독서교육의 모든 것,문학,총류,True,1,False,0.3,0.843,1.0,0.843,0.253,False,9788949161341,9791196316808
느리게 나이 드는 습관 :노년내과 의사가 알려주는 감속노화 실천법,"최고의 노후 :질병 없이 건강하게, 행복한 노년을 만드는 비밀",기술과학,기술과학,False,1,False,0.3,0.843,1.0,0.843,0.253,False,9791193080146,9791197376696
아홉 살 마음 사전,흔한남매,철학,문학,True,1,False,0.3,1.0,0.843,0.843,0.253,False,9788936447014,9791164131686
아버지의 해방일지 :정지아 장편소설,(5천년 역사가 단숨에 이해되는) 최소한의 한국사,문학,역사,True,2,False,1.1,0.23,1.0,0.23,0.253,False,9788936438838,9791198243430
당신도 느리게 나이 들 수 있습니다 :나이가 들어도 몸의 시간을 젊게,노화의 재설계 :예일대 의대에서 밝혀낸 신체나이를 되돌리는 방법,기술과학,기술과학,False,1,False,0.3,0.843,1.0,0.843,0.253,False,9791140702589,9791168126206
도파민네이션 :쾌락 과잉 시대에서 균형 찾기,"인스타 브레인 =몰입을 빼앗긴 시대, 똑똑한 뇌 사용법 /Insta brain",철학,기술과학,True,1,False,0.3,1.0,0.843,0.843,0.253,False,9788965965046,9791157686179
이웃집 백만장자 :푼돈이 모여 어마어마한 재산이 되는 생생한 비법,세이노의 가르침 :피보다 진하게 살아라,사회과학,사회과학,False,1,False,0.9,1.0,0.281,0.281,0.253,False,9788972773627,9791168473690
나는 읽고 쓰고 버린다 :손웅정의 말,나만의 리틀 포레스트에 산다,예술,미상,False,1,False,0.3,0.843,1.0,0.843,0.253,False,9791191859836,9791193939000
아홉 살 마음 사전,고양이 해결사 깜냥,철학,문학,True,1,False,0.3,1.0,0.843,0.843,0.253,False,9788936447014,9788936448523
인생은 순간이다 :삶이라는 타석에서 평생 지켜온 철학,이시형의 인생 수업 :90세 국민 정신과 의사와 내 인생을 만들어준 사람들,예술,미상,False,1,False,0.3,0.843,1.0,0.843,0.253,False,9791130648385,9791167031181
정재승의 인간 탐구 보고서,물리박사 김상욱의 수상한 연구실 :어린이를 위한 세상의 모든 과학,기술과학,자연과학,True,1,False,0.3,0.843,1.0,0.843,0.253,False,9788950983079,9791171171019
놓지 마 어휘 :한자어,놓지 마 과학!,언어,자연과학,True,1,False,0.3,1.0,0.843,0.843,0.253,False,9788934990987,9791168120266
"최민준의 아들코칭 백과 :기질 파악부터 말공부, 사회성, 감정코칭까지",아이의 뇌 =뇌과학에서 찾아낸 4가지 양육 원칙 /A child's brain,기술과학,기술과학,False,1,False,0.3,1.0,0.843,0.843,0.253,False,9791168127531,9791193506981
당신도 느리게 나이 들 수 있습니다 :나이가 들어도 몸의 시간을 젊게,(건강과 다이어트를 동시에 잡는) 채소·과일식 :단순하면서 자연스러운 가장 효과적인 식단,기술과학,기술과학,False,1,False,0.3,0.843,0.843,0.843,0.253,False,9791140702589,9791158773120
위라클 =우리 모두에게 기적을 /Weracle,"모든 것은 기본에서 시작한다 :실력도 기술도 사람 됨됨이도, 기본을 지키는 손웅정의 삶의 철학",미상,예술,False,1,False,0.3,1.0,0.843,0.843,0.253,False,9788977824768,9791190382502
어른의 행복은 조용하다,"모든 것은 기본에서 시작한다 :실력도 기술도 사람 됨됨이도, 기본을 지키는 손웅정의 삶의 철학",문학,예술,True,1,False,0.6,0.42,0.843,0.42,0.252,False,9791169851053,9791190382502
어른의 행복은 조용하다,당신의 인생이 왜 힘들지 않아야 한다고 생각하십니까 :쇼펜하우어 아포리즘,문학,철학,True,1,False,0.6,0.42,0.751,0.42,0.252,False,9791169851053,9791192625553
흔한남매,슈뻘맨의 숨은 과학 찾기 :엉뚱 도전 속에 숨은 과학 상식,문학,자연과학,True,1,False,0.5,0.503,1.0,0.503,0.251,False,9791168412477,9791168415171
아홉 살 마음 사전,흔한남매,철학,문학,True,1,False,0.5,1.0,0.503,0.503,0.251,False,9788936447014,9791168416369
흔한남매,축구 만화 도감 :재밌을 줄 알았는데 멋있어!,문학,예술,True,1,False,0.5,0.503,1.0,0.503,0.251,False,9791168412477,9791190007320
흔한남매,축구 만화 도감 :재밌을 줄 알았는데 멋있어!,문학,예술,True,1,False,0.5,0.503,1.0,0.503,0.251,False,9791168416369,9791190007320
박곰희 연금 부자 수업 :4개의 통장으로 월 300만원 만들기,돈의 속성 :최상위 부자가 말하는 돈에 대한 모든 것,사회과학,사회과학,False,1,False,0.5,0.751,0.503,0.503,0.251,False,9791168342941,9791188331796
타이탄의 도구들 :1만 시간의 법칙을 깬 거인들의 61가지 전략,고전이 답했다 :마땅히 살아야 할 삶에 대하여,사회과학,철학,True,1,False,0.5,0.686,0.503,0.503,0.251,False,9791158510619,9791193939130
레버리지 :자본주의 속에 숨겨진 부의 비밀,돈의 속성 :최상위 부자가 말하는 돈에 대한 모든 것,사회과학,사회과학,False,1,False,0.5,1.0,0.503,0.503,0.251,False,9791130612249,9791188331796
밝은 밤 :최은영 장편소설,절창 :구병모 장편소설,문학,문학,False,1,False,0.5,0.686,0.503,0.503,0.251,False,9788954681179,9791141602451
내가 틀릴 수도 있습니다 =숲속의 현자가 전하는 마지막 인생수업 /I may be wrong,단 한 번의 삶,종교,문학,True,1,False,1.0,1.0,0.246,0.246,0.246,False,9791130689890,9791191114768
밝은 밤 :최은영 장편소설,안녕이라 그랬어 :김애란 소설,문학,문학,False,1,False,0.7,0.686,0.346,0.346,0.242,False,9788954681179,9791141602376
불편한 편의점 :김호연 장편소설,나의 돈키호테 :김호연 장편소설,문학,문학,False,2,False,1.2,0.202,0.751,0.202,0.242,False,9791161571188,9791161571768
망원동 브라더스 :김호연 장편소설,불편한 편의점 :김호연 장편소설,문학,문학,False,2,False,1.2,1.0,0.202,0.202,0.242,False,9788997962129,9791161571188
방구석 미술관 :가볍고 편하게 시작하는 유쾌한 교양 미술,안녕이라 그랬어 :김애란 소설,예술,문학,True,1,False,0.7,1.0,0.346,0.346,0.242,False,9788968331862,9791141602376
나는 메트로폴리탄 미술관의 경비원입니다 :가장 경이로운 세계 속으로 숨어버린 한 남자의 이야기,방구석 미술관 :가볍고 편하게 시작하는 유쾌한 교양 미술,문학,예술,True,2,False,0.6,0.403,1.0,0.403,0.242,False,9788901276533,9788968331862
미래의 나를 만난 후 오늘이 달라졌다 :5년 뒤 나를 바꾸는 퓨처 셀프의 비밀,퓨처 셀프 :현재와 미래가 달라지는 놀라운 혁명,철학,사회과학,True,1,False,0.7,1.0,0.346,0.346,0.242,False,9791162543726,9791192389325
(아이들도 잘 모르고 어른들은 더 모르는) 신기한 현상 사전,(읽으면서 바로 써먹는) 어린이 세계 여행,총류,역사,True,1,False,0.5,1.0,0.479,0.479,0.239,False,9788934951278,9791158682798
벌거벗은 정신력,"도둑맞은 집중력 :집중력 위기의 시대, 삶의 주도권을 되찾는 법",기술과학,철학,True,1,False,1.0,1.0,0.238,0.238,0.238,False,9791165348755,9791167740984
타이탄의 도구들 :1만 시간의 법칙을 깬 거인들의 61가지 전략,돈의 심리학 :당신은 왜 부자가 되지 못했는가,사회과학,사회과학,False,1,False,0.4,0.686,0.595,0.595,0.238,False,9791158510619,9791191056372
모든 주식을 소유하라 :시장과 시간이 검증한 투자의 원칙,돈의 심리학 :당신은 왜 부자가 되지 못했는가,사회과학,사회과학,False,1,False,0.4,1.0,0.595,0.595,0.238,False,9791188096923,9791191056372
슈뻘맨의 숨은 과학 찾기 :엉뚱 도전 속에 숨은 과학 상식,흔한남매,자연과학,문학,True,1,False,0.4,1.0,0.595,0.595,0.238,False,9791168415171,9791168418844
흔한남매,축구 만화 도감 :재밌을 줄 알았는데 멋있어!,문학,예술,True,1,False,0.4,0.595,1.0,0.595,0.238,False,9791164137527,9791190007320
만일 내가 인생을 다시 산다면 :벌써 마흔이 된 당신에게 해 주고 싶은 말들 42,"어서오세요, 휴남동 서점입니다 :황보름 장편소설",철학,문학,True,1,False,0.4,0.686,0.595,0.595,0.238,False,9791190538510,9791197377143
타이탄의 도구들 :1만 시간의 법칙을 깬 거인들의 61가지 전략,"도둑맞은 집중력 :집중력 위기의 시대, 삶의 주도권을 되찾는 법",사회과학,철학,True,2,False,1.0,0.686,0.238,0.238,0.238,False,9791158510619,9791167740984
"사피엔스 :유인원에서 사이보그까지, 인간 역사의 대담하고 위대한 질문",이처럼 사소한 것들 :클레어 키건 소설,역사,문학,True,1,False,0.7,1.0,0.334,0.334,0.234,False,9788934972464,9791130646381
혼모노 :성해나 소설집,이처럼 사소한 것들 :클레어 키건 소설,문학,문학,False,1,False,0.7,0.387,0.334,0.334,0.234,False,9788936439743,9791130646381
방구석 미술관 :가볍고 편하게 시작하는 유쾌한 교양 미술,불편한 편의점 :김호연 장편소설,예술,문학,True,1,False,0.7,1.0,0.334,0.334,0.234,False,9788968331862,9791161571379
이처럼 사소한 것들 :클레어 키건 소설,남극 :클레어 키건 소설,문학,미상,False,1,False,0.7,0.334,1.0,0.334,0.234,False,9791130646381,9791130673332
혼모노 :성해나 소설집,밝은 밤 :최은영 장편소설,문학,문학,False,1,False,0.6,0.387,0.686,0.387,0.232,False,9788936439743,9788954681179
혼모노 :성해나 소설집,내가 틀릴 수도 있습니다 =숲속의 현자가 전하는 마지막 인생수업 /I may be wrong,문학,종교,True,1,False,0.6,0.387,1.0,0.387,0.232,False,9788936439743,9791130689890
마흔에 읽는 쇼펜하우어 :마음의 위기를 다스리는 철학 수업,쇼펜하우어 인생수업 :한 번뿐인 삶 이렇게 살아라,철학,철학,False,1,False,0.8,0.29,1.0,0.29,0.232,False,9791192300818,9791193282045
아버지의 해방일지 :정지아 장편소설,방구석 미술관 :가볍고 편하게 시작하는 유쾌한 교양 미술,문학,예술,True,2,False,1.0,0.23,1.0,0.23,0.23,False,9788936438838,9788968331862
아버지의 해방일지 :정지아 장편소설,달러구트 꿈 백화점 :주문하신 꿈은 매진입니다,문학,문학,False,2,False,1.0,0.23,0.843,0.23,0.23,False,9788936438838,9791165341909
아버지의 해방일지 :정지아 장편소설,숲의 대화 :정지아 소설집,문학,미상,False,1,False,1.0,0.23,1.0,0.23,0.23,False,9788936438838,9788956606729
작별하지 않는다 :한강 장편소설,내가 틀릴 수도 있습니다 =숲속의 현자가 전하는 마지막 인생수업 /I may be wrong,문학,종교,True,1,False,0.7,0.322,1.0,0.322,0.225,False,9788954682152,9791130689890
삶이라는 지옥을 건너는 70가지 방법 :어제의 불행이 오늘의 행복이 되는 쇼펜하우어의 지혜,당신의 인생이 왜 힘들지 않아야 한다고 생각하십니까 :쇼펜하우어 아포리즘,철학,철학,False,1,False,0.3,0.843,0.751,0.751,0.225,False,9791155402306,9791192625553
나의 돈키호테 :김호연 장편소설,달러구트 꿈 백화점 :주문하신 꿈은 매진입니다,문학,문학,False,1,False,0.3,0.751,0.843,0.751,0.225,False,9791161571768,9791165341909
여수의 사랑 :한강 소설집,작별하지 않는다 :한강 장편소설,미상,문학,False,1,False,0.7,0.843,0.322,0.322,0.225,False,9788932034812,9788954682152
"바람이 분다, 가라 :한강 장편소설",작별하지 않는다 :한강 장편소설,문학,문학,False,2,False,0.7,0.843,0.322,0.322,0.225,False,9788932020006,9788954682152
(비울수록 사랑을 더 채우는) 엄마의 말 그릇,나는 다정한 관찰자가 되기로 했다 :불안에 휘둘리지 않는 단단한 태도에 관하여,기술과학,기술과학,False,1,False,0.3,1.0,0.751,0.751,0.225,False,9791168271838,9791198752406
(흔한남매) 수수께끼 어드벤처 :수수께끼로 배우는 교과 지식,흔한남매의 흔한 호기심 :일상에서 만나는 과학 상식,사회과학,자연과학,True,1,False,0.3,1.0,0.751,0.751,0.225,False,9791168413078,9791168415409
(허브 코헨의) 협상의 기술,세이노의 가르침 :피보다 진하게 살아라,사회과학,사회과학,False,1,False,0.8,1.0,0.281,0.281,0.225,False,9788934989738,9791168473690
원씽 :복잡한 세상을 이기는 단순함의 힘,세이노의 가르침 :피보다 진하게 살아라,사회과학,사회과학,False,2,False,0.8,0.457,0.281,0.281,0.225,False,9788997575169,9791168473690
고양이 해결사 깜냥,"최민준의 아들코칭 백과 :기질 파악부터 말공부, 사회성, 감정코칭까지",문학,기술과학,True,1,False,0.3,0.751,1.0,0.751,0.225,False,9788936447694,9791168127531
사는 게 힘드냐고 니체가 물었다 :피할 수 없는 내 운명을 사랑하는 법,마흔에 읽는 니체 =지금 이순간을 살기 위한 철학 수업 /Nietzsche,철학,철학,False,1,False,0.3,1.0,0.751,0.751,0.225,False,9788950978518,9791192300245
(흔한남매) 별난 세계 여행,흔한남매의 흔한 호기심 :일상에서 만나는 과학 상식,역사,자연과학,True,1,False,0.3,0.843,0.751,0.751,0.225,False,9791168415355,9791168415409
작별하지 않는다 :한강 장편소설,절창 :구병모 장편소설,문학,문학,False,1,False,0.7,0.322,0.503,0.322,0.225,False,9788954682152,9791141602451
"경험의 멸종 :기술이 경험을 대체하는 시대, 인간은 계속 인간일 수 있을까",시대예보 :핵개인의 시대 =Forecast of the times : era of nuclear individuals,사회과학,사회과학,False,1,False,0.3,0.751,1.0,0.751,0.225,False,9791167742063,9791170610359
(아이들도 잘 모르고 어른들은 더 모르는) 신기한 현상 사전,흔한남매,총류,문학,True,1,False,0.4,1.0,0.56,0.56,0.224,False,9788934951278,9791168417199
흔한남매,세상에서 제일 재밌는 종이접기 :색종이 한 장이면 장난감 뚝딱!,문학,예술,True,1,False,0.4,0.56,1.0,0.56,0.224,False,9791168417199,9791186494431
흔한남매,슈뻘맨의 숨은 과학 찾기 :엉뚱 도전 속에 숨은 과학 상식,문학,자연과학,True,1,False,0.4,0.56,1.0,0.56,0.224,False,9791168414471,9791168415171
인생은 순간이다 :삶이라는 타석에서 평생 지켜온 철학,단 한 번의 삶,예술,문학,True,1,False,0.9,0.843,0.246,0.246,0.221,False,9791130648385,9791191114768
단 한 번의 삶,마흔에 읽는 니체 =지금 이순간을 살기 위한 철학 수업 /Nietzsche,문학,철학,True,1,False,0.9,0.246,0.751,0.246,0.221,False,9791191114768,9791192300245
소년이 온다 :한강 장편소설,(5천년 역사가 단숨에 이해되는) 최소한의 한국사,문학,역사,True,1,False,0.5,0.438,1.0,0.438,0.219,False,9788936434120,9791198243430
"바람이 분다, 가라 :한강 장편소설",소년이 온다 :한강 장편소설,문학,문학,False,1,False,0.5,0.843,0.438,0.438,0.219,False,9788932020006,9788936434120
역행자 :돈·시간·운명으로부터 완전한 자유를 얻는 7단계 인생 공략집,부자의 그릇 :남을 위해 돈 쓰는 능력을 키우는 법,사회과학,사회과학,False,1,False,0.5,0.438,1.0,0.438,0.219,False,9788901260716,9791130604787
역행자 :돈·시간·운명으로부터 완전한 자유를 얻는 7단계 인생 공략집,"모든 것은 기본에서 시작한다 :실력도 기술도 사람 됨됨이도, 기본을 지키는 손웅정의 삶의 철학",사회과학,예술,True,1,False,0.5,0.438,0.843,0.438,0.219,False,9788901260716,9791190382502
소년이 온다 :한강 장편소설,이중 하나는 거짓말 :김애란 장편소설,문학,문학,False,1,False,0.5,0.438,0.479,0.438,0.219,False,9788936434120,9791141601300
혼모노 :성해나 소설집,"도둑맞은 집중력 :집중력 위기의 시대, 삶의 주도권을 되찾는 법",문학,철학,True,1,False,0.9,0.387,0.238,0.238,0.214,False,9788936439743,9791167740984
"도둑맞은 집중력 :집중력 위기의 시대, 삶의 주도권을 되찾는 법",문과 남자의 과학 공부 :나는 무엇이고 왜 존재하며 어디로 가는가?,철학,자연과학,True,2,False,0.9,0.238,1.0,0.238,0.214,False,9791167740984,9791192836188
밝은 밤 :최은영 장편소설,모순 :양귀자 장편소설,문학,문학,False,1,False,0.4,0.686,0.529,0.529,0.212,False,9788954681179,9788998441012
어른의 행복은 조용하다,느리게 나이 드는 습관 :노년내과 의사가 알려주는 감속노화 실천법,문학,기술과학,True,1,False,0.5,0.42,0.843,0.42,0.21,False,9791169851053,9791193080146
10배 마인드셋 :10배가 2배보다 쉽다,퓨처 셀프 :현재와 미래가 달라지는 놀라운 혁명,사회과학,사회과학,False,1,False,0.6,1.0,0.346,0.346,0.208,False,9791192005447,9791192389325
안녕이라 그랬어 :김애란 소설,(5천년 역사가 단숨에 이해되는) 최소한의 한국사,문학,역사,True,1,False,0.6,0.346,1.0,0.346,0.208,False,9791141602376,9791198243430
남에게 보여주려고 인생을 낭비하지 마라 :쇼펜하우어 소품집,퓨처 셀프 :현재와 미래가 달라지는 놀라운 혁명,철학,사회과학,True,2,False,0.6,0.843,0.346,0.346,0.208,False,9791169850445,9791192389325
퓨처 셀프 :현재와 미래가 달라지는 놀라운 혁명,나를 소모하지 않는 현명한 태도에 관하여,사회과학,철학,True,2,False,0.6,0.346,0.636,0.346,0.208,False,9791192389325,9791198682505
아버지의 해방일지 :정지아 장편소설,마흔에 읽는 니체 =지금 이순간을 살기 위한 철학 수업 /Nietzsche,문학,철학,True,2,False,0.9,0.23,0.751,0.23,0.207,False,9788936438838,9791192300245
아버지의 해방일지 :정지아 장편소설,시대예보 :핵개인의 시대 =Forecast of the times : era of nuclear individuals,문학,사회과학,True,2,False,0.9,0.23,1.0,0.23,0.207,False,9788936438838,9791170610359
소년이 온다 :한강 장편소설,아버지의 해방일지 :정지아 장편소설,문학,문학,False,1,True,0.6,0.438,0.23,0.23,0.207,False,9788936434120,9788936438838
자본주의의 적 :정지아 소설집,아버지의 해방일지 :정지아 장편소설,미상,문학,False,1,False,0.9,1.0,0.23,0.23,0.207,False,9788936438432,9788936438838
만일 내가 인생을 다시 산다면 :벌써 마흔이 된 당신에게 해 주고 싶은 말들 42,인생에서 가장 후회되는 게 뭐냐고 묻는다면,철학,철학,False,1,False,0.3,0.686,1.0,0.686,0.206,False,9791190538510,9791191891331
대온실 수리 보고서 :김금희 장편소설,밝은 밤 :최은영 장편소설,문학,문학,False,1,False,0.3,0.751,0.686,0.686,0.206,False,9788936439651,9788954681179
흔한남매 이상한 나라의 고전 읽기,대충 봐도 머리에 남는 어린이 야구 상식 :야구의 재미를 제대로 알게 하는 알쏭달쏭 야구의 모든 것,문학,예술,True,1,False,0.3,0.686,1.0,0.686,0.206,False,9791168413955,9791198381811
웰씽킹 =부를 창조하는 생각의 뿌리 /Wealthinking,타이탄의 도구들 :1만 시간의 법칙을 깬 거인들의 61가지 전략,사회과학,사회과학,False,1,False,0.3,0.843,0.686,0.686,0.206,False,9791130677774,9791158510619
남에게 보여주려고 인생을 낭비하지 마라 :쇼펜하우어 소품집,"위버멘쉬 :누구의 시선도 아닌, 내 의지대로 살겠다는 선언",철학,철학,False,1,False,0.3,0.843,0.686,0.686,0.206,False,9791169850445,9791192372730
밝은 밤 :최은영 장편소설,새의 선물 :은희경 장편소설,문학,미상,False,1,False,0.3,0.686,1.0,0.686,0.206,False,9788954681179,9788954687041
거인의 노트 :인생에서 무엇을 보고 어떻게 기록할 것인가,타이탄의 도구들 :1만 시간의 법칙을 깬 거인들의 61가지 전략,사회과학,사회과학,False,1,False,0.3,0.843,0.686,0.686,0.206,False,9791130697529,9791158510619
흔한남매 이상한 나라의 고전 읽기,팩토피아 :꼬리에 꼬리를 무는 400가지 사실들,문학,총류,True,1,False,0.3,0.686,1.0,0.686,0.206,False,9791168413955,9791169254069
순례 주택 :유은실 소설,달러구트 꿈 백화점 :주문하신 꿈은 매진입니다,문학,문학,False,1,False,0.3,0.686,0.843,0.686,0.206,False,9788949123493,9791165341909
소년이 온다 :한강 장편소설,마흔에 읽는 쇼펜하우어 :마음의 위기를 다스리는 철학 수업,문학,철학,True,2,False,0.7,0.438,0.29,0.29,0.203,False,9788936434120,9791192300818
(잠들기 전에 읽는) 쇼펜하우어,마흔에 읽는 쇼펜하우어 :마음의 위기를 다스리는 철학 수업,철학,철학,False,1,False,0.7,1.0,0.29,0.29,0.203,False,9791189922450,9791192300818
마흔에 읽는 쇼펜하우어 :마음의 위기를 다스리는 철학 수업,퓨처 셀프 :현재와 미래가 달라지는 놀라운 혁명,철학,사회과학,True,2,False,0.7,0.29,0.346,0.29,0.203,False,9791192300818,9791192389325
역행자 :돈·시간·운명으로부터 완전한 자유를 얻는 7단계 인생 공략집,불편한 편의점 :김호연 장편소설,사회과학,문학,True,2,False,1.0,0.438,0.202,0.202,0.202,False,9788901260716,9791161571188
불편한 편의점 :김호연 장편소설,지적 대화를 위한 넓고 얕은 지식 :한 권으로 현실 세계를 통달하는 지식 여행서,문학,총류,True,2,False,1.0,0.202,1.0,0.202,0.202,False,9791161571188,9791190313186
돈의 속성 :최상위 부자가 말하는 돈에 대한 모든 것,"돈의 방정식 :돈을 지위와 성공의 기준, 그 이상으로 다루기 위한 21가지 이야기",사회과학,사회과학,False,1,False,0.4,0.503,0.751,0.503,0.201,False,9791188331796,9791193904671
부의 추월차선 :부자들이 말해 주지 않는 진정한 부를 얻는 방법,돈의 속성 :최상위 부자가 말하는 돈에 대한 모든 것,사회과학,사회과학,False,1,False,0.4,1.0,0.503,0.503,0.201,False,9791187444725,9791188331796
흔한남매,(백종원의) 도전 요리왕 :음식으로 맛보는 세계 역사 문화 체험,문학,기술과학,True,1,False,0.4,0.503,1.0,0.503,0.201,False,9791168416369,9791189938352
인생은 순간이다 :삶이라는 타석에서 평생 지켜온 철학,고전이 답했다 :마땅히 살아야 할 삶에 대하여,예술,철학,True,1,False,0.4,0.843,0.503,0.503,0.201,False,9791130648385,9791193939130
30개 도시로 읽는 세계사 :세계 문명을 단숨에 독파하는 역사 이야기,"(펼치는 순간 단숨에 6,000년 역사가 읽히는) 요즘 어른을 위한 최소한의 세계사",미상,역사,False,1,False,0.2,1.0,1.0,1.0,0.2,False,9791130630366,9791193128428
벌거벗은 한국사 :본격 우리 역사 스토리텔링쇼,(5천년 역사가 단숨에 이해되는) 최소한의 한국사,미상,역사,False,1,False,0.2,1.0,1.0,1.0,0.2,False,9791198243409,9791198243430
아홉 살 마음 사전,고양이 해결사 깜냥,철학,문학,True,1,False,0.2,1.0,1.0,1.0,0.2,False,9788936447014,9788936448134
소년이 온다 :한강 장편소설,이처럼 사소한 것들 :클레어 키건 소설,문학,문학,False,2,True,0.4,0.438,0.334,0.334,0.2,False,9788936434120,9791130646381
불편한 편의점 :김호연 장편소설,마흔에 읽는 니체 =지금 이순간을 살기 위한 철학 수업 /Nietzsche,문학,철학,True,1,False,0.6,0.334,0.751,0.334,0.2,False,9791161571379,9791192300245
아홉 살 마음 사전,누구를 보낼까요?,철학,문학,True,1,False,0.2,1.0,1.0,1.0,0.2,False,9788936447014,9791190499460
(곽재식의) 한국사 괴물 수사대,만화 한국 신화 :어린이를 위한 우리 인문학,역사,종교,True,1,False,0.2,1.0,1.0,1.0,0.2,False,9788934946779,9791130696614
만화 한국 신화 :어린이를 위한 우리 인문학,(설민석의) 그리스 로마 신화 대모험,종교,종교,False,1,False,0.2,1.0,1.0,1.0,0.2,False,9791130696614,9791191496628
놓지 마 어휘 :한자어,놓지 마 과학!,언어,자연과학,True,1,False,0.2,1.0,1.0,1.0,0.2,False,9788934990987,9791190908184
우리는 왜 잠을 자야 할까 :수면과 꿈의 과학,내가 틀릴 수도 있습니다 =숲속의 현자가 전하는 마지막 인생수업 /I may be wrong,기술과학,종교,True,1,False,0.2,1.0,1.0,1.0,0.2,False,9788932919584,9791130689890
요리스타 청,(백종원의) 도전 요리왕 :음식으로 맛보는 세계 역사 문화 체험,기술과학,기술과학,False,1,False,0.2,1.0,1.0,1.0,0.2,False,9788934971085,9791189938352
도파민네이션 :쾌락 과잉 시대에서 균형 찾기,습관의 알고리즘 :인간의 뇌는 어떻게 행동을 설계하는가,철학,철학,False,1,False,0.2,1.0,1.0,1.0,0.2,False,9788965965046,9791162542644
(도슨트 정우철의) 미술 극장,방구석 미술관 :가볍고 편하게 시작하는 유쾌한 교양 미술,미상,예술,False,1,False,0.2,1.0,1.0,1.0,0.2,False,9788954772600,9788968331862
모순 :양귀자 장편소설,이처럼 사소한 것들 :클레어 키건 소설,문학,문학,False,1,False,0.6,0.529,0.334,0.334,0.2,False,9788998441012,9791130646381
이처럼 사소한 것들 :클레어 키건 소설,절창 :구병모 장편소설,문학,문학,False,1,False,0.6,0.334,0.503,0.334,0.2,False,9791130646381,9791141602451
(소아정신건강의학과 의사가 들려주는) 모든 아이는 예민하다 =All children are sensitive,아이는 무엇으로 자라는가 :세계적 가족 심리학자 버지니아 사티어의 15가지 양육 법칙,사회과학,기술과학,True,1,False,0.2,1.0,1.0,1.0,0.2,False,9791169092418,9791193506202
이처럼 사소한 것들 :클레어 키건 소설,당신의 인생이 왜 힘들지 않아야 한다고 생각하십니까 :쇼펜하우어 아포리즘,문학,철학,True,2,False,0.6,0.334,0.751,0.334,0.2,False,9791130646381,9791192625553
사라진 것들 :앤드루 포터 소설,이처럼 사소한 것들 :클레어 키건 소설,문학,문학,False,1,False,0.6,1.0,0.334,0.334,0.2,False,9788954697354,9791130646381
에그박사의 채집 일기 :스티커로 채집하는 자연 생물 관찰 만화,에그박사의 이건 누구 똥?!,자연과학,자연과학,False,1,False,0.2,1.0,1.0,1.0,0.2,False,9791164137800,9791168415454
정재승의 인간 탐구 보고서,물리박사 김상욱의 수상한 연구실 :어린이를 위한 세상의 모든 과학,기술과학,자연과학,True,1,False,0.2,1.0,1.0,1.0,0.2,False,9788950983499,9791171171019
"(1일 1페이지, 세상에서 가장 짧은) 교양 수업 365",지적 대화를 위한 넓고 얕은 지식 :한 권으로 현실 세계를 통달하는 지식 여행서,역사,총류,True,1,False,0.2,1.0,1.0,1.0,0.2,False,9791190305679,9791190313186
만화 한국 신화 :어린이를 위한 우리 인문학,(설민석의) 그리스 로마 신화 대모험,종교,종교,False,1,False,0.2,1.0,1.0,1.0,0.2,False,9791130696614,9791194616054
세상은 이야기로 만들어졌다 :신화·거짓말·유토피아,페이크와 팩트 :왜 합리적 인류는 때때로 멍청해지는가,총류,철학,True,1,False,0.2,1.0,1.0,1.0,0.2,False,9791192953151,9791193591147
(김민형 교수의) 수학 추리 탐험대 :초등학생을 위한 이야기 수학,물리박사 김상욱의 수상한 연구실 :어린이를 위한 세상의 모든 과학,자연과학,자연과학,False,1,False,0.2,1.0,1.0,1.0,0.2,False,9791168342125,9791171171019
세금 내는 아이들,"왜 유명한 거야, 이 그림?",사회과학,예술,True,1,False,0.2,1.0,1.0,1.0,0.2,False,9788947547260,9791167550712
배짱으로 삽시다,나는 어떻게 삶의 해답을 찾는가 :고명환의 독서 내공,철학,총류,True,1,False,0.2,1.0,1.0,1.0,0.2,False,9791185186054,9791189686826
공부머리 독서법 :실현 가능하고 지속 가능한 독서교육의 모든 것,그 집 아들 독서법 :사교육 중심지 대치동에서 '독서'로 살아남은 브릭 독서의 비밀,총류,총류,False,1,False,0.2,1.0,1.0,1.0,0.2,False,9791196316808,9791196848101
(아이들도 잘 모르고 어른들은 더 모르는) 신기한 현상 사전,팩토피아 :꼬리에 꼬리를 무는 400가지 사실들,총류,총류,False,1,False,0.2,1.0,1.0,1.0,0.2,False,9788934951278,9791169254113
시대예보 :핵개인의 시대 =Forecast of the times : era of nuclear individuals,"정영진의 시대유감 :나는 고발한다, 당신의 뻔한 생각을",사회과학,사회과학,False,1,False,0.2,1.0,1.0,1.0,0.2,False,9791170610359,9791171179565
타키포오 얼렁뚱땅 상식스쿨,타키포오 코믹 어드벤처,총류,문학,True,1,False,0.2,1.0,1.0,1.0,0.2,False,9791171241675,9791171249466
(타키·포오의) 이세계 여행사,타키포오 얼렁뚱땅 상식스쿨,문학,총류,True,1,False,0.2,1.0,1.0,1.0,0.2,False,9791170621270,9791171241675
초콜릿이 너무 비싸요! :초콜릿 불매 운동을 벌인 캐나다 어린이들,"왜 유명한 거야, 이 그림?",미상,예술,False,1,False,0.2,1.0,1.0,1.0,0.2,False,9791157822355,9791167550712
설민석의 세계사 대모험,(설민석의) 세계사 대모험,역사,역사,False,1,False,0.2,1.0,1.0,1.0,0.2,False,9791196893118,9791196893125
흔한남매 과학 탐험대,흔한남매의 흔한 호기심 :일상에서 만나는 과학 상식,자연과학,자연과학,False,1,False,0.2,1.0,1.0,1.0,0.2,False,9788934980254,9791164137121
"생각의 탄생 :생각이 번쩍, 미래가 반짝!",팩토피아 :꼬리에 꼬리를 무는 400가지 사실들,총류,총류,False,1,False,0.2,1.0,1.0,1.0,0.2,False,9788950942762,9791169254069
팩토피아 :꼬리에 꼬리를 무는 400가지 사실들,물리박사 김상욱의 수상한 연구실 :어린이를 위한 세상의 모든 과학,총류,자연과학,True,1,False,0.2,1.0,1.0,1.0,0.2,False,9791169254069,9791171171019
단 한 번의 삶,나를 소모하지 않는 현명한 태도에 관하여,문학,철학,True,1,False,0.8,0.246,0.636,0.246,0.197,False,9791191114768,9791198682505
세이노의 가르침 :피보다 진하게 살아라,"모든 것은 기본에서 시작한다 :실력도 기술도 사람 됨됨이도, 기본을 지키는 손웅정의 삶의 철학",사회과학,예술,True,2,False,0.7,0.281,0.843,0.281,0.197,False,9791168473690,9791190382502
당신도 느리게 나이 들 수 있습니다 :나이가 들어도 몸의 시간을 젊게,단 한 번의 삶,기술과학,문학,True,1,False,0.8,0.843,0.246,0.246,0.197,False,9791140702589,9791191114768
이웃집 백만장자 변하지 않는 부의 법칙 :흔들리지 않는 부는 어떻게 축적되는가,세이노의 가르침 :피보다 진하게 살아라,사회과학,사회과학,False,1,False,0.7,1.0,0.281,0.281,0.197,False,9791162541197,9791168473690
세이노의 가르침 :피보다 진하게 살아라,나는 읽고 쓰고 버린다 :손웅정의 말,사회과학,예술,True,2,False,0.7,0.281,0.843,0.281,0.197,False,9791168473690,9791191859836
단 한 번의 삶,나는 읽고 쓰고 버린다 :손웅정의 말,문학,예술,True,1,False,0.8,0.246,0.843,0.246,0.197,False,9791191114768,9791191859836
단 한 번의 삶,당신의 인생이 왜 힘들지 않아야 한다고 생각하십니까 :쇼펜하우어 아포리즘,문학,철학,True,1,False,0.8,0.246,0.751,0.246,0.197,False,9791191114768,9791192625553
단 한 번의 삶,마흔에 읽는 쇼펜하우어 :마음의 위기를 다스리는 철학 수업,문학,철학,True,1,False,0.8,0.246,0.29,0.246,0.197,False,9791191114768,9791192300818
시대예보 :핵개인의 시대 =Forecast of the times : era of nuclear individuals,단 한 번의 삶,사회과학,문학,True,1,False,0.8,1.0,0.246,0.246,0.197,False,9791170610359,9791191114768
"사피엔스 :유인원에서 사이보그까지, 인간 역사의 대담하고 위대한 질문",혼모노 :성해나 소설집,역사,문학,True,1,False,0.5,1.0,0.387,0.387,0.194,False,9788934972464,9788936439743
혼모노 :성해나 소설집,방구석 미술관 :가볍고 편하게 시작하는 유쾌한 교양 미술,문학,예술,True,1,False,0.5,0.387,1.0,0.387,0.194,False,9788936439743,9788968331862
작별하지 않는다 :한강 장편소설,이중 하나는 거짓말 :김애란 장편소설,문학,문학,False,1,False,0.6,0.322,0.479,0.322,0.193,False,9788954682152,9791141601300
여수의 사랑,작별하지 않는다 :한강 장편소설,미상,문학,False,1,False,0.6,0.843,0.322,0.322,0.193,False,9788932022802,9788954682152
아홉 살 마음 사전,흔한남매,철학,문학,True,1,False,0.4,1.0,0.479,0.479,0.192,False,9788936447014,9791168415232
흔한남매,축구 만화 도감 :재밌을 줄 알았는데 멋있어!,문학,예술,True,1,False,0.4,0.479,1.0,0.479,0.192,False,9791168415232,9791190007320
띵동! 당신의 눈물이 입금되었습니다 :최소망 장편소설,메리골드 마음 세탁소 =윤정은 장편소설 /Marigold mind laundry,미상,문학,False,1,False,0.4,1.0,0.479,0.479,0.192,False,9791130699769,9791191891287
마흔에 읽는 니체 =지금 이순간을 살기 위한 철학 수업 /Nietzsche,(2500년 동안 사랑받은) 초역 부처의 말 :행복으로 가는 길은 없다 행복이 곧 길이다,철학,종교,True,1,False,0.3,0.751,0.636,0.636,0.191,False,9791192300245,9791193506516
세븐 테크 =3년 후 당신의 미래를 바꿀 7가지 기술 /Seven tech,(이미 늦었다고 생각하는 당신을 위한) 김미경의 마흔 수업,사회과학,사회과학,False,1,False,0.3,1.0,0.636,0.636,0.191,False,9788901255712,9791198013026
(아이들도 잘 모르고 어른들은 더 모르는) 신기한 현상 사전,흔한남매 이상한 나라의 고전 읽기,총류,문학,True,1,False,0.3,1.0,0.636,0.636,0.191,False,9788934951278,9791168415034
5초의 법칙 :당신을 시작하게 만드는 빠른 결정의 힘,아주 작은 습관의 힘 :최고의 변화는 어떻게 만들어지는가,사회과학,철학,True,1,False,0.3,1.0,0.636,0.636,0.191,False,9791157842049,9791162540640
아주 세속적인 지혜 :400년 동안 사랑받은 인생의 고전,나를 소모하지 않는 현명한 태도에 관하여,철학,철학,False,1,False,0.3,1.0,0.636,0.636,0.191,False,9791169850179,9791198682505
불안 세대 :디지털 세계는 우리 아이들을 어떻게 병들게 하는가,"도둑맞은 집중력 :집중력 위기의 시대, 삶의 주도권을 되찾는 법",사회과학,철학,True,1,False,0.8,1.0,0.238,0.238,0.19,False,9788901285894,9791167740984
안녕이라 그랬어 :김애란 소설,"도둑맞은 집중력 :집중력 위기의 시대, 삶의 주도권을 되찾는 법",문학,철학,True,1,False,0.8,0.346,0.238,0.238,0.19,False,9791141602376,9791167740984
"도둑맞은 집중력 :집중력 위기의 시대, 삶의 주도권을 되찾는 법","물고기는 존재하지 않는다 :상실, 사랑 그리고 숨어 있는 삶의 질서에 관한 이야기",철학,자연과학,True,1,False,0.8,0.238,0.529,0.238,0.19,False,9791167740984,9791189327156
"도둑맞은 집중력 :집중력 위기의 시대, 삶의 주도권을 되찾는 법",남에게 보여주려고 인생을 낭비하지 마라 :쇼펜하우어 소품집,철학,철학,False,2,False,0.8,0.238,0.843,0.238,0.19,False,9791167740984,9791169850445
"도둑맞은 집중력 :집중력 위기의 시대, 삶의 주도권을 되찾는 법","(펼치는 순간 단숨에 6,000년 역사가 읽히는) 요즘 어른을 위한 최소한의 세계사",철학,역사,True,2,False,0.8,0.238,1.0,0.238,0.19,False,9791167740984,9791193128428
아버지의 해방일지 :정지아 장편소설,"어서오세요, 휴남동 서점입니다 :황보름 장편소설",문학,문학,False,2,False,0.8,0.23,0.595,0.23,0.184,False,9788936438838,9791197377143
아버지의 해방일지 :정지아 장편소설,이중 하나는 거짓말 :김애란 장편소설,문학,문학,False,1,False,0.8,0.23,0.479,0.23,0.184,False,9788936438838,9791141601300
아버지의 해방일지 :정지아 장편소설,나의 아름다운 날들 :정지아 소설,문학,문학,False,1,False,0.8,0.23,1.0,0.23,0.184,False,9788936438838,9791167372703
아버지의 해방일지 :정지아 장편소설,인생은 순간이다 :삶이라는 타석에서 평생 지켜온 철학,문학,예술,True,2,False,0.8,0.23,0.843,0.23,0.184,False,9788936438838,9791130648385
아버지의 해방일지 :정지아 장편소설,나는 다정한 관찰자가 되기로 했다 :불안에 휘둘리지 않는 단단한 태도에 관하여,문학,기술과학,True,2,False,0.8,0.23,0.751,0.23,0.184,False,9788936438838,9791198752406
아버지의 해방일지 :정지아 장편소설,세이노의 가르침 :피보다 진하게 살아라,문학,사회과학,True,2,False,0.8,0.23,0.281,0.23,0.184,False,9788936438838,9791168473690
원씽 :복잡한 세상을 이기는 단순함의 힘,돈의 심리학 :당신은 왜 부자가 되지 못했는가,사회과학,사회과학,False,1,False,0.4,0.457,0.595,0.457,0.183,False,9788997575169,9791191056372
흔한남매,백앤아 :교양이 층층 쌓이는 점프 맵,문학,총류,True,1,False,0.4,0.457,1.0,0.457,0.183,False,9791168411685,9791192504230
도파민네이션 :쾌락 과잉 시대에서 균형 찾기,원씽 :복잡한 세상을 이기는 단순함의 힘,철학,사회과학,True,1,False,0.4,1.0,0.457,0.457,0.183,False,9788965965046,9788997575169
불편한 편의점 :김호연 장편소설,"모든 것은 기본에서 시작한다 :실력도 기술도 사람 됨됨이도, 기본을 지키는 손웅정의 삶의 철학",문학,예술,True,1,False,0.9,0.202,0.843,0.202,0.182,False,9791161571188,9791190382502
불편한 편의점 :김호연 장편소설,공부머리 독서법 :실현 가능하고 지속 가능한 독서교육의 모든 것,문학,총류,True,2,False,0.9,0.202,1.0,0.202,0.182,False,9791161571188,9791196316808
방구석 미술관 :가볍고 편하게 시작하는 유쾌한 교양 미술,불편한 편의점 :김호연 장편소설,예술,문학,True,1,False,0.9,1.0,0.202,0.202,0.182,False,9788968331862,9791161571188
흔한남매,축구 만화 도감 :재밌을 줄 알았는데 멋있어!,문학,예술,True,1,False,0.3,0.595,1.0,0.595,0.178,False,9791168418844,9791190007320
도파민네이션 :쾌락 과잉 시대에서 균형 찾기,돈의 심리학 :당신은 왜 부자가 되지 못했는가,철학,사회과학,True,1,False,0.3,1.0,0.595,0.595,0.178,False,9788965965046,9791191056372
흔한남매,(백종원의) 도전 요리왕 :음식으로 맛보는 세계 역사 문화 체험,문학,기술과학,True,1,False,0.3,0.595,1.0,0.595,0.178,False,9791168418844,9791189938352
"부의 심리학 :돈, 관계, 인생을 컨트롤하는 힘",돈의 심리학 :당신은 왜 부자가 되지 못했는가,사회과학,사회과학,False,1,False,0.3,1.0,0.595,0.595,0.178,False,9791189279912,9791191056372
아주 작은 습관의 힘 :최고의 변화는 어떻게 만들어지는가,불변의 법칙 :절대 변하지 않는 것들에 대한 23가지 이야기,철학,사회과학,True,1,False,0.4,0.636,0.438,0.438,0.175,False,9791162540640,9791198517425
역행자 :돈·시간·운명으로부터 완전한 자유를 얻는 7단계 인생 공략집,"미치지 않고서야 :일본 천재 편집자가 들려주는 새로운 시대, 일하기 혁명",사회과학,총류,True,1,False,0.4,0.438,1.0,0.438,0.175,False,9788901260716,9788950981839
소년이 온다 :한강 장편소설,지적 대화를 위한 넓고 얕은 지식 :한 권으로 현실 세계를 통달하는 지식 여행서,문학,총류,True,1,False,0.4,0.438,1.0,0.438,0.175,False,9788936434120,9791190313186
여수의 사랑,소년이 온다 :한강 장편소설,미상,문학,False,1,False,0.4,0.843,0.438,0.438,0.175,False,9788932022802,9788936434120
일류의 조건,불변의 법칙 :절대 변하지 않는 것들에 대한 23가지 이야기,사회과학,사회과학,False,1,False,0.4,0.843,0.438,0.438,0.175,False,9791193262122,9791198517425
소년이 온다 :한강 장편소설,문과 남자의 과학 공부 :나는 무엇이고 왜 존재하며 어디로 가는가?,문학,자연과학,True,1,False,0.4,0.438,1.0,0.438,0.175,False,9788936434120,9791192836188
쇼펜하우어의 인생 수업 :살아갈 힘을 주는 쇼펜하우어 아포리즘,마흔에 읽는 쇼펜하우어 :마음의 위기를 다스리는 철학 수업,철학,철학,False,1,False,0.6,1.0,0.29,0.29,0.174,False,9791160024166,9791192300818
만일 내가 인생을 다시 산다면 :벌써 마흔이 된 당신에게 해 주고 싶은 말들 42,마흔에 읽는 쇼펜하우어 :마음의 위기를 다스리는 철학 수업,철학,철학,False,2,False,0.6,0.686,0.29,0.29,0.174,False,9791190538510,9791192300818
안녕이라 그랬어 :김애란 소설,마흔에 읽는 쇼펜하우어 :마음의 위기를 다스리는 철학 수업,문학,철학,True,1,False,0.6,0.346,0.29,0.29,0.174,False,9791141602376,9791192300818
퓨처 셀프 :현재와 미래가 달라지는 놀라운 혁명,고전이 답했다 :마땅히 살아야 할 삶에 대하여,사회과학,철학,True,1,False,0.5,0.346,0.503,0.346,0.173,False,9791192389325,9791193939130
시대예보 :핵개인의 시대 =Forecast of the times : era of nuclear individuals,퓨처 셀프 :현재와 미래가 달라지는 놀라운 혁명,사회과학,사회과학,False,1,False,0.5,1.0,0.346,0.346,0.173,False,9791170610359,9791192389325
최고의 변화는 어떻게 만들어지는가 :쉽고 단순하게 나를 바꾸는 사람들의 비밀,퓨처 셀프 :현재와 미래가 달라지는 놀라운 혁명,사회과학,사회과학,False,1,False,0.5,1.0,0.346,0.346,0.173,False,9791162542200,9791192389325
단 한 번의 삶,(5천년 역사가 단숨에 이해되는) 최소한의 한국사,문학,역사,True,1,False,0.7,0.246,1.0,0.246,0.172,False,9791191114768,9791198243430
단 한 번의 삶,문과 남자의 과학 공부 :나는 무엇이고 왜 존재하며 어디로 가는가?,문학,자연과학,True,1,False,0.7,0.246,1.0,0.246,0.172,False,9791191114768,9791192836188
나는 어떻게 삶의 해답을 찾는가 :고명환의 독서 내공,나는 읽고 쓰고 버린다 :손웅정의 말,총류,예술,True,1,False,0.2,1.0,0.843,0.843,0.169,False,9791189686826,9791191859836
당신도 느리게 나이 들 수 있습니다 :나이가 들어도 몸의 시간을 젊게,건강하게 나이 든다는 것 :무엇이 우리의 노년을 결정하는가,기술과학,미상,False,1,False,0.2,0.843,1.0,0.843,0.169,False,9791140702589,9791190030809
흔한남매 불꽃 튀는 우리말 :초등 국어 고수 되기 프로젝트,(흔한남매) 안 흔한 일기,언어,문학,True,1,False,0.2,1.0,0.843,0.843,0.169,False,9791130637594,9791164136223
축구를 하며 생각한 것들 :손흥민 첫 에세이,나는 읽고 쓰고 버린다 :손웅정의 말,미상,예술,False,1,False,0.2,0.843,0.843,0.843,0.169,False,9791188073382,9791191859836
꽁꽁꽁 캠핑 :윤정주 그림책,공부머리 독서법 :실현 가능하고 지속 가능한 독서교육의 모든 것,문학,총류,True,1,False,0.2,0.843,1.0,0.843,0.169,False,9791158364120,9791196316808
흔한남매 이상한 나라의 고전 읽기,(흔한남매) 별난 세계 여행,문학,역사,True,1,False,0.2,1.0,0.843,0.843,0.169,False,9791168415331,9791168415355
흔한남매,축구 만화 도감 :재밌을 줄 알았는데 멋있어!,문학,예술,True,1,False,0.2,0.843,1.0,0.843,0.169,False,9791164134847,9791190007320
고양이 해결사 깜냥,공부머리 독서법 :실현 가능하고 지속 가능한 독서교육의 모든 것,문학,총류,True,1,False,0.2,0.843,1.0,0.843,0.169,False,9788936447861,9791196316808
거인의 노트 :인생에서 무엇을 보고 어떻게 기록할 것인가,나는 어떻게 삶의 해답을 찾는가 :고명환의 독서 내공,사회과학,총류,True,1,False,0.2,0.843,1.0,0.843,0.169,False,9791130697529,9791189686826
호의에 대하여 :문형배 에세이,나는 읽고 쓰고 버린다 :손웅정의 말,미상,예술,False,1,False,0.2,0.843,0.843,0.843,0.169,False,9791173323027,9791191859836
놓지 마 어휘 :한자어,놓지 마 과학!,언어,자연과학,True,1,False,0.2,1.0,0.843,0.843,0.169,False,9788934990987,9791168126336
남에게 보여주려고 인생을 낭비하지 마라 :쇼펜하우어 소품집,"쇼펜하우어의 말 - 인생을 살아내기 위한 철학, 에센셜판",철학,미상,False,1,False,0.2,0.843,1.0,0.843,0.169,False,9791169850445,9791193128831
달러구트 꿈 백화점 :주문하신 꿈은 매진입니다,비가 오면 열리는 상점 =유영광 장편소설 /The rainbow goblin store,문학,문학,False,1,False,0.2,0.843,0.843,0.843,0.169,False,9791165341909,9791198173898
놓지 마 속담,놓지 마 어휘 :한자어,사회과학,언어,True,1,False,0.2,0.843,1.0,0.843,0.169,False,9788934908760,9788934990987
흔한남매의 흔한 호기심 :일상에서 만나는 과학 상식,대충 봐도 머리에 남는 어린이 야구 상식 :야구의 재미를 제대로 알게 하는 알쏭달쏭 야구의 모든 것,자연과학,예술,True,1,False,0.2,0.843,1.0,0.843,0.169,False,9791173471780,9791198381811
(다니엘 핑크) 후회의 재발견,"모든 것은 기본에서 시작한다 :실력도 기술도 사람 됨됨이도, 기본을 지키는 손웅정의 삶의 철학",미상,예술,False,1,False,0.2,1.0,0.843,0.843,0.169,False,9788947548441,9791190382502
100세 시대 두 발 혁명 :정형외과 족부전문의가 알려주는 발 건강 바이블,느리게 나이 드는 습관 :노년내과 의사가 알려주는 감속노화 실천법,기술과학,기술과학,False,1,False,0.2,1.0,0.843,0.843,0.169,False,9791158464134,9791193080146
놓지 마 맞춤법,놓지 마 과학!,언어,자연과학,True,1,False,0.2,1.0,0.843,0.843,0.169,False,9788934942641,9791168120266
완전 배출 :채소·과일·무첨가 주스는 어떻게 비만과 질병을 몰아내는가,내 몸 혁명 :뱃살과 질병 없이 살려면 숫자보다 몸을 바꿔라,기술과학,기술과학,False,1,False,0.2,1.0,0.843,0.843,0.169,False,9791187330295,9791198553317
흔한남매의 흔한 호기심 :일상에서 만나는 과학 상식,슈뻘맨의 숨은 과학 찾기 :엉뚱 도전 속에 숨은 과학 상식,자연과학,자연과학,False,1,False,0.2,0.843,1.0,0.843,0.169,False,9791168413931,9791168415171
인생은 순간이다 :삶이라는 타석에서 평생 지켜온 철학,때로는 간절함조차 아플 때가 있었다 :강지영 에세이,예술,미상,False,1,False,0.2,0.843,1.0,0.843,0.169,False,9791130648385,9791193128909
혈당 잡고 비만 잡고 노화 잡는 토탈 리셋 :잃어버린 건강을 되돌리는 기적의 다이어트 습관,내 몸 혁명 :뱃살과 질병 없이 살려면 숫자보다 몸을 바꿔라,기술과학,기술과학,False,1,False,0.2,1.0,0.843,0.843,0.169,False,9791171175222,9791198553317
세이노의 가르침 :피보다 진하게 살아라,만일 내가 인생을 다시 산다면 :벌써 마흔이 된 당신에게 해 주고 싶은 말들 42,사회과학,철학,True,2,False,0.6,0.281,0.686,0.281,0.168,False,9791168473690,9791190538510
세이노의 가르침 :피보다 진하게 살아라,당신의 인생이 왜 힘들지 않아야 한다고 생각하십니까 :쇼펜하우어 아포리즘,사회과학,철학,True,1,False,0.6,0.281,0.751,0.281,0.168,False,9791168473690,9791192625553
세이노의 가르침 :피보다 진하게 살아라,지적 대화를 위한 넓고 얕은 지식 :한 권으로 현실 세계를 통달하는 지식 여행서,사회과학,총류,True,2,False,0.6,0.281,1.0,0.281,0.168,False,9791168473690,9791190313186
역행자 :돈·시간·운명으로부터 완전한 자유를 얻는 7단계 인생 공략집,"도둑맞은 집중력 :집중력 위기의 시대, 삶의 주도권을 되찾는 법",사회과학,철학,True,2,False,0.7,0.438,0.238,0.238,0.167,False,9788901260716,9791167740984
이처럼 사소한 것들 :클레어 키건 소설,불변의 법칙 :절대 변하지 않는 것들에 대한 23가지 이야기,문학,사회과학,True,2,False,0.5,0.334,0.438,0.334,0.167,False,9791130646381,9791198517425
"도둑맞은 집중력 :집중력 위기의 시대, 삶의 주도권을 되찾는 법",지적 대화를 위한 넓고 얕은 지식 :한 권으로 현실 세계를 통달하는 지식 여행서,철학,총류,True,1,False,0.7,0.238,1.0,0.238,0.167,False,9791167740984,9791190313186
이처럼 사소한 것들 :클레어 키건 소설,우연은 비켜 가지 않는다 :줄리언 반스 장편소설,문학,미상,False,1,False,0.5,0.334,1.0,0.334,0.167,False,9791130646381,9791130655925
나는 메트로폴리탄 미술관의 경비원입니다 :가장 경이로운 세계 속으로 숨어버린 한 남자의 이야기,이처럼 사소한 것들 :클레어 키건 소설,문학,문학,False,1,False,0.5,0.403,0.334,0.334,0.167,False,9788901276533,9791130646381
히든 포텐셜 :성공을 이루는 숨은 잠재력의 과학,"도둑맞은 집중력 :집중력 위기의 시대, 삶의 주도권을 되찾는 법",철학,철학,False,1,False,0.7,1.0,0.238,0.238,0.167,False,9788947549363,9791167740984
도파민네이션 :쾌락 과잉 시대에서 균형 찾기,이처럼 사소한 것들 :클레어 키건 소설,철학,문학,True,1,False,0.5,1.0,0.334,0.334,0.167,False,9788965965046,9791130646381
불편한 편의점 :김호연 장편소설,연적 :김호연 장편소설,문학,미상,False,1,False,0.8,0.202,1.0,0.202,0.162,False,9791161571188,9791186748138
작별하지 않는다 :한강 장편소설,"물고기는 존재하지 않는다 :상실, 사랑 그리고 숨어 있는 삶의 질서에 관한 이야기",문학,자연과학,True,1,False,0.5,0.322,0.529,0.322,0.161,False,9788954682152,9791189327156
나는 메트로폴리탄 미술관의 경비원입니다 :가장 경이로운 세계 속으로 숨어버린 한 남자의 이야기,나를 소모하지 않는 현명한 태도에 관하여,문학,철학,True,2,False,0.4,0.403,0.636,0.403,0.161,False,9788901276533,9791198682505
아버지의 해방일지 :정지아 장편소설,느리게 나이 드는 습관 :노년내과 의사가 알려주는 감속노화 실천법,문학,기술과학,True,2,False,0.7,0.23,0.843,0.23,0.161,False,9788936438838,9791193080146
아버지의 해방일지 :정지아 장편소설,빨치산의 딸 :정지아 장편소설,문학,미상,False,1,False,0.7,0.23,1.0,0.23,0.161,False,9788936438838,9791162950340
아버지의 해방일지 :정지아 장편소설,안녕이라 그랬어 :김애란 소설,문학,문학,False,1,False,0.7,0.23,0.346,0.23,0.161,False,9788936438838,9791141602376
"사피엔스 :유인원에서 사이보그까지, 인간 역사의 대담하고 위대한 질문",아버지의 해방일지 :정지아 장편소설,역사,문학,True,2,False,0.7,1.0,0.23,0.23,0.161,False,9788934972464,9788936438838
나는 메트로폴리탄 미술관의 경비원입니다 :가장 경이로운 세계 속으로 숨어버린 한 남자의 이야기,문과 남자의 과학 공부 :나는 무엇이고 왜 존재하며 어디로 가는가?,문학,자연과학,True,2,False,0.4,0.403,1.0,0.403,0.161,False,9788901276533,9791192836188
작별하지 않는다 :한강 장편소설,방구석 미술관 :가볍고 편하게 시작하는 유쾌한 교양 미술,문학,예술,True,1,False,0.5,0.322,1.0,0.322,0.161,False,9788954682152,9788968331862
모순 :양귀자 장편소설,내가 틀릴 수도 있습니다 =숲속의 현자가 전하는 마지막 인생수업 /I may be wrong,문학,종교,True,1,False,0.3,0.529,1.0,0.529,0.159,False,9788998441012,9791130689890
방구석 미술관 :가볍고 편하게 시작하는 유쾌한 교양 미술,"물고기는 존재하지 않는다 :상실, 사랑 그리고 숨어 있는 삶의 질서에 관한 이야기",예술,자연과학,True,1,False,0.3,1.0,0.529,0.529,0.159,False,9788968331862,9791189327156
"물고기는 존재하지 않는다 :상실, 사랑 그리고 숨어 있는 삶의 질서에 관한 이야기",세상은 이야기로 만들어졌다 :신화·거짓말·유토피아,자연과학,총류,True,1,False,0.3,0.529,1.0,0.529,0.159,False,9791189327156,9791192953151
이토록 평범한 미래 :김연수 소설,"물고기는 존재하지 않는다 :상실, 사랑 그리고 숨어 있는 삶의 질서에 관한 이야기",문학,자연과학,True,1,False,0.3,0.843,0.529,0.529,0.159,False,9788954680004,9791189327156
흔한남매,축구 만화 도감 :재밌을 줄 알았는데 멋있어!,문학,예술,True,1,False,0.3,0.529,1.0,0.529,0.159,False,9791164138197,9791190007320
아주 희미한 빛으로도 :최은영 소설,"물고기는 존재하지 않는다 :상실, 사랑 그리고 숨어 있는 삶의 질서에 관한 이야기",문학,자연과학,True,1,False,0.3,0.686,0.529,0.529,0.159,False,9788954695053,9791189327156
혼모노 :성해나 소설집,(5천년 역사가 단숨에 이해되는) 최소한의 한국사,문학,역사,True,1,False,0.4,0.387,1.0,0.387,0.155,False,9788936439743,9791198243430
흔한남매,(백종원의) 도전 요리왕 :음식으로 맛보는 세계 역사 문화 체험,문학,기술과학,True,1,False,0.3,0.503,1.0,0.503,0.151,False,9791168412477,9791189938352
아주 작은 습관의 힘 :최고의 변화는 어떻게 만들어지는가,고전이 답했다 :마땅히 살아야 할 삶에 대하여,철학,철학,False,1,False,0.3,0.636,0.503,0.503,0.151,False,9791162540640,9791193939130
부자의 그릇 :돈을 다루는 능력을 키우는 법,돈의 속성 :최상위 부자가 말하는 돈에 대한 모든 것,사회과학,사회과학,False,1,False,0.3,0.843,0.503,0.503,0.151,False,9791130633619,9791188331796
돈의 속성 :최상위 부자가 말하는 돈에 대한 모든 것,고전이 답했다 :마땅히 살아야 할 삶에 대하여,사회과학,철학,True,1,False,0.3,0.503,0.503,0.503,0.151,False,9791188331796,9791193939130
고양이 해결사 깜냥,똥볶이 할멈 :K-히어로 판타지,문학,문학,False,1,False,0.2,0.751,1.0,0.751,0.15,False,9788936447694,9791190409131
마흔에 읽는 비트겐슈타인 - 20세기 천재 철학자의 인생 수업,마흔에 읽는 니체 =지금 이순간을 살기 위한 철학 수업 /Nietzsche,미상,철학,False,1,False,0.2,1.0,0.751,0.751,0.15,False,9791171831029,9791192300245
도파민네이션 :쾌락 과잉 시대에서 균형 찾기,렛뎀 이론 :인생이 '나'로 충만해지는 내버려두기의 기술,철학,철학,False,1,False,0.2,1.0,0.751,0.751,0.15,False,9788965965046,9791162544327
(쇼펜하우어의) 고독한 행복,당신의 인생이 왜 힘들지 않아야 한다고 생각하십니까 :쇼펜하우어 아포리즘,철학,철학,False,1,False,0.2,0.843,0.751,0.751,0.15,False,9791170402688,9791192625553
고양이 해결사 깜냥,낭만 강아지 봉봉,문학,문학,False,2,False,0.2,0.751,1.0,0.751,0.15,False,9788936447694,9791130696577
대온실 수리 보고서 :김금희 장편소설,세상은 이야기로 만들어졌다 :신화·거짓말·유토피아,문학,총류,True,1,False,0.2,0.751,1.0,0.751,0.15,False,9788936439651,9791192953151
거실육아 :엄마가 만드는 최초의 학군지,나는 다정한 관찰자가 되기로 했다 :불안에 휘둘리지 않는 단단한 태도에 관하여,미상,기술과학,False,1,False,0.2,1.0,0.751,0.751,0.15,False,9791191439472,9791198752406
단 한 번의 삶,느리게 나이 드는 습관 :노년내과 의사가 알려주는 감속노화 실천법,문학,기술과학,True,1,False,0.6,0.246,0.843,0.246,0.148,False,9791191114768,9791193080146
방구석 미술관 :가볍고 편하게 시작하는 유쾌한 교양 미술,단 한 번의 삶,예술,문학,True,1,False,0.6,1.0,0.246,0.246,0.148,False,9788968331862,9791191114768
남에게 보여주려고 인생을 낭비하지 마라 :쇼펜하우어 소품집,단 한 번의 삶,철학,문학,True,1,False,0.6,0.843,0.246,0.246,0.148,False,9791169850445,9791191114768
만일 내가 인생을 다시 산다면 :벌써 마흔이 된 당신에게 해 주고 싶은 말들 42,단 한 번의 삶,철학,문학,True,1,False,0.6,0.686,0.246,0.246,0.148,False,9791190538510,9791191114768
작별하지 않는다 :한강 장편소설,마흔에 읽는 쇼펜하우어 :마음의 위기를 다스리는 철학 수업,문학,철학,True,1,False,0.5,0.322,0.29,0.29,0.145,False,9788954682152,9791192300818
메리골드 마음 세탁소 =윤정은 장편소설 /Marigold mind laundry,"(펼치는 순간 단숨에 6,000년 역사가 읽히는) 요즘 어른을 위한 최소한의 세계사",문학,역사,True,1,False,0.3,0.479,1.0,0.479,0.144,False,9791191891287,9791193128428
흔한남매,백앤아 :교양이 층층 쌓이는 점프 맵,문학,총류,True,1,False,0.3,0.479,1.0,0.479,0.144,False,9791168415232,9791192504230
연남동 빙굴빙굴 빨래방 :김지윤 장편소설,메리골드 마음 세탁소 =윤정은 장편소설 /Marigold mind laundry,문학,문학,False,1,False,0.3,1.0,0.479,0.479,0.144,False,9791165347734,9791191891287
내가 틀릴 수도 있습니다 =숲속의 현자가 전하는 마지막 인생수업 /I may be wrong,이중 하나는 거짓말 :김애란 장편소설,종교,문학,True,1,False,0.3,1.0,0.479,0.479,0.144,False,9791130689890,9791141601300
"도둑맞은 집중력 :집중력 위기의 시대, 삶의 주도권을 되찾는 법",단 한 번의 삶,철학,문학,True,1,False,0.6,0.238,0.246,0.238,0.143,False,9791167740984,9791191114768
내가 틀릴 수도 있습니다 =숲속의 현자가 전하는 마지막 인생수업 /I may be wrong,"도둑맞은 집중력 :집중력 위기의 시대, 삶의 주도권을 되찾는 법",종교,철학,True,2,False,0.6,1.0,0.238,0.238,0.143,False,9791130689890,9791167740984
브레인포그 :내 삶의 몰입과 집중을 되찾는 10가지 방법,"도둑맞은 집중력 :집중력 위기의 시대, 삶의 주도권을 되찾는 법",철학,철학,False,1,False,0.6,0.843,0.238,0.238,0.143,False,9788947549158,9791167740984
밝은 밤 :최은영 장편소설,불편한 편의점 :김호연 장편소설,문학,문학,False,1,False,0.7,0.686,0.202,0.202,0.141,False,9788954681179,9791161571188
불편한 편의점 :김호연 장편소설,"최민준의 아들코칭 백과 :기질 파악부터 말공부, 사회성, 감정코칭까지",문학,기술과학,True,2,False,0.7,0.202,1.0,0.202,0.141,False,9791161571188,9791168127531
고스트라이터즈 =김호연 장편소설 /Ghost writers,불편한 편의점 :김호연 장편소설,미상,문학,False,1,False,0.7,1.0,0.202,0.202,0.141,False,9788959134953,9791161571188
당신도 느리게 나이 들 수 있습니다 :나이가 들어도 몸의 시간을 젊게,세이노의 가르침 :피보다 진하게 살아라,기술과학,사회과학,True,1,False,0.5,0.843,0.281,0.281,0.14,False,9791140702589,9791168473690
세이노의 가르침 :피보다 진하게 살아라,나는 어떻게 삶의 해답을 찾는가 :고명환의 독서 내공,사회과학,총류,True,2,False,0.5,0.281,1.0,0.281,0.14,False,9791168473690,9791189686826
안녕이라 그랬어 :김애란 소설,시대예보 :핵개인의 시대 =Forecast of the times : era of nuclear individuals,문학,사회과학,True,1,False,0.4,0.346,1.0,0.346,0.138,False,9791141602376,9791170610359
도파민네이션 :쾌락 과잉 시대에서 균형 찾기,퓨처 셀프 :현재와 미래가 달라지는 놀라운 혁명,철학,사회과학,True,1,False,0.4,1.0,0.346,0.346,0.138,False,9788965965046,9791192389325
안녕이라 그랬어 :김애란 소설,문과 남자의 과학 공부 :나는 무엇이고 왜 존재하며 어디로 가는가?,문학,자연과학,True,1,False,0.4,0.346,1.0,0.346,0.138,False,9791141602376,9791192836188
역행자 :돈·시간·운명으로부터 완전한 자유를 얻는 7단계 인생 공략집,아버지의 해방일지 :정지아 장편소설,사회과학,문학,True,2,False,0.6,0.438,0.23,0.23,0.138,False,9788901260716,9788936438838
퓨처 셀프 :현재와 미래가 달라지는 놀라운 혁명,듀얼 브레인 =AI 시대의 실용적 생존 가이드 /Dual brain,사회과학,사회과학,False,1,False,0.4,0.346,1.0,0.346,0.138,False,9791192389325,9791194368175
아버지의 해방일지 :정지아 장편소설,빨치산의 딸 :정지아 장편소설,문학,미상,False,1,False,0.6,0.23,1.0,0.23,0.138,False,9788936438838,9791162950333
유연함의 힘 :유연함으로 쓰는 새로운 성장 공식,퓨처 셀프 :현재와 미래가 달라지는 놀라운 혁명,사회과학,사회과학,False,1,False,0.4,1.0,0.346,0.346,0.138,False,9791192389073,9791192389325
밝은 밤 :최은영 장편소설,"첫 여름, 완주 :김금희 장편소설",문학,미상,False,1,False,0.2,0.686,0.686,0.686,0.137,False,9788954681179,9791197221989
트리거 :행동의 방아쇠를 당기는 힘,타이탄의 도구들 :1만 시간의 법칙을 깬 거인들의 61가지 전략,사회과학,사회과학,False,1,False,0.2,1.0,0.686,0.686,0.137,False,9791130609386,9791158510619
(아이들도 잘 모르고 어른들은 더 모르는) 신기한 현상 사전,흔한남매,총류,문학,True,1,False,0.3,1.0,0.457,0.457,0.137,False,9788934951278,9791168411685
단순한 진심 :조해진 장편소설,밝은 밤 :최은영 장편소설,미상,문학,False,1,False,0.2,1.0,0.686,0.686,0.137,False,9788937441943,9788954681179
타이탄의 도구들 :1만 시간의 법칙을 깬 거인들의 61가지 전략,부자 아빠 가난한 아빠 :20주년 특별 기념판,사회과학,사회과학,False,1,False,0.2,0.686,0.751,0.686,0.137,False,9791158510619,9791158883591
흔한남매,슈뻘맨의 숨은 과학 찾기 :엉뚱 도전 속에 숨은 과학 상식,문학,자연과학,True,1,False,0.3,0.457,1.0,0.457,0.137,False,9791168411685,9791168415171
(읽으면서 바로 해 보는) 어린이 게임,흔한남매,예술,문학,True,1,False,0.3,1.0,0.457,0.457,0.137,False,9791158681395,9791168418011
원씽 :복잡한 세상을 이기는 단순함의 힘,(이미 늦었다고 생각하는 당신을 위한) 김미경의 마흔 수업,사회과학,사회과학,False,2,False,0.3,0.457,0.636,0.457,0.137,False,9788997575169,9791198013026
생에 감사해,만일 내가 인생을 다시 산다면 :벌써 마흔이 된 당신에게 해 주고 싶은 말들 42,문학,철학,True,1,False,0.2,1.0,0.686,0.686,0.137,False,9791190382915,9791190538510
아홉 살 마음 사전,흔한남매,철학,문학,True,1,False,0.2,1.0,0.686,0.686,0.137,False,9788936447014,9791173473968
흔한남매,세상에서 제일 재밌는 종이접기 :색종이 한 장이면 장난감 뚝딱!,문학,예술,True,1,False,0.2,0.686,1.0,0.686,0.137,False,9791164134267,9791186494431
이처럼 사소한 것들 :클레어 키건 소설,새들이 남쪽으로 가는 날 :리사 리드센 소설,문학,미상,False,1,False,0.4,0.334,1.0,0.334,0.133,False,9791130646381,9791193937372
아주 희미한 빛으로도 :최은영 소설,이처럼 사소한 것들 :클레어 키건 소설,문학,문학,False,1,False,0.4,0.686,0.334,0.334,0.133,False,9788954695053,9791130646381
밝은 밤 :최은영 장편소설,이처럼 사소한 것들 :클레어 키건 소설,문학,문학,False,1,False,0.4,0.686,0.334,0.334,0.133,False,9788954681179,9791130646381
빅 사이클,불변의 법칙 :절대 변하지 않는 것들에 대한 23가지 이야기,사회과학,사회과학,False,1,False,0.3,1.0,0.438,0.438,0.131,False,9791157848119,9791198517425
원씽 :복잡한 세상을 이기는 단순함의 힘,불변의 법칙 :절대 변하지 않는 것들에 대한 23가지 이야기,사회과학,사회과학,False,1,False,0.3,0.457,0.438,0.438,0.131,False,9788997575169,9791198517425
"넥서스 :석기시대부터 AI까지, 정보 네트워크로 보는 인류 역사",불변의 법칙 :절대 변하지 않는 것들에 대한 23가지 이야기,사회과학,사회과학,False,1,False,0.3,0.843,0.438,0.438,0.131,False,9791194330424,9791198517425
소년이 온다 :한강 장편소설,"첫 여름, 완주 :김금희 장편소설",문학,미상,False,1,False,0.3,0.438,0.686,0.438,0.131,False,9788936434120,9791197221989
역행자 :돈·시간·운명으로부터 완전한 자유를 얻는 7단계 인생 공략집,부자의 그릇 :돈을 다루는 능력을 키우는 법,사회과학,사회과학,False,1,False,0.3,0.438,0.843,0.438,0.131,False,9788901260716,9791130633619
역행자 :돈·시간·운명으로부터 완전한 자유를 얻는 7단계 인생 공략집,돈의 심리학 :당신은 왜 부자가 되지 못했는가,사회과학,사회과학,False,1,False,0.3,0.438,0.595,0.438,0.131,False,9788901260716,9791191056372
작별하지 않는다 :한강 장편소설,모순 :양귀자 장편소설,문학,문학,False,1,False,0.4,0.322,0.529,0.322,0.129,False,9788954682152,9788998441012
노랑무늬영원 :한강 소설집,작별하지 않는다 :한강 장편소설,미상,문학,False,1,False,0.4,0.843,0.322,0.322,0.129,False,9788932023533,9788954682152
흔한남매 이상한 나라의 고전 읽기,물리박사 김상욱의 수상한 연구실 :어린이를 위한 세상의 모든 과학,문학,자연과학,True,1,False,0.2,0.636,1.0,0.636,0.127,False,9791168415034,9791171171019
지금까지 산 것처럼 앞으로도 살 건가요? :내 인생의 판을 바꿀 질문,(이미 늦었다고 생각하는 당신을 위한) 김미경의 마흔 수업,사회과학,사회과학,False,1,False,0.2,1.0,0.636,0.636,0.127,False,9791196588502,9791198013026
왜 당신은 다른 사람을 위해 살고 있는가 =Why do you sacrifice your life for others?,나를 소모하지 않는 현명한 태도에 관하여,철학,철학,False,1,False,0.2,1.0,0.636,0.636,0.127,False,9791191369540,9791198682505
흔한남매,대충 봐도 머리에 남는 어린이 야구 상식 :야구의 재미를 제대로 알게 하는 알쏭달쏭 야구의 모든 것,문학,예술,True,1,False,0.2,0.636,1.0,0.636,0.127,False,9791164139897,9791198381811
흔한남매 이상한 나라의 고전 읽기,축구 만화 도감 :재밌을 줄 알았는데 멋있어!,문학,예술,True,1,False,0.2,0.636,1.0,0.636,0.127,False,9791168415034,9791190007320
당신도 느리게 나이 들 수 있습니다 :나이가 들어도 몸의 시간을 젊게,어른의 행복은 조용하다,기술과학,문학,True,1,False,0.3,0.843,0.42,0.42,0.126,False,9791140702589,9791169851053
작별하지 않는다 :한강 장편소설,단 한 번의 삶,문학,문학,False,1,False,0.5,0.322,0.246,0.246,0.123,False,9788954682152,9791191114768
이처럼 사소한 것들 :클레어 키건 소설,단 한 번의 삶,문학,문학,False,1,False,0.5,0.334,0.246,0.246,0.123,False,9791130646381,9791191114768
불편한 편의점 :김호연 장편소설,"도둑맞은 집중력 :집중력 위기의 시대, 삶의 주도권을 되찾는 법",문학,철학,True,1,False,0.6,0.202,0.238,0.202,0.121,False,9791161571188,9791167740984
나는 메트로폴리탄 미술관의 경비원입니다 :가장 경이로운 세계 속으로 숨어버린 한 남자의 이야기,도파민네이션 :쾌락 과잉 시대에서 균형 찾기,문학,철학,True,1,False,0.3,0.403,1.0,0.403,0.121,False,9788901276533,9788965965046
내가 틀릴 수도 있습니다 =숲속의 현자가 전하는 마지막 인생수업 /I may be wrong,불편한 편의점 :김호연 장편소설,종교,문학,True,1,False,0.6,1.0,0.202,0.202,0.121,False,9791130689890,9791161571188
불편한 편의점 :김호연 장편소설,달러구트 꿈 백화점 :이미예 장편소설,문학,문학,False,2,False,0.6,0.202,1.0,0.202,0.121,False,9791161571188,9791165343729
"도둑맞은 집중력 :집중력 위기의 시대, 삶의 주도권을 되찾는 법",돈의 심리학 :당신은 왜 부자가 되지 못했는가,철학,사회과학,True,2,False,0.5,0.238,0.595,0.238,0.119,False,9791167740984,9791191056372
주식시장의 17가지 미신 :왜 대다수의 투자자는 시장에서 돈을 잃는가,돈의 심리학 :당신은 왜 부자가 되지 못했는가,사회과학,사회과학,False,1,False,0.2,1.0,0.595,0.595,0.119,False,9791190977173,9791191056372
인생은 순간이다 :삶이라는 타석에서 평생 지켜온 철학,"도둑맞은 집중력 :집중력 위기의 시대, 삶의 주도권을 되찾는 법",예술,철학,True,1,False,0.5,0.843,0.238,0.238,0.119,False,9791130648385,9791167740984
"도둑맞은 집중력 :집중력 위기의 시대, 삶의 주도권을 되찾는 법",마흔에 읽는 니체 =지금 이순간을 살기 위한 철학 수업 /Nietzsche,철학,철학,False,2,False,0.5,0.238,0.751,0.238,0.119,False,9791167740984,9791192300245
"도둑맞은 집중력 :집중력 위기의 시대, 삶의 주도권을 되찾는 법",내 몸 혁명 :뱃살과 질병 없이 살려면 숫자보다 몸을 바꿔라,철학,기술과학,True,1,False,0.5,0.238,0.843,0.238,0.119,False,9791167740984,9791198553317
타이탄의 도구들 :1만 시간의 법칙을 깬 거인들의 61가지 전략,마흔에 읽는 쇼펜하우어 :마음의 위기를 다스리는 철학 수업,사회과학,철학,True,1,False,0.4,0.686,0.29,0.29,0.116,False,9791158510619,9791192300818
마흔에 읽는 쇼펜하우어 :마음의 위기를 다스리는 철학 수업,"(펼치는 순간 단숨에 6,000년 역사가 읽히는) 요즘 어른을 위한 최소한의 세계사",철학,역사,True,1,False,0.4,0.29,1.0,0.29,0.116,False,9791192300818,9791193128428
인생은 순간이다 :삶이라는 타석에서 평생 지켜온 철학,마흔에 읽는 쇼펜하우어 :마음의 위기를 다스리는 철학 수업,예술,철학,True,1,False,0.4,0.843,0.29,0.29,0.116,False,9791130648385,9791192300818
마흔에 읽는 쇼펜하우어 :마음의 위기를 다스리는 철학 수업,내 몸 혁명 :뱃살과 질병 없이 살려면 숫자보다 몸을 바꿔라,철학,기술과학,True,1,False,0.4,0.29,0.843,0.29,0.116,False,9791192300818,9791198553317
마흔에 읽는 쇼펜하우어 :마음의 위기를 다스리는 철학 수업,(2500년 동안 사랑받은) 초역 부처의 말 :행복으로 가는 길은 없다 행복이 곧 길이다,철학,종교,True,2,False,0.4,0.29,0.636,0.29,0.116,False,9791192300818,9791193506516
아버지의 해방일지 :정지아 장편소설,당신의 인생이 왜 힘들지 않아야 한다고 생각하십니까 :쇼펜하우어 아포리즘,문학,철학,True,1,False,0.5,0.23,0.751,0.23,0.115,False,9788936438838,9791192625553
아버지의 해방일지 :정지아 장편소설,도파민네이션 :쾌락 과잉 시대에서 균형 찾기,문학,철학,True,1,False,0.5,0.23,1.0,0.23,0.115,False,9788936438838,9788965965046
아버지의 해방일지 :정지아 장편소설,빨치산의 딸:정지아 장편소설,문학,미상,False,1,False,0.5,0.23,1.0,0.23,0.115,False,9788936438838,9788991071117
아버지의 해방일지 :정지아 장편소설,혼모노 :성해나 소설집,문학,문학,False,1,False,0.5,0.23,0.387,0.23,0.115,False,9788936438838,9788936439743
흔한남매,세상에서 제일 재밌는 종이접기 :색종이 한 장이면 장난감 뚝딱!,문학,예술,True,1,False,0.2,0.56,1.0,0.56,0.112,False,9791168414471,9791186494431
세이노의 가르침 :피보다 진하게 살아라,느리게 나이 드는 습관 :노년내과 의사가 알려주는 감속노화 실천법,사회과학,기술과학,True,1,False,0.4,0.281,0.843,0.281,0.112,False,9791168473690,9791193080146
역행자 :확장판,세이노의 가르침 :피보다 진하게 살아라,사회과학,사회과학,False,1,False,0.4,1.0,0.281,0.281,0.112,False,9788901272580,9791168473690
모순 :양귀자 장편소설,지적 대화를 위한 넓고 얕은 지식 :한 권으로 현실 세계를 통달하는 지식 여행서,문학,총류,True,1,False,0.2,0.529,1.0,0.529,0.106,False,9788998441012,9791190313186
철학은 날씨를 바꾼다 :삶을 쓰다듬는 위안의 책,"물고기는 존재하지 않는다 :상실, 사랑 그리고 숨어 있는 삶의 질서에 관한 이야기",철학,자연과학,True,1,False,0.2,0.843,0.529,0.529,0.106,False,9788934971351,9791189327156
"사피엔스 :유인원에서 사이보그까지, 인간 역사의 대담하고 위대한 질문","물고기는 존재하지 않는다 :상실, 사랑 그리고 숨어 있는 삶의 질서에 관한 이야기",역사,자연과학,True,1,False,0.2,1.0,0.529,0.529,0.106,False,9788934972464,9791189327156
대온실 수리 보고서 :김금희 장편소설,"물고기는 존재하지 않는다 :상실, 사랑 그리고 숨어 있는 삶의 질서에 관한 이야기",문학,자연과학,True,1,False,0.2,0.751,0.529,0.529,0.106,False,9788936439651,9791189327156
최고의 변화는 어디서 시작되는가 :노력만 하는 독종은 모르는 성공의 법칙,퓨처 셀프 :현재와 미래가 달라지는 놀라운 혁명,사회과학,사회과학,False,1,False,0.3,1.0,0.346,0.346,0.104,False,9791162540237,9791192389325
내가 틀릴 수도 있습니다 =숲속의 현자가 전하는 마지막 인생수업 /I may be wrong,절창 :구병모 장편소설,종교,문학,True,1,False,0.2,1.0,0.503,0.503,0.101,False,9791130689890,9791141602451
돈의 속성 :최상위 부자가 말하는 돈에 대한 모든 것,"모든 것은 기본에서 시작한다 :실력도 기술도 사람 됨됨이도, 기본을 지키는 손웅정의 삶의 철학",사회과학,예술,True,1,False,0.2,0.503,0.843,0.503,0.101,False,9791188331796,9791190382502
"사피엔스 :유인원에서 사이보그까지, 인간 역사의 대담하고 위대한 질문",절창 :구병모 장편소설,역사,문학,True,1,False,0.2,1.0,0.503,0.503,0.101,False,9788934972464,9791141602451
불편한 편의점 :김호연 장편소설,바다가 들리는 편의점,문학,문학,False,2,False,0.5,0.202,0.751,0.202,0.101,False,9791161571188,9791192579504
(EBS 다큐프라임) 자본주의,돈의 속성 :최상위 부자가 말하는 돈에 대한 모든 것,사회과학,사회과학,False,1,False,0.2,0.843,0.503,0.503,0.101,False,9788957365793,9791188331796
불편한 편의점 :김호연 장편소설,파우스터 =김호연 장편소설 /Fauster,문학,미상,False,1,False,0.5,0.202,1.0,0.202,0.101,False,9791161571188,9791189938642
흔한남매,백앤아 :교양이 층층 쌓이는 점프 맵,문학,총류,True,1,False,0.2,0.503,1.0,0.503,0.101,False,9791168412477,9791192504230
부의 인문학 :슈퍼리치의 서재에서 찾아낸 부자의 길,돈의 속성 :최상위 부자가 말하는 돈에 대한 모든 것,사회과학,사회과학,False,1,False,0.2,1.0,0.503,0.503,0.101,False,9788995563502,9791188331796
절창 :구병모 장편소설,(5천년 역사가 단숨에 이해되는) 최소한의 한국사,문학,역사,True,1,False,0.2,0.503,1.0,0.503,0.101,False,9791141602451,9791198243430
(아이들도 잘 모르고 어른들은 더 모르는) 신기한 현상 사전,흔한남매,총류,문학,True,1,False,0.2,1.0,0.503,0.503,0.101,False,9788934951278,9791168412477
"(펼치는 순간 단숨에 6,000년 역사가 읽히는) 요즘 어른을 위한 최소한의 세계사",꿰뚫는 한국사 :시대를 뒤흔든 문제적 인물들,역사,미상,False,1,False,0.1,1.0,1.0,1.0,0.1,False,9791193128428,9791198496645
벌거벗은 한국사 :500년 역사가 눈앞에 펼쳐지는 스토리텔링 조선사,(5천년 역사가 단숨에 이해되는) 최소한의 한국사,미상,역사,False,1,False,0.1,1.0,1.0,1.0,0.1,False,9791193401095,9791198243430
아이는 무엇으로 자라는가 :세계적 가족 심리학자 버지니아 사티어의 15가지 양육 법칙,바빌론의 부자 멘토와 꼬마 제자 :철학이 있는 부자가 들려주는 돈에 대한 가르침,기술과학,사회과학,True,1,False,0.1,1.0,1.0,1.0,0.1,False,9791193506202,9791198682529
흔한남매 과학 탐험대,흔한남매의 흔한 호기심 :일상에서 만나는 과학 상식,자연과학,자연과학,False,1,False,0.1,1.0,1.0,1.0,0.1,False,9788934980254,9791164137923
이처럼 사소한 것들 :클레어 키건 소설,남에게 보여주려고 인생을 낭비하지 마라 :쇼펜하우어 소품집,문학,철학,True,1,False,0.3,0.334,0.843,0.334,0.1,False,9791130646381,9791169850445
머리는 이렇게 부스스해도,(아이들도 잘 모르고 어른들은 더 모르는) 신기한 현상 사전,문학,총류,True,1,False,0.1,1.0,1.0,1.0,0.1,False,9788934942566,9788934951278
흔한남매,세상에서 제일 재밌는 종이접기 :색종이 한 장이면 장난감 뚝딱!,미상,예술,False,1,False,0.1,1.0,1.0,1.0,0.1,False,9791173114038,9791186494431
하하 자매 떡집,"왜 유명한 거야, 이 그림?",문학,예술,True,1,False,0.1,1.0,1.0,1.0,0.1,False,9788949162539,9791167550712
"(초등 3, 4학년에 시작하는) 하루 20분 초등 고전 읽기 :공부머리, 사고머리를 키우는 진짜 독서 습관",공부머리 독서법 :실현 가능하고 지속 가능한 독서교육의 모든 것,총류,총류,False,1,False,0.1,1.0,1.0,1.0,0.1,False,9791158463489,9791196316808
장군이네 떡집,공부머리 독서법 :실현 가능하고 지속 가능한 독서교육의 모든 것,문학,총류,True,1,False,0.1,1.0,1.0,1.0,0.1,False,9788949162041,9791196316808
호랑이를 부탁해 :설상록 장편동화,"왜 유명한 거야, 이 그림?",미상,예술,False,1,False,0.1,1.0,1.0,1.0,0.1,False,9788949122083,9791167550712
정재승의 인류 탐험 보고서,물리박사 김상욱의 수상한 연구실 :어린이를 위한 세상의 모든 과학,자연과학,자연과학,False,1,False,0.1,1.0,1.0,1.0,0.1,False,9788950996505,9791171171019
(흔한남매) 수수께끼 어드벤처 :수수께끼로 배우는 교과 지식,흔한남매의 흔한 호기심 :일상에서 만나는 과학 상식,사회과학,자연과학,True,1,False,0.1,1.0,1.0,1.0,0.1,False,9791168413078,9791168416598
꽃 아주머니와 비밀의 방 :색다르게 그림을 보는 법,"왜 유명한 거야, 이 그림?",미상,예술,False,1,False,0.1,1.0,1.0,1.0,0.1,False,9788992371872,9791167550712
숙론 =어떻게 마주 앉아 대화할 것인가 /Discourse,시대예보 :핵개인의 시대 =Forecast of the times : era of nuclear individuals,문학,사회과학,True,1,False,0.1,1.0,1.0,1.0,0.1,False,9788934950196,9791170610359
타키포오 얼렁뚱땅 상식스쿨,(허징의 수상한) 만물상점,총류,문학,True,1,False,0.1,1.0,1.0,1.0,0.1,False,9791171241675,9791172458577
(타키·포오의) 이세계 여행사,타키포오 얼렁뚱땅 상식스쿨,문학,총류,True,1,False,0.1,1.0,1.0,1.0,0.1,False,9791169794183,9791171241675
"(오, 필승!) 월드컵 축구 대백과",축구 만화 도감 :재밌을 줄 알았는데 멋있어!,미상,예술,False,1,False,0.1,1.0,1.0,1.0,0.1,False,9791160943634,9791190007320
이카루스 이야기 :생각을 깨우는 변화의 힘,나는 어떻게 삶의 해답을 찾는가 :고명환의 독서 내공,사회과학,총류,True,1,False,0.1,1.0,1.0,1.0,0.1,False,9788947529457,9791189686826
김영하의 세계문학 원정대,만화 한국 신화 :어린이를 위한 우리 인문학,문학,종교,True,1,False,0.1,1.0,1.0,1.0,0.1,False,9788934911302,9791130696614
(흔한남매) 별난 방탈출 :탈출 미션 스토리북,흔한남매 오해요 :귀염 뽀짝 부캐들과 펼치는 초단편 콩트 만화,예술,문학,True,1,False,0.1,1.0,1.0,1.0,0.1,False,9791164137176,9791168410930
방구석 미술관 :가볍고 편하게 시작하는 유쾌한 교양 미술,이처럼 사소한 것들 :클레어 키건 소설,예술,문학,True,1,False,0.3,1.0,0.334,0.334,0.1,False,9788968331862,9791130646381
만화 한국 신화 :어린이를 위한 우리 인문학,(설민석의) 그리스 로마 신화 대모험,종교,종교,False,1,False,0.1,1.0,1.0,1.0,0.1,False,9791130696614,9791193031711
이처럼 사소한 것들 :클레어 키건 소설,흐르는 강물처럼,문학,미상,False,1,False,0.3,0.334,1.0,0.334,0.1,False,9791130646381,9791130649672
(지적인 현대인을 위한) 지식 편의점,지적 대화를 위한 넓고 얕은 지식 :한 권으로 현실 세계를 통달하는 지식 여행서,총류,총류,False,1,False,0.1,1.0,1.0,1.0,0.1,False,9788965963851,9791190313186
"무엇이 옳은가 :궁극의 질문들, 우리의 방향이 되다",내가 틀릴 수도 있습니다 =숲속의 현자가 전하는 마지막 인생수업 /I may be wrong,철학,종교,True,1,False,0.1,1.0,1.0,1.0,0.1,False,9788933871805,9791130689890
에그박사의 닮은꼴 사파리 :전격비교관찰 생물도감,에그박사의 채집 일기 :스티커로 채집하는 자연 생물 관찰 만화,자연과학,자연과학,False,1,False,0.1,1.0,1.0,1.0,0.1,False,9788927747581,9791164137800
만화 한국 신화 :어린이를 위한 우리 인문학,(설민석의) 그리스 로마 신화 대모험,종교,종교,False,1,False,0.1,1.0,1.0,1.0,0.1,False,9791130696614,9791193031209
(최재천의) 동물대탐험 :지구를 사랑하는 어린이를 위한 생물학 동화,물리박사 김상욱의 수상한 연구실 :어린이를 위한 세상의 모든 과학,자연과학,자연과학,False,1,False,0.1,1.0,1.0,1.0,0.1,False,9791130647173,9791171171019
이로운 보수 의로운 진보 :최강형제가 들려주는 최소한의 정치 교양,문과 남자의 과학 공부 :나는 무엇이고 왜 존재하며 어디로 가는가?,사회과학,자연과학,True,1,False,0.1,1.0,1.0,1.0,0.1,False,9791172132477,9791192836188
(설민석의) 그리스 로마 신화 대모험,설민석의 한국사 대모험,종교,역사,True,1,False,0.1,1.0,1.0,1.0,0.1,False,9791191496949,9791198179913
아홉 살 마음 사전,"용기를 내, 비닐장갑! :유설화 그림책",철학,문학,True,1,False,0.1,1.0,1.0,1.0,0.1,False,9788936447014,9791158362249
아홉 살 마음 사전,벚꽃 수영장,철학,문학,True,1,False,0.1,1.0,1.0,1.0,0.1,False,9788936447014,9791168341753
"최민준의 아들코칭 백과 :기질 파악부터 말공부, 사회성, 감정코칭까지",5~10세 아들 육아는 책읽기가 전부다 :아들의 약점은 채우고 강점을 키우는 기적의 책육아 로드맵,기술과학,총류,True,1,False,0.1,1.0,1.0,1.0,0.1,False,9791168127531,9791168270695
요리스타 청,(백종원의) 도전 요리왕 :음식으로 맛보는 세계 역사 문화 체험,기술과학,기술과학,False,1,False,0.1,1.0,1.0,1.0,0.1,False,9788934972242,9791189938352
아홉 살 마음 사전,께롱께롱 놀이 노래 :아침부터 잠잘때까지 부르는 전래동요 50곡,철학,문학,True,1,False,0.1,1.0,1.0,1.0,0.1,False,9788936447014,9788984285392
홍학의 자리 :정해연 장편소설,이처럼 사소한 것들 :클레어 키건 소설,문학,문학,False,1,False,0.3,0.686,0.334,0.334,0.1,False,9788954681155,9791130646381
나는 미술관에 간다 :전문가의 맞춤 해설로 내 방에서 즐기는 세계 10대 미술관,방구석 미술관 :가볍고 편하게 시작하는 유쾌한 교양 미술,미상,예술,False,1,False,0.1,1.0,1.0,1.0,0.1,False,9788960536074,9788968331862
팩토피아 :꼬리에 꼬리를 무는 400가지 사실들,채사장의 지대넓얕 :지적 대화를 위한 넓고 얕은 지식,총류,총류,False,1,False,0.1,1.0,1.0,1.0,0.1,False,9791169254069,9791197578410
팜 :기발한 상상력이 가득한 판타지 코딩과학동화,팩토피아 :꼬리에 꼬리를 무는 400가지 사실들,총류,총류,False,1,False,0.1,1.0,1.0,1.0,0.1,False,9791160509441,9791169254069
"사피엔스 :유인원에서 사이보그까지, 인간 역사의 대담하고 위대한 질문",단 한 번의 삶,역사,문학,True,1,False,0.4,1.0,0.246,0.246,0.098,False,9788934972464,9791191114768
단 한 번의 삶,"(펼치는 순간 단숨에 6,000년 역사가 읽히는) 요즘 어른을 위한 최소한의 세계사",문학,역사,True,1,False,0.4,0.246,1.0,0.246,0.098,False,9791191114768,9791193128428
소년이 온다 :한강 장편소설,단 한 번의 삶,문학,문학,False,1,False,0.4,0.438,0.246,0.246,0.098,False,9788936434120,9791191114768
나는 어떻게 삶의 해답을 찾는가 :고명환의 독서 내공,단 한 번의 삶,총류,문학,True,1,False,0.4,1.0,0.246,0.246,0.098,False,9791189686826,9791191114768
돈의 심리학 :당신은 왜 부자가 되지 못했는가,단 한 번의 삶,사회과학,문학,True,1,False,0.4,0.595,0.246,0.246,0.098,False,9791191056372,9791191114768
단 한 번의 삶,나는 다정한 관찰자가 되기로 했다 :불안에 휘둘리지 않는 단단한 태도에 관하여,문학,기술과학,True,1,False,0.4,0.246,0.751,0.246,0.098,False,9791191114768,9791198752406
"사피엔스 :유인원에서 사이보그까지, 인간 역사의 대담하고 위대한 질문",작별하지 않는다 :한강 장편소설,역사,문학,True,1,False,0.3,1.0,0.322,0.322,0.097,False,9788934972464,9788954682152
작별하지 않는다 :한강 장편소설,당신의 인생이 왜 힘들지 않아야 한다고 생각하십니까 :쇼펜하우어 아포리즘,문학,철학,True,1,False,0.3,0.322,0.751,0.322,0.097,False,9788954682152,9791192625553
작별하지 않는다 :한강 장편소설,"첫 여름, 완주 :김금희 장편소설",문학,미상,False,1,False,0.3,0.322,0.686,0.322,0.097,False,9788954682152,9791197221989
노랑무늬영원 :한강 소설집,작별하지 않는다 :한강 장편소설,미상,문학,False,1,False,0.3,1.0,0.322,0.322,0.097,False,9788932034836,9788954682152
작별하지 않는다 :한강 장편소설,(5천년 역사가 단숨에 이해되는) 최소한의 한국사,문학,역사,True,1,False,0.3,0.322,1.0,0.322,0.097,False,9788954682152,9791198243430
밝은 밤 :최은영 장편소설,작별하지 않는다 :한강 장편소설,문학,문학,False,1,False,0.3,0.686,0.322,0.322,0.097,False,9788954681179,9788954682152
작별하지 않는다 :한강 장편소설,느리게 나이 드는 습관 :노년내과 의사가 알려주는 감속노화 실천법,문학,기술과학,True,1,False,0.3,0.322,0.843,0.322,0.097,False,9788954682152,9791193080146
메리골드 마음 세탁소 =윤정은 장편소설 /Marigold mind laundry,(5천년 역사가 단숨에 이해되는) 최소한의 한국사,문학,역사,True,1,False,0.2,0.479,1.0,0.479,0.096,False,9791191891287,9791198243430
메리골드 마음 세탁소 =윤정은 장편소설 /Marigold mind laundry,바다가 들리는 편의점,문학,문학,False,1,False,0.2,0.479,1.0,0.479,0.096,False,9791191891287,9791192579887
세상의 마지막 기차역,메리골드 마음 세탁소 =윤정은 장편소설 /Marigold mind laundry,문학,문학,False,1,False,0.2,0.843,0.479,0.479,0.096,False,9791191043754,9791191891287
"도둑맞은 집중력 :집중력 위기의 시대, 삶의 주도권을 되찾는 법",(5천년 역사가 단숨에 이해되는) 최소한의 한국사,철학,역사,True,1,False,0.4,0.238,1.0,0.238,0.095,False,9791167740984,9791198243430
아버지의 해방일지 :정지아 장편소설,하얼빈 :김훈 장편소설,문학,문학,False,1,False,0.4,0.23,1.0,0.23,0.092,False,9788936438838,9788954699914
아버지의 해방일지 :정지아 장편소설,빨치산의 딸:정지아 장편소설,문학,미상,False,1,False,0.4,0.23,1.0,0.23,0.092,False,9788936438838,9788991071124
흔한남매,(백종원의) 도전 요리왕 :음식으로 맛보는 세계 역사 문화 체험,문학,기술과학,True,1,False,0.2,0.457,1.0,0.457,0.091,False,9791168411685,9791189938352
흔한남매,백앤아 :교양이 층층 쌓이는 점프 맵,문학,총류,True,1,False,0.2,0.457,1.0,0.457,0.091,False,9791168418011,9791192504230
흔한남매,(백종원의) 도전 요리왕 :음식으로 맛보는 세계 역사 문화 체험,문학,기술과학,True,1,False,0.2,0.457,1.0,0.457,0.091,False,9791168418011,9791189938352
(아이들도 잘 모르고 어른들은 더 모르는) 신기한 현상 사전,흔한남매,총류,문학,True,1,False,0.2,1.0,0.457,0.457,0.091,False,9788934951278,9791168418011
슈뻘맨의 숨은 과학 찾기 :엉뚱 도전 속에 숨은 과학 상식,흔한남매,자연과학,문학,True,1,False,0.2,1.0,0.457,0.457,0.091,False,9791168415171,9791168418011
역행자 :돈·시간·운명으로부터 완전한 자유를 얻는 7단계 인생 공략집,최강의 인생 :세상의 뻔한 공식을 깨부순 게임 체인저들의 44가지 법칙,사회과학,사회과학,False,1,False,0.2,0.438,1.0,0.438,0.088,False,9788901260716,9791162540909
노랑무늬영원 :한강 소설집,소년이 온다 :한강 장편소설,미상,문학,False,1,False,0.2,0.843,0.438,0.438,0.088,False,9788932023533,9788936434120
소년이 온다 :한강 장편소설,"물고기는 존재하지 않는다 :상실, 사랑 그리고 숨어 있는 삶의 질서에 관한 이야기",문학,자연과학,True,1,False,0.2,0.438,0.529,0.438,0.088,False,9788936434120,9791189327156
인생은 순간이다 :삶이라는 타석에서 평생 지켜온 철학,불변의 법칙 :절대 변하지 않는 것들에 대한 23가지 이야기,예술,사회과학,True,1,False,0.2,0.843,0.438,0.438,0.088,False,9791130648385,9791198517425
역행자 :돈·시간·운명으로부터 완전한 자유를 얻는 7단계 인생 공략집,마흔에 읽는 니체 =지금 이순간을 살기 위한 철학 수업 /Nietzsche,사회과학,철학,True,1,False,0.2,0.438,0.751,0.438,0.088,False,9788901260716,9791192300245
행운에 속지 마라 :불확실한 시대에 살아남는 투자 생존법,불변의 법칙 :절대 변하지 않는 것들에 대한 23가지 이야기,사회과학,사회과학,False,1,False,0.2,0.843,0.438,0.438,0.088,False,9788927808121,9791198517425
마흔에 읽는 쇼펜하우어 :마음의 위기를 다스리는 철학 수업,니체 인생수업 :니체가 세상에 남긴 66가지 인생지혜,철학,철학,False,1,False,0.3,0.29,1.0,0.29,0.087,False,9791192300818,9791193282069
"모든 것은 기본에서 시작한다 :실력도 기술도 사람 됨됨이도, 기본을 지키는 손웅정의 삶의 철학",마흔에 읽는 쇼펜하우어 :마음의 위기를 다스리는 철학 수업,예술,철학,True,1,False,0.3,0.843,0.29,0.29,0.087,False,9791190382502,9791192300818
마흔에 읽는 쇼펜하우어 :마음의 위기를 다스리는 철학 수업,나는 다정한 관찰자가 되기로 했다 :불안에 휘둘리지 않는 단단한 태도에 관하여,철학,기술과학,True,2,False,0.3,0.29,0.751,0.29,0.087,False,9791192300818,9791198752406
이처럼 사소한 것들 :클레어 키건 소설,마흔에 읽는 쇼펜하우어 :마음의 위기를 다스리는 철학 수업,문학,철학,True,1,False,0.3,0.334,0.29,0.29,0.087,False,9791130646381,9791192300818
지극히 인간적인 삶에 대하여 :쇼펜하우어 《인생론》으로 되찾는 삶의 의미,남에게 보여주려고 인생을 낭비하지 마라 :쇼펜하우어 소품집,철학,철학,False,1,False,0.1,0.843,0.843,0.843,0.084,False,9788972977322,9791169850445
꽁꽁꽁 캠핑 :윤정주 그림책,"최민준의 아들코칭 백과 :기질 파악부터 말공부, 사회성, 감정코칭까지",문학,기술과학,True,1,False,0.1,0.843,1.0,0.843,0.084,False,9791158364120,9791168127531
(돈도 마음도 낭비 없이 나만의 행복을 버는) 저소비 생활,당신도 느리게 나이 들 수 있습니다 :나이가 들어도 몸의 시간을 젊게,미상,기술과학,False,1,False,0.1,1.0,0.843,0.843,0.084,False,9788925573229,9791140702589
내장비만 :국민 주치의 이왕림 박사의 34년 비만 해독 연구 결정판,내 몸 혁명 :뱃살과 질병 없이 살려면 숫자보다 몸을 바꿔라,기술과학,기술과학,False,1,False,0.1,1.0,0.843,0.843,0.084,False,9791193506684,9791198553317
당신도 느리게 나이 들 수 있습니다 :나이가 들어도 몸의 시간을 젊게,70세의 정답 :다가올 30년의 노화를 늦추는 법,기술과학,미상,False,1,False,0.1,0.843,1.0,0.843,0.084,False,9791140702589,9791160079265
어른의 행복은 조용하다,(이미 늦었다고 생각하는 당신을 위한) 김미경의 마흔 수업,문학,사회과학,True,1,False,0.2,0.42,0.636,0.42,0.084,False,9791169851053,9791198013026
(흔한남매) 별난 세계 여행,대충 봐도 머리에 남는 어린이 야구 상식 :야구의 재미를 제대로 알게 하는 알쏭달쏭 야구의 모든 것,역사,예술,True,1,False,0.1,0.843,1.0,0.843,0.084,False,9791168415355,9791198381811
세이노의 가르침 :피보다 진하게 살아라,시대예보 :핵개인의 시대 =Forecast of the times : era of nuclear individuals,사회과학,사회과학,False,1,False,0.3,0.281,1.0,0.281,0.084,False,9791168473690,9791170610359
흔한남매,세상에서 제일 재밌는 종이접기 :색종이 한 장이면 장난감 뚝딱!,문학,예술,True,1,False,0.1,0.843,1.0,0.843,0.084,False,9791164131686,9791186494431
정재승의 인간 탐구 보고서,채사장의 지대넓얕 :지적 대화를 위한 넓고 얕은 지식,기술과학,총류,True,1,False,0.1,0.843,1.0,0.843,0.084,False,9788950983079,9791197578410
어른의 행복은 조용하다,아이는 무엇으로 자라는가 :세계적 가족 심리학자 버지니아 사티어의 15가지 양육 법칙,문학,기술과학,True,1,False,0.2,0.42,1.0,0.42,0.084,False,9791169851053,9791193506202
슈뻘맨의 숨은 과학 찾기 :엉뚱 도전 속에 숨은 과학 상식,흔한남매의 흔한 호기심 :일상에서 만나는 과학 상식,자연과학,자연과학,False,1,False,0.1,1.0,0.843,0.843,0.084,False,9791168415171,9791173471780
방구석 미술관 :가볍고 편하게 시작하는 유쾌한 교양 미술,작별인사 :김영하 장편소설,예술,문학,True,1,False,0.1,1.0,0.843,0.843,0.084,False,9788968331862,9791191114225
세이노의 가르침 :피보다 진하게 살아라,메리골드 마음 세탁소 =윤정은 장편소설 /Marigold mind laundry,사회과학,문학,True,2,False,0.3,0.281,0.479,0.281,0.084,False,9791168473690,9791191891287
브레인포그 :내 삶의 몰입과 집중을 되찾는 10가지 방법,도파민네이션 :쾌락 과잉 시대에서 균형 찾기,철학,철학,False,1,False,0.1,0.843,1.0,0.843,0.084,False,9788947549158,9788965965046
"모든 것은 기본에서 시작한다 :실력도 기술도 사람 됨됨이도, 기본을 지키는 손웅정의 삶의 철학",오타니 쇼헤이의 쇼타임 :평범함을 위대함으로 바꾼 오타니의 40가지 원칙,예술,미상,False,1,False,0.1,0.843,1.0,0.843,0.084,False,9791190382502,9791197919848
완전 소화 :아프지 않고 오래 사는 최고의 식사법,느리게 나이 드는 습관 :노년내과 의사가 알려주는 감속노화 실천법,기술과학,기술과학,False,1,False,0.1,1.0,0.843,0.843,0.084,False,9791130651415,9791193080146
"(펼치는 순간 단숨에 6,000년 역사가 읽히는) 요즘 어른을 위한 최소한의 세계사","다시, 역사의 쓸모 :합리적이고 품위 있는 선택을 위한 20가지 지혜",역사,역사,False,1,False,0.1,1.0,0.843,0.843,0.084,False,9791193128428,9791193401217
달러구트 꿈 백화점 :주문하신 꿈은 매진입니다,지구 끝의 온실 :김초엽 장편소설,문학,문학,False,1,False,0.1,0.843,0.843,0.843,0.084,False,9791165341909,9791191824001
"(세상에서 가장 쉬운) 본질육아 :삶의 근본을 보여주는 부모, 삶을 스스로 개척하는 아이",아이는 무엇으로 자라는가 :세계적 가족 심리학자 버지니아 사티어의 15가지 양육 법칙,기술과학,기술과학,False,1,False,0.1,0.843,1.0,0.843,0.084,False,9788950941819,9791193506202
트렌드 코리아 2024 :청룡을 타고 비상하는 2024를 기원하며!,세이노의 가르침 :피보다 진하게 살아라,사회과학,사회과학,False,1,False,0.3,0.843,0.281,0.281,0.084,False,9788959897179,9791168473690
나는 읽고 쓰고 버린다 :손웅정의 말,강원국x김민식 말하기의 태도,예술,미상,False,1,False,0.1,0.843,1.0,0.843,0.084,False,9791191859836,9791193540039
인생은 순간이다 :삶이라는 타석에서 평생 지켜온 철학,나의 돈 많은 고등학교 친구 :슈퍼리치와의 대화에서 찾아낸 부자의 길,예술,사회과학,True,1,False,0.1,0.843,1.0,0.843,0.084,False,9791130648385,9791165347161
네 인생 우습지 않다 :인생 일타강사 전한길의 50가지 행복론,인생은 순간이다 :삶이라는 타석에서 평생 지켜온 철학,사회과학,예술,True,1,False,0.1,0.843,0.843,0.843,0.084,False,9788950920043,9791130648385
흔한남매 불꽃 튀는 우리말 :초등 국어 고수 되기 프로젝트,(흔한남매) 별난 방탈출 :탈출 미션 스토리북,언어,예술,True,1,False,0.1,1.0,0.843,0.843,0.084,False,9791130637594,9791168411692
놓지 마 맞춤법,놓지 마 과학!,언어,자연과학,True,1,False,0.1,1.0,0.843,0.843,0.084,False,9788934942641,9791190305310
순례 주택 :유은실 소설,불편한 편의점 :김호연 장편소설,문학,문학,False,1,False,0.4,0.686,0.202,0.202,0.081,False,9788949123493,9791161571188
나는 메트로폴리탄 미술관의 경비원입니다 :가장 경이로운 세계 속으로 숨어버린 한 남자의 이야기,"(펼치는 순간 단숨에 6,000년 역사가 읽히는) 요즘 어른을 위한 최소한의 세계사",문학,역사,True,1,False,0.2,0.403,1.0,0.403,0.081,False,9788901276533,9791193128428
불편한 편의점 :김호연 장편소설,나는 읽고 쓰고 버린다 :손웅정의 말,문학,예술,True,2,False,0.4,0.202,0.843,0.202,0.081,False,9791161571188,9791191859836
당신도 느리게 나이 들 수 있습니다 :나이가 들어도 몸의 시간을 젊게,불편한 편의점 :김호연 장편소설,기술과학,문학,True,1,False,0.4,0.843,0.202,0.202,0.081,False,9791140702589,9791161571188
나는 메트로폴리탄 미술관의 경비원입니다 :가장 경이로운 세계 속으로 숨어버린 한 남자의 이야기,불변의 법칙 :절대 변하지 않는 것들에 대한 23가지 이야기,문학,사회과학,True,1,False,0.2,0.403,0.438,0.403,0.081,False,9788901276533,9791198517425
불편한 편의점 :김호연 장편소설,"물고기는 존재하지 않는다 :상실, 사랑 그리고 숨어 있는 삶의 질서에 관한 이야기",문학,자연과학,True,1,False,0.4,0.202,0.529,0.202,0.081,False,9791161571188,9791189327156
불편한 편의점 :김호연 장편소설,당신의 인생이 왜 힘들지 않아야 한다고 생각하십니까 :쇼펜하우어 아포리즘,문학,철학,True,1,False,0.4,0.202,0.751,0.202,0.081,False,9791161571188,9791192625553
"사피엔스 :유인원에서 사이보그까지, 인간 역사의 대담하고 위대한 질문",불편한 편의점 :김호연 장편소설,역사,문학,True,1,False,0.4,1.0,0.202,0.202,0.081,False,9788934972464,9791161571188
혼모노 :성해나 소설집,"(펼치는 순간 단숨에 6,000년 역사가 읽히는) 요즘 어른을 위한 최소한의 세계사",문학,역사,True,1,False,0.2,0.387,1.0,0.387,0.077,False,9788936439743,9791193128428
긴긴밤,나는 다정한 관찰자가 되기로 했다 :불안에 휘둘리지 않는 단단한 태도에 관하여,문학,기술과학,True,1,False,0.1,0.751,0.751,0.751,0.075,False,9788954677158,9791198752406
흔한남매 이상한 나라의 고전 읽기,팩토피아 :꼬리에 꼬리를 무는 400가지 사실들,문학,총류,True,1,False,0.1,0.751,1.0,0.751,0.075,False,9791168416314,9791169254069
내 아이를 위한 사교육은 없다 :사교육을 이기고 상위 1%로 도약하는 힘,나는 다정한 관찰자가 되기로 했다 :불안에 휘둘리지 않는 단단한 태도에 관하여,사회과학,기술과학,True,1,False,0.1,1.0,0.751,0.751,0.075,False,9791193842010,9791198752406
흔한남매의 흔한 호기심 :일상에서 만나는 과학 상식,축구 만화 도감 :재밌을 줄 알았는데 멋있어!,자연과학,예술,True,1,False,0.1,0.751,1.0,0.751,0.075,False,9791168415409,9791190007320
"경험의 멸종 :기술이 경험을 대체하는 시대, 인간은 계속 인간일 수 있을까",세상은 이야기로 만들어졌다 :신화·거짓말·유토피아,사회과학,총류,True,1,False,0.1,0.751,1.0,0.751,0.075,False,9791167742063,9791192953151
니체의 자존감 수업 :니체에게서 배우는 나를 사랑하고 긍정하는 기술,마흔에 읽는 니체 =지금 이순간을 살기 위한 철학 수업 /Nietzsche,철학,철학,False,1,False,0.1,1.0,0.751,0.751,0.075,False,9791139717891,9791192300245
고양이 해결사 깜냥,똥볶이 할멈 :K-히어로 판타지,문학,문학,False,1,False,0.1,0.751,1.0,0.751,0.075,False,9788936447694,9791190409148
당신의 인생이 왜 힘들지 않아야 한다고 생각하십니까 :쇼펜하우어 아포리즘,어차피 남들은 나에게 관심 없다 :쇼펜하우어의 인간관계 철학,철학,철학,False,1,False,0.1,0.751,0.751,0.751,0.075,False,9791192625553,9791198621405
단 한 번의 삶,내 몸 혁명 :뱃살과 질병 없이 살려면 숫자보다 몸을 바꿔라,문학,기술과학,True,1,False,0.3,0.246,0.843,0.246,0.074,False,9791191114768,9791198553317
세이노의 가르침 :피보다 진하게 살아라,단 한 번의 삶,사회과학,문학,True,1,False,0.3,0.281,0.246,0.246,0.074,False,9791168473690,9791191114768
"사피엔스 :유인원에서 사이보그까지, 인간 역사의 대담하고 위대한 질문","도둑맞은 집중력 :집중력 위기의 시대, 삶의 주도권을 되찾는 법",역사,철학,True,1,False,0.3,1.0,0.238,0.238,0.071,False,9788934972464,9791167740984
작별하지 않는다 :한강 장편소설,"도둑맞은 집중력 :집중력 위기의 시대, 삶의 주도권을 되찾는 법",문학,철학,True,1,False,0.3,0.322,0.238,0.238,0.071,False,9788954682152,9791167740984
퓨처 셀프 :현재와 미래가 달라지는 놀라운 혁명,느리게 나이 드는 습관 :노년내과 의사가 알려주는 감속노화 실천법,사회과학,기술과학,True,1,False,0.2,0.346,0.843,0.346,0.069,False,9791192389325,9791193080146
아버지의 해방일지 :정지아 장편소설,순례 주택 :유은실 소설,문학,문학,False,1,False,0.3,0.23,0.686,0.23,0.069,False,9788936438838,9788949123493
안녕이라 그랬어 :김애란 소설,만일 내가 인생을 다시 산다면 :벌써 마흔이 된 당신에게 해 주고 싶은 말들 42,문학,철학,True,1,False,0.2,0.346,0.686,0.346,0.069,False,9791141602376,9791190538510
아버지의 해방일지 :정지아 장편소설,절창 :구병모 장편소설,문학,문학,False,1,False,0.3,0.23,0.503,0.23,0.069,False,9788936438838,9791141602451
밝은 밤 :최은영 장편소설,눈부신 안부 :백수린 장편소설,문학,문학,False,1,False,0.1,0.686,1.0,0.686,0.069,False,9788954681179,9788954699372
아버지의 해방일지 :정지아 장편소설,마시지 않을 수 없는 밤이니까요 :정지아 에세이,문학,문학,False,1,False,0.3,0.23,1.0,0.23,0.069,False,9788936438838,9791193289020
안녕이라 그랬어 :김애란 소설,메리골드 마음 세탁소 =윤정은 장편소설 /Marigold mind laundry,문학,문학,False,1,False,0.2,0.346,0.479,0.346,0.069,False,9791141602376,9791191891287
"위버멘쉬 :누구의 시선도 아닌, 내 의지대로 살겠다는 선언",당신의 인생이 왜 힘들지 않아야 한다고 생각하십니까 :쇼펜하우어 아포리즘,철학,철학,False,1,False,0.1,0.686,0.751,0.686,0.069,False,9791192372730,9791192625553
내가 틀릴 수도 있습니다 =숲속의 현자가 전하는 마지막 인생수업 /I may be wrong,만일 내가 인생을 다시 산다면 :벌써 마흔이 된 당신에게 해 주고 싶은 말들 42,종교,철학,True,1,False,0.1,1.0,0.686,0.686,0.069,False,9791130689890,9791190538510
더 마인드 =무의식이 이끄는 부의 해답 /The mind,퓨처 셀프 :현재와 미래가 달라지는 놀라운 혁명,사회과학,사회과학,False,1,False,0.2,1.0,0.346,0.346,0.069,False,9788901276571,9791192389325
행동하지 않으면 인생은 바뀌지 않는다 :위대한 변화를 이끌어내는 아주 작은 실행의 힘,타이탄의 도구들 :1만 시간의 법칙을 깬 거인들의 61가지 전략,사회과학,사회과학,False,1,False,0.1,0.843,0.686,0.686,0.069,False,9791139716146,9791158510619
클루지 :생각의 역사를 뒤집는 기막힌 발견,타이탄의 도구들 :1만 시간의 법칙을 깬 거인들의 61가지 전략,철학,사회과학,True,1,False,0.1,0.843,0.686,0.686,0.069,False,9788901090184,9791158510619
타이탄의 도구들 :1만 시간의 법칙을 깬 거인들의 61가지 전략,당신은 결국 무엇이든 해내는 사람 :김상현 에세이,사회과학,문학,True,1,False,0.1,0.686,1.0,0.686,0.069,False,9791158510619,9791188469994
당신도 느리게 나이 들 수 있습니다 :나이가 들어도 몸의 시간을 젊게,안녕이라 그랬어 :김애란 소설,기술과학,문학,True,1,False,0.2,0.843,0.346,0.346,0.069,False,9791140702589,9791141602376
두 사람의 인터내셔널 :김기태 소설,이처럼 사소한 것들 :클레어 키건 소설,문학,문학,False,1,False,0.2,0.843,0.334,0.334,0.067,False,9788954697941,9791130646381
소년이 온다 :한강 장편소설,불편한 편의점 :김호연 장편소설,문학,문학,False,1,False,0.2,0.438,0.334,0.334,0.067,False,9788936434120,9791161571379
이처럼 사소한 것들 :클레어 키건 소설,시대예보 :핵개인의 시대 =Forecast of the times : era of nuclear individuals,문학,사회과학,True,1,False,0.2,0.334,1.0,0.334,0.067,False,9791130646381,9791170610359
웰씽킹 =부를 창조하는 생각의 뿌리 /Wealthinking,아주 작은 습관의 힘 :최고의 변화는 어떻게 만들어지는가,사회과학,철학,True,1,False,0.1,0.843,0.636,0.636,0.064,False,9791130677774,9791162540640
아주 작은 습관의 힘 :최고의 변화는 어떻게 만들어지는가,"위버멘쉬 :누구의 시선도 아닌, 내 의지대로 살겠다는 선언",철학,철학,False,1,False,0.1,0.636,0.686,0.636,0.064,False,9791162540640,9791192372730
내 여자의 열매 :한강 소설집,작별하지 않는다 :한강 장편소설,미상,문학,False,1,False,0.2,1.0,0.322,0.322,0.064,False,9788932034829,9788954682152
아주 작은 습관의 힘 :최고의 변화는 어떻게 만들어지는가,"그릿 :IQ, 재능, 환경을 뛰어넘는 열정적 끈기의 힘",철학,사회과학,True,1,False,0.1,0.636,1.0,0.636,0.064,False,9791162540640,9791186805398
깨진 틈이 있어야 그 사이로 빛이 들어온다 :차라투스트라는 이렇게 말했다,나를 소모하지 않는 현명한 태도에 관하여,철학,철학,False,1,False,0.1,0.843,0.636,0.636,0.064,False,9791169850681,9791198682505
작별하지 않는다 :한강 장편소설,인생은 순간이다 :삶이라는 타석에서 평생 지켜온 철학,문학,예술,True,1,False,0.2,0.322,0.843,0.322,0.064,False,9788954682152,9791130648385
작별하지 않는다 :한강 장편소설,당신도 느리게 나이 들 수 있습니다 :나이가 들어도 몸의 시간을 젊게,문학,기술과학,True,1,False,0.2,0.322,0.843,0.322,0.064,False,9788954682152,9791140702589
나는 읽고 쓰고 버린다 :손웅정의 말,(이미 늦었다고 생각하는 당신을 위한) 김미경의 마흔 수업,예술,사회과학,True,1,False,0.1,0.843,0.636,0.636,0.064,False,9791191859836,9791198013026
흔한남매,슈뻘맨의 숨은 과학 찾기 :엉뚱 도전 속에 숨은 과학 상식,문학,자연과학,True,1,False,0.1,0.636,1.0,0.636,0.064,False,9791164139897,9791168415171
흔한남매,백앤아 :교양이 층층 쌓이는 점프 맵,문학,총류,True,1,False,0.1,0.636,1.0,0.636,0.064,False,9791164139897,9791192504230
작별하지 않는다 :한강 장편소설,만일 내가 인생을 다시 산다면 :벌써 마흔이 된 당신에게 해 주고 싶은 말들 42,문학,철학,True,1,False,0.2,0.322,0.686,0.322,0.064,False,9788954682152,9791190538510
작별하지 않는다 :한강 장편소설,불편한 편의점 :김호연 장편소설,문학,문학,False,1,False,0.3,0.322,0.202,0.202,0.061,False,9788954682152,9791161571188
불편한 편의점 :김호연 장편소설,돈의 속성 :최상위 부자가 말하는 돈에 대한 모든 것,문학,사회과학,True,1,False,0.3,0.202,0.503,0.202,0.061,False,9791161571188,9791188331796
불편한 편의점 :김호연 장편소설,문과 남자의 과학 공부 :나는 무엇이고 왜 존재하며 어디로 가는가?,문학,자연과학,True,1,False,0.3,0.202,1.0,0.202,0.061,False,9791161571188,9791192836188
안녕이라 그랬어 :김애란 소설,불편한 편의점 :김호연 장편소설,문학,문학,False,1,False,0.3,0.346,0.202,0.202,0.061,False,9791141602376,9791161571188
돈의 심리학 :당신은 왜 부자가 되지 못했는가,"돈, 뜨겁게 사랑하고 차갑게 다루어라",사회과학,미상,False,1,False,0.1,0.595,1.0,0.595,0.059,False,9791191056372,9791192519883
(EBS 다큐프라임) 자본주의,돈의 심리학 :당신은 왜 부자가 되지 못했는가,사회과학,사회과학,False,1,False,0.1,0.843,0.595,0.595,0.059,False,9788957365793,9791191056372
렛뎀 이론 :인생이 '나'로 충만해지는 내버려두기의 기술,돈의 심리학 :당신은 왜 부자가 되지 못했는가,철학,사회과학,True,1,False,0.1,0.751,0.595,0.595,0.059,False,9791162544327,9791191056372
밝은 밤 :최은영 장편소설,"어서오세요, 휴남동 서점입니다 :황보름 장편소설",문학,문학,False,1,False,0.1,0.686,0.595,0.595,0.059,False,9788954681179,9791197377143
아주 작은 습관의 힘 :최고의 변화는 어떻게 만들어지는가,마흔에 읽는 쇼펜하우어 :마음의 위기를 다스리는 철학 수업,철학,철학,False,1,False,0.2,0.636,0.29,0.29,0.058,False,9791162540640,9791192300818
지적 대화를 위한 넓고 얕은 지식 :한 권으로 현실 세계를 통달하는 지식 여행서,마흔에 읽는 쇼펜하우어 :마음의 위기를 다스리는 철학 수업,총류,철학,True,1,False,0.2,1.0,0.29,0.29,0.058,False,9791190313186,9791192300818
돈의 심리학 :당신은 왜 부자가 되지 못했는가,마흔에 읽는 쇼펜하우어 :마음의 위기를 다스리는 철학 수업,사회과학,철학,True,1,False,0.2,0.595,0.29,0.29,0.058,False,9791191056372,9791192300818
혼모노 :성해나 소설집,마흔에 읽는 쇼펜하우어 :마음의 위기를 다스리는 철학 수업,문학,철학,True,1,False,0.2,0.387,0.29,0.29,0.058,False,9788936439743,9791192300818
부자의 언어 (양장 리커버 골드씨드 에디션) - 어떻게 살아야 부자가 되는지 묻는 아들에게,세이노의 가르침 :피보다 진하게 살아라,미상,사회과학,False,1,False,0.2,1.0,0.281,0.281,0.056,False,9791155815915,9791168473690
"물고기는 존재하지 않는다 :상실, 사랑 그리고 숨어 있는 삶의 질서에 관한 이야기",천 개의 파랑 :천선란 장편소설,자연과학,문학,True,1,False,0.1,0.529,1.0,0.529,0.053,False,9791189327156,9791190090261
도파민네이션 :쾌락 과잉 시대에서 균형 찾기,모순 :양귀자 장편소설,철학,문학,True,1,False,0.1,1.0,0.529,0.529,0.053,False,9788965965046,9788998441012
흔한남매,(백종원의) 도전 요리왕 :음식으로 맛보는 세계 역사 문화 체험,문학,기술과학,True,1,False,0.1,0.529,1.0,0.529,0.053,False,9791164138197,9791189938352
나는 소망한다 내게 금지된 것을 :양귀자 장편소설,"물고기는 존재하지 않는다 :상실, 사랑 그리고 숨어 있는 삶의 질서에 관한 이야기",문학,자연과학,True,1,False,0.1,1.0,0.529,0.529,0.053,False,9788998441074,9791189327156
"물고기는 존재하지 않는다 :상실, 사랑 그리고 숨어 있는 삶의 질서에 관한 이야기",문과 남자의 과학 공부 :나는 무엇이고 왜 존재하며 어디로 가는가?,자연과학,자연과학,False,1,False,0.1,0.529,1.0,0.529,0.053,False,9791189327156,9791192836188
흔한남매,백앤아 :교양이 층층 쌓이는 점프 맵,문학,총류,True,1,False,0.1,0.503,1.0,0.503,0.05,False,9791168416369,9791192504230
부의 본능 :슈퍼리치가 되는 9가지 방법,돈의 속성 :최상위 부자가 말하는 돈에 대한 모든 것,사회과학,사회과학,False,1,False,0.1,1.0,0.503,0.503,0.05,False,9791187444282,9791188331796
느리게 나이 드는 습관 :노년내과 의사가 알려주는 감속노화 실천법,고전이 답했다 :마땅히 살아야 할 삶에 대하여,기술과학,철학,True,1,False,0.1,0.843,0.503,0.503,0.05,False,9791193080146,9791193939130
단 한 번의 삶,불변의 법칙 :절대 변하지 않는 것들에 대한 23가지 이야기,문학,사회과학,True,1,False,0.2,0.246,0.438,0.246,0.049,False,9791191114768,9791198517425
중고나라 선녀님 :허태연 장편소설,메리골드 마음 세탁소 =윤정은 장편소설 /Marigold mind laundry,문학,문학,False,1,False,0.1,1.0,0.479,0.479,0.048,False,9791130648590,9791191891287
이중 하나는 거짓말 :김애란 장편소설,"도둑맞은 집중력 :집중력 위기의 시대, 삶의 주도권을 되찾는 법",문학,철학,True,1,False,0.2,0.479,0.238,0.238,0.048,False,9791141601300,9791167740984
가짜 노동 :스스로 만드는 번아웃의 세계,"도둑맞은 집중력 :집중력 위기의 시대, 삶의 주도권을 되찾는 법",사회과학,철학,True,1,False,0.2,1.0,0.238,0.238,0.048,False,9788954448413,9791167740984
방구석 미술관 :가볍고 편하게 시작하는 유쾌한 교양 미술,이중 하나는 거짓말 :김애란 장편소설,예술,문학,True,1,False,0.1,1.0,0.479,0.479,0.048,False,9788968331862,9791141601300
흔한남매,(백종원의) 도전 요리왕 :음식으로 맛보는 세계 역사 문화 체험,문학,기술과학,True,1,False,0.1,0.479,1.0,0.479,0.048,False,9791168415232,9791189938352
(읽으면서 바로 써먹는) 어린이 세계 여행,(읽다 보면 저절로 알게 되는) 신비한 끈기·집중·성취 사전,역사,미상,False,1,False,0.1,0.479,1.0,0.479,0.048,False,9791158682798,9791158682873
아버지의 해방일지 :정지아 장편소설,작별인사 :김영하 장편소설,문학,문학,False,1,False,0.2,0.23,0.843,0.23,0.046,False,9788936438838,9791191114225
아버지의 해방일지 :정지아 장편소설,마흔에 읽는 쇼펜하우어 :마음의 위기를 다스리는 철학 수업,문학,철학,True,1,False,0.2,0.23,0.29,0.23,0.046,False,9788936438838,9791192300818
원씽 :복잡한 세상을 이기는 단순함의 힘,나는 어떻게 삶의 해답을 찾는가 :고명환의 독서 내공,사회과학,총류,True,1,False,0.1,0.457,1.0,0.457,0.046,False,9788997575169,9791189686826
아버지의 해방일지 :정지아 장편소설,봄빛 :정지아 소설집,문학,미상,False,1,False,0.2,0.23,1.0,0.23,0.046,False,9788936438838,9788936439507
소년이 온다 :한강 장편소설,홍학의 자리 :정해연 장편소설,문학,문학,False,1,False,0.1,0.438,0.686,0.438,0.044,False,9788936434120,9788954681155
역행자 :돈·시간·운명으로부터 완전한 자유를 얻는 7단계 인생 공략집,"인스타 브레인 =몰입을 빼앗긴 시대, 똑똑한 뇌 사용법 /Insta brain",사회과학,기술과학,True,1,False,0.1,0.438,0.843,0.438,0.044,False,9788901260716,9791157686179
여수의 사랑 :한강 소설집,소년이 온다 :한강 장편소설,미상,문학,False,1,False,0.1,0.843,0.438,0.438,0.044,False,9788932034812,9788936434120
역행자 :돈·시간·운명으로부터 완전한 자유를 얻는 7단계 인생 공략집,만일 내가 인생을 다시 산다면 :벌써 마흔이 된 당신에게 해 주고 싶은 말들 42,사회과학,철학,True,1,False,0.1,0.438,0.686,0.438,0.044,False,9788901260716,9791190538510
소년이 온다 :한강 장편소설,"(펼치는 순간 단숨에 6,000년 역사가 읽히는) 요즘 어른을 위한 최소한의 세계사",문학,역사,True,1,False,0.1,0.438,1.0,0.438,0.044,False,9788936434120,9791193128428
혼모노 :성해나 소설집,불편한 편의점 :김호연 장편소설,문학,문학,False,1,False,0.2,0.387,0.202,0.202,0.04,False,9788936439743,9791161571188
나는 메트로폴리탄 미술관의 경비원입니다 :가장 경이로운 세계 속으로 숨어버린 한 남자의 이야기,"사피엔스 :유인원에서 사이보그까지, 인간 역사의 대담하고 위대한 질문",문학,역사,True,1,False,0.1,0.403,1.0,0.403,0.04,False,9788901276533,9788934972464
나는 메트로폴리탄 미술관의 경비원입니다 :가장 경이로운 세계 속으로 숨어버린 한 남자의 이야기,느리게 나이 드는 습관 :노년내과 의사가 알려주는 감속노화 실천법,문학,기술과학,True,1,False,0.1,0.403,0.843,0.403,0.04,False,9788901276533,9791193080146
도파민네이션 :쾌락 과잉 시대에서 균형 찾기,불편한 편의점 :김호연 장편소설,철학,문학,True,1,False,0.2,1.0,0.202,0.202,0.04,False,9788965965046,9791161571188
나는 메트로폴리탄 미술관의 경비원입니다 :가장 경이로운 세계 속으로 숨어버린 한 남자의 이야기,시대예보 :핵개인의 시대 =Forecast of the times : era of nuclear individuals,문학,사회과학,True,1,False,0.1,0.403,1.0,0.403,0.04,False,9788901276533,9791170610359
불편한 편의점 :김호연 장편소설,아주 작은 습관의 힘 :최고의 변화는 어떻게 만들어지는가,문학,철학,True,1,False,0.2,0.202,0.636,0.202,0.04,False,9791161571188,9791162540640
불편한 편의점 :김호연 장편소설,남에게 보여주려고 인생을 낭비하지 마라 :쇼펜하우어 소품집,문학,철학,True,1,False,0.2,0.202,0.843,0.202,0.04,False,9791161571188,9791169850445
혼모노 :성해나 소설집,시대예보 :핵개인의 시대 =Forecast of the times : era of nuclear individuals,문학,사회과학,True,1,False,0.1,0.387,1.0,0.387,0.039,False,9788936439743,9791170610359
퓨처 셀프 :현재와 미래가 달라지는 놀라운 혁명,내 몸 혁명 :뱃살과 질병 없이 살려면 숫자보다 몸을 바꿔라,사회과학,기술과학,True,1,False,0.1,0.346,0.843,0.346,0.035,False,9791192389325,9791198553317
"모든 것은 기본에서 시작한다 :실력도 기술도 사람 됨됨이도, 기본을 지키는 손웅정의 삶의 철학",퓨처 셀프 :현재와 미래가 달라지는 놀라운 혁명,예술,사회과학,True,1,False,0.1,0.843,0.346,0.346,0.035,False,9791190382502,9791192389325
퓨처 셀프 :현재와 미래가 달라지는 놀라운 혁명,일류의 조건,사회과학,사회과학,False,1,False,0.1,0.346,0.843,0.346,0.035,False,9791192389325,9791193262122
불편한 편의점 :김호연 장편소설,지적 대화를 위한 넓고 얕은 지식 :한 권으로 현실 세계를 통달하는 지식 여행서,문학,총류,True,1,False,0.1,0.334,1.0,0.334,0.033,False,9791161571379,9791190313186
이처럼 사소한 것들 :클레어 키건 소설,"첫 여름, 완주 :김금희 장편소설",문학,미상,False,1,False,0.1,0.334,0.686,0.334,0.033,False,9791130646381,9791197221989
당신도 느리게 나이 들 수 있습니다 :나이가 들어도 몸의 시간을 젊게,불편한 편의점 :김호연 장편소설,기술과학,문학,True,1,False,0.1,0.843,0.334,0.334,0.033,False,9791140702589,9791161571379
이처럼 사소한 것들 :클레어 키건 소설,문과 남자의 과학 공부 :나는 무엇이고 왜 존재하며 어디로 가는가?,문학,자연과학,True,1,False,0.1,0.334,1.0,0.334,0.033,False,9791130646381,9791192836188
작별하지 않는다 :한강 장편소설,남에게 보여주려고 인생을 낭비하지 마라 :쇼펜하우어 소품집,문학,철학,True,1,False,0.1,0.322,0.843,0.322,0.032,False,9788954682152,9791169850445
작별하지 않는다 :한강 장편소설,나를 소모하지 않는 현명한 태도에 관하여,문학,철학,True,1,False,0.1,0.322,0.636,0.322,0.032,False,9788954682152,9791198682505
검은 사슴 :한강 장편소설,작별하지 않는다 :한강 장편소설,미상,문학,False,1,False,0.1,1.0,0.322,0.322,0.032,False,9788954648905,9788954682152
작별하지 않는다 :한강 장편소설,불편한 편의점 :김호연 장편소설,문학,문학,False,1,False,0.1,0.322,0.334,0.322,0.032,False,9788954682152,9791161571379
메리골드 마음 세탁소 =윤정은 장편소설 /Marigold mind laundry,마흔에 읽는 쇼펜하우어 :마음의 위기를 다스리는 철학 수업,문학,철학,True,1,False,0.1,0.479,0.29,0.29,0.029,False,9791191891287,9791192300818
돈의 속성 :최상위 부자가 말하는 돈에 대한 모든 것,마흔에 읽는 쇼펜하우어 :마음의 위기를 다스리는 철학 수업,사회과학,철학,True,1,False,0.1,0.503,0.29,0.29,0.029,False,9791188331796,9791192300818
"물고기는 존재하지 않는다 :상실, 사랑 그리고 숨어 있는 삶의 질서에 관한 이야기",단 한 번의 삶,자연과학,문학,True,1,False,0.1,0.529,0.246,0.246,0.025,False,9791189327156,9791191114768
불편한 편의점 :김호연 장편소설,"도둑맞은 집중력 :집중력 위기의 시대, 삶의 주도권을 되찾는 법",문학,철학,True,1,False,0.1,0.334,0.238,0.238,0.024,False,9791161571379,9791167740984
"도둑맞은 집중력 :집중력 위기의 시대, 삶의 주도권을 되찾는 법",(이미 늦었다고 생각하는 당신을 위한) 김미경의 마흔 수업,철학,사회과학,True,1,False,0.1,0.238,0.636,0.238,0.024,False,9791167740984,9791198013026
트렌드 코리아 2024 :청룡을 타고 비상하는 2024를 기원하며!,"도둑맞은 집중력 :집중력 위기의 시대, 삶의 주도권을 되찾는 법",사회과학,철학,True,1,False,0.1,0.843,0.238,0.238,0.024,False,9788959897179,9791167740984
"도둑맞은 집중력 :집중력 위기의 시대, 삶의 주도권을 되찾는 법",세상은 이야기로 만들어졌다 :신화·거짓말·유토피아,철학,총류,True,1,False,0.1,0.238,1.0,0.238,0.024,False,9791167740984,9791192953151
아버지의 해방일지 :정지아 장편소설,이토록 평범한 미래 :김연수 소설,문학,문학,False,1,False,0.1,0.23,0.843,0.23,0.023,False,9788936438838,9788954680004
이중 하나는 거짓말 :김애란 장편소설,불편한 편의점 :김호연 장편소설,문학,문학,False,1,False,0.1,0.479,0.202,0.202,0.02,False,9791141601300,9791161571188
이처럼 사소한 것들 :클레어 키건 소설,불편한 편의점 :김호연 장편소설,문학,문학,False,1,False,0.1,0.334,0.202,0.202,0.02,False,9791130646381,9791161571188
